溯源批次码,作物名称,生产省份,生产县区,基地经度,基地纬度,种植日期,全流程农事操作记录,采摘完成时刻,采摘重量(kg),加工中心,加工厂经纬度,加工具体工序,加工开始时刻,加工结束时刻,存储仓库ID,仓库类型,入库时刻,出库时刻,仓储温湿度环境,物流运单号,运输车辆类型,物流作业要求,发货起运时刻,终端签收时刻,销售城市,销售区县网点,网点经度,网点纬度,终端上架时刻
CN-AG-202406-10000,小麦,四川省,安岳县,105.384086,30.084945,2023-11-09,2023-11-09 [深耕整地] -> 2023-12-17 [秋播种子处理] -> 2024-01-24 [越冬水灌溉] -> 2024-03-02 [拔节期追肥] -> 2024-04-09 [条锈病防治] -> 2024-05-17 [干热风防护],2024-06-24 12:15,22687.44,安岳县第1深加工基地,"105.331973,30.10464",磁选除杂->着水润麦->多级研磨->高方筛理->包装,2024-06-26 14:15,2024-06-26 22:31,WH-CN-674,钢板筒仓,2024-06-27 10:31,2024-07-12 10:31,准低温低氧控制,LOG-CN-68175080694,全封闭货车,"干燥, 禁止异味混载",2024-07-12 16:31,2024-07-14 03:44,南京市,玄武区,118.79,32.06,2024-07-15 03:44
CN-AG-202409-10001,大豆,内蒙古自治区,突泉县,121.528719,46.288722,2024-05-27,2024-05-27 [拌种包衣] -> 2024-06-21 [等距点播] -> 2024-07-16 [结荚期根外追肥] -> 2024-08-10 [食心虫绿色防控] -> 2024-09-04 [除草中耕],2024-09-26 08:48,34662.3,突泉县第5深加工基地,"121.577324,46.321162",磁选->破碎压胚->高温压榨->物理过滤->精炼,2024-09-30 12:48,2024-09-30 17:40,WH-CN-370,不锈钢储油罐区,2024-09-30 23:40,2024-10-23 23:40,准低温低氧控制,LOG-CN-17761556863,罐式车,"避光, 控温25℃下",2024-10-24 06:40,2024-10-27 06:46,武汉市,洪山区,114.34,30.5,2024-10-29 06:46
CN-AG-202411-10002,棉花,江苏省,射阳县,120.274969,33.762134,2024-05-02,2024-05-02 [覆膜播种] -> 2024-06-07 [人工打顶] -> 2024-07-13 [叶面喷施补硼] -> 2024-08-18 [枯萎病监测] -> 2024-09-23 [喷施脱叶剂],2024-11-03 16:18,18304.42,射阳县第4深加工基地,"120.259398,33.740412",皮棉清理->锯齿轧花->纤维分级->压力打包,2024-11-06 22:18,2024-11-07 02:26,WH-CN-750,专业纤维库,2024-11-07 07:26,2024-11-19 07:26,避光控温控制,LOG-CN-60827117278,高栏平板车,"严禁烟火, 防静电, 干燥",2024-11-19 14:26,2024-11-21 20:21,深圳市,南山区,113.93,22.54,2024-11-22 20:21
CN-AG-202406-10003,小麦,新疆维吾尔自治区,玛纳斯县,86.175481,44.339893,2023-10-16,2023-10-16 [深耕整地] -> 2023-11-23 [秋播种子处理] -> 2023-12-31 [越冬水灌溉] -> 2024-02-07 [拔节期追肥] -> 2024-03-16 [条锈病防治] -> 2024-04-23 [干热风防护],2024-06-07 12:44,29085.67,玛纳斯县第2深加工基地,"86.203668,44.293636",磁选除杂->着水润麦->多级研磨->高方筛理->包装,2024-06-08 18:44,2024-06-09 02:39,WH-CN-801,钢板筒仓,2024-06-09 08:39,2024-07-23 08:39,准低温低氧控制,LOG-CN-40305022733,全封闭货车,"干燥, 禁止异味混载",2024-07-23 21:39,2024-07-26 21:56,深圳市,福田区,114.05,22.54,2024-07-29 21:56
CN-AG-202406-10004,小麦,黑龙江省,嫩江市,125.222971,49.146509,2023-10-19,2023-10-19 [深耕整地] -> 2023-11-26 [秋播种子处理] -> 2024-01-03 [越冬水灌溉] -> 2024-02-10 [拔节期追肥] -> 2024-03-19 [条锈病防治] -> 2024-04-26 [干热风防护],2024-06-09 09:13,24647.88,嫩江市第3深加工基地,"125.215825,49.168639",磁选除杂->着水润麦->多级研磨->高方筛理->包装,2024-06-12 12:13,2024-06-12 20:18,WH-CN-864,钢板筒仓,2024-06-13 07:18,2024-07-18 07:18,准低温低氧控制,LOG-CN-68345352569,全封闭货车,"干燥, 禁止异味混载",2024-07-18 17:18,2024-07-20 10:33,西安市,雁塔区,108.94,34.21,2024-07-23 10:33
CN-AG-202410-10005,水稻,湖南省,南县,112.356739,29.373422,2024-05-19,2024-05-19 [播种育秧] -> 2024-06-11 [田间底肥] -> 2024-07-04 [插秧作业] -> 2024-07-27 [分蘖期灌溉] -> 2024-08-19 [除草控虫] -> 2024-09-11 [晒田补肥],2024-10-08 10:32,18356.68,南县第4深加工基地,"112.397327,29.355843",清理去石->砻谷脱壳->糙米碾白->抛光->色选->包装,2024-10-09 12:32,2024-10-09 22:22,WH-CN-641,平房仓(准低温),2024-10-10 03:22,2024-10-29 03:22,准低温低氧控制,LOG-CN-14047709743,散粮车,"防潮, 湿度<14%",2024-10-29 15:22,2024-11-02 19:26,广州市,番禺区,113.38,22.93,2024-11-04 19:26
CN-AG-202410-10006,水稻,广西壮族自治区,桂平市,110.114221,23.384728,2024-06-08,2024-06-08 [播种育秧] -> 2024-07-01 [田间底肥] -> 2024-07-24 [插秧作业] -> 2024-08-16 [分蘖期灌溉] -> 2024-09-08 [除草控虫] -> 2024-10-01 [晒田补肥],2024-10-25 13:07,22768.2,桂平市第2深加工基地,"110.080285,23.383993",清理去石->砻谷脱壳->糙米碾白->抛光->色选->包装,2024-10-29 16:07,2024-10-29 22:29,WH-CN-256,平房仓(准低温),2024-10-30 02:29,2024-11-25 02:29,准低温低氧控制,LOG-CN-83708291861,散粮车,"防潮, 湿度<14%",2024-11-25 09:29,2024-11-29 17:48,广州市,番禺区,113.38,22.93,2024-12-02 17:48
CN-AG-202410-10007,水稻,湖北省,监利市,112.845574,29.84109,2024-05-29,2024-05-29 [播种育秧] -> 2024-06-21 [田间底肥] -> 2024-07-14 [插秧作业] -> 2024-08-06 [分蘖期灌溉] -> 2024-08-29 [除草控虫] -> 2024-09-21 [晒田补肥],2024-10-16 08:07,31804.21,监利市第2深加工基地,"112.89341,29.832151",清理去石->砻谷脱壳->糙米碾白->抛光->色选->包装,2024-10-19 11:07,2024-10-19 14:06,WH-CN-775,平房仓(准低温),2024-10-19 21:06,2024-12-04 21:06,准低温低氧控制,LOG-CN-33836224944,散粮车,"防潮, 湿度<14%",2024-12-05 10:06,2024-12-10 18:10,上海市,浦东新区,121.54,31.22,2024-12-13 18:10
CN-AG-202406-10008,大麦,甘肃省,民乐县,100.863866,38.377806,2024-03-11,2024-03-11 [翻耕播种] -> 2024-04-05 [分蘖期施氮] -> 2024-04-30 [化学除草] -> 2024-05-25 [灌浆期监控],2024-06-18 11:45,25590.81,民乐县第2深加工基地,"100.816168,38.439313",杂质清理->脱壳处理->分级磨皮->包装,2024-06-22 15:45,2024-06-22 21:59,WH-CN-702,平房仓,2024-06-23 09:59,2024-07-31 09:59,避光控温控制,LOG-CN-10945826486,散装车,防霉通风,2024-07-31 18:59,2024-08-02 03:20,上海市,浦东新区,121.54,31.22,2024-08-03 03:20
CN-AG-202409-10009,玉米,吉林省,公主岭市,124.771721,43.496554,2024-05-16,2024-05-16 [免耕直播] -> 2024-06-07 [苗期中耕] -> 2024-06-29 [喇叭口期追肥] -> 2024-07-21 [大斑病防治] -> 2024-08-12 [人工授粉辅助],2024-09-03 08:55,25167.41,公主岭市第2深加工基地,"124.818803,43.523685",物理清理->脱粒烘干->破碎加工->筛理分级,2024-09-04 14:55,2024-09-04 19:26,WH-CN-903,现代化圆筒仓,2024-09-05 03:26,2024-10-16 03:26,避光控温控制,LOG-CN-37518113010,重型散粮卡车,"通风良好, 严控高温",2024-10-16 11:26,2024-10-21 08:25,深圳市,宝安区,113.88,22.55,2024-10-24 08:25
CN-AG-202410-10010,玉米,辽宁省,昌图县,124.109421,42.734645,2024-06-22,2024-06-22 [免耕直播] -> 2024-07-14 [苗期中耕] -> 2024-08-05 [喇叭口期追肥] -> 2024-08-27 [大斑病防治] -> 2024-09-18 [人工授粉辅助],2024-10-12 14:26,9906.38,昌图县第2深加工基地,"124.118186,42.770688",物理清理->脱粒烘干->破碎加工->筛理分级,2024-10-13 16:26,2024-10-13 19:27,WH-CN-385,现代化圆筒仓,2024-10-14 05:27,2024-11-14 05:27,避光控温控制,LOG-CN-42051743509,重型散粮卡车,"通风良好, 严控高温",2024-11-14 14:27,2024-11-16 15:01,上海市,浦东新区,121.54,31.22,2024-11-18 15:01
CN-AG-202409-10011,大豆,吉林省,公主岭市,124.839503,43.491054,2024-05-05,2024-05-05 [拌种包衣] -> 2024-05-30 [等距点播] -> 2024-06-24 [结荚期根外追肥] -> 2024-07-19 [食心虫绿色防控] -> 2024-08-13 [除草中耕],2024-09-02 16:53,5075.44,公主岭市第4深加工基地,"124.820401,43.516234",磁选->破碎压胚->高温压榨->物理过滤->精炼,2024-09-03 19:53,2024-09-03 23:48,WH-CN-371,不锈钢储油罐区,2024-09-04 09:48,2024-10-15 09:48,准低温低氧控制,LOG-CN-73501647053,罐式车,"避光, 控温25℃下",2024-10-15 21:48,2024-10-17 04:58,西安市,雁塔区,108.94,34.21,2024-10-19 04:58
CN-AG-202410-10012,玉米,河南省,滑县,114.482183,35.575605,2024-06-19,2024-06-19 [免耕直播] -> 2024-07-11 [苗期中耕] -> 2024-08-02 [喇叭口期追肥] -> 2024-08-24 [大斑病防治] -> 2024-09-15 [人工授粉辅助],2024-10-05 11:18,37178.55,滑县第5深加工基地,"114.525503,35.579392",物理清理->脱粒烘干->破碎加工->筛理分级,2024-10-06 17:18,2024-10-07 02:04,WH-CN-261,现代化圆筒仓,2024-10-07 14:04,2024-10-20 14:04,避光控温控制,LOG-CN-20771041378,重型散粮卡车,"通风良好, 严控高温",2024-10-20 20:04,2024-10-24 22:34,武汉市,洪山区,114.34,30.5,2024-10-27 22:34
CN-AG-202406-10013,小麦,新疆维吾尔自治区,奇台县,89.637379,44.07274,2023-11-09,2023-11-09 [深耕整地] -> 2023-12-17 [秋播种子处理] -> 2024-01-24 [越冬水灌溉] -> 2024-03-02 [拔节期追肥] -> 2024-04-09 [条锈病防治] -> 2024-05-17 [干热风防护],2024-06-22 11:25,37714.72,奇台县第2深加工基地,"89.598437,44.021958",磁选除杂->着水润麦->多级研磨->高方筛理->包装,2024-06-24 17:25,2024-06-25 00:59,WH-CN-785,钢板筒仓,2024-06-25 04:59,2024-08-13 04:59,准低温低氧控制,LOG-CN-56025693325,全封闭货车,"干燥, 禁止异味混载",2024-08-13 19:59,2024-08-17 20:32,上海市,闵行区,121.38,31.11,2024-08-19 20:32
CN-AG-202406-10014,小麦,甘肃省,永昌县,101.933518,38.190619,2023-10-19,2023-10-19 [深耕整地] -> 2023-11-26 [秋播种子处理] -> 2024-01-03 [越冬水灌溉] -> 2024-02-10 [拔节期追肥] -> 2024-03-19 [条锈病防治] -> 2024-04-26 [干热风防护],2024-06-05 12:29,35830.25,永昌县第2深加工基地,"101.966507,38.230905",磁选除杂->着水润麦->多级研磨->高方筛理->包装,2024-06-06 14:29,2024-06-06 20:53,WH-CN-478,钢板筒仓,2024-06-07 01:53,2024-06-21 01:53,准低温低氧控制,LOG-CN-32698848018,全封闭货车,"干燥, 禁止异味混载",2024-06-21 11:53,2024-06-23 04:52,深圳市,宝安区,113.88,22.55,2024-06-25 04:52
CN-AG-202408-10015,花生,江苏省,东海县,118.742562,34.526641,2024-04-19,2024-04-19 [清棵蹲苗] -> 2024-05-13 [培土迎葑] -> 2024-06-06 [钙镁肥补充] -> 2024-06-30 [下针期控旺] -> 2024-07-24 [地下虫害防治],2024-08-22 16:19,17000.81,东海县第3深加工基地,"118.767135,34.546575",剥壳分选->烘炒->压榨提取->物理精炼,2024-08-23 19:19,2024-08-24 00:04,WH-CN-617,避光库房,2024-08-24 05:04,2024-09-09 05:04,避光控温控制,LOG-CN-46457966688,厢式货车,避光防潮,2024-09-09 15:04,2024-09-13 20:17,广州市,白云区,113.27,23.15,2024-09-16 20:17
CN-AG-202410-10016,玉米,吉林省,榆树市,126.555124,44.793712,2024-07-14,2024-07-14 [免耕直播] -> 2024-08-05 [苗期中耕] -> 2024-08-27 [喇叭口期追肥] -> 2024-09-18 [大斑病防治] -> 2024-10-10 [人工授粉辅助],2024-10-27 12:02,7633.54,榆树市第2深加工基地,"126.556044,44.812818",物理清理->脱粒烘干->破碎加工->筛理分级,2024-10-30 15:02,2024-10-30 22:58,WH-CN-658,现代化圆筒仓,2024-10-31 06:58,2024-11-20 06:58,避光控温控制,LOG-CN-88895181912,重型散粮卡车,"通风良好, 严控高温",2024-11-20 18:58,2024-11-24 17:58,西安市,长安区,108.87,34.15,2024-11-25 17:58
CN-AG-202405-10017,油菜籽,湖北省,钟祥市,112.638426,31.118946,2023-10-08,2023-10-08 [育苗移栽] -> 2023-11-29 [越冬防冻肥] -> 2024-01-20 [薹期水肥调节] -> 2024-03-12 [菌核病无人机防治],2024-05-05 08:19,37401.73,钟祥市第2深加工基地,"112.573974,31.175445",多级筛选->炒籽->螺旋压榨->精制过滤,2024-05-06 12:19,2024-05-06 16:36,WH-CN-985,恒温罐区,2024-05-06 23:36,2024-05-22 23:36,避光控温控制,LOG-CN-11770791023,罐式车,"避光, 防氧化",2024-05-23 11:36,2024-05-27 19:23,武汉市,东西湖区,114.13,30.62,2024-05-28 19:23
CN-AG-202407-10018,大麦,新疆维吾尔自治区,奇台县,89.627855,43.960663,2024-04-20,2024-04-20 [翻耕播种] -> 2024-05-15 [分蘖期施氮] -> 2024-06-09 [化学除草] -> 2024-07-04 [灌浆期监控],2024-07-26 11:17,12802.32,奇台县第2深加工基地,"89.59458,44.024137",杂质清理->脱壳处理->分级磨皮->包装,2024-07-27 16:17,2024-07-28 02:13,WH-CN-508,平房仓,2024-07-28 06:13,2024-09-06 06:13,避光控温控制,LOG-CN-45769612716,散装车,防霉通风,2024-09-06 19:13,2024-09-09 15:32,深圳市,福田区,114.05,22.54,2024-09-10 15:32
CN-AG-202409-10019,大豆,吉林省,公主岭市,124.768885,43.552552,2024-05-14,2024-05-14 [拌种包衣] -> 2024-06-08 [等距点播] -> 2024-07-03 [结荚期根外追肥] -> 2024-07-28 [食心虫绿色防控] -> 2024-08-22 [除草中耕],2024-09-21 16:25,30499.08,公主岭市第3深加工基地,"124.812317,43.517169",磁选->破碎压胚->高温压榨->物理过滤->精炼,2024-09-24 18:25,2024-09-24 21:54,WH-CN-546,不锈钢储油罐区,2024-09-25 05:54,2024-10-16 05:54,准低温低氧控制,LOG-CN-25081447213,罐式车,"避光, 控温25℃下",2024-10-16 12:54,2024-10-20 17:21,成都市,武侯区,104.04,30.64,2024-10-22 17:21
CN-AG-202406-10020,小麦,河北省,藁城区,114.854796,38.073572,2023-10-13,2023-10-13 [深耕整地] -> 2023-11-20 [秋播种子处理] -> 2023-12-28 [越冬水灌溉] -> 2024-02-04 [拔节期追肥] -> 2024-03-13 [条锈病防治] -> 2024-04-20 [干热风防护],2024-06-02 14:00,22749.29,藁城区第4深加工基地,"114.831271,38.026618",磁选除杂->着水润麦->多级研磨->高方筛理->包装,2024-06-04 18:00,2024-06-05 00:10,WH-CN-434,钢板筒仓,2024-06-05 05:10,2024-07-06 05:10,准低温低氧控制,LOG-CN-84284273440,全封闭货车,"干燥, 禁止异味混载",2024-07-06 12:10,2024-07-11 09:07,武汉市,东西湖区,114.13,30.62,2024-07-13 09:07
CN-AG-202409-10021,花生,辽宁省,黑山县,122.099022,41.667318,2024-05-28,2024-05-28 [清棵蹲苗] -> 2024-06-21 [培土迎葑] -> 2024-07-15 [钙镁肥补充] -> 2024-08-08 [下针期控旺] -> 2024-09-01 [地下虫害防治],2024-09-22 14:43,27914.7,黑山县第4深加工基地,"122.122751,41.694592",剥壳分选->烘炒->压榨提取->物理精炼,2024-09-25 19:43,2024-09-26 02:53,WH-CN-552,避光库房,2024-09-26 06:53,2024-10-25 06:53,避光控温控制,LOG-CN-79637317274,厢式货车,避光防潮,2024-10-25 18:53,2024-10-30 23:30,成都市,武侯区,104.04,30.64,2024-11-02 23:30
CN-AG-202409-10022,水稻,安徽省,寿县,116.776666,32.616466,2024-04-18,2024-04-18 [播种育秧] -> 2024-05-11 [田间底肥] -> 2024-06-03 [插秧作业] -> 2024-06-26 [分蘖期灌溉] -> 2024-07-19 [除草控虫] -> 2024-08-11 [晒田补肥],2024-09-10 16:42,39437.76,寿县第5深加工基地,"116.784265,32.562392",清理去石->砻谷脱壳->糙米碾白->抛光->色选->包装,2024-09-13 18:42,2024-09-14 04:11,WH-CN-970,平房仓(准低温),2024-09-14 11:11,2024-10-13 11:11,准低温低氧控制,LOG-CN-21890571177,散粮车,"防潮, 湿度<14%",2024-10-13 19:11,2024-10-14 22:13,深圳市,福田区,114.05,22.54,2024-10-15 22:13
CN-AG-202409-10023,水稻,江苏省,射阳县,120.257353,33.781294,2024-05-05,2024-05-05 [播种育秧] -> 2024-05-28 [田间底肥] -> 2024-06-20 [插秧作业] -> 2024-07-13 [分蘖期灌溉] -> 2024-08-05 [除草控虫] -> 2024-08-28 [晒田补肥],2024-09-23 14:31,21259.25,射阳县第5深加工基地,"120.249876,33.755419",清理去石->砻谷脱壳->糙米碾白->抛光->色选->包装,2024-09-25 17:31,2024-09-26 01:36,WH-CN-355,平房仓(准低温),2024-09-26 05:36,2024-10-12 05:36,准低温低氧控制,LOG-CN-70650773366,散粮车,"防潮, 湿度<14%",2024-10-12 13:36,2024-10-17 20:20,南京市,玄武区,118.79,32.06,2024-10-20 20:20
CN-AG-202410-10024,玉米,辽宁省,黑山县,122.111305,41.692728,2024-07-04,2024-07-04 [免耕直播] -> 2024-07-26 [苗期中耕] -> 2024-08-17 [喇叭口期追肥] -> 2024-09-08 [大斑病防治] -> 2024-09-30 [人工授粉辅助],2024-10-25 15:39,21960.9,黑山县第2深加工基地,"122.112158,41.680508",物理清理->脱粒烘干->破碎加工->筛理分级,2024-10-29 21:39,2024-10-30 03:57,WH-CN-381,现代化圆筒仓,2024-10-30 09:57,2024-12-09 09:57,避光控温控制,LOG-CN-20479173015,重型散粮卡车,"通风良好, 严控高温",2024-12-09 18:57,2024-12-14 04:14,西安市,未央区,108.94,34.29,2024-12-17 04:14
CN-AG-202406-10025,小麦,河南省,滑县,114.536369,35.513772,2023-10-22,2023-10-22 [深耕整地] -> 2023-11-29 [秋播种子处理] -> 2024-01-06 [越冬水灌溉] -> 2024-02-13 [拔节期追肥] -> 2024-03-22 [条锈病防治] -> 2024-04-29 [干热风防护],2024-06-11 13:57,16580.85,滑县第4深加工基地,"114.520171,35.566287",磁选除杂->着水润麦->多级研磨->高方筛理->包装,2024-06-12 16:57,2024-06-12 20:44,WH-CN-525,钢板筒仓,2024-06-13 03:44,2024-07-17 03:44,准低温低氧控制,LOG-CN-36037232988,全封闭货车,"干燥, 禁止异味混载",2024-07-17 12:44,2024-07-18 21:10,广州市,番禺区,113.38,22.93,2024-07-20 21:10
CN-AG-202406-10026,小麦,河北省,大名县,115.119915,36.328908,2023-11-09,2023-11-09 [深耕整地] -> 2023-12-17 [秋播种子处理] -> 2024-01-24 [越冬水灌溉] -> 2024-03-02 [拔节期追肥] -> 2024-04-09 [条锈病防治] -> 2024-05-17 [干热风防护],2024-06-28 17:24,6015.87,大名县第3深加工基地,"115.155111,36.278208",磁选除杂->着水润麦->多级研磨->高方筛理->包装,2024-06-29 21:24,2024-06-30 02:26,WH-CN-784,钢板筒仓,2024-06-30 12:26,2024-08-05 12:26,准低温低氧控制,LOG-CN-85687017337,全封闭货车,"干燥, 禁止异味混载",2024-08-05 21:26,2024-08-08 07:53,深圳市,南山区,113.93,22.54,2024-08-10 07:53
CN-AG-202409-10027,大豆,黑龙江省,富锦市,131.979238,47.217456,2024-04-29,2024-04-29 [拌种包衣] -> 2024-05-24 [等距点播] -> 2024-06-18 [结荚期根外追肥] -> 2024-07-13 [食心虫绿色防控] -> 2024-08-07 [除草中耕],2024-09-03 14:08,14738.98,富锦市第4深加工基地,"132.023224,47.245795",磁选->破碎压胚->高温压榨->物理过滤->精炼,2024-09-05 16:08,2024-09-05 20:51,WH-CN-358,不锈钢储油罐区,2024-09-06 06:51,2024-10-06 06:51,准低温低氧控制,LOG-CN-22175849680,罐式车,"避光, 控温25℃下",2024-10-06 17:51,2024-10-09 13:39,深圳市,南山区,113.93,22.54,2024-10-11 13:39
CN-AG-202409-10028,水稻,安徽省,寿县,116.816974,32.621564,2024-04-29,2024-04-29 [播种育秧] -> 2024-05-22 [田间底肥] -> 2024-06-14 [插秧作业] -> 2024-07-07 [分蘖期灌溉] -> 2024-07-30 [除草控虫] -> 2024-08-22 [晒田补肥],2024-09-12 11:41,24738.94,寿县第2深加工基地,"116.787429,32.572668",清理去石->砻谷脱壳->糙米碾白->抛光->色选->包装,2024-09-13 13:41,2024-09-13 18:17,WH-CN-576,平房仓(准低温),2024-09-14 01:17,2024-09-25 01:17,准低温低氧控制,LOG-CN-47363917552,散粮车,"防潮, 湿度<14%",2024-09-25 09:17,2024-09-28 21:59,广州市,天河区,113.33,23.13,2024-09-29 21:59
CN-AG-202409-10029,玉米,山东省,汶上县,116.442388,35.766441,2024-06-11,2024-06-11 [免耕直播] -> 2024-07-03 [苗期中耕] -> 2024-07-25 [喇叭口期追肥] -> 2024-08-16 [大斑病防治] -> 2024-09-07 [人工授粉辅助],2024-09-25 10:19,13499.73,汶上县第3深加工基地,"116.480787,35.737851",物理清理->脱粒烘干->破碎加工->筛理分级,2024-09-26 14:19,2024-09-26 21:43,WH-CN-970,现代化圆筒仓,2024-09-27 07:43,2024-11-01 07:43,避光控温控制,LOG-CN-94543248820,重型散粮卡车,"通风良好, 严控高温",2024-11-01 22:43,2024-11-06 15:36,深圳市,福田区,114.05,22.54,2024-11-09 15:36
CN-AG-202410-10030,水稻,辽宁省,盘山县,122.087531,41.276893,2024-05-31,2024-05-31 [播种育秧] -> 2024-06-23 [田间底肥] -> 2024-07-16 [插秧作业] -> 2024-08-08 [分蘖期灌溉] -> 2024-08-31 [除草控虫] -> 2024-09-23 [晒田补肥],2024-10-18 14:42,36205.13,盘山县第4深加工基地,"122.032201,41.23636",清理去石->砻谷脱壳->糙米碾白->抛光->色选->包装,2024-10-19 20:42,2024-10-20 04:43,WH-CN-824,平房仓(准低温),2024-10-20 13:43,2024-10-30 13:43,准低温低氧控制,LOG-CN-66491666830,散粮车,"防潮, 湿度<14%",2024-10-30 20:43,2024-11-03 04:06,南京市,江宁区,118.83,31.95,2024-11-06 04:06
CN-AG-202407-10031,大麦,新疆维吾尔自治区,奇台县,89.581253,43.987352,2024-04-02,2024-04-02 [翻耕播种] -> 2024-04-27 [分蘖期施氮] -> 2024-05-22 [化学除草] -> 2024-06-16 [灌浆期监控],2024-07-15 14:52,26361.61,奇台县第4深加工基地,"89.597215,44.02636",杂质清理->脱壳处理->分级磨皮->包装,2024-07-18 18:52,2024-07-19 04:38,WH-CN-444,平房仓,2024-07-19 11:38,2024-08-03 11:38,避光控温控制,LOG-CN-74547774977,散装车,防霉通风,2024-08-03 20:38,2024-08-08 21:07,成都市,龙泉驿区,104.27,30.55,2024-08-11 21:07
CN-AG-202406-10032,小麦,河南省,唐河县,112.83129,32.620834,2023-10-22,2023-10-22 [深耕整地] -> 2023-11-29 [秋播种子处理] -> 2024-01-06 [越冬水灌溉] -> 2024-02-13 [拔节期追肥] -> 2024-03-22 [条锈病防治] -> 2024-04-29 [干热风防护],2024-06-07 13:51,19224.98,唐河县第5深加工基地,"112.824442,32.678348",磁选除杂->着水润麦->多级研磨->高方筛理->包装,2024-06-10 17:51,2024-06-11 03:51,WH-CN-876,钢板筒仓,2024-06-11 11:51,2024-07-26 11:51,准低温低氧控制,LOG-CN-97944150250,全封闭货车,"干燥, 禁止异味混载",2024-07-26 20:51,2024-07-28 07:06,北京市,丰台区,116.28,39.85,2024-07-31 07:06
CN-AG-202409-10033,玉米,安徽省,蒙城县,116.540514,33.214384,2024-05-15,2024-05-15 [免耕直播] -> 2024-06-06 [苗期中耕] -> 2024-06-28 [喇叭口期追肥] -> 2024-07-20 [大斑病防治] -> 2024-08-11 [人工授粉辅助],2024-09-03 12:14,20881.08,蒙城县第3深加工基地,"116.556464,33.268858",物理清理->脱粒烘干->破碎加工->筛理分级,2024-09-05 16:14,2024-09-06 00:23,WH-CN-357,现代化圆筒仓,2024-09-06 09:23,2024-10-16 09:23,避光控温控制,LOG-CN-23875055243,重型散粮卡车,"通风良好, 严控高温",2024-10-16 23:23,2024-10-19 17:45,武汉市,江岸区,114.3,30.59,2024-10-22 17:45
CN-AG-202409-10034,玉米,内蒙古自治区,阿荣旗,123.534362,48.122255,2024-06-09,2024-06-09 [免耕直播] -> 2024-07-01 [苗期中耕] -> 2024-07-23 [喇叭口期追肥] -> 2024-08-14 [大斑病防治] -> 2024-09-05 [人工授粉辅助],2024-09-24 16:48,11280.45,阿荣旗第1深加工基地,"123.519436,48.117273",物理清理->脱粒烘干->破碎加工->筛理分级,2024-09-26 19:48,2024-09-27 04:36,WH-CN-825,现代化圆筒仓,2024-09-27 15:36,2024-10-24 15:36,避光控温控制,LOG-CN-29473961937,重型散粮卡车,"通风良好, 严控高温",2024-10-25 00:36,2024-10-27 13:50,成都市,武侯区,104.04,30.64,2024-10-29 13:50
CN-AG-202410-10035,棉花,甘肃省,瓜州县,95.740214,40.565494,2024-04-24,2024-04-24 [覆膜播种] -> 2024-05-30 [人工打顶] -> 2024-07-05 [叶面喷施补硼] -> 2024-08-10 [枯萎病监测] -> 2024-09-15 [喷施脱叶剂],2024-10-18 12:44,38792.42,瓜州县第3深加工基地,"95.766018,40.509945",皮棉清理->锯齿轧花->纤维分级->压力打包,2024-10-22 14:44,2024-10-23 00:40,WH-CN-982,专业纤维库,2024-10-23 04:40,2024-12-08 04:40,避光控温控制,LOG-CN-24936733140,高栏平板车,"严禁烟火, 防静电, 干燥",2024-12-08 17:40,2024-12-12 02:01,成都市,龙泉驿区,104.27,30.55,2024-12-13 02:01
CN-AG-202409-10036,大豆,吉林省,公主岭市,124.764426,43.494181,2024-04-26,2024-04-26 [拌种包衣] -> 2024-05-21 [等距点播] -> 2024-06-15 [结荚期根外追肥] -> 2024-07-10 [食心虫绿色防控] -> 2024-08-04 [除草中耕],2024-09-03 17:40,25864.44,公主岭市第5深加工基地,"124.820054,43.522191",磁选->破碎压胚->高温压榨->物理过滤->精炼,2024-09-04 20:40,2024-09-05 00:26,WH-CN-331,不锈钢储油罐区,2024-09-05 08:26,2024-09-20 08:26,准低温低氧控制,LOG-CN-82051055121,罐式车,"避光, 控温25℃下",2024-09-20 22:26,2024-09-25 23:52,深圳市,福田区,114.05,22.54,2024-09-28 23:52
CN-AG-202410-10037,玉米,河北省,藁城区,114.813438,37.976177,2024-06-23,2024-06-23 [免耕直播] -> 2024-07-15 [苗期中耕] -> 2024-08-06 [喇叭口期追肥] -> 2024-08-28 [大斑病防治] -> 2024-09-19 [人工授粉辅助],2024-10-10 17:27,24319.73,藁城区第2深加工基地,"114.834791,38.038165",物理清理->脱粒烘干->破碎加工->筛理分级,2024-10-11 23:27,2024-10-12 08:15,WH-CN-102,现代化圆筒仓,2024-10-12 13:15,2024-11-04 13:15,避光控温控制,LOG-CN-71884111757,重型散粮卡车,"通风良好, 严控高温",2024-11-04 20:15,2024-11-06 16:30,深圳市,南山区,113.93,22.54,2024-11-07 16:30
CN-AG-202410-10038,玉米,广西壮族自治区,武宣县,109.658734,23.547387,2024-06-15,2024-06-15 [免耕直播] -> 2024-07-07 [苗期中耕] -> 2024-07-29 [喇叭口期追肥] -> 2024-08-20 [大斑病防治] -> 2024-09-11 [人工授粉辅助],2024-10-02 11:18,10214.63,武宣县第3深加工基地,"109.654841,23.599713",物理清理->脱粒烘干->破碎加工->筛理分级,2024-10-06 13:18,2024-10-06 21:39,WH-CN-946,现代化圆筒仓,2024-10-07 04:39,2024-11-02 04:39,避光控温控制,LOG-CN-19200834792,重型散粮卡车,"通风良好, 严控高温",2024-11-02 11:39,2024-11-06 08:53,深圳市,南山区,113.93,22.54,2024-11-09 08:53
CN-AG-202410-10039,玉米,吉林省,榆树市,126.581394,44.840656,2024-07-03,2024-07-03 [免耕直播] -> 2024-07-25 [苗期中耕] -> 2024-08-16 [喇叭口期追肥] -> 2024-09-07 [大斑病防治] -> 2024-09-29 [人工授粉辅助],2024-10-20 17:58,25931.28,榆树市第4深加工基地,"126.554564,44.814753",物理清理->脱粒烘干->破碎加工->筛理分级,2024-10-24 19:58,2024-10-25 02:27,WH-CN-852,现代化圆筒仓,2024-10-25 10:27,2024-11-29 10:27,避光控温控制,LOG-CN-92988739271,重型散粮卡车,"通风良好, 严控高温",2024-11-30 00:27,2024-12-03 15:55,成都市,新都区,104.15,30.82,2024-12-04 15:55
CN-AG-202405-10040,油菜籽,甘肃省,民乐县,100.825877,38.414134,2023-10-16,2023-10-16 [育苗移栽] -> 2023-12-07 [越冬防冻肥] -> 2024-01-28 [薹期水肥调节] -> 2024-03-20 [菌核病无人机防治],2024-05-08 17:37,33498.57,民乐县第1深加工基地,"100.810715,38.432671",多级筛选->炒籽->螺旋压榨->精制过滤,2024-05-11 23:37,2024-05-12 02:27,WH-CN-581,恒温罐区,2024-05-12 08:27,2024-06-21 08:27,避光控温控制,LOG-CN-67329056211,罐式车,"避光, 防氧化",2024-06-21 16:27,2024-06-25 18:54,西安市,未央区,108.94,34.29,2024-06-28 18:54
CN-AG-202408-10041,花生,山东省,平度市,119.990236,36.730835,2024-04-29,2024-04-29 [清棵蹲苗] -> 2024-05-23 [培土迎葑] -> 2024-06-16 [钙镁肥补充] -> 2024-07-10 [下针期控旺] -> 2024-08-03 [地下虫害防治],2024-08-28 10:21,9057.26,平度市第4深加工基地,"119.94373,36.776416",剥壳分选->烘炒->压榨提取->物理精炼,2024-09-01 14:21,2024-09-01 22:30,WH-CN-985,避光库房,2024-09-02 08:30,2024-10-17 08:30,避光控温控制,LOG-CN-14243939720,厢式货车,避光防潮,2024-10-17 15:30,2024-10-20 07:46,北京市,海淀区,116.3,39.96,2024-10-22 07:46
CN-AG-202410-10042,玉米,广西壮族自治区,宾阳县,108.820907,23.154893,2024-06-14,2024-06-14 [免耕直播] -> 2024-07-06 [苗期中耕] -> 2024-07-28 [喇叭口期追肥] -> 2024-08-19 [大斑病防治] -> 2024-09-10 [人工授粉辅助],2024-10-02 11:33,21964.91,宾阳县第1深加工基地,"108.800332,23.213551",物理清理->脱粒烘干->破碎加工->筛理分级,2024-10-06 16:33,2024-10-07 01:32,WH-CN-745,现代化圆筒仓,2024-10-07 05:32,2024-10-30 05:32,避光控温控制,LOG-CN-49334934709,重型散粮卡车,"通风良好, 严控高温",2024-10-30 13:32,2024-11-02 02:00,成都市,新都区,104.15,30.82,2024-11-05 02:00
CN-AG-202405-10043,油菜籽,湖北省,钟祥市,112.547179,31.171451,2023-10-10,2023-10-10 [育苗移栽] -> 2023-12-01 [越冬防冻肥] -> 2024-01-22 [薹期水肥调节] -> 2024-03-14 [菌核病无人机防治],2024-05-03 11:53,39308.56,钟祥市第2深加工基地,"112.573487,31.172903",多级筛选->炒籽->螺旋压榨->精制过滤,2024-05-07 13:53,2024-05-07 21:54,WH-CN-567,恒温罐区,2024-05-08 03:54,2024-06-18 03:54,避光控温控制,LOG-CN-29547534656,罐式车,"避光, 防氧化",2024-06-18 13:54,2024-06-21 19:47,成都市,新都区,104.15,30.82,2024-06-23 19:47
CN-AG-202406-10044,小麦,河北省,藁城区,114.826408,38.052913,2023-11-10,2023-11-10 [深耕整地] -> 2023-12-18 [秋播种子处理] -> 2024-01-25 [越冬水灌溉] -> 2024-03-03 [拔节期追肥] -> 2024-04-10 [条锈病防治] -> 2024-05-18 [干热风防护],2024-06-28 09:17,20629.16,藁城区第4深加工基地,"114.83275,38.038735",磁选除杂->着水润麦->多级研磨->高方筛理->包装,2024-07-01 15:17,2024-07-01 20:03,WH-CN-453,钢板筒仓,2024-07-02 00:03,2024-07-30 00:03,准低温低氧控制,LOG-CN-84442262762,全封闭货车,"干燥, 禁止异味混载",2024-07-30 15:03,2024-08-04 03:34,成都市,新都区,104.15,30.82,2024-08-05 03:34
CN-AG-202410-10045,水稻,湖北省,枣阳市,112.703617,32.110928,2024-05-26,2024-05-26 [播种育秧] -> 2024-06-18 [田间底肥] -> 2024-07-11 [插秧作业] -> 2024-08-03 [分蘖期灌溉] -> 2024-08-26 [除草控虫] -> 2024-09-18 [晒田补肥],2024-10-11 11:44,18512.76,枣阳市第2深加工基地,"112.757547,32.138494",清理去石->砻谷脱壳->糙米碾白->抛光->色选->包装,2024-10-15 14:44,2024-10-16 00:32,WH-CN-607,平房仓(准低温),2024-10-16 10:32,2024-10-28 10:32,准低温低氧控制,LOG-CN-18438856718,散粮车,"防潮, 湿度<14%",2024-10-28 23:32,2024-11-02 18:30,武汉市,东西湖区,114.13,30.62,2024-11-04 18:30
CN-AG-202409-10046,玉米,辽宁省,黑山县,122.139198,41.660953,2024-06-07,2024-06-07 [免耕直播] -> 2024-06-29 [苗期中耕] -> 2024-07-21 [喇叭口期追肥] -> 2024-08-12 [大斑病防治] -> 2024-09-03 [人工授粉辅助],2024-09-28 15:06,26814.08,黑山县第4深加工基地,"122.121104,41.696344",物理清理->脱粒烘干->破碎加工->筛理分级,2024-10-02 17:06,2024-10-03 01:45,WH-CN-765,现代化圆筒仓,2024-10-03 07:45,2024-11-08 07:45,避光控温控制,LOG-CN-63831497941,重型散粮卡车,"通风良好, 严控高温",2024-11-08 20:45,2024-11-14 01:01,广州市,天河区,113.33,23.13,2024-11-16 01:01
CN-AG-202408-10047,花生,河南省,唐河县,112.799022,32.683558,2024-04-17,2024-04-17 [清棵蹲苗] -> 2024-05-11 [培土迎葑] -> 2024-06-04 [钙镁肥补充] -> 2024-06-28 [下针期控旺] -> 2024-07-22 [地下虫害防治],2024-08-20 09:15,15481.31,唐河县第1深加工基地,"112.837944,32.671862",剥壳分选->烘炒->压榨提取->物理精炼,2024-08-23 12:15,2024-08-23 21:07,WH-CN-147,避光库房,2024-08-24 02:07,2024-09-30 02:07,避光控温控制,LOG-CN-48895735906,厢式货车,避光防潮,2024-09-30 09:07,2024-10-03 17:17,上海市,宝山区,121.48,31.4,2024-10-06 17:17
CN-AG-202409-10048,大豆,山东省,莒南县,118.845972,35.21805,2024-05-02,2024-05-02 [拌种包衣] -> 2024-05-27 [等距点播] -> 2024-06-21 [结荚期根外追肥] -> 2024-07-16 [食心虫绿色防控] -> 2024-08-10 [除草中耕],2024-09-05 11:33,10009.12,莒南县第4深加工基地,"118.826984,35.166781",磁选->破碎压胚->高温压榨->物理过滤->精炼,2024-09-07 14:33,2024-09-07 18:32,WH-CN-753,不锈钢储油罐区,2024-09-07 23:32,2024-10-26 23:32,准低温低氧控制,LOG-CN-71220366517,罐式车,"避光, 控温25℃下",2024-10-27 08:32,2024-10-31 00:30,南京市,南京浦口区,118.62,32.05,2024-11-03 00:30
CN-AG-202405-10049,油菜籽,甘肃省,民乐县,100.857653,38.457115,2023-10-17,2023-10-17 [育苗移栽] -> 2023-12-08 [越冬防冻肥] -> 2024-01-29 [薹期水肥调节] -> 2024-03-21 [菌核病无人机防治],2024-05-10 16:10,11972.59,民乐县第4深加工基地,"100.815598,38.437742",多级筛选->炒籽->螺旋压榨->精制过滤,2024-05-14 20:10,2024-05-15 03:40,WH-CN-973,恒温罐区,2024-05-15 11:40,2024-07-04 11:40,避光控温控制,LOG-CN-24960264709,罐式车,"避光, 防氧化",2024-07-04 21:40,2024-07-08 08:34,南京市,南京浦口区,118.62,32.05,2024-07-10 08:34
CN-AG-202406-10050,小麦,甘肃省,永昌县,101.920097,38.257044,2023-11-03,2023-11-03 [深耕整地] -> 2023-12-11 [秋播种子处理] -> 2024-01-18 [越冬水灌溉] -> 2024-02-25 [拔节期追肥] -> 2024-04-03 [条锈病防治] -> 2024-05-11 [干热风防护],2024-06-19 12:44,32150.93,永昌县第2深加工基地,"101.977971,38.233233",磁选除杂->着水润麦->多级研磨->高方筛理->包装,2024-06-20 17:44,2024-06-20 22:34,WH-CN-721,钢板筒仓,2024-06-21 02:34,2024-08-06 02:34,准低温低氧控制,LOG-CN-60688911785,全封闭货车,"干燥, 禁止异味混载",2024-08-06 15:34,2024-08-12 02:31,北京市,丰台区,116.28,39.85,2024-08-14 02:31
CN-AG-202410-10051,玉米,内蒙古自治区,突泉县,121.511104,46.342771,2024-07-08,2024-07-08 [免耕直播] -> 2024-07-30 [苗期中耕] -> 2024-08-21 [喇叭口期追肥] -> 2024-09-12 [大斑病防治] -> 2024-10-04 [人工授粉辅助],2024-10-22 10:40,16435.17,突泉县第4深加工基地,"121.57327,46.322029",物理清理->脱粒烘干->破碎加工->筛理分级,2024-10-23 14:40,2024-10-23 23:53,WH-CN-279,现代化圆筒仓,2024-10-24 10:53,2024-11-05 10:53,避光控温控制,LOG-CN-28042276277,重型散粮卡车,"通风良好, 严控高温",2024-11-05 18:53,2024-11-07 06:51,武汉市,东西湖区,114.13,30.62,2024-11-09 06:51
CN-AG-202410-10052,水稻,湖北省,枣阳市,112.709297,32.070607,2024-06-07,2024-06-07 [播种育秧] -> 2024-06-30 [田间底肥] -> 2024-07-23 [插秧作业] -> 2024-08-15 [分蘖期灌溉] -> 2024-09-07 [除草控虫] -> 2024-09-30 [晒田补肥],2024-10-27 10:16,39297.98,枣阳市第5深加工基地,"112.753838,32.130975",清理去石->砻谷脱壳->糙米碾白->抛光->色选->包装,2024-10-30 14:16,2024-10-30 23:37,WH-CN-474,平房仓(准低温),2024-10-31 04:37,2024-12-09 04:37,准低温低氧控制,LOG-CN-11694684834,散粮车,"防潮, 湿度<14%",2024-12-09 13:37,2024-12-14 04:23,上海市,浦东新区,121.54,31.22,2024-12-17 04:23
CN-AG-202405-10053,油菜籽,甘肃省,民乐县,100.776912,38.448235,2023-10-14,2023-10-14 [育苗移栽] -> 2023-12-05 [越冬防冻肥] -> 2024-01-26 [薹期水肥调节] -> 2024-03-18 [菌核病无人机防治],2024-05-12 12:37,12747.85,民乐县第1深加工基地,"100.804745,38.434244",多级筛选->炒籽->螺旋压榨->精制过滤,2024-05-15 14:37,2024-05-15 22:52,WH-CN-750,恒温罐区,2024-05-16 05:52,2024-06-25 05:52,避光控温控制,LOG-CN-73667973944,罐式车,"避光, 防氧化",2024-06-25 19:52,2024-06-28 13:50,北京市,丰台区,116.28,39.85,2024-07-01 13:50
CN-AG-202410-10054,玉米,广西壮族自治区,武宣县,109.689579,23.569048,2024-06-21,2024-06-21 [免耕直播] -> 2024-07-13 [苗期中耕] -> 2024-08-04 [喇叭口期追肥] -> 2024-08-26 [大斑病防治] -> 2024-09-17 [人工授粉辅助],2024-10-04 10:02,29376.94,武宣县第5深加工基地,"109.666984,23.592993",物理清理->脱粒烘干->破碎加工->筛理分级,2024-10-07 15:02,2024-10-07 18:31,WH-CN-529,现代化圆筒仓,2024-10-07 23:31,2024-11-01 23:31,避光控温控制,LOG-CN-30300588783,重型散粮卡车,"通风良好, 严控高温",2024-11-02 12:31,2024-11-05 12:13,广州市,白云区,113.27,23.15,2024-11-08 12:13
CN-AG-202409-10055,花生,河北省,大名县,115.158197,36.298914,2024-05-28,2024-05-28 [清棵蹲苗] -> 2024-06-21 [培土迎葑] -> 2024-07-15 [钙镁肥补充] -> 2024-08-08 [下针期控旺] -> 2024-09-01 [地下虫害防治],2024-09-20 14:17,17553.58,大名县第4深加工基地,"115.147354,36.271873",剥壳分选->烘炒->压榨提取->物理精炼,2024-09-23 17:17,2024-09-23 23:34,WH-CN-382,避光库房,2024-09-24 10:34,2024-10-19 10:34,避光控温控制,LOG-CN-20542930840,厢式货车,避光防潮,2024-10-19 21:34,2024-10-23 19:31,武汉市,洪山区,114.34,30.5,2024-10-26 19:31
CN-AG-202409-10056,水稻,广西壮族自治区,宾阳县,108.779279,23.181824,2024-04-18,2024-04-18 [播种育秧] -> 2024-05-11 [田间底肥] -> 2024-06-03 [插秧作业] -> 2024-06-26 [分蘖期灌溉] -> 2024-07-19 [除草控虫] -> 2024-08-11 [晒田补肥],2024-09-02 13:15,5099.24,宾阳县第2深加工基地,"108.807862,23.21946",清理去石->砻谷脱壳->糙米碾白->抛光->色选->包装,2024-09-04 15:15,2024-09-05 00:49,WH-CN-233,平房仓(准低温),2024-09-05 12:49,2024-09-28 12:49,准低温低氧控制,LOG-CN-46679946108,散粮车,"防潮, 湿度<14%",2024-09-28 23:49,2024-10-04 02:58,深圳市,福田区,114.05,22.54,2024-10-07 02:58
CN-AG-202406-10057,小麦,新疆维吾尔自治区,奇台县,89.605737,44.067046,2023-10-21,2023-10-21 [深耕整地] -> 2023-11-28 [秋播种子处理] -> 2024-01-05 [越冬水灌溉] -> 2024-02-12 [拔节期追肥] -> 2024-03-21 [条锈病防治] -> 2024-04-28 [干热风防护],2024-06-05 08:22,7224.53,奇台县第4深加工基地,"89.590053,44.025896",磁选除杂->着水润麦->多级研磨->高方筛理->包装,2024-06-08 10:22,2024-06-08 14:21,WH-CN-896,钢板筒仓,2024-06-08 22:21,2024-06-21 22:21,准低温低氧控制,LOG-CN-80274422288,全封闭货车,"干燥, 禁止异味混载",2024-06-22 10:21,2024-06-26 05:28,广州市,番禺区,113.38,22.93,2024-06-29 05:28
CN-AG-202410-10058,水稻,湖南省,南县,112.399102,29.369228,2024-06-04,2024-06-04 [播种育秧] -> 2024-06-27 [田间底肥] -> 2024-07-20 [插秧作业] -> 2024-08-12 [分蘖期灌溉] -> 2024-09-04 [除草控虫] -> 2024-09-27 [晒田补肥],2024-10-17 11:39,29934.05,南县第4深加工基地,"112.404449,29.353905",清理去石->砻谷脱壳->糙米碾白->抛光->色选->包装,2024-10-20 16:39,2024-10-21 00:38,WH-CN-175,平房仓(准低温),2024-10-21 04:38,2024-11-03 04:38,准低温低氧控制,LOG-CN-22452255945,散粮车,"防潮, 湿度<14%",2024-11-03 16:38,2024-11-08 07:44,西安市,未央区,108.94,34.29,2024-11-10 07:44
CN-AG-202406-10059,小麦,河南省,唐河县,112.772918,32.653693,2023-10-14,2023-10-14 [深耕整地] -> 2023-11-21 [秋播种子处理] -> 2023-12-29 [越冬水灌溉] -> 2024-02-05 [拔节期追肥] -> 2024-03-14 [条锈病防治] -> 2024-04-21 [干热风防护],2024-06-05 12:39,9004.49,唐河县第5深加工基地,"112.823542,32.682909",磁选除杂->着水润麦->多级研磨->高方筛理->包装,2024-06-08 17:39,2024-06-09 01:14,WH-CN-838,钢板筒仓,2024-06-09 13:14,2024-07-07 13:14,准低温低氧控制,LOG-CN-39487064990,全封闭货车,"干燥, 禁止异味混载",2024-07-08 04:14,2024-07-11 11:20,西安市,长安区,108.87,34.15,2024-07-14 11:20
CN-AG-202406-10060,小麦,江苏省,兴化市,119.904471,32.982855,2023-10-26,2023-10-26 [深耕整地] -> 2023-12-03 [秋播种子处理] -> 2024-01-10 [越冬水灌溉] -> 2024-02-17 [拔节期追肥] -> 2024-03-26 [条锈病防治] -> 2024-05-03 [干热风防护],2024-06-14 13:52,37304.48,兴化市第1深加工基地,"119.847403,32.938297",磁选除杂->着水润麦->多级研磨->高方筛理->包装,2024-06-18 18:52,2024-06-19 03:35,WH-CN-193,钢板筒仓,2024-06-19 08:35,2024-07-19 08:35,准低温低氧控制,LOG-CN-22162367658,全封闭货车,"干燥, 禁止异味混载",2024-07-19 18:35,2024-07-22 17:44,南京市,江宁区,118.83,31.95,2024-07-25 17:44
CN-AG-202406-10061,大麦,吉林省,前郭县,124.861398,45.051855,2024-03-19,2024-03-19 [翻耕播种] -> 2024-04-13 [分蘖期施氮] -> 2024-05-08 [化学除草] -> 2024-06-02 [灌浆期监控],2024-06-24 13:51,35383.23,前郭县第1深加工基地,"124.819333,45.108564",杂质清理->脱壳处理->分级磨皮->包装,2024-06-25 19:51,2024-06-26 03:08,WH-CN-394,平房仓,2024-06-26 15:08,2024-07-27 15:08,避光控温控制,LOG-CN-51233447380,散装车,防霉通风,2024-07-28 02:08,2024-08-01 15:56,上海市,闵行区,121.38,31.11,2024-08-03 15:56
CN-AG-202408-10062,花生,山东省,莒南县,118.872361,35.225634,2024-04-11,2024-04-11 [清棵蹲苗] -> 2024-05-05 [培土迎葑] -> 2024-05-29 [钙镁肥补充] -> 2024-06-22 [下针期控旺] -> 2024-07-16 [地下虫害防治],2024-08-05 15:14,26475.06,莒南县第5深加工基地,"118.827702,35.165889",剥壳分选->烘炒->压榨提取->物理精炼,2024-08-08 21:14,2024-08-09 02:52,WH-CN-126,避光库房,2024-08-09 07:52,2024-09-05 07:52,避光控温控制,LOG-CN-47338174438,厢式货车,避光防潮,2024-09-05 21:52,2024-09-11 00:44,深圳市,南山区,113.93,22.54,2024-09-14 00:44
CN-AG-202410-10063,玉米,黑龙江省,富锦市,132.008031,47.292136,2024-07-05,2024-07-05 [免耕直播] -> 2024-07-27 [苗期中耕] -> 2024-08-18 [喇叭口期追肥] -> 2024-09-09 [大斑病防治] -> 2024-10-01 [人工授粉辅助],2024-10-23 12:58,8211.52,富锦市第5深加工基地,"132.031136,47.24339",物理清理->脱粒烘干->破碎加工->筛理分级,2024-10-26 14:58,2024-10-26 19:00,WH-CN-320,现代化圆筒仓,2024-10-27 01:00,2024-12-12 01:00,避光控温控制,LOG-CN-67450317515,重型散粮卡车,"通风良好, 严控高温",2024-12-12 09:00,2024-12-17 07:40,南京市,玄武区,118.79,32.06,2024-12-18 07:40
CN-AG-202409-10064,水稻,江苏省,射阳县,120.273524,33.802339,2024-04-25,2024-04-25 [播种育秧] -> 2024-05-18 [田间底肥] -> 2024-06-10 [插秧作业] -> 2024-07-03 [分蘖期灌溉] -> 2024-07-26 [除草控虫] -> 2024-08-18 [晒田补肥],2024-09-12 12:46,19840.52,射阳县第5深加工基地,"120.241944,33.751401",清理去石->砻谷脱壳->糙米碾白->抛光->色选->包装,2024-09-13 14:46,2024-09-13 18:35,WH-CN-552,平房仓(准低温),2024-09-14 00:35,2024-11-02 00:35,准低温低氧控制,LOG-CN-46138643987,散粮车,"防潮, 湿度<14%",2024-11-02 07:35,2024-11-04 18:03,北京市,丰台区,116.28,39.85,2024-11-07 18:03
CN-AG-202406-10065,小麦,内蒙古自治区,五原县,108.318806,41.113801,2023-10-23,2023-10-23 [深耕整地] -> 2023-11-30 [秋播种子处理] -> 2024-01-07 [越冬水灌溉] -> 2024-02-14 [拔节期追肥] -> 2024-03-23 [条锈病防治] -> 2024-04-30 [干热风防护],2024-06-14 09:18,15549.68,五原县第2深加工基地,"108.260367,41.092802",磁选除杂->着水润麦->多级研磨->高方筛理->包装,2024-06-18 15:18,2024-06-18 23:29,WH-CN-885,钢板筒仓,2024-06-19 07:29,2024-07-01 07:29,准低温低氧控制,LOG-CN-49752153596,全封闭货车,"干燥, 禁止异味混载",2024-07-01 22:29,2024-07-03 05:29,深圳市,南山区,113.93,22.54,2024-07-04 05:29
CN-AG-202406-10066,小麦,河南省,唐河县,112.858892,32.725285,2023-11-02,2023-11-02 [深耕整地] -> 2023-12-10 [秋播种子处理] -> 2024-01-17 [越冬水灌溉] -> 2024-02-24 [拔节期追肥] -> 2024-04-02 [条锈病防治] -> 2024-05-10 [干热风防护],2024-06-16 14:11,5655.95,唐河县第1深加工基地,"112.83405,32.68394",磁选除杂->着水润麦->多级研磨->高方筛理->包装,2024-06-20 20:11,2024-06-21 04:41,WH-CN-982,钢板筒仓,2024-06-21 11:41,2024-08-02 11:41,准低温低氧控制,LOG-CN-88653996486,全封闭货车,"干燥, 禁止异味混载",2024-08-02 23:41,2024-08-07 21:43,武汉市,洪山区,114.34,30.5,2024-08-09 21:43
CN-AG-202406-10067,小麦,江苏省,兴化市,119.825231,32.913139,2023-10-29,2023-10-29 [深耕整地] -> 2023-12-06 [秋播种子处理] -> 2024-01-13 [越冬水灌溉] -> 2024-02-20 [拔节期追肥] -> 2024-03-29 [条锈病防治] -> 2024-05-06 [干热风防护],2024-06-10 09:25,19015.74,兴化市第1深加工基地,"119.856202,32.936187",磁选除杂->着水润麦->多级研磨->高方筛理->包装,2024-06-13 12:25,2024-06-13 21:45,WH-CN-505,钢板筒仓,2024-06-14 08:45,2024-07-17 08:45,准低温低氧控制,LOG-CN-52393579559,全封闭货车,"干燥, 禁止异味混载",2024-07-17 15:45,2024-07-19 23:12,上海市,闵行区,121.38,31.11,2024-07-22 23:12
CN-AG-202406-10068,小麦,山东省,平度市,119.999589,36.824049,2023-11-05,2023-11-05 [深耕整地] -> 2023-12-13 [秋播种子处理] -> 2024-01-20 [越冬水灌溉] -> 2024-02-27 [拔节期追肥] -> 2024-04-05 [条锈病防治] -> 2024-05-13 [干热风防护],2024-06-25 10:04,13958.89,平度市第2深加工基地,"119.95003,36.780227",磁选除杂->着水润麦->多级研磨->高方筛理->包装,2024-06-26 16:04,2024-06-26 22:55,WH-CN-716,钢板筒仓,2024-06-27 05:55,2024-07-29 05:55,准低温低氧控制,LOG-CN-99159880563,全封闭货车,"干燥, 禁止异味混载",2024-07-29 13:55,2024-07-31 20:01,武汉市,东西湖区,114.13,30.62,2024-08-01 20:01
CN-AG-202410-10069,玉米,吉林省,公主岭市,124.837996,43.555795,2024-06-23,2024-06-23 [免耕直播] -> 2024-07-15 [苗期中耕] -> 2024-08-06 [喇叭口期追肥] -> 2024-08-28 [大斑病防治] -> 2024-09-19 [人工授粉辅助],2024-10-15 17:48,27098.48,公主岭市第3深加工基地,"124.825916,43.524039",物理清理->脱粒烘干->破碎加工->筛理分级,2024-10-19 23:48,2024-10-20 07:47,WH-CN-705,现代化圆筒仓,2024-10-20 16:47,2024-12-09 16:47,避光控温控制,LOG-CN-57485897677,重型散粮卡车,"通风良好, 严控高温",2024-12-10 05:47,2024-12-11 14:17,武汉市,洪山区,114.34,30.5,2024-12-13 14:17
CN-AG-202410-10070,水稻,安徽省,怀远县,117.180559,33.016801,2024-06-02,2024-06-02 [播种育秧] -> 2024-06-25 [田间底肥] -> 2024-07-18 [插秧作业] -> 2024-08-10 [分蘖期灌溉] -> 2024-09-02 [除草控虫] -> 2024-09-25 [晒田补肥],2024-10-15 15:02,36355.69,怀远县第4深加工基地,"117.19188,32.967512",清理去石->砻谷脱壳->糙米碾白->抛光->色选->包装,2024-10-18 19:02,2024-10-18 22:11,WH-CN-929,平房仓(准低温),2024-10-19 03:11,2024-12-07 03:11,准低温低氧控制,LOG-CN-98354592695,散粮车,"防潮, 湿度<14%",2024-12-07 18:11,2024-12-11 17:01,南京市,江宁区,118.83,31.95,2024-12-14 17:01
CN-AG-202410-10071,玉米,内蒙古自治区,阿荣旗,123.454313,48.129394,2024-06-27,2024-06-27 [免耕直播] -> 2024-07-19 [苗期中耕] -> 2024-08-10 [喇叭口期追肥] -> 2024-09-01 [大斑病防治] -> 2024-09-23 [人工授粉辅助],2024-10-17 10:03,23342.4,阿荣旗第5深加工基地,"123.510853,48.119312",物理清理->脱粒烘干->破碎加工->筛理分级,2024-10-18 14:03,2024-10-18 22:38,WH-CN-262,现代化圆筒仓,2024-10-19 03:38,2024-11-30 03:38,避光控温控制,LOG-CN-58807570084,重型散粮卡车,"通风良好, 严控高温",2024-11-30 12:38,2024-12-05 07:06,广州市,天河区,113.33,23.13,2024-12-07 07:06
CN-AG-202410-10072,玉米,河南省,滑县,114.5309,35.544385,2024-07-03,2024-07-03 [免耕直播] -> 2024-07-25 [苗期中耕] -> 2024-08-16 [喇叭口期追肥] -> 2024-09-07 [大斑病防治] -> 2024-09-29 [人工授粉辅助],2024-10-25 13:43,38754.35,滑县第5深加工基地,"114.510747,35.56061",物理清理->脱粒烘干->破碎加工->筛理分级,2024-10-26 17:43,2024-10-26 20:46,WH-CN-994,现代化圆筒仓,2024-10-27 05:46,2024-11-12 05:46,避光控温控制,LOG-CN-53595521486,重型散粮卡车,"通风良好, 严控高温",2024-11-12 15:46,2024-11-17 12:40,南京市,江宁区,118.83,31.95,2024-11-20 12:40
CN-AG-202410-10073,水稻,吉林省,前郭县,124.793223,45.148712,2024-05-19,2024-05-19 [播种育秧] -> 2024-06-11 [田间底肥] -> 2024-07-04 [插秧作业] -> 2024-07-27 [分蘖期灌溉] -> 2024-08-19 [除草控虫] -> 2024-09-11 [晒田补肥],2024-10-10 14:08,19819.22,前郭县第3深加工基地,"124.810445,45.102541",清理去石->砻谷脱壳->糙米碾白->抛光->色选->包装,2024-10-11 18:08,2024-10-12 01:24,WH-CN-118,平房仓(准低温),2024-10-12 11:24,2024-11-12 11:24,准低温低氧控制,LOG-CN-50212050793,散粮车,"防潮, 湿度<14%",2024-11-13 01:24,2024-11-14 13:05,广州市,番禺区,113.38,22.93,2024-11-17 13:05
CN-AG-202406-10074,小麦,新疆维吾尔自治区,奇台县,89.555899,44.052399,2023-11-10,2023-11-10 [深耕整地] -> 2023-12-18 [秋播种子处理] -> 2024-01-25 [越冬水灌溉] -> 2024-03-03 [拔节期追肥] -> 2024-04-10 [条锈病防治] -> 2024-05-18 [干热风防护],2024-06-25 15:12,25903.63,奇台县第2深加工基地,"89.581707,44.022458",磁选除杂->着水润麦->多级研磨->高方筛理->包装,2024-06-27 18:12,2024-06-27 21:21,WH-CN-266,钢板筒仓,2024-06-28 05:21,2024-07-14 05:21,准低温低氧控制,LOG-CN-35351714408,全封闭货车,"干燥, 禁止异味混载",2024-07-14 16:21,2024-07-19 19:00,北京市,丰台区,116.28,39.85,2024-07-20 19:00
CN-AG-202410-10075,水稻,江苏省,东海县,118.773763,34.486202,2024-05-21,2024-05-21 [播种育秧] -> 2024-06-13 [田间底肥] -> 2024-07-06 [插秧作业] -> 2024-07-29 [分蘖期灌溉] -> 2024-08-21 [除草控虫] -> 2024-09-13 [晒田补肥],2024-10-12 11:28,39455.39,东海县第4深加工基地,"118.772749,34.540813",清理去石->砻谷脱壳->糙米碾白->抛光->色选->包装,2024-10-15 16:28,2024-10-15 20:57,WH-CN-887,平房仓(准低温),2024-10-16 08:57,2024-11-10 08:57,准低温低氧控制,LOG-CN-80359606362,散粮车,"防潮, 湿度<14%",2024-11-10 17:57,2024-11-13 17:40,成都市,龙泉驿区,104.27,30.55,2024-11-16 17:40
CN-AG-202405-10076,油菜籽,湖北省,监利市,112.957102,29.857131,2023-10-26,2023-10-26 [育苗移栽] -> 2023-12-17 [越冬防冻肥] -> 2024-02-07 [薹期水肥调节] -> 2024-03-30 [菌核病无人机防治],2024-05-27 11:51,31709.09,监利市第3深加工基地,"112.896459,29.830326",多级筛选->炒籽->螺旋压榨->精制过滤,2024-05-29 15:51,2024-05-29 18:47,WH-CN-560,恒温罐区,2024-05-30 05:47,2024-07-02 05:47,避光控温控制,LOG-CN-82607737306,罐式车,"避光, 防氧化",2024-07-02 19:47,2024-07-04 11:05,上海市,宝山区,121.48,31.4,2024-07-05 11:05
CN-AG-202410-10077,棉花,新疆维吾尔自治区,沙雅县,82.7525,41.255422,2024-04-11,2024-04-11 [覆膜播种] -> 2024-05-17 [人工打顶] -> 2024-06-22 [叶面喷施补硼] -> 2024-07-28 [枯萎病监测] -> 2024-09-02 [喷施脱叶剂],2024-10-08 15:56,5986.56,沙雅县第1深加工基地,"82.771569,41.218779",皮棉清理->锯齿轧花->纤维分级->压力打包,2024-10-09 20:56,2024-10-09 23:53,WH-CN-959,专业纤维库,2024-10-10 09:53,2024-11-21 09:53,避光控温控制,LOG-CN-98968977393,高栏平板车,"严禁烟火, 防静电, 干燥",2024-11-21 21:53,2024-11-23 08:16,武汉市,洪山区,114.34,30.5,2024-11-24 08:16
CN-AG-202406-10078,小麦,山东省,平度市,120.005518,36.723042,2023-10-14,2023-10-14 [深耕整地] -> 2023-11-21 [秋播种子处理] -> 2023-12-29 [越冬水灌溉] -> 2024-02-05 [拔节期追肥] -> 2024-03-14 [条锈病防治] -> 2024-04-21 [干热风防护],2024-06-02 12:58,37907.91,平度市第5深加工基地,"119.953919,36.78672",磁选除杂->着水润麦->多级研磨->高方筛理->包装,2024-06-04 17:58,2024-06-05 00:17,WH-CN-640,钢板筒仓,2024-06-05 04:17,2024-06-20 04:17,准低温低氧控制,LOG-CN-24702767251,全封闭货车,"干燥, 禁止异味混载",2024-06-20 13:17,2024-06-25 23:26,北京市,海淀区,116.3,39.96,2024-06-28 23:26
CN-AG-202406-10079,小麦,河南省,滑县,114.480795,35.559074,2023-10-17,2023-10-17 [深耕整地] -> 2023-11-24 [秋播种子处理] -> 2024-01-01 [越冬水灌溉] -> 2024-02-08 [拔节期追肥] -> 2024-03-17 [条锈病防治] -> 2024-04-24 [干热风防护],2024-06-04 08:15,10025.19,滑县第4深加工基地,"114.515005,35.563129",磁选除杂->着水润麦->多级研磨->高方筛理->包装,2024-06-08 10:15,2024-06-08 13:41,WH-CN-101,钢板筒仓,2024-06-09 00:41,2024-07-27 00:41,准低温低氧控制,LOG-CN-59885227314,全封闭货车,"干燥, 禁止异味混载",2024-07-27 14:41,2024-07-31 15:56,北京市,丰台区,116.28,39.85,2024-08-03 15:56
CN-AG-202406-10080,小麦,甘肃省,永昌县,101.995752,38.245907,2023-11-05,2023-11-05 [深耕整地] -> 2023-12-13 [秋播种子处理] -> 2024-01-20 [越冬水灌溉] -> 2024-02-27 [拔节期追肥] -> 2024-04-05 [条锈病防治] -> 2024-05-13 [干热风防护],2024-06-22 09:33,39336.38,永昌县第3深加工基地,"101.965599,38.243204",磁选除杂->着水润麦->多级研磨->高方筛理->包装,2024-06-23 15:33,2024-06-23 22:41,WH-CN-865,钢板筒仓,2024-06-24 10:41,2024-08-05 10:41,准低温低氧控制,LOG-CN-57314400120,全封闭货车,"干燥, 禁止异味混载",2024-08-05 23:41,2024-08-07 05:21,北京市,海淀区,116.3,39.96,2024-08-09 05:21
CN-AG-202409-10081,大豆,吉林省,公主岭市,124.848548,43.574584,2024-05-18,2024-05-18 [拌种包衣] -> 2024-06-12 [等距点播] -> 2024-07-07 [结荚期根外追肥] -> 2024-08-01 [食心虫绿色防控] -> 2024-08-26 [除草中耕],2024-09-24 09:49,21261.8,公主岭市第4深加工基地,"124.822234,43.521087",磁选->破碎压胚->高温压榨->物理过滤->精炼,2024-09-27 12:49,2024-09-27 15:41,WH-CN-746,不锈钢储油罐区,2024-09-28 00:41,2024-11-11 00:41,准低温低氧控制,LOG-CN-19169122031,罐式车,"避光, 控温25℃下",2024-11-11 08:41,2024-11-16 19:30,武汉市,东西湖区,114.13,30.62,2024-11-19 19:30
CN-AG-202411-10082,棉花,江苏省,射阳县,120.219728,33.740352,2024-05-13,2024-05-13 [覆膜播种] -> 2024-06-18 [人工打顶] -> 2024-07-24 [叶面喷施补硼] -> 2024-08-29 [枯萎病监测] -> 2024-10-04 [喷施脱叶剂],2024-11-07 08:50,15013.88,射阳县第1深加工基地,"120.255157,33.747119",皮棉清理->锯齿轧花->纤维分级->压力打包,2024-11-08 12:50,2024-11-08 17:58,WH-CN-986,专业纤维库,2024-11-09 05:58,2024-12-14 05:58,避光控温控制,LOG-CN-55766017740,高栏平板车,"严禁烟火, 防静电, 干燥",2024-12-14 11:58,2024-12-19 12:39,西安市,未央区,108.94,34.29,2024-12-20 12:39
CN-AG-202411-10083,棉花,甘肃省,瓜州县,95.723929,40.451727,2024-05-16,2024-05-16 [覆膜播种] -> 2024-06-21 [人工打顶] -> 2024-07-27 [叶面喷施补硼] -> 2024-09-01 [枯萎病监测] -> 2024-10-07 [喷施脱叶剂],2024-11-14 14:47,19857.49,瓜州县第4深加工基地,"95.760815,40.50092",皮棉清理->锯齿轧花->纤维分级->压力打包,2024-11-18 18:47,2024-11-18 22:52,WH-CN-716,专业纤维库,2024-11-19 09:52,2024-12-30 09:52,避光控温控制,LOG-CN-83789498727,高栏平板车,"严禁烟火, 防静电, 干燥",2024-12-30 19:52,2025-01-05 01:57,武汉市,东西湖区,114.13,30.62,2025-01-08 01:57
CN-AG-202409-10084,玉米,河南省,滑县,114.544439,35.612655,2024-05-17,2024-05-17 [免耕直播] -> 2024-06-08 [苗期中耕] -> 2024-06-30 [喇叭口期追肥] -> 2024-07-22 [大斑病防治] -> 2024-08-13 [人工授粉辅助],2024-09-03 13:42,26519.8,滑县第4深加工基地,"114.511957,35.569483",物理清理->脱粒烘干->破碎加工->筛理分级,2024-09-06 18:42,2024-09-07 02:20,WH-CN-381,现代化圆筒仓,2024-09-07 12:20,2024-09-27 12:20,避光控温控制,LOG-CN-18836285621,重型散粮卡车,"通风良好, 严控高温",2024-09-28 01:20,2024-09-29 07:06,西安市,未央区,108.94,34.29,2024-10-01 07:06
CN-AG-202410-10085,玉米,广西壮族自治区,宾阳县,108.806817,23.208994,2024-07-02,2024-07-02 [免耕直播] -> 2024-07-24 [苗期中耕] -> 2024-08-15 [喇叭口期追肥] -> 2024-09-06 [大斑病防治] -> 2024-09-28 [人工授粉辅助],2024-10-17 10:01,10370.34,宾阳县第4深加工基地,"108.808677,23.203464",物理清理->脱粒烘干->破碎加工->筛理分级,2024-10-21 12:01,2024-10-21 15:35,WH-CN-479,现代化圆筒仓,2024-10-21 20:35,2024-11-15 20:35,避光控温控制,LOG-CN-71727327452,重型散粮卡车,"通风良好, 严控高温",2024-11-16 08:35,2024-11-20 08:37,武汉市,江岸区,114.3,30.59,2024-11-23 08:37
CN-AG-202410-10086,玉米,吉林省,公主岭市,124.833902,43.507821,2024-06-26,2024-06-26 [免耕直播] -> 2024-07-18 [苗期中耕] -> 2024-08-09 [喇叭口期追肥] -> 2024-08-31 [大斑病防治] -> 2024-09-22 [人工授粉辅助],2024-10-13 13:41,29641.32,公主岭市第2深加工基地,"124.810906,43.522702",物理清理->脱粒烘干->破碎加工->筛理分级,2024-10-15 15:41,2024-10-15 18:24,WH-CN-726,现代化圆筒仓,2024-10-16 00:24,2024-11-26 00:24,避光控温控制,LOG-CN-37879492545,重型散粮卡车,"通风良好, 严控高温",2024-11-26 07:24,2024-11-28 17:13,南京市,南京浦口区,118.62,32.05,2024-11-30 17:13
CN-AG-202409-10087,水稻,辽宁省,盘山县,122.055103,41.224954,2024-04-26,2024-04-26 [播种育秧] -> 2024-05-19 [田间底肥] -> 2024-06-11 [插秧作业] -> 2024-07-04 [分蘖期灌溉] -> 2024-07-27 [除草控虫] -> 2024-08-19 [晒田补肥],2024-09-15 10:57,27319.5,盘山县第3深加工基地,"122.04713,41.240063",清理去石->砻谷脱壳->糙米碾白->抛光->色选->包装,2024-09-16 14:57,2024-09-16 23:08,WH-CN-620,平房仓(准低温),2024-09-17 08:08,2024-10-01 08:08,准低温低氧控制,LOG-CN-23848012298,散粮车,"防潮, 湿度<14%",2024-10-01 16:08,2024-10-06 11:53,成都市,龙泉驿区,104.27,30.55,2024-10-09 11:53
CN-AG-202409-10088,大豆,内蒙古自治区,阿荣旗,123.469552,48.139043,2024-05-24,2024-05-24 [拌种包衣] -> 2024-06-18 [等距点播] -> 2024-07-13 [结荚期根外追肥] -> 2024-08-07 [食心虫绿色防控] -> 2024-09-01 [除草中耕],2024-09-26 15:01,21753.28,阿荣旗第4深加工基地,"123.512848,48.111411",磁选->破碎压胚->高温压榨->物理过滤->精炼,2024-09-29 20:01,2024-09-30 05:22,WH-CN-887,不锈钢储油罐区,2024-09-30 17:22,2024-10-18 17:22,准低温低氧控制,LOG-CN-21059113473,罐式车,"避光, 控温25℃下",2024-10-19 03:22,2024-10-22 06:07,上海市,浦东新区,121.54,31.22,2024-10-25 06:07
CN-AG-202409-10089,玉米,辽宁省,黑山县,122.130293,41.633181,2024-05-25,2024-05-25 [免耕直播] -> 2024-06-16 [苗期中耕] -> 2024-07-08 [喇叭口期追肥] -> 2024-07-30 [大斑病防治] -> 2024-08-21 [人工授粉辅助],2024-09-15 15:43,34098.68,黑山县第5深加工基地,"122.121509,41.698805",物理清理->脱粒烘干->破碎加工->筛理分级,2024-09-18 18:43,2024-09-19 04:42,WH-CN-256,现代化圆筒仓,2024-09-19 16:42,2024-11-08 16:42,避光控温控制,LOG-CN-32781041462,重型散粮卡车,"通风良好, 严控高温",2024-11-09 04:42,2024-11-12 21:40,广州市,天河区,113.33,23.13,2024-11-13 21:40
CN-AG-202406-10090,小麦,新疆维吾尔自治区,玛纳斯县,86.227195,44.28658,2023-10-27,2023-10-27 [深耕整地] -> 2023-12-04 [秋播种子处理] -> 2024-01-11 [越冬水灌溉] -> 2024-02-18 [拔节期追肥] -> 2024-03-27 [条锈病防治] -> 2024-05-04 [干热风防护],2024-06-12 16:57,22590.06,玛纳斯县第2深加工基地,"86.210912,44.299165",磁选除杂->着水润麦->多级研磨->高方筛理->包装,2024-06-13 20:57,2024-06-14 01:07,WH-CN-706,钢板筒仓,2024-06-14 13:07,2024-07-11 13:07,准低温低氧控制,LOG-CN-91353582536,全封闭货车,"干燥, 禁止异味混载",2024-07-11 23:07,2024-07-16 05:41,广州市,番禺区,113.38,22.93,2024-07-17 05:41
CN-AG-202411-10091,棉花,新疆维吾尔自治区,沙雅县,82.766332,41.272976,2024-06-05,2024-06-05 [覆膜播种] -> 2024-07-11 [人工打顶] -> 2024-08-16 [叶面喷施补硼] -> 2024-09-21 [枯萎病监测] -> 2024-10-27 [喷施脱叶剂],2024-11-27 17:02,24095.21,沙雅县第3深加工基地,"82.788107,41.229224",皮棉清理->锯齿轧花->纤维分级->压力打包,2024-11-28 19:02,2024-11-29 03:00,WH-CN-594,专业纤维库,2024-11-29 11:00,2024-12-22 11:00,避光控温控制,LOG-CN-50398859778,高栏平板车,"严禁烟火, 防静电, 干燥",2024-12-22 17:00,2024-12-26 08:56,南京市,南京浦口区,118.62,32.05,2024-12-29 08:56
CN-AG-202410-10092,棉花,江苏省,射阳县,120.198323,33.713495,2024-04-07,2024-04-07 [覆膜播种] -> 2024-05-13 [人工打顶] -> 2024-06-18 [叶面喷施补硼] -> 2024-07-24 [枯萎病监测] -> 2024-08-29 [喷施脱叶剂],2024-10-06 15:26,23024.3,射阳县第1深加工基地,"120.240364,33.742016",皮棉清理->锯齿轧花->纤维分级->压力打包,2024-10-10 18:26,2024-10-10 23:50,WH-CN-426,专业纤维库,2024-10-11 05:50,2024-11-10 05:50,避光控温控制,LOG-CN-71167798361,高栏平板车,"严禁烟火, 防静电, 干燥",2024-11-10 16:50,2024-11-13 19:58,武汉市,东西湖区,114.13,30.62,2024-11-15 19:58
CN-AG-202410-10093,水稻,辽宁省,盘山县,122.061961,41.191333,2024-05-26,2024-05-26 [播种育秧] -> 2024-06-18 [田间底肥] -> 2024-07-11 [插秧作业] -> 2024-08-03 [分蘖期灌溉] -> 2024-08-26 [除草控虫] -> 2024-09-18 [晒田补肥],2024-10-08 10:06,31709.25,盘山县第4深加工基地,"122.03638,41.231424",清理去石->砻谷脱壳->糙米碾白->抛光->色选->包装,2024-10-11 15:06,2024-10-12 00:58,WH-CN-627,平房仓(准低温),2024-10-12 10:58,2024-11-06 10:58,准低温低氧控制,LOG-CN-76429465118,散粮车,"防潮, 湿度<14%",2024-11-07 01:58,2024-11-11 22:18,广州市,白云区,113.27,23.15,2024-11-12 22:18
CN-AG-202406-10094,小麦,河南省,正阳县,114.322793,32.641385,2023-10-15,2023-10-15 [深耕整地] -> 2023-11-22 [秋播种子处理] -> 2023-12-30 [越冬水灌溉] -> 2024-02-06 [拔节期追肥] -> 2024-03-15 [条锈病防治] -> 2024-04-22 [干热风防护],2024-06-03 14:32,28538.22,正阳县第3深加工基地,"114.375637,32.606289",磁选除杂->着水润麦->多级研磨->高方筛理->包装,2024-06-05 17:32,2024-06-06 01:00,WH-CN-649,钢板筒仓,2024-06-06 10:00,2024-06-19 10:00,准低温低氧控制,LOG-CN-66296271299,全封闭货车,"干燥, 禁止异味混载",2024-06-19 23:00,2024-06-24 03:56,北京市,海淀区,116.3,39.96,2024-06-27 03:56
CN-AG-202410-10095,玉米,辽宁省,黑山县,122.143608,41.64418,2024-07-12,2024-07-12 [免耕直播] -> 2024-08-03 [苗期中耕] -> 2024-08-25 [喇叭口期追肥] -> 2024-09-16 [大斑病防治] -> 2024-10-08 [人工授粉辅助],2024-10-25 14:23,20762.4,黑山县第5深加工基地,"122.127549,41.692579",物理清理->脱粒烘干->破碎加工->筛理分级,2024-10-29 16:23,2024-10-29 23:44,WH-CN-386,现代化圆筒仓,2024-10-30 11:44,2024-11-21 11:44,避光控温控制,LOG-CN-25509312213,重型散粮卡车,"通风良好, 严控高温",2024-11-21 21:44,2024-11-23 07:08,武汉市,东西湖区,114.13,30.62,2024-11-26 07:08
CN-AG-202409-10096,花生,辽宁省,黑山县,122.156418,41.718209,2024-05-15,2024-05-15 [清棵蹲苗] -> 2024-06-08 [培土迎葑] -> 2024-07-02 [钙镁肥补充] -> 2024-07-26 [下针期控旺] -> 2024-08-19 [地下虫害防治],2024-09-12 13:35,33138.8,黑山县第5深加工基地,"122.113549,41.685641",剥壳分选->烘炒->压榨提取->物理精炼,2024-09-14 16:35,2024-09-15 00:13,WH-CN-567,避光库房,2024-09-15 12:13,2024-10-20 12:13,避光控温控制,LOG-CN-92244073897,厢式货车,避光防潮,2024-10-20 18:13,2024-10-22 11:58,北京市,朝阳区,116.48,39.92,2024-10-24 11:58
CN-AG-202410-10097,水稻,安徽省,怀远县,117.23682,33.000074,2024-06-01,2024-06-01 [播种育秧] -> 2024-06-24 [田间底肥] -> 2024-07-17 [插秧作业] -> 2024-08-09 [分蘖期灌溉] -> 2024-09-01 [除草控虫] -> 2024-09-24 [晒田补肥],2024-10-20 13:10,17892.52,怀远县第1深加工基地,"117.198252,32.97981",清理去石->砻谷脱壳->糙米碾白->抛光->色选->包装,2024-10-23 19:10,2024-10-24 00:32,WH-CN-526,平房仓(准低温),2024-10-24 12:32,2024-12-05 12:32,准低温低氧控制,LOG-CN-51161687268,散粮车,"防潮, 湿度<14%",2024-12-06 03:32,2024-12-08 18:02,西安市,长安区,108.87,34.15,2024-12-09 18:02
CN-AG-202410-10098,水稻,广西壮族自治区,武宣县,109.69317,23.574642,2024-05-24,2024-05-24 [播种育秧] -> 2024-06-16 [田间底肥] -> 2024-07-09 [插秧作业] -> 2024-08-01 [分蘖期灌溉] -> 2024-08-24 [除草控虫] -> 2024-09-16 [晒田补肥],2024-10-09 17:36,8846.34,武宣县第1深加工基地,"109.668615,23.586816",清理去石->砻谷脱壳->糙米碾白->抛光->色选->包装,2024-10-10 23:36,2024-10-11 06:11,WH-CN-551,平房仓(准低温),2024-10-11 12:11,2024-11-23 12:11,准低温低氧控制,LOG-CN-67181873799,散粮车,"防潮, 湿度<14%",2024-11-23 21:11,2024-11-25 01:47,南京市,玄武区,118.79,32.06,2024-11-28 01:47
CN-AG-202410-10099,棉花,新疆维吾尔自治区,沙雅县,82.771479,41.26301,2024-04-13,2024-04-13 [覆膜播种] -> 2024-05-19 [人工打顶] -> 2024-06-24 [叶面喷施补硼] -> 2024-07-30 [枯萎病监测] -> 2024-09-04 [喷施脱叶剂],2024-10-14 16:49,18188.87,沙雅县第2深加工基地,"82.785091,41.225017",皮棉清理->锯齿轧花->纤维分级->压力打包,2024-10-18 18:49,2024-10-19 03:20,WH-CN-570,专业纤维库,2024-10-19 09:20,2024-12-01 09:20,避光控温控制,LOG-CN-86931987464,高栏平板车,"严禁烟火, 防静电, 干燥",2024-12-01 20:20,2024-12-06 08:50,深圳市,宝安区,113.88,22.55,2024-12-09 08:50
CN-AG-202409-10100,花生,山东省,平度市,119.998306,36.732375,2024-05-25,2024-05-25 [清棵蹲苗] -> 2024-06-18 [培土迎葑] -> 2024-07-12 [钙镁肥补充] -> 2024-08-05 [下针期控旺] -> 2024-08-29 [地下虫害防治],2024-09-20 15:12,16096.43,平度市第3深加工基地,"119.956529,36.780105",剥壳分选->烘炒->压榨提取->物理精炼,2024-09-23 21:12,2024-09-24 02:14,WH-CN-673,避光库房,2024-09-24 09:14,2024-10-23 09:14,避光控温控制,LOG-CN-49829196840,厢式货车,避光防潮,2024-10-23 18:14,2024-10-28 10:59,成都市,新都区,104.15,30.82,2024-10-30 10:59
CN-AG-202410-10101,水稻,辽宁省,盘山县,122.087463,41.218406,2024-06-12,2024-06-12 [播种育秧] -> 2024-07-05 [田间底肥] -> 2024-07-28 [插秧作业] -> 2024-08-20 [分蘖期灌溉] -> 2024-09-12 [除草控虫] -> 2024-10-05 [晒田补肥],2024-10-27 13:49,12072.38,盘山县第5深加工基地,"122.030217,41.237784",清理去石->砻谷脱壳->糙米碾白->抛光->色选->包装,2024-10-30 15:49,2024-10-30 20:46,WH-CN-377,平房仓(准低温),2024-10-31 01:46,2024-12-02 01:46,准低温低氧控制,LOG-CN-87021751298,散粮车,"防潮, 湿度<14%",2024-12-02 11:46,2024-12-07 11:16,西安市,长安区,108.87,34.15,2024-12-08 11:16
CN-AG-202409-10102,玉米,广西壮族自治区,武宣县,109.610954,23.638646,2024-05-13,2024-05-13 [免耕直播] -> 2024-06-04 [苗期中耕] -> 2024-06-26 [喇叭口期追肥] -> 2024-07-18 [大斑病防治] -> 2024-08-09 [人工授粉辅助],2024-09-04 17:47,21534.14,武宣县第2深加工基地,"109.669001,23.586386",物理清理->脱粒烘干->破碎加工->筛理分级,2024-09-06 20:47,2024-09-06 23:42,WH-CN-105,现代化圆筒仓,2024-09-07 11:42,2024-10-01 11:42,避光控温控制,LOG-CN-87157020576,重型散粮卡车,"通风良好, 严控高温",2024-10-01 18:42,2024-10-04 23:03,深圳市,福田区,114.05,22.54,2024-10-07 23:03
CN-AG-202406-10103,小麦,新疆维吾尔自治区,玛纳斯县,86.218813,44.354073,2023-10-31,2023-10-31 [深耕整地] -> 2023-12-08 [秋播种子处理] -> 2024-01-15 [越冬水灌溉] -> 2024-02-22 [拔节期追肥] -> 2024-03-31 [条锈病防治] -> 2024-05-08 [干热风防护],2024-06-16 11:48,37687.29,玛纳斯县第1深加工基地,"86.208969,44.302637",磁选除杂->着水润麦->多级研磨->高方筛理->包装,2024-06-19 15:48,2024-06-19 23:48,WH-CN-956,钢板筒仓,2024-06-20 03:48,2024-07-05 03:48,准低温低氧控制,LOG-CN-33602494123,全封闭货车,"干燥, 禁止异味混载",2024-07-05 09:48,2024-07-07 08:14,深圳市,宝安区,113.88,22.55,2024-07-08 08:14
CN-AG-202406-10104,小麦,河南省,滑县,114.49944,35.545185,2023-10-28,2023-10-28 [深耕整地] -> 2023-12-05 [秋播种子处理] -> 2024-01-12 [越冬水灌溉] -> 2024-02-19 [拔节期追肥] -> 2024-03-28 [条锈病防治] -> 2024-05-05 [干热风防护],2024-06-10 17:38,33308.49,滑县第3深加工基地,"114.525047,35.57345",磁选除杂->着水润麦->多级研磨->高方筛理->包装,2024-06-13 21:38,2024-06-14 04:00,WH-CN-266,钢板筒仓,2024-06-14 16:00,2024-07-27 16:00,准低温低氧控制,LOG-CN-73269675334,全封闭货车,"干燥, 禁止异味混载",2024-07-28 06:00,2024-07-31 17:17,西安市,雁塔区,108.94,34.21,2024-08-01 17:17
CN-AG-202409-10105,玉米,四川省,三台县,105.124754,31.124989,2024-05-15,2024-05-15 [免耕直播] -> 2024-06-06 [苗期中耕] -> 2024-06-28 [喇叭口期追肥] -> 2024-07-20 [大斑病防治] -> 2024-08-11 [人工授粉辅助],2024-09-01 13:50,39358.98,三台县第4深加工基地,"105.089888,31.081824",物理清理->脱粒烘干->破碎加工->筛理分级,2024-09-03 16:50,2024-09-04 00:32,WH-CN-431,现代化圆筒仓,2024-09-04 10:32,2024-10-11 10:32,避光控温控制,LOG-CN-44084110518,重型散粮卡车,"通风良好, 严控高温",2024-10-11 22:32,2024-10-16 11:38,武汉市,洪山区,114.34,30.5,2024-10-17 11:38
CN-AG-202409-10106,大豆,黑龙江省,五常市,127.155943,44.876907,2024-05-07,2024-05-07 [拌种包衣] -> 2024-06-01 [等距点播] -> 2024-06-26 [结荚期根外追肥] -> 2024-07-21 [食心虫绿色防控] -> 2024-08-15 [除草中耕],2024-09-08 15:48,21288.82,五常市第2深加工基地,"127.157754,44.928831",磁选->破碎压胚->高温压榨->物理过滤->精炼,2024-09-11 19:48,2024-09-12 03:16,WH-CN-515,不锈钢储油罐区,2024-09-12 07:16,2024-10-08 07:16,准低温低氧控制,LOG-CN-81666140505,罐式车,"避光, 控温25℃下",2024-10-08 16:16,2024-10-09 23:58,武汉市,东西湖区,114.13,30.62,2024-10-10 23:58
CN-AG-202409-10107,花生,河南省,正阳县,114.334048,32.58211,2024-05-17,2024-05-17 [清棵蹲苗] -> 2024-06-10 [培土迎葑] -> 2024-07-04 [钙镁肥补充] -> 2024-07-28 [下针期控旺] -> 2024-08-21 [地下虫害防治],2024-09-12 17:14,33069.82,正阳县第2深加工基地,"114.38523,32.59286",剥壳分选->烘炒->压榨提取->物理精炼,2024-09-14 22:14,2024-09-15 02:02,WH-CN-880,避光库房,2024-09-15 13:02,2024-11-02 13:02,避光控温控制,LOG-CN-94845960293,厢式货车,避光防潮,2024-11-03 03:02,2024-11-06 15:50,武汉市,江岸区,114.3,30.59,2024-11-09 15:50
CN-AG-202407-10108,大麦,吉林省,前郭县,124.762135,45.124186,2024-03-30,2024-03-30 [翻耕播种] -> 2024-04-24 [分蘖期施氮] -> 2024-05-19 [化学除草] -> 2024-06-13 [灌浆期监控],2024-07-03 17:07,30092.13,前郭县第4深加工基地,"124.814019,45.101682",杂质清理->脱壳处理->分级磨皮->包装,2024-07-05 23:07,2024-07-06 06:11,WH-CN-193,平房仓,2024-07-06 12:11,2024-07-26 12:11,避光控温控制,LOG-CN-82580177118,散装车,防霉通风,2024-07-27 01:11,2024-07-28 15:54,武汉市,东西湖区,114.13,30.62,2024-07-29 15:54
CN-AG-202410-10109,水稻,江苏省,东海县,118.808623,34.488732,2024-05-16,2024-05-16 [播种育秧] -> 2024-06-08 [田间底肥] -> 2024-07-01 [插秧作业] -> 2024-07-24 [分蘖期灌溉] -> 2024-08-16 [除草控虫] -> 2024-09-08 [晒田补肥],2024-10-05 16:26,7556.03,东海县第4深加工基地,"118.761627,34.544125",清理去石->砻谷脱壳->糙米碾白->抛光->色选->包装,2024-10-06 22:26,2024-10-07 04:52,WH-CN-452,平房仓(准低温),2024-10-07 12:52,2024-10-18 12:52,准低温低氧控制,LOG-CN-21598064755,散粮车,"防潮, 湿度<14%",2024-10-18 18:52,2024-10-23 18:05,南京市,江宁区,118.83,31.95,2024-10-26 18:05
CN-AG-202406-10110,小麦,湖北省,枣阳市,112.808397,32.080181,2023-10-29,2023-10-29 [深耕整地] -> 2023-12-06 [秋播种子处理] -> 2024-01-13 [越冬水灌溉] -> 2024-02-20 [拔节期追肥] -> 2024-03-29 [条锈病防治] -> 2024-05-06 [干热风防护],2024-06-16 08:18,38745.05,枣阳市第5深加工基地,"112.747413,32.127485",磁选除杂->着水润麦->多级研磨->高方筛理->包装,2024-06-18 11:18,2024-06-18 20:20,WH-CN-236,钢板筒仓,2024-06-19 06:20,2024-07-22 06:20,准低温低氧控制,LOG-CN-24378562201,全封闭货车,"干燥, 禁止异味混载",2024-07-22 18:20,2024-07-25 18:25,南京市,江宁区,118.83,31.95,2024-07-28 18:25
CN-AG-202406-10111,大麦,新疆维吾尔自治区,奇台县,89.64367,44.057536,2024-03-21,2024-03-21 [翻耕播种] -> 2024-04-15 [分蘖期施氮] -> 2024-05-10 [化学除草] -> 2024-06-04 [灌浆期监控],2024-06-24 11:53,14647.74,奇台县第1深加工基地,"89.595068,44.02972",杂质清理->脱壳处理->分级磨皮->包装,2024-06-25 15:53,2024-06-25 22:20,WH-CN-132,平房仓,2024-06-26 10:20,2024-08-02 10:20,避光控温控制,LOG-CN-93405003289,散装车,防霉通风,2024-08-02 19:20,2024-08-06 05:42,南京市,玄武区,118.79,32.06,2024-08-07 05:42
CN-AG-202409-10112,玉米,黑龙江省,富锦市,131.98002,47.235151,2024-05-21,2024-05-21 [免耕直播] -> 2024-06-12 [苗期中耕] -> 2024-07-04 [喇叭口期追肥] -> 2024-07-26 [大斑病防治] -> 2024-08-17 [人工授粉辅助],2024-09-03 09:38,31403.5,富锦市第1深加工基地,"132.031168,47.255543",物理清理->脱粒烘干->破碎加工->筛理分级,2024-09-07 15:38,2024-09-07 23:52,WH-CN-243,现代化圆筒仓,2024-09-08 03:52,2024-10-03 03:52,避光控温控制,LOG-CN-41307148147,重型散粮卡车,"通风良好, 严控高温",2024-10-03 16:52,2024-10-05 22:26,北京市,海淀区,116.3,39.96,2024-10-06 22:26
CN-AG-202405-10113,油菜籽,湖南省,安乡县,112.218763,29.400907,2023-10-14,2023-10-14 [育苗移栽] -> 2023-12-05 [越冬防冻肥] -> 2024-01-26 [薹期水肥调节] -> 2024-03-18 [菌核病无人机防治],2024-05-08 12:56,39030.16,安乡县第4深加工基地,"112.169853,29.402224",多级筛选->炒籽->螺旋压榨->精制过滤,2024-05-10 17:56,2024-05-10 22:59,WH-CN-904,恒温罐区,2024-05-11 06:59,2024-05-24 06:59,避光控温控制,LOG-CN-55202224643,罐式车,"避光, 防氧化",2024-05-24 18:59,2024-05-28 18:30,广州市,番禺区,113.38,22.93,2024-05-29 18:30
CN-AG-202410-10114,玉米,广西壮族自治区,武宣县,109.656239,23.531362,2024-06-20,2024-06-20 [免耕直播] -> 2024-07-12 [苗期中耕] -> 2024-08-03 [喇叭口期追肥] -> 2024-08-25 [大斑病防治] -> 2024-09-16 [人工授粉辅助],2024-10-05 12:24,24505.04,武宣县第2深加工基地,"109.652376,23.581126",物理清理->脱粒烘干->破碎加工->筛理分级,2024-10-09 15:24,2024-10-10 01:08,WH-CN-497,现代化圆筒仓,2024-10-10 08:08,2024-11-08 08:08,避光控温控制,LOG-CN-45402807753,重型散粮卡车,"通风良好, 严控高温",2024-11-08 14:08,2024-11-12 13:34,广州市,白云区,113.27,23.15,2024-11-14 13:34
CN-AG-202409-10115,玉米,内蒙古自治区,五原县,108.277905,41.054103,2024-05-25,2024-05-25 [免耕直播] -> 2024-06-16 [苗期中耕] -> 2024-07-08 [喇叭口期追肥] -> 2024-07-30 [大斑病防治] -> 2024-08-21 [人工授粉辅助],2024-09-15 13:05,30350.68,五原县第5深加工基地,"108.261667,41.104921",物理清理->脱粒烘干->破碎加工->筛理分级,2024-09-17 15:05,2024-09-17 19:52,WH-CN-322,现代化圆筒仓,2024-09-18 05:52,2024-11-05 05:52,避光控温控制,LOG-CN-37828786216,重型散粮卡车,"通风良好, 严控高温",2024-11-05 14:52,2024-11-10 21:40,北京市,朝阳区,116.48,39.92,2024-11-13 21:40
CN-AG-202408-10116,花生,山东省,平度市,119.934984,36.835461,2024-04-13,2024-04-13 [清棵蹲苗] -> 2024-05-07 [培土迎葑] -> 2024-05-31 [钙镁肥补充] -> 2024-06-24 [下针期控旺] -> 2024-07-18 [地下虫害防治],2024-08-07 11:47,21318.77,平度市第3深加工基地,"119.957372,36.775714",剥壳分选->烘炒->压榨提取->物理精炼,2024-08-11 14:47,2024-08-11 23:13,WH-CN-415,避光库房,2024-08-12 06:13,2024-09-16 06:13,避光控温控制,LOG-CN-58368038901,厢式货车,避光防潮,2024-09-16 17:13,2024-09-21 20:31,深圳市,宝安区,113.88,22.55,2024-09-23 20:31
CN-AG-202409-10117,大豆,安徽省,怀远县,117.255587,32.936832,2024-05-02,2024-05-02 [拌种包衣] -> 2024-05-27 [等距点播] -> 2024-06-21 [结荚期根外追肥] -> 2024-07-16 [食心虫绿色防控] -> 2024-08-10 [除草中耕],2024-09-04 15:48,37716.54,怀远县第5深加工基地,"117.209398,32.960243",磁选->破碎压胚->高温压榨->物理过滤->精炼,2024-09-06 19:48,2024-09-07 00:58,WH-CN-837,不锈钢储油罐区,2024-09-07 10:58,2024-09-19 10:58,准低温低氧控制,LOG-CN-50448189826,罐式车,"避光, 控温25℃下",2024-09-19 18:58,2024-09-20 21:14,深圳市,宝安区,113.88,22.55,2024-09-23 21:14
CN-AG-202411-10118,棉花,新疆维吾尔自治区,沙雅县,82.826937,41.165179,2024-05-14,2024-05-14 [覆膜播种] -> 2024-06-19 [人工打顶] -> 2024-07-25 [叶面喷施补硼] -> 2024-08-30 [枯萎病监测] -> 2024-10-05 [喷施脱叶剂],2024-11-08 14:36,32824.14,沙雅县第2深加工基地,"82.789859,41.220554",皮棉清理->锯齿轧花->纤维分级->压力打包,2024-11-12 20:36,2024-11-13 04:41,WH-CN-243,专业纤维库,2024-11-13 13:41,2024-12-09 13:41,避光控温控制,LOG-CN-86108167082,高栏平板车,"严禁烟火, 防静电, 干燥",2024-12-10 02:41,2024-12-13 12:51,西安市,长安区,108.87,34.15,2024-12-16 12:51
CN-AG-202406-10119,小麦,安徽省,蒙城县,116.566463,33.208856,2023-11-04,2023-11-04 [深耕整地] -> 2023-12-12 [秋播种子处理] -> 2024-01-19 [越冬水灌溉] -> 2024-02-26 [拔节期追肥] -> 2024-04-04 [条锈病防治] -> 2024-05-12 [干热风防护],2024-06-17 08:53,20960.34,蒙城县第1深加工基地,"116.560462,33.269386",磁选除杂->着水润麦->多级研磨->高方筛理->包装,2024-06-18 10:53,2024-06-18 16:54,WH-CN-732,钢板筒仓,2024-06-18 22:54,2024-08-07 22:54,准低温低氧控制,LOG-CN-95615464548,全封闭货车,"干燥, 禁止异味混载",2024-08-08 06:54,2024-08-09 08:07,深圳市,福田区,114.05,22.54,2024-08-12 08:07
CN-AG-202406-10120,小麦,安徽省,寿县,116.80349,32.585528,2023-10-14,2023-10-14 [深耕整地] -> 2023-11-21 [秋播种子处理] -> 2023-12-29 [越冬水灌溉] -> 2024-02-05 [拔节期追肥] -> 2024-03-14 [条锈病防治] -> 2024-04-21 [干热风防护],2024-06-01 16:35,20070.06,寿县第2深加工基地,"116.782551,32.569091",磁选除杂->着水润麦->多级研磨->高方筛理->包装,2024-06-02 18:35,2024-06-03 01:36,WH-CN-209,钢板筒仓,2024-06-03 09:36,2024-07-17 09:36,准低温低氧控制,LOG-CN-26827891652,全封闭货车,"干燥, 禁止异味混载",2024-07-17 23:36,2024-07-23 08:20,成都市,武侯区,104.04,30.64,2024-07-26 08:20
CN-AG-202409-10121,水稻,湖北省,监利市,112.948139,29.840118,2024-04-21,2024-04-21 [播种育秧] -> 2024-05-14 [田间底肥] -> 2024-06-06 [插秧作业] -> 2024-06-29 [分蘖期灌溉] -> 2024-07-22 [除草控虫] -> 2024-08-14 [晒田补肥],2024-09-07 17:33,12905.0,监利市第1深加工基地,"112.895619,29.820909",清理去石->砻谷脱壳->糙米碾白->抛光->色选->包装,2024-09-10 21:33,2024-09-11 06:50,WH-CN-769,平房仓(准低温),2024-09-11 16:50,2024-09-26 16:50,准低温低氧控制,LOG-CN-18726018516,散粮车,"防潮, 湿度<14%",2024-09-27 05:50,2024-10-01 06:05,武汉市,江岸区,114.3,30.59,2024-10-04 06:05
CN-AG-202410-10122,玉米,河北省,宁晋县,114.966832,37.674049,2024-06-25,2024-06-25 [免耕直播] -> 2024-07-17 [苗期中耕] -> 2024-08-08 [喇叭口期追肥] -> 2024-08-30 [大斑病防治] -> 2024-09-21 [人工授粉辅助],2024-10-18 15:03,13041.83,宁晋县第5深加工基地,"114.922403,37.619113",物理清理->脱粒烘干->破碎加工->筛理分级,2024-10-19 18:03,2024-10-19 21:15,WH-CN-586,现代化圆筒仓,2024-10-20 08:15,2024-11-26 08:15,避光控温控制,LOG-CN-15459311688,重型散粮卡车,"通风良好, 严控高温",2024-11-26 15:15,2024-11-30 11:13,武汉市,东西湖区,114.13,30.62,2024-12-01 11:13
CN-AG-202409-10123,大豆,吉林省,公主岭市,124.782575,43.493286,2024-05-06,2024-05-06 [拌种包衣] -> 2024-05-31 [等距点播] -> 2024-06-25 [结荚期根外追肥] -> 2024-07-20 [食心虫绿色防控] -> 2024-08-14 [除草中耕],2024-09-06 13:01,16610.54,公主岭市第2深加工基地,"124.817067,43.519274",磁选->破碎压胚->高温压榨->物理过滤->精炼,2024-09-08 18:01,2024-09-08 21:10,WH-CN-909,不锈钢储油罐区,2024-09-09 05:10,2024-09-29 05:10,准低温低氧控制,LOG-CN-21700193447,罐式车,"避光, 控温25℃下",2024-09-29 17:10,2024-10-04 08:07,深圳市,宝安区,113.88,22.55,2024-10-07 08:07
CN-AG-202409-10124,大豆,安徽省,怀远县,117.149328,32.980039,2024-05-06,2024-05-06 [拌种包衣] -> 2024-05-31 [等距点播] -> 2024-06-25 [结荚期根外追肥] -> 2024-07-20 [食心虫绿色防控] -> 2024-08-14 [除草中耕],2024-09-04 14:14,12984.84,怀远县第5深加工基地,"117.209724,32.979488",磁选->破碎压胚->高温压榨->物理过滤->精炼,2024-09-07 20:14,2024-09-08 05:17,WH-CN-484,不锈钢储油罐区,2024-09-08 15:17,2024-10-08 15:17,准低温低氧控制,LOG-CN-33329609284,罐式车,"避光, 控温25℃下",2024-10-09 01:17,2024-10-14 05:45,北京市,丰台区,116.28,39.85,2024-10-16 05:45
CN-AG-202409-10125,水稻,广西壮族自治区,桂平市,110.084332,23.413779,2024-05-10,2024-05-10 [播种育秧] -> 2024-06-02 [田间底肥] -> 2024-06-25 [插秧作业] -> 2024-07-18 [分蘖期灌溉] -> 2024-08-10 [除草控虫] -> 2024-09-02 [晒田补肥],2024-09-25 17:18,8203.22,桂平市第3深加工基地,"110.086276,23.386191",清理去石->砻谷脱壳->糙米碾白->抛光->色选->包装,2024-09-26 19:18,2024-09-27 00:05,WH-CN-555,平房仓(准低温),2024-09-27 06:05,2024-10-31 06:05,准低温低氧控制,LOG-CN-24043539950,散粮车,"防潮, 湿度<14%",2024-10-31 18:05,2024-11-03 10:28,广州市,番禺区,113.38,22.93,2024-11-04 10:28
CN-AG-202408-10126,花生,辽宁省,黑山县,122.079514,41.712168,2024-04-13,2024-04-13 [清棵蹲苗] -> 2024-05-07 [培土迎葑] -> 2024-05-31 [钙镁肥补充] -> 2024-06-24 [下针期控旺] -> 2024-07-18 [地下虫害防治],2024-08-14 15:35,5431.92,黑山县第4深加工基地,"122.126451,41.698219",剥壳分选->烘炒->压榨提取->物理精炼,2024-08-18 17:35,2024-08-18 20:18,WH-CN-497,避光库房,2024-08-19 01:18,2024-09-20 01:18,避光控温控制,LOG-CN-21936440447,厢式货车,避光防潮,2024-09-20 16:18,2024-09-25 20:38,上海市,宝山区,121.48,31.4,2024-09-27 20:38
CN-AG-202405-10127,油菜籽,湖北省,钟祥市,112.607086,31.223976,2023-10-28,2023-10-28 [育苗移栽] -> 2023-12-19 [越冬防冻肥] -> 2024-02-09 [薹期水肥调节] -> 2024-04-01 [菌核病无人机防治],2024-05-22 14:10,21948.1,钟祥市第1深加工基地,"112.578365,31.172268",多级筛选->炒籽->螺旋压榨->精制过滤,2024-05-25 18:10,2024-05-25 22:57,WH-CN-469,恒温罐区,2024-05-26 09:57,2024-06-14 09:57,避光控温控制,LOG-CN-77109008682,罐式车,"避光, 防氧化",2024-06-14 21:57,2024-06-17 09:23,上海市,浦东新区,121.54,31.22,2024-06-19 09:23
CN-AG-202410-10128,水稻,湖南省,桃源县,111.523928,28.951927,2024-05-22,2024-05-22 [播种育秧] -> 2024-06-14 [田间底肥] -> 2024-07-07 [插秧作业] -> 2024-07-30 [分蘖期灌溉] -> 2024-08-22 [除草控虫] -> 2024-09-14 [晒田补肥],2024-10-04 10:19,39097.89,桃源县第2深加工基地,"111.470527,28.890904",清理去石->砻谷脱壳->糙米碾白->抛光->色选->包装,2024-10-08 14:19,2024-10-08 23:59,WH-CN-407,平房仓(准低温),2024-10-09 09:59,2024-11-09 09:59,准低温低氧控制,LOG-CN-92981624968,散粮车,"防潮, 湿度<14%",2024-11-09 21:59,2024-11-15 06:51,西安市,未央区,108.94,34.29,2024-11-18 06:51
CN-AG-202410-10129,水稻,广西壮族自治区,武宣县,109.697266,23.575176,2024-05-24,2024-05-24 [播种育秧] -> 2024-06-16 [田间底肥] -> 2024-07-09 [插秧作业] -> 2024-08-01 [分蘖期灌溉] -> 2024-08-24 [除草控虫] -> 2024-09-16 [晒田补肥],2024-10-11 10:25,11993.0,武宣县第5深加工基地,"109.653008,23.599746",清理去石->砻谷脱壳->糙米碾白->抛光->色选->包装,2024-10-14 15:25,2024-10-14 22:49,WH-CN-284,平房仓(准低温),2024-10-15 05:49,2024-11-14 05:49,准低温低氧控制,LOG-CN-12362657890,散粮车,"防潮, 湿度<14%",2024-11-14 17:49,2024-11-17 15:56,南京市,江宁区,118.83,31.95,2024-11-20 15:56
CN-AG-202411-10130,棉花,江苏省,射阳县,120.235707,33.761296,2024-06-03,2024-06-03 [覆膜播种] -> 2024-07-09 [人工打顶] -> 2024-08-14 [叶面喷施补硼] -> 2024-09-19 [枯萎病监测] -> 2024-10-25 [喷施脱叶剂],2024-11-26 12:53,7588.78,射阳县第5深加工基地,"120.256842,33.759398",皮棉清理->锯齿轧花->纤维分级->压力打包,2024-11-30 17:53,2024-11-30 21:34,WH-CN-590,专业纤维库,2024-12-01 05:34,2024-12-26 05:34,避光控温控制,LOG-CN-64040326560,高栏平板车,"严禁烟火, 防静电, 干燥",2024-12-26 13:34,2024-12-31 09:01,成都市,新都区,104.15,30.82,2025-01-02 09:01
CN-AG-202409-10131,水稻,湖北省,枣阳市,112.746243,32.170599,2024-05-06,2024-05-06 [播种育秧] -> 2024-05-29 [田间底肥] -> 2024-06-21 [插秧作业] -> 2024-07-14 [分蘖期灌溉] -> 2024-08-06 [除草控虫] -> 2024-08-29 [晒田补肥],2024-09-26 13:44,28711.52,枣阳市第4深加工基地,"112.745468,32.128296",清理去石->砻谷脱壳->糙米碾白->抛光->色选->包装,2024-09-27 15:44,2024-09-28 00:47,WH-CN-870,平房仓(准低温),2024-09-28 07:47,2024-10-30 07:47,准低温低氧控制,LOG-CN-69254361222,散粮车,"防潮, 湿度<14%",2024-10-30 22:47,2024-11-01 04:23,广州市,番禺区,113.38,22.93,2024-11-04 04:23
CN-AG-202409-10132,玉米,辽宁省,昌图县,124.153767,42.726765,2024-05-19,2024-05-19 [免耕直播] -> 2024-06-10 [苗期中耕] -> 2024-07-02 [喇叭口期追肥] -> 2024-07-24 [大斑病防治] -> 2024-08-15 [人工授粉辅助],2024-09-09 11:32,19559.14,昌图县第1深加工基地,"124.119994,42.786258",物理清理->脱粒烘干->破碎加工->筛理分级,2024-09-11 16:32,2024-09-11 22:13,WH-CN-218,现代化圆筒仓,2024-09-12 08:13,2024-10-21 08:13,避光控温控制,LOG-CN-30315842667,重型散粮卡车,"通风良好, 严控高温",2024-10-21 14:13,2024-10-25 03:19,广州市,白云区,113.27,23.15,2024-10-27 03:19
CN-AG-202409-10133,大豆,山东省,莒南县,118.836652,35.229596,2024-05-11,2024-05-11 [拌种包衣] -> 2024-06-05 [等距点播] -> 2024-06-30 [结荚期根外追肥] -> 2024-07-25 [食心虫绿色防控] -> 2024-08-19 [除草中耕],2024-09-15 11:33,9027.98,莒南县第3深加工基地,"118.838895,35.17538",磁选->破碎压胚->高温压榨->物理过滤->精炼,2024-09-18 16:33,2024-09-18 19:52,WH-CN-763,不锈钢储油罐区,2024-09-19 06:52,2024-10-27 06:52,准低温低氧控制,LOG-CN-34911025601,罐式车,"避光, 控温25℃下",2024-10-27 16:52,2024-10-28 22:43,武汉市,洪山区,114.34,30.5,2024-10-31 22:43
CN-AG-202406-10134,大麦,甘肃省,永昌县,101.939682,38.281958,2024-03-01,2024-03-01 [翻耕播种] -> 2024-03-26 [分蘖期施氮] -> 2024-04-20 [化学除草] -> 2024-05-15 [灌浆期监控],2024-06-11 16:27,20735.13,永昌县第4深加工基地,"101.962583,38.239011",杂质清理->脱壳处理->分级磨皮->包装,2024-06-13 21:27,2024-06-14 05:19,WH-CN-498,平房仓,2024-06-14 11:19,2024-07-05 11:19,避光控温控制,LOG-CN-36692346028,散装车,防霉通风,2024-07-05 17:19,2024-07-10 15:58,南京市,江宁区,118.83,31.95,2024-07-11 15:58
CN-AG-202410-10135,棉花,甘肃省,瓜州县,95.782741,40.564486,2024-04-29,2024-04-29 [覆膜播种] -> 2024-06-04 [人工打顶] -> 2024-07-10 [叶面喷施补硼] -> 2024-08-15 [枯萎病监测] -> 2024-09-20 [喷施脱叶剂],2024-10-26 16:11,18739.04,瓜州县第1深加工基地,"95.773434,40.504573",皮棉清理->锯齿轧花->纤维分级->压力打包,2024-10-29 19:11,2024-10-30 01:35,WH-CN-456,专业纤维库,2024-10-30 06:35,2024-11-25 06:35,避光控温控制,LOG-CN-93570874863,高栏平板车,"严禁烟火, 防静电, 干燥",2024-11-25 17:35,2024-11-29 21:59,西安市,长安区,108.87,34.15,2024-12-02 21:59
CN-AG-202406-10136,大麦,新疆维吾尔自治区,奇台县,89.57298,44.034175,2024-03-18,2024-03-18 [翻耕播种] -> 2024-04-12 [分蘖期施氮] -> 2024-05-07 [化学除草] -> 2024-06-01 [灌浆期监控],2024-06-22 10:20,25118.21,奇台县第4深加工基地,"89.593431,44.012271",杂质清理->脱壳处理->分级磨皮->包装,2024-06-24 14:20,2024-06-24 17:49,WH-CN-290,平房仓,2024-06-24 23:49,2024-07-27 23:49,避光控温控制,LOG-CN-97989578581,散装车,防霉通风,2024-07-28 11:49,2024-07-31 17:27,广州市,番禺区,113.38,22.93,2024-08-01 17:27
CN-AG-202406-10137,小麦,湖北省,枣阳市,112.782678,32.132437,2023-11-02,2023-11-02 [深耕整地] -> 2023-12-10 [秋播种子处理] -> 2024-01-17 [越冬水灌溉] -> 2024-02-24 [拔节期追肥] -> 2024-04-02 [条锈病防治] -> 2024-05-10 [干热风防护],2024-06-16 12:08,38734.02,枣阳市第5深加工基地,"112.757044,32.130403",磁选除杂->着水润麦->多级研磨->高方筛理->包装,2024-06-19 17:08,2024-06-20 00:55,WH-CN-768,钢板筒仓,2024-06-20 04:55,2024-07-22 04:55,准低温低氧控制,LOG-CN-67960454174,全封闭货车,"干燥, 禁止异味混载",2024-07-22 12:55,2024-07-24 13:47,北京市,海淀区,116.3,39.96,2024-07-26 13:47
CN-AG-202410-10138,水稻,广西壮族自治区,桂平市,110.087313,23.396229,2024-06-08,2024-06-08 [播种育秧] -> 2024-07-01 [田间底肥] -> 2024-07-24 [插秧作业] -> 2024-08-16 [分蘖期灌溉] -> 2024-09-08 [除草控虫] -> 2024-10-01 [晒田补肥],2024-10-23 15:31,32325.91,桂平市第5深加工基地,"110.07807,23.397533",清理去石->砻谷脱壳->糙米碾白->抛光->色选->包装,2024-10-24 21:31,2024-10-25 00:16,WH-CN-860,平房仓(准低温),2024-10-25 07:16,2024-11-22 07:16,准低温低氧控制,LOG-CN-85141798644,散粮车,"防潮, 湿度<14%",2024-11-22 16:16,2024-11-26 12:34,北京市,海淀区,116.3,39.96,2024-11-27 12:34
CN-AG-202409-10139,水稻,安徽省,怀远县,117.143454,32.926082,2024-04-22,2024-04-22 [播种育秧] -> 2024-05-15 [田间底肥] -> 2024-06-07 [插秧作业] -> 2024-06-30 [分蘖期灌溉] -> 2024-07-23 [除草控虫] -> 2024-08-15 [晒田补肥],2024-09-09 16:52,20740.63,怀远县第3深加工基地,"117.202406,32.975103",清理去石->砻谷脱壳->糙米碾白->抛光->色选->包装,2024-09-10 21:52,2024-09-11 05:01,WH-CN-982,平房仓(准低温),2024-09-11 12:01,2024-10-18 12:01,准低温低氧控制,LOG-CN-22097757183,散粮车,"防潮, 湿度<14%",2024-10-18 21:01,2024-10-21 11:56,上海市,宝山区,121.48,31.4,2024-10-22 11:56
CN-AG-202409-10140,水稻,江苏省,东海县,118.735556,34.56449,2024-04-20,2024-04-20 [播种育秧] -> 2024-05-13 [田间底肥] -> 2024-06-05 [插秧作业] -> 2024-06-28 [分蘖期灌溉] -> 2024-07-21 [除草控虫] -> 2024-08-13 [晒田补肥],2024-09-07 17:44,25890.02,东海县第2深加工基地,"118.760291,34.532727",清理去石->砻谷脱壳->糙米碾白->抛光->色选->包装,2024-09-11 20:44,2024-09-12 04:29,WH-CN-431,平房仓(准低温),2024-09-12 10:29,2024-10-05 10:29,准低温低氧控制,LOG-CN-49911562127,散粮车,"防潮, 湿度<14%",2024-10-06 01:29,2024-10-08 22:03,深圳市,福田区,114.05,22.54,2024-10-10 22:03
CN-AG-202405-10141,油菜籽,湖南省,安乡县,112.18079,29.392071,2023-10-13,2023-10-13 [育苗移栽] -> 2023-12-04 [越冬防冻肥] -> 2024-01-25 [薹期水肥调节] -> 2024-03-17 [菌核病无人机防治],2024-05-05 14:58,18744.53,安乡县第2深加工基地,"112.168749,29.407845",多级筛选->炒籽->螺旋压榨->精制过滤,2024-05-08 17:58,2024-05-09 02:27,WH-CN-691,恒温罐区,2024-05-09 08:27,2024-06-03 08:27,避光控温控制,LOG-CN-47075884194,罐式车,"避光, 防氧化",2024-06-03 19:27,2024-06-09 05:42,广州市,番禺区,113.38,22.93,2024-06-12 05:42
CN-AG-202405-10142,油菜籽,四川省,安岳县,105.311791,30.148499,2023-10-22,2023-10-22 [育苗移栽] -> 2023-12-13 [越冬防冻肥] -> 2024-02-03 [薹期水肥调节] -> 2024-03-26 [菌核病无人机防治],2024-05-15 09:40,8259.96,安岳县第4深加工基地,"105.335673,30.10028",多级筛选->炒籽->螺旋压榨->精制过滤,2024-05-19 15:40,2024-05-20 00:33,WH-CN-750,恒温罐区,2024-05-20 08:33,2024-06-22 08:33,避光控温控制,LOG-CN-63834943165,罐式车,"避光, 防氧化",2024-06-22 19:33,2024-06-26 21:33,西安市,未央区,108.94,34.29,2024-06-29 21:33
CN-AG-202409-10143,玉米,内蒙古自治区,五原县,108.27465,41.087585,2024-05-30,2024-05-30 [免耕直播] -> 2024-06-21 [苗期中耕] -> 2024-07-13 [喇叭口期追肥] -> 2024-08-04 [大斑病防治] -> 2024-08-26 [人工授粉辅助],2024-09-16 12:20,32436.14,五原县第4深加工基地,"108.26899,41.107247",物理清理->脱粒烘干->破碎加工->筛理分级,2024-09-19 18:20,2024-09-20 01:45,WH-CN-116,现代化圆筒仓,2024-09-20 07:45,2024-11-05 07:45,避光控温控制,LOG-CN-35158422066,重型散粮卡车,"通风良好, 严控高温",2024-11-05 13:45,2024-11-06 18:51,西安市,未央区,108.94,34.29,2024-11-09 18:51
CN-AG-202408-10144,花生,江苏省,东海县,118.821191,34.497649,2024-04-19,2024-04-19 [清棵蹲苗] -> 2024-05-13 [培土迎葑] -> 2024-06-06 [钙镁肥补充] -> 2024-06-30 [下针期控旺] -> 2024-07-24 [地下虫害防治],2024-08-14 11:44,10793.38,东海县第4深加工基地,"118.765165,34.539842",剥壳分选->烘炒->压榨提取->物理精炼,2024-08-17 14:44,2024-08-18 00:41,WH-CN-740,避光库房,2024-08-18 08:41,2024-09-02 08:41,避光控温控制,LOG-CN-66840214977,厢式货车,避光防潮,2024-09-02 15:41,2024-09-05 15:23,武汉市,江岸区,114.3,30.59,2024-09-08 15:23
CN-AG-202409-10145,水稻,四川省,三台县,105.147604,31.085096,2024-04-18,2024-04-18 [播种育秧] -> 2024-05-11 [田间底肥] -> 2024-06-03 [插秧作业] -> 2024-06-26 [分蘖期灌溉] -> 2024-07-19 [除草控虫] -> 2024-08-11 [晒田补肥],2024-09-01 11:30,29291.09,三台县第4深加工基地,"105.086575,31.089852",清理去石->砻谷脱壳->糙米碾白->抛光->色选->包装,2024-09-03 17:30,2024-09-03 21:55,WH-CN-172,平房仓(准低温),2024-09-04 09:55,2024-10-12 09:55,准低温低氧控制,LOG-CN-62522926856,散粮车,"防潮, 湿度<14%",2024-10-12 20:55,2024-10-18 05:02,北京市,朝阳区,116.48,39.92,2024-10-20 05:02
CN-AG-202409-10146,水稻,吉林省,前郭县,124.778817,45.126008,2024-04-25,2024-04-25 [播种育秧] -> 2024-05-18 [田间底肥] -> 2024-06-10 [插秧作业] -> 2024-07-03 [分蘖期灌溉] -> 2024-07-26 [除草控虫] -> 2024-08-18 [晒田补肥],2024-09-11 13:56,10744.08,前郭县第3深加工基地,"124.802578,45.101517",清理去石->砻谷脱壳->糙米碾白->抛光->色选->包装,2024-09-13 18:56,2024-09-14 04:02,WH-CN-839,平房仓(准低温),2024-09-14 10:02,2024-10-03 10:02,准低温低氧控制,LOG-CN-96814412096,散粮车,"防潮, 湿度<14%",2024-10-04 01:02,2024-10-05 02:41,上海市,宝山区,121.48,31.4,2024-10-08 02:41
CN-AG-202411-10147,棉花,新疆维吾尔自治区,沙雅县,82.738228,41.175366,2024-06-05,2024-06-05 [覆膜播种] -> 2024-07-11 [人工打顶] -> 2024-08-16 [叶面喷施补硼] -> 2024-09-21 [枯萎病监测] -> 2024-10-27 [喷施脱叶剂],2024-11-28 11:05,7948.71,沙雅县第5深加工基地,"82.782817,41.212777",皮棉清理->锯齿轧花->纤维分级->压力打包,2024-11-30 13:05,2024-11-30 20:36,WH-CN-715,专业纤维库,2024-12-01 06:36,2025-01-02 06:36,避光控温控制,LOG-CN-51264298158,高栏平板车,"严禁烟火, 防静电, 干燥",2025-01-02 14:36,2025-01-04 21:53,南京市,江宁区,118.83,31.95,2025-01-07 21:53
CN-AG-202410-10148,水稻,广西壮族自治区,武宣县,109.64148,23.551826,2024-05-17,2024-05-17 [播种育秧] -> 2024-06-09 [田间底肥] -> 2024-07-02 [插秧作业] -> 2024-07-25 [分蘖期灌溉] -> 2024-08-17 [除草控虫] -> 2024-09-09 [晒田补肥],2024-10-07 16:38,25787.54,武宣县第5深加工基地,"109.659479,23.597936",清理去石->砻谷脱壳->糙米碾白->抛光->色选->包装,2024-10-09 21:38,2024-10-10 02:39,WH-CN-112,平房仓(准低温),2024-10-10 06:39,2024-11-04 06:39,准低温低氧控制,LOG-CN-61483268455,散粮车,"防潮, 湿度<14%",2024-11-04 13:39,2024-11-06 20:10,西安市,未央区,108.94,34.29,2024-11-09 20:10
CN-AG-202406-10149,小麦,河南省,唐河县,112.790678,32.700107,2023-11-11,2023-11-11 [深耕整地] -> 2023-12-19 [秋播种子处理] -> 2024-01-26 [越冬水灌溉] -> 2024-03-04 [拔节期追肥] -> 2024-04-11 [条锈病防治] -> 2024-05-19 [干热风防护],2024-06-28 17:26,38203.8,唐河县第4深加工基地,"112.820817,32.673846",磁选除杂->着水润麦->多级研磨->高方筛理->包装,2024-06-30 22:26,2024-07-01 07:30,WH-CN-618,钢板筒仓,2024-07-01 12:30,2024-07-12 12:30,准低温低氧控制,LOG-CN-97129801634,全封闭货车,"干燥, 禁止异味混载",2024-07-12 22:30,2024-07-15 01:32,上海市,浦东新区,121.54,31.22,2024-07-16 01:32
CN-AG-202409-10150,大豆,安徽省,怀远县,117.173431,32.930272,2024-05-16,2024-05-16 [拌种包衣] -> 2024-06-10 [等距点播] -> 2024-07-05 [结荚期根外追肥] -> 2024-07-30 [食心虫绿色防控] -> 2024-08-24 [除草中耕],2024-09-23 14:05,27200.3,怀远县第1深加工基地,"117.191774,32.96354",磁选->破碎压胚->高温压榨->物理过滤->精炼,2024-09-25 18:05,2024-09-25 21:17,WH-CN-417,不锈钢储油罐区,2024-09-26 05:17,2024-10-11 05:17,准低温低氧控制,LOG-CN-68835364916,罐式车,"避光, 控温25℃下",2024-10-11 19:17,2024-10-14 12:42,深圳市,福田区,114.05,22.54,2024-10-17 12:42
CN-AG-202406-10151,大麦,甘肃省,永昌县,101.965293,38.194476,2024-02-22,2024-02-22 [翻耕播种] -> 2024-03-18 [分蘖期施氮] -> 2024-04-12 [化学除草] -> 2024-05-07 [灌浆期监控],2024-06-03 14:07,22374.45,永昌县第3深加工基地,"101.967285,38.234127",杂质清理->脱壳处理->分级磨皮->包装,2024-06-04 18:07,2024-06-05 02:18,WH-CN-635,平房仓,2024-06-05 08:18,2024-06-22 08:18,避光控温控制,LOG-CN-32588293721,散装车,防霉通风,2024-06-22 16:18,2024-06-27 09:18,北京市,丰台区,116.28,39.85,2024-06-28 09:18
CN-AG-202410-10152,玉米,山东省,汶上县,116.502847,35.73041,2024-07-11,2024-07-11 [免耕直播] -> 2024-08-02 [苗期中耕] -> 2024-08-24 [喇叭口期追肥] -> 2024-09-15 [大斑病防治] -> 2024-10-07 [人工授粉辅助],2024-10-24 09:49,20931.92,汶上县第3深加工基地,"116.485988,35.720786",物理清理->脱粒烘干->破碎加工->筛理分级,2024-10-27 14:49,2024-10-27 19:38,WH-CN-156,现代化圆筒仓,2024-10-28 07:38,2024-11-11 07:38,避光控温控制,LOG-CN-33909593867,重型散粮卡车,"通风良好, 严控高温",2024-11-11 22:38,2024-11-16 06:42,成都市,新都区,104.15,30.82,2024-11-18 06:42
CN-AG-202410-10153,玉米,山东省,汶上县,116.429811,35.745348,2024-07-03,2024-07-03 [免耕直播] -> 2024-07-25 [苗期中耕] -> 2024-08-16 [喇叭口期追肥] -> 2024-09-07 [大斑病防治] -> 2024-09-29 [人工授粉辅助],2024-10-25 09:57,18404.28,汶上县第2深加工基地,"116.488417,35.737472",物理清理->脱粒烘干->破碎加工->筛理分级,2024-10-26 12:57,2024-10-26 21:46,WH-CN-283,现代化圆筒仓,2024-10-27 09:46,2024-11-06 09:46,避光控温控制,LOG-CN-17977838176,重型散粮卡车,"通风良好, 严控高温",2024-11-06 18:46,2024-11-08 00:16,北京市,朝阳区,116.48,39.92,2024-11-10 00:16
CN-AG-202409-10154,水稻,湖北省,钟祥市,112.553225,31.117329,2024-04-24,2024-04-24 [播种育秧] -> 2024-05-17 [田间底肥] -> 2024-06-09 [插秧作业] -> 2024-07-02 [分蘖期灌溉] -> 2024-07-25 [除草控虫] -> 2024-08-17 [晒田补肥],2024-09-11 11:26,38392.78,钟祥市第1深加工基地,"112.584965,31.176124",清理去石->砻谷脱壳->糙米碾白->抛光->色选->包装,2024-09-14 13:26,2024-09-14 20:48,WH-CN-998,平房仓(准低温),2024-09-15 05:48,2024-10-02 05:48,准低温低氧控制,LOG-CN-52283293779,散粮车,"防潮, 湿度<14%",2024-10-02 14:48,2024-10-07 21:21,北京市,朝阳区,116.48,39.92,2024-10-08 21:21
CN-AG-202406-10155,小麦,河南省,唐河县,112.795122,32.642143,2023-10-16,2023-10-16 [深耕整地] -> 2023-11-23 [秋播种子处理] -> 2023-12-31 [越冬水灌溉] -> 2024-02-07 [拔节期追肥] -> 2024-03-16 [条锈病防治] -> 2024-04-23 [干热风防护],2024-06-01 13:12,10269.82,唐河县第4深加工基地,"112.82969,32.677409",磁选除杂->着水润麦->多级研磨->高方筛理->包装,2024-06-04 19:12,2024-06-04 23:46,WH-CN-124,钢板筒仓,2024-06-05 10:46,2024-07-08 10:46,准低温低氧控制,LOG-CN-84015161718,全封闭货车,"干燥, 禁止异味混载",2024-07-09 00:46,2024-07-14 02:36,西安市,雁塔区,108.94,34.21,2024-07-15 02:36
CN-AG-202409-10156,花生,山东省,莒南县,118.81427,35.184191,2024-05-05,2024-05-05 [清棵蹲苗] -> 2024-05-29 [培土迎葑] -> 2024-06-22 [钙镁肥补充] -> 2024-07-16 [下针期控旺] -> 2024-08-09 [地下虫害防治],2024-09-01 14:54,6536.51,莒南县第2深加工基地,"118.834949,35.169251",剥壳分选->烘炒->压榨提取->物理精炼,2024-09-02 17:54,2024-09-03 00:55,WH-CN-965,避光库房,2024-09-03 07:55,2024-10-09 07:55,避光控温控制,LOG-CN-68066923693,厢式货车,避光防潮,2024-10-09 15:55,2024-10-14 11:12,西安市,雁塔区,108.94,34.21,2024-10-15 11:12
CN-AG-202410-10157,玉米,广西壮族自治区,武宣县,109.630292,23.534402,2024-07-10,2024-07-10 [免耕直播] -> 2024-08-01 [苗期中耕] -> 2024-08-23 [喇叭口期追肥] -> 2024-09-14 [大斑病防治] -> 2024-10-06 [人工授粉辅助],2024-10-24 09:37,37411.47,武宣县第4深加工基地,"109.667904,23.594267",物理清理->脱粒烘干->破碎加工->筛理分级,2024-10-26 14:37,2024-10-26 17:45,WH-CN-817,现代化圆筒仓,2024-10-26 21:45,2024-12-02 21:45,避光控温控制,LOG-CN-54350912792,重型散粮卡车,"通风良好, 严控高温",2024-12-03 07:45,2024-12-05 17:39,广州市,天河区,113.33,23.13,2024-12-07 17:39
CN-AG-202408-10158,花生,江苏省,东海县,118.773854,34.541401,2024-04-01,2024-04-01 [清棵蹲苗] -> 2024-04-25 [培土迎葑] -> 2024-05-19 [钙镁肥补充] -> 2024-06-12 [下针期控旺] -> 2024-07-06 [地下虫害防治],2024-08-03 11:08,38762.22,东海县第2深加工基地,"118.768948,34.532143",剥壳分选->烘炒->压榨提取->物理精炼,2024-08-04 14:08,2024-08-04 17:32,WH-CN-562,避光库房,2024-08-04 23:32,2024-09-11 23:32,避光控温控制,LOG-CN-71453713700,厢式货车,避光防潮,2024-09-12 11:32,2024-09-14 03:06,西安市,未央区,108.94,34.29,2024-09-16 03:06
CN-AG-202405-10159,油菜籽,甘肃省,民乐县,100.779096,38.433914,2023-10-05,2023-10-05 [育苗移栽] -> 2023-11-26 [越冬防冻肥] -> 2024-01-17 [薹期水肥调节] -> 2024-03-09 [菌核病无人机防治],2024-05-06 12:52,6713.27,民乐县第3深加工基地,"100.807546,38.425385",多级筛选->炒籽->螺旋压榨->精制过滤,2024-05-07 15:52,2024-05-08 01:29,WH-CN-366,恒温罐区,2024-05-08 10:29,2024-05-27 10:29,避光控温控制,LOG-CN-10746756255,罐式车,"避光, 防氧化",2024-05-27 19:29,2024-05-30 16:54,上海市,宝山区,121.48,31.4,2024-06-02 16:54
CN-AG-202409-10160,玉米,河北省,宁晋县,114.898649,37.562409,2024-05-20,2024-05-20 [免耕直播] -> 2024-06-11 [苗期中耕] -> 2024-07-03 [喇叭口期追肥] -> 2024-07-25 [大斑病防治] -> 2024-08-16 [人工授粉辅助],2024-09-04 15:06,7941.38,宁晋县第5深加工基地,"114.91655,37.614229",物理清理->脱粒烘干->破碎加工->筛理分级,2024-09-05 17:06,2024-09-05 20:07,WH-CN-365,现代化圆筒仓,2024-09-06 03:07,2024-09-24 03:07,避光控温控制,LOG-CN-10322067505,重型散粮卡车,"通风良好, 严控高温",2024-09-24 14:07,2024-09-29 05:47,深圳市,南山区,113.93,22.54,2024-10-02 05:47
CN-AG-202410-10161,玉米,吉林省,公主岭市,124.866863,43.474371,2024-07-08,2024-07-08 [免耕直播] -> 2024-07-30 [苗期中耕] -> 2024-08-21 [喇叭口期追肥] -> 2024-09-12 [大斑病防治] -> 2024-10-04 [人工授粉辅助],2024-10-26 10:05,28912.45,公主岭市第2深加工基地,"124.823582,43.521872",物理清理->脱粒烘干->破碎加工->筛理分级,2024-10-27 12:05,2024-10-27 18:31,WH-CN-462,现代化圆筒仓,2024-10-27 22:31,2024-11-16 22:31,避光控温控制,LOG-CN-45163546282,重型散粮卡车,"通风良好, 严控高温",2024-11-17 10:31,2024-11-21 01:32,南京市,南京浦口区,118.62,32.05,2024-11-23 01:32
CN-AG-202410-10162,棉花,甘肃省,瓜州县,95.769813,40.544701,2024-04-01,2024-04-01 [覆膜播种] -> 2024-05-07 [人工打顶] -> 2024-06-12 [叶面喷施补硼] -> 2024-07-18 [枯萎病监测] -> 2024-08-23 [喷施脱叶剂],2024-10-02 17:39,19673.22,瓜州县第5深加工基地,"95.770742,40.501738",皮棉清理->锯齿轧花->纤维分级->压力打包,2024-10-04 21:39,2024-10-05 04:24,WH-CN-355,专业纤维库,2024-10-05 14:24,2024-11-19 14:24,避光控温控制,LOG-CN-86459729700,高栏平板车,"严禁烟火, 防静电, 干燥",2024-11-19 21:24,2024-11-22 08:48,西安市,雁塔区,108.94,34.21,2024-11-23 08:48
CN-AG-202409-10163,大豆,黑龙江省,富锦市,132.059453,47.260421,2024-05-12,2024-05-12 [拌种包衣] -> 2024-06-06 [等距点播] -> 2024-07-01 [结荚期根外追肥] -> 2024-07-26 [食心虫绿色防控] -> 2024-08-20 [除草中耕],2024-09-16 16:50,6025.62,富锦市第3深加工基地,"132.022552,47.248633",磁选->破碎压胚->高温压榨->物理过滤->精炼,2024-09-19 22:50,2024-09-20 05:37,WH-CN-159,不锈钢储油罐区,2024-09-20 14:37,2024-10-24 14:37,准低温低氧控制,LOG-CN-80745345752,罐式车,"避光, 控温25℃下",2024-10-24 20:37,2024-10-27 13:15,成都市,武侯区,104.04,30.64,2024-10-28 13:15
CN-AG-202408-10164,花生,山东省,莒南县,118.81357,35.144053,2024-04-08,2024-04-08 [清棵蹲苗] -> 2024-05-02 [培土迎葑] -> 2024-05-26 [钙镁肥补充] -> 2024-06-19 [下针期控旺] -> 2024-07-13 [地下虫害防治],2024-08-04 11:42,16130.15,莒南县第3深加工基地,"118.831416,35.172918",剥壳分选->烘炒->压榨提取->物理精炼,2024-08-07 17:42,2024-08-08 03:09,WH-CN-705,避光库房,2024-08-08 07:09,2024-09-01 07:09,避光控温控制,LOG-CN-60253526009,厢式货车,避光防潮,2024-09-01 15:09,2024-09-03 13:24,南京市,江宁区,118.83,31.95,2024-09-06 13:24
CN-AG-202409-10165,水稻,湖南省,安乡县,112.228382,29.392732,2024-05-11,2024-05-11 [播种育秧] -> 2024-06-03 [田间底肥] -> 2024-06-26 [插秧作业] -> 2024-07-19 [分蘖期灌溉] -> 2024-08-11 [除草控虫] -> 2024-09-03 [晒田补肥],2024-09-27 15:34,5023.92,安乡县第5深加工基地,"112.164745,29.412115",清理去石->砻谷脱壳->糙米碾白->抛光->色选->包装,2024-09-29 20:34,2024-09-29 23:23,WH-CN-306,平房仓(准低温),2024-09-30 04:23,2024-10-13 04:23,准低温低氧控制,LOG-CN-30643525874,散粮车,"防潮, 湿度<14%",2024-10-13 13:23,2024-10-14 15:56,深圳市,宝安区,113.88,22.55,2024-10-16 15:56
CN-AG-202406-10166,小麦,山东省,平度市,119.908343,36.732214,2023-10-12,2023-10-12 [深耕整地] -> 2023-11-19 [秋播种子处理] -> 2023-12-27 [越冬水灌溉] -> 2024-02-03 [拔节期追肥] -> 2024-03-12 [条锈病防治] -> 2024-04-19 [干热风防护],2024-06-02 08:09,15561.78,平度市第2深加工基地,"119.943214,36.774919",磁选除杂->着水润麦->多级研磨->高方筛理->包装,2024-06-04 10:09,2024-06-04 19:52,WH-CN-261,钢板筒仓,2024-06-05 07:52,2024-07-08 07:52,准低温低氧控制,LOG-CN-97991854069,全封闭货车,"干燥, 禁止异味混载",2024-07-08 19:52,2024-07-12 22:58,上海市,闵行区,121.38,31.11,2024-07-14 22:58
CN-AG-202406-10167,小麦,河南省,唐河县,112.804211,32.642388,2023-10-25,2023-10-25 [深耕整地] -> 2023-12-02 [秋播种子处理] -> 2024-01-09 [越冬水灌溉] -> 2024-02-16 [拔节期追肥] -> 2024-03-25 [条锈病防治] -> 2024-05-02 [干热风防护],2024-06-08 17:52,34776.49,唐河县第5深加工基地,"112.837935,32.673467",磁选除杂->着水润麦->多级研磨->高方筛理->包装,2024-06-12 21:52,2024-06-13 06:37,WH-CN-133,钢板筒仓,2024-06-13 14:37,2024-07-01 14:37,准低温低氧控制,LOG-CN-92386413823,全封闭货车,"干燥, 禁止异味混载",2024-07-01 20:37,2024-07-06 14:13,广州市,番禺区,113.38,22.93,2024-07-08 14:13
CN-AG-202406-10168,小麦,河南省,唐河县,112.832941,32.629628,2023-11-03,2023-11-03 [深耕整地] -> 2023-12-11 [秋播种子处理] -> 2024-01-18 [越冬水灌溉] -> 2024-02-25 [拔节期追肥] -> 2024-04-03 [条锈病防治] -> 2024-05-11 [干热风防护],2024-06-16 10:21,12338.95,唐河县第1深加工基地,"112.839648,32.678208",磁选除杂->着水润麦->多级研磨->高方筛理->包装,2024-06-18 14:21,2024-06-18 19:34,WH-CN-458,钢板筒仓,2024-06-19 01:34,2024-08-08 01:34,准低温低氧控制,LOG-CN-14300469833,全封闭货车,"干燥, 禁止异味混载",2024-08-08 12:34,2024-08-11 21:34,上海市,宝山区,121.48,31.4,2024-08-13 21:34
CN-AG-202410-10169,玉米,河北省,藁城区,114.827743,37.983445,2024-06-17,2024-06-17 [免耕直播] -> 2024-07-09 [苗期中耕] -> 2024-07-31 [喇叭口期追肥] -> 2024-08-22 [大斑病防治] -> 2024-09-13 [人工授粉辅助],2024-10-06 14:31,15321.8,藁城区第3深加工基地,"114.84731,38.039389",物理清理->脱粒烘干->破碎加工->筛理分级,2024-10-09 20:31,2024-10-10 02:13,WH-CN-367,现代化圆筒仓,2024-10-10 07:13,2024-11-19 07:13,避光控温控制,LOG-CN-26972259616,重型散粮卡车,"通风良好, 严控高温",2024-11-19 20:13,2024-11-21 06:04,深圳市,福田区,114.05,22.54,2024-11-22 06:04
CN-AG-202409-10170,大豆,吉林省,公主岭市,124.790948,43.558049,2024-05-15,2024-05-15 [拌种包衣] -> 2024-06-09 [等距点播] -> 2024-07-04 [结荚期根外追肥] -> 2024-07-29 [食心虫绿色防控] -> 2024-08-23 [除草中耕],2024-09-13 10:46,10498.63,公主岭市第1深加工基地,"124.823373,43.513418",磁选->破碎压胚->高温压榨->物理过滤->精炼,2024-09-14 14:46,2024-09-14 22:20,WH-CN-439,不锈钢储油罐区,2024-09-15 09:20,2024-09-26 09:20,准低温低氧控制,LOG-CN-66650551016,罐式车,"避光, 控温25℃下",2024-09-26 17:20,2024-09-30 23:16,南京市,南京浦口区,118.62,32.05,2024-10-02 23:16
CN-AG-202410-10171,玉米,广西壮族自治区,武宣县,109.666812,23.641525,2024-06-27,2024-06-27 [免耕直播] -> 2024-07-19 [苗期中耕] -> 2024-08-10 [喇叭口期追肥] -> 2024-09-01 [大斑病防治] -> 2024-09-23 [人工授粉辅助],2024-10-10 11:06,33836.41,武宣县第5深加工基地,"109.6556,23.591432",物理清理->脱粒烘干->破碎加工->筛理分级,2024-10-14 17:06,2024-10-15 00:17,WH-CN-591,现代化圆筒仓,2024-10-15 11:17,2024-11-03 11:17,避光控温控制,LOG-CN-23742498652,重型散粮卡车,"通风良好, 严控高温",2024-11-03 17:17,2024-11-06 23:22,北京市,海淀区,116.3,39.96,2024-11-08 23:22
CN-AG-202409-10172,玉米,黑龙江省,富锦市,131.992445,47.282339,2024-06-01,2024-06-01 [免耕直播] -> 2024-06-23 [苗期中耕] -> 2024-07-15 [喇叭口期追肥] -> 2024-08-06 [大斑病防治] -> 2024-08-28 [人工授粉辅助],2024-09-21 12:05,18563.45,富锦市第3深加工基地,"132.028509,47.246474",物理清理->脱粒烘干->破碎加工->筛理分级,2024-09-22 16:05,2024-09-23 01:16,WH-CN-490,现代化圆筒仓,2024-09-23 11:16,2024-11-02 11:16,避光控温控制,LOG-CN-33061404561,重型散粮卡车,"通风良好, 严控高温",2024-11-02 21:16,2024-11-04 08:57,西安市,长安区,108.87,34.15,2024-11-07 08:57
CN-AG-202410-10173,水稻,江苏省,东海县,118.739089,34.540913,2024-05-30,2024-05-30 [播种育秧] -> 2024-06-22 [田间底肥] -> 2024-07-15 [插秧作业] -> 2024-08-07 [分蘖期灌溉] -> 2024-08-30 [除草控虫] -> 2024-09-22 [晒田补肥],2024-10-15 15:16,38974.69,东海县第5深加工基地,"118.772212,34.532297",清理去石->砻谷脱壳->糙米碾白->抛光->色选->包装,2024-10-18 21:16,2024-10-19 00:17,WH-CN-332,平房仓(准低温),2024-10-19 06:17,2024-11-04 06:17,准低温低氧控制,LOG-CN-16672669407,散粮车,"防潮, 湿度<14%",2024-11-04 17:17,2024-11-10 00:51,上海市,宝山区,121.48,31.4,2024-11-12 00:51
CN-AG-202410-10174,玉米,河北省,藁城区,114.849749,38.004636,2024-07-02,2024-07-02 [免耕直播] -> 2024-07-24 [苗期中耕] -> 2024-08-15 [喇叭口期追肥] -> 2024-09-06 [大斑病防治] -> 2024-09-28 [人工授粉辅助],2024-10-19 11:30,33296.13,藁城区第2深加工基地,"114.839623,38.023087",物理清理->脱粒烘干->破碎加工->筛理分级,2024-10-20 16:30,2024-10-21 02:17,WH-CN-143,现代化圆筒仓,2024-10-21 06:17,2024-12-02 06:17,避光控温控制,LOG-CN-20408315948,重型散粮卡车,"通风良好, 严控高温",2024-12-02 19:17,2024-12-04 17:27,广州市,天河区,113.33,23.13,2024-12-05 17:27
CN-AG-202409-10175,水稻,广西壮族自治区,桂平市,110.026219,23.393911,2024-05-06,2024-05-06 [播种育秧] -> 2024-05-29 [田间底肥] -> 2024-06-21 [插秧作业] -> 2024-07-14 [分蘖期灌溉] -> 2024-08-06 [除草控虫] -> 2024-08-29 [晒田补肥],2024-09-27 10:53,23189.09,桂平市第1深加工基地,"110.072688,23.386732",清理去石->砻谷脱壳->糙米碾白->抛光->色选->包装,2024-09-30 14:53,2024-09-30 23:35,WH-CN-905,平房仓(准低温),2024-10-01 04:35,2024-10-16 04:35,准低温低氧控制,LOG-CN-94612625770,散粮车,"防潮, 湿度<14%",2024-10-16 16:35,2024-10-20 14:55,南京市,南京浦口区,118.62,32.05,2024-10-22 14:55
CN-AG-202409-10176,水稻,湖南省,南县,112.458795,29.307605,2024-04-23,2024-04-23 [播种育秧] -> 2024-05-16 [田间底肥] -> 2024-06-08 [插秧作业] -> 2024-07-01 [分蘖期灌溉] -> 2024-07-24 [除草控虫] -> 2024-08-16 [晒田补肥],2024-09-14 10:09,25020.81,南县第4深加工基地,"112.406197,29.356447",清理去石->砻谷脱壳->糙米碾白->抛光->色选->包装,2024-09-15 12:09,2024-09-15 19:27,WH-CN-138,平房仓(准低温),2024-09-16 00:27,2024-10-14 00:27,准低温低氧控制,LOG-CN-45099330564,散粮车,"防潮, 湿度<14%",2024-10-14 10:27,2024-10-17 12:08,武汉市,江岸区,114.3,30.59,2024-10-19 12:08
CN-AG-202406-10177,小麦,河北省,宁晋县,114.94178,37.590557,2023-10-16,2023-10-16 [深耕整地] -> 2023-11-23 [秋播种子处理] -> 2023-12-31 [越冬水灌溉] -> 2024-02-07 [拔节期追肥] -> 2024-03-16 [条锈病防治] -> 2024-04-23 [干热风防护],2024-06-02 14:56,15883.23,宁晋县第4深加工基地,"114.921913,37.625205",磁选除杂->着水润麦->多级研磨->高方筛理->包装,2024-06-04 16:56,2024-06-05 01:47,WH-CN-978,钢板筒仓,2024-06-05 12:47,2024-07-02 12:47,准低温低氧控制,LOG-CN-43796668274,全封闭货车,"干燥, 禁止异味混载",2024-07-02 23:47,2024-07-08 08:37,武汉市,洪山区,114.34,30.5,2024-07-10 08:37
CN-AG-202410-10178,玉米,辽宁省,黑山县,122.109421,41.686589,2024-07-06,2024-07-06 [免耕直播] -> 2024-07-28 [苗期中耕] -> 2024-08-19 [喇叭口期追肥] -> 2024-09-10 [大斑病防治] -> 2024-10-02 [人工授粉辅助],2024-10-25 13:17,32702.16,黑山县第1深加工基地,"122.128591,41.686977",物理清理->脱粒烘干->破碎加工->筛理分级,2024-10-26 16:17,2024-10-26 22:33,WH-CN-418,现代化圆筒仓,2024-10-27 05:33,2024-12-02 05:33,避光控温控制,LOG-CN-81767054108,重型散粮卡车,"通风良好, 严控高温",2024-12-02 16:33,2024-12-08 01:36,西安市,长安区,108.87,34.15,2024-12-11 01:36
CN-AG-202406-10179,小麦,河北省,宁晋县,114.975803,37.659674,2023-10-22,2023-10-22 [深耕整地] -> 2023-11-29 [秋播种子处理] -> 2024-01-06 [越冬水灌溉] -> 2024-02-13 [拔节期追肥] -> 2024-03-22 [条锈病防治] -> 2024-04-29 [干热风防护],2024-06-06 11:56,22679.42,宁晋县第1深加工基地,"114.924617,37.612486",磁选除杂->着水润麦->多级研磨->高方筛理->包装,2024-06-07 14:56,2024-06-07 17:42,WH-CN-797,钢板筒仓,2024-06-08 04:42,2024-06-21 04:42,准低温低氧控制,LOG-CN-40196038989,全封闭货车,"干燥, 禁止异味混载",2024-06-21 13:42,2024-06-24 01:05,武汉市,东西湖区,114.13,30.62,2024-06-26 01:05
CN-AG-202406-10180,小麦,山东省,汶上县,116.441748,35.782601,2023-10-17,2023-10-17 [深耕整地] -> 2023-11-24 [秋播种子处理] -> 2024-01-01 [越冬水灌溉] -> 2024-02-08 [拔节期追肥] -> 2024-03-17 [条锈病防治] -> 2024-04-24 [干热风防护],2024-06-06 15:37,32294.05,汶上县第2深加工基地,"116.484822,35.72133",磁选除杂->着水润麦->多级研磨->高方筛理->包装,2024-06-09 19:37,2024-06-09 23:30,WH-CN-977,钢板筒仓,2024-06-10 07:30,2024-06-25 07:30,准低温低氧控制,LOG-CN-96850041567,全封闭货车,"干燥, 禁止异味混载",2024-06-25 19:30,2024-06-27 01:40,成都市,武侯区,104.04,30.64,2024-06-30 01:40
CN-AG-202410-10181,玉米,内蒙古自治区,突泉县,121.611019,46.338937,2024-07-08,2024-07-08 [免耕直播] -> 2024-07-30 [苗期中耕] -> 2024-08-21 [喇叭口期追肥] -> 2024-09-12 [大斑病防治] -> 2024-10-04 [人工授粉辅助],2024-10-21 14:32,29945.92,突泉县第3深加工基地,"121.575905,46.322795",物理清理->脱粒烘干->破碎加工->筛理分级,2024-10-22 19:32,2024-10-22 23:09,WH-CN-533,现代化圆筒仓,2024-10-23 05:09,2024-12-10 05:09,避光控温控制,LOG-CN-65385677644,重型散粮卡车,"通风良好, 严控高温",2024-12-10 15:09,2024-12-14 21:00,北京市,朝阳区,116.48,39.92,2024-12-16 21:00
CN-AG-202409-10182,大豆,山东省,莒南县,118.789639,35.134195,2024-04-30,2024-04-30 [拌种包衣] -> 2024-05-25 [等距点播] -> 2024-06-19 [结荚期根外追肥] -> 2024-07-14 [食心虫绿色防控] -> 2024-08-08 [除草中耕],2024-09-07 15:19,28954.46,莒南县第4深加工基地,"118.836291,35.163285",磁选->破碎压胚->高温压榨->物理过滤->精炼,2024-09-11 21:19,2024-09-12 00:41,WH-CN-165,不锈钢储油罐区,2024-09-12 04:41,2024-10-24 04:41,准低温低氧控制,LOG-CN-97086832438,罐式车,"避光, 控温25℃下",2024-10-24 19:41,2024-10-29 00:59,武汉市,东西湖区,114.13,30.62,2024-10-31 00:59
CN-AG-202409-10183,花生,河南省,唐河县,112.832768,32.699824,2024-05-27,2024-05-27 [清棵蹲苗] -> 2024-06-20 [培土迎葑] -> 2024-07-14 [钙镁肥补充] -> 2024-08-07 [下针期控旺] -> 2024-08-31 [地下虫害防治],2024-09-21 12:12,14079.92,唐河县第4深加工基地,"112.837544,32.677177",剥壳分选->烘炒->压榨提取->物理精炼,2024-09-23 14:12,2024-09-23 23:34,WH-CN-514,避光库房,2024-09-24 09:34,2024-10-24 09:34,避光控温控制,LOG-CN-87461105299,厢式货车,避光防潮,2024-10-24 15:34,2024-10-29 03:05,广州市,番禺区,113.38,22.93,2024-10-31 03:05
CN-AG-202410-10184,水稻,湖南省,安乡县,112.207992,29.397093,2024-06-03,2024-06-03 [播种育秧] -> 2024-06-26 [田间底肥] -> 2024-07-19 [插秧作业] -> 2024-08-11 [分蘖期灌溉] -> 2024-09-03 [除草控虫] -> 2024-09-26 [晒田补肥],2024-10-24 11:43,14052.81,安乡县第5深加工基地,"112.167539,29.408783",清理去石->砻谷脱壳->糙米碾白->抛光->色选->包装,2024-10-28 15:43,2024-10-28 22:32,WH-CN-881,平房仓(准低温),2024-10-29 06:32,2024-11-18 06:32,准低温低氧控制,LOG-CN-35394530005,散粮车,"防潮, 湿度<14%",2024-11-18 13:32,2024-11-22 01:40,广州市,白云区,113.27,23.15,2024-11-25 01:40
CN-AG-202409-10185,水稻,广西壮族自治区,桂平市,110.056165,23.385522,2024-04-22,2024-04-22 [播种育秧] -> 2024-05-15 [田间底肥] -> 2024-06-07 [插秧作业] -> 2024-06-30 [分蘖期灌溉] -> 2024-07-23 [除草控虫] -> 2024-08-15 [晒田补肥],2024-09-08 13:14,25425.11,桂平市第5深加工基地,"110.080054,23.394952",清理去石->砻谷脱壳->糙米碾白->抛光->色选->包装,2024-09-12 17:14,2024-09-12 22:54,WH-CN-172,平房仓(准低温),2024-09-13 06:54,2024-10-30 06:54,准低温低氧控制,LOG-CN-79555036014,散粮车,"防潮, 湿度<14%",2024-10-30 13:54,2024-11-03 01:57,成都市,龙泉驿区,104.27,30.55,2024-11-06 01:57
CN-AG-202410-10186,水稻,辽宁省,盘山县,122.087949,41.207866,2024-05-30,2024-05-30 [播种育秧] -> 2024-06-22 [田间底肥] -> 2024-07-15 [插秧作业] -> 2024-08-07 [分蘖期灌溉] -> 2024-08-30 [除草控虫] -> 2024-09-22 [晒田补肥],2024-10-14 08:55,22065.33,盘山县第2深加工基地,"122.040871,41.237678",清理去石->砻谷脱壳->糙米碾白->抛光->色选->包装,2024-10-16 11:55,2024-10-16 17:20,WH-CN-420,平房仓(准低温),2024-10-17 03:20,2024-12-02 03:20,准低温低氧控制,LOG-CN-17020119643,散粮车,"防潮, 湿度<14%",2024-12-02 14:20,2024-12-07 09:31,西安市,雁塔区,108.94,34.21,2024-12-08 09:31
CN-AG-202409-10187,大豆,黑龙江省,五常市,127.164909,44.978777,2024-05-08,2024-05-08 [拌种包衣] -> 2024-06-02 [等距点播] -> 2024-06-27 [结荚期根外追肥] -> 2024-07-22 [食心虫绿色防控] -> 2024-08-16 [除草中耕],2024-09-07 10:36,6320.39,五常市第2深加工基地,"127.158797,44.922338",磁选->破碎压胚->高温压榨->物理过滤->精炼,2024-09-11 12:36,2024-09-11 16:12,WH-CN-848,不锈钢储油罐区,2024-09-12 02:12,2024-11-01 02:12,准低温低氧控制,LOG-CN-82298166600,罐式车,"避光, 控温25℃下",2024-11-01 14:12,2024-11-05 03:36,南京市,江宁区,118.83,31.95,2024-11-06 03:36
CN-AG-202409-10188,大豆,内蒙古自治区,阿荣旗,123.490189,48.135325,2024-05-19,2024-05-19 [拌种包衣] -> 2024-06-13 [等距点播] -> 2024-07-08 [结荚期根外追肥] -> 2024-08-02 [食心虫绿色防控] -> 2024-08-27 [除草中耕],2024-09-21 11:14,38196.22,阿荣旗第4深加工基地,"123.515881,48.112785",磁选->破碎压胚->高温压榨->物理过滤->精炼,2024-09-24 14:14,2024-09-24 17:36,WH-CN-845,不锈钢储油罐区,2024-09-25 03:36,2024-11-06 03:36,准低温低氧控制,LOG-CN-93839000335,罐式车,"避光, 控温25℃下",2024-11-06 10:36,2024-11-11 19:38,成都市,武侯区,104.04,30.64,2024-11-13 19:38
CN-AG-202405-10189,油菜籽,湖北省,监利市,112.904015,29.844409,2023-10-23,2023-10-23 [育苗移栽] -> 2023-12-14 [越冬防冻肥] -> 2024-02-04 [薹期水肥调节] -> 2024-03-27 [菌核病无人机防治],2024-05-22 10:21,25639.25,监利市第2深加工基地,"112.905772,29.837878",多级筛选->炒籽->螺旋压榨->精制过滤,2024-05-25 13:21,2024-05-25 17:15,WH-CN-226,恒温罐区,2024-05-26 03:15,2024-06-06 03:15,避光控温控制,LOG-CN-61700082247,罐式车,"避光, 防氧化",2024-06-06 11:15,2024-06-08 15:01,深圳市,福田区,114.05,22.54,2024-06-09 15:01
CN-AG-202405-10190,油菜籽,四川省,安岳县,105.307407,30.058201,2023-10-27,2023-10-27 [育苗移栽] -> 2023-12-18 [越冬防冻肥] -> 2024-02-08 [薹期水肥调节] -> 2024-03-31 [菌核病无人机防治],2024-05-20 08:42,29565.39,安岳县第2深加工基地,"105.334879,30.09497",多级筛选->炒籽->螺旋压榨->精制过滤,2024-05-21 10:42,2024-05-21 19:05,WH-CN-811,恒温罐区,2024-05-22 00:05,2024-06-27 00:05,避光控温控制,LOG-CN-98844576904,罐式车,"避光, 防氧化",2024-06-27 07:05,2024-07-01 05:21,西安市,未央区,108.94,34.29,2024-07-03 05:21
CN-AG-202409-10191,大豆,黑龙江省,五常市,127.158387,44.874024,2024-05-17,2024-05-17 [拌种包衣] -> 2024-06-11 [等距点播] -> 2024-07-06 [结荚期根外追肥] -> 2024-07-31 [食心虫绿色防控] -> 2024-08-25 [除草中耕],2024-09-22 09:42,32466.6,五常市第4深加工基地,"127.157535,44.935249",磁选->破碎压胚->高温压榨->物理过滤->精炼,2024-09-25 15:42,2024-09-25 23:22,WH-CN-303,不锈钢储油罐区,2024-09-26 05:22,2024-11-01 05:22,准低温低氧控制,LOG-CN-38385446636,罐式车,"避光, 控温25℃下",2024-11-01 20:22,2024-11-03 11:40,上海市,宝山区,121.48,31.4,2024-11-04 11:40
CN-AG-202405-10192,油菜籽,甘肃省,民乐县,100.848551,38.41105,2023-10-29,2023-10-29 [育苗移栽] -> 2023-12-20 [越冬防冻肥] -> 2024-02-10 [薹期水肥调节] -> 2024-04-02 [菌核病无人机防治],2024-05-23 14:18,36740.8,民乐县第5深加工基地,"100.816929,38.422213",多级筛选->炒籽->螺旋压榨->精制过滤,2024-05-24 20:18,2024-05-25 03:02,WH-CN-785,恒温罐区,2024-05-25 10:02,2024-07-04 10:02,避光控温控制,LOG-CN-29302029849,罐式车,"避光, 防氧化",2024-07-04 16:02,2024-07-05 17:44,武汉市,洪山区,114.34,30.5,2024-07-06 17:44
CN-AG-202409-10193,水稻,吉林省,前郭县,124.797674,45.065299,2024-04-23,2024-04-23 [播种育秧] -> 2024-05-16 [田间底肥] -> 2024-06-08 [插秧作业] -> 2024-07-01 [分蘖期灌溉] -> 2024-07-24 [除草控虫] -> 2024-08-16 [晒田补肥],2024-09-09 11:29,19909.83,前郭县第1深加工基地,"124.802998,45.115946",清理去石->砻谷脱壳->糙米碾白->抛光->色选->包装,2024-09-12 16:29,2024-09-12 19:24,WH-CN-197,平房仓(准低温),2024-09-13 00:24,2024-10-04 00:24,准低温低氧控制,LOG-CN-18118742399,散粮车,"防潮, 湿度<14%",2024-10-04 11:24,2024-10-09 18:07,北京市,海淀区,116.3,39.96,2024-10-11 18:07
CN-AG-202409-10194,水稻,黑龙江省,五常市,127.17667,44.89751,2024-04-22,2024-04-22 [播种育秧] -> 2024-05-15 [田间底肥] -> 2024-06-07 [插秧作业] -> 2024-06-30 [分蘖期灌溉] -> 2024-07-23 [除草控虫] -> 2024-08-15 [晒田补肥],2024-09-11 13:57,29146.59,五常市第4深加工基地,"127.152823,44.934401",清理去石->砻谷脱壳->糙米碾白->抛光->色选->包装,2024-09-14 15:57,2024-09-14 21:37,WH-CN-919,平房仓(准低温),2024-09-15 06:37,2024-10-06 06:37,准低温低氧控制,LOG-CN-97710704655,散粮车,"防潮, 湿度<14%",2024-10-06 18:37,2024-10-10 04:54,上海市,闵行区,121.38,31.11,2024-10-12 04:54
CN-AG-202410-10195,棉花,新疆维吾尔自治区,玛纳斯县,86.215127,44.323274,2024-04-29,2024-04-29 [覆膜播种] -> 2024-06-04 [人工打顶] -> 2024-07-10 [叶面喷施补硼] -> 2024-08-15 [枯萎病监测] -> 2024-09-20 [喷施脱叶剂],2024-10-23 08:54,26397.54,玛纳斯县第2深加工基地,"86.206914,44.295036",皮棉清理->锯齿轧花->纤维分级->压力打包,2024-10-24 13:54,2024-10-24 21:26,WH-CN-594,专业纤维库,2024-10-25 08:26,2024-12-10 08:26,避光控温控制,LOG-CN-78377588683,高栏平板车,"严禁烟火, 防静电, 干燥",2024-12-10 23:26,2024-12-14 00:15,西安市,雁塔区,108.94,34.21,2024-12-16 00:15
CN-AG-202410-10196,水稻,辽宁省,盘山县,122.089014,41.201792,2024-05-10,2024-05-10 [播种育秧] -> 2024-06-02 [田间底肥] -> 2024-06-25 [插秧作业] -> 2024-07-18 [分蘖期灌溉] -> 2024-08-10 [除草控虫] -> 2024-09-02 [晒田补肥],2024-10-02 09:16,29520.31,盘山县第1深加工基地,"122.038017,41.241668",清理去石->砻谷脱壳->糙米碾白->抛光->色选->包装,2024-10-05 11:16,2024-10-05 19:46,WH-CN-543,平房仓(准低温),2024-10-06 07:46,2024-11-21 07:46,准低温低氧控制,LOG-CN-75492139488,散粮车,"防潮, 湿度<14%",2024-11-21 18:46,2024-11-25 13:19,深圳市,宝安区,113.88,22.55,2024-11-28 13:19
CN-AG-202409-10197,大豆,山东省,莒南县,118.883674,35.165441,2024-05-21,2024-05-21 [拌种包衣] -> 2024-06-15 [等距点播] -> 2024-07-10 [结荚期根外追肥] -> 2024-08-04 [食心虫绿色防控] -> 2024-08-29 [除草中耕],2024-09-27 16:57,16222.18,莒南县第3深加工基地,"118.831725,35.163067",磁选->破碎压胚->高温压榨->物理过滤->精炼,2024-09-28 18:57,2024-09-29 02:56,WH-CN-384,不锈钢储油罐区,2024-09-29 08:56,2024-11-10 08:56,准低温低氧控制,LOG-CN-78935731400,罐式车,"避光, 控温25℃下",2024-11-10 16:56,2024-11-12 02:44,西安市,未央区,108.94,34.29,2024-11-14 02:44
CN-AG-202409-10198,大豆,内蒙古自治区,突泉县,121.583375,46.330707,2024-05-23,2024-05-23 [拌种包衣] -> 2024-06-17 [等距点播] -> 2024-07-12 [结荚期根外追肥] -> 2024-08-06 [食心虫绿色防控] -> 2024-08-31 [除草中耕],2024-09-27 11:05,5621.92,突泉县第4深加工基地,"121.577442,46.320362",磁选->破碎压胚->高温压榨->物理过滤->精炼,2024-10-01 17:05,2024-10-01 23:24,WH-CN-522,不锈钢储油罐区,2024-10-02 04:24,2024-11-12 04:24,准低温低氧控制,LOG-CN-83168340993,罐式车,"避光, 控温25℃下",2024-11-12 11:24,2024-11-16 03:11,西安市,未央区,108.94,34.29,2024-11-19 03:11
CN-AG-202405-10199,油菜籽,湖北省,钟祥市,112.587816,31.221854,2023-10-24,2023-10-24 [育苗移栽] -> 2023-12-15 [越冬防冻肥] -> 2024-02-05 [薹期水肥调节] -> 2024-03-28 [菌核病无人机防治],2024-05-26 17:39,16619.04,钟祥市第5深加工基地,"112.58845,31.173933",多级筛选->炒籽->螺旋压榨->精制过滤,2024-05-29 23:39,2024-05-30 06:56,WH-CN-714,恒温罐区,2024-05-30 13:56,2024-07-08 13:56,避光控温控制,LOG-CN-60067151915,罐式车,"避光, 防氧化",2024-07-08 19:56,2024-07-14 04:10,武汉市,江岸区,114.3,30.59,2024-07-16 04:10
CN-AG-202409-10200,水稻,江苏省,东海县,118.728305,34.564869,2024-05-08,2024-05-08 [播种育秧] -> 2024-05-31 [田间底肥] -> 2024-06-23 [插秧作业] -> 2024-07-16 [分蘖期灌溉] -> 2024-08-08 [除草控虫] -> 2024-08-31 [晒田补肥],2024-09-25 11:00,30987.88,东海县第4深加工基地,"118.772134,34.541526",清理去石->砻谷脱壳->糙米碾白->抛光->色选->包装,2024-09-28 15:00,2024-09-28 22:10,WH-CN-209,平房仓(准低温),2024-09-29 10:10,2024-11-01 10:10,准低温低氧控制,LOG-CN-92696542887,散粮车,"防潮, 湿度<14%",2024-11-01 18:10,2024-11-05 09:18,上海市,浦东新区,121.54,31.22,2024-11-08 09:18
CN-AG-202409-10201,大豆,内蒙古自治区,阿荣旗,123.538373,48.110896,2024-05-24,2024-05-24 [拌种包衣] -> 2024-06-18 [等距点播] -> 2024-07-13 [结荚期根外追肥] -> 2024-08-07 [食心虫绿色防控] -> 2024-09-01 [除草中耕],2024-09-28 14:13,9712.26,阿荣旗第4深加工基地,"123.518511,48.128687",磁选->破碎压胚->高温压榨->物理过滤->精炼,2024-09-30 18:13,2024-09-30 21:38,WH-CN-104,不锈钢储油罐区,2024-10-01 07:38,2024-10-13 07:38,准低温低氧控制,LOG-CN-83223057489,罐式车,"避光, 控温25℃下",2024-10-13 20:38,2024-10-18 09:15,上海市,闵行区,121.38,31.11,2024-10-21 09:15
CN-AG-202406-10202,小麦,江苏省,兴化市,119.803589,32.924101,2023-11-09,2023-11-09 [深耕整地] -> 2023-12-17 [秋播种子处理] -> 2024-01-24 [越冬水灌溉] -> 2024-03-02 [拔节期追肥] -> 2024-04-09 [条锈病防治] -> 2024-05-17 [干热风防护],2024-06-23 17:11,14575.86,兴化市第3深加工基地,"119.856778,32.939697",磁选除杂->着水润麦->多级研磨->高方筛理->包装,2024-06-24 22:11,2024-06-25 06:17,WH-CN-401,钢板筒仓,2024-06-25 15:17,2024-08-06 15:17,准低温低氧控制,LOG-CN-27752696838,全封闭货车,"干燥, 禁止异味混载",2024-08-07 06:17,2024-08-11 23:05,南京市,江宁区,118.83,31.95,2024-08-12 23:05
CN-AG-202406-10203,小麦,河北省,大名县,115.200501,36.23496,2023-11-08,2023-11-08 [深耕整地] -> 2023-12-16 [秋播种子处理] -> 2024-01-23 [越冬水灌溉] -> 2024-03-01 [拔节期追肥] -> 2024-04-08 [条锈病防治] -> 2024-05-16 [干热风防护],2024-06-23 16:40,27290.71,大名县第1深加工基地,"115.150377,36.287398",磁选除杂->着水润麦->多级研磨->高方筛理->包装,2024-06-25 19:40,2024-06-26 03:29,WH-CN-879,钢板筒仓,2024-06-26 11:29,2024-07-28 11:29,准低温低氧控制,LOG-CN-84527293884,全封闭货车,"干燥, 禁止异味混载",2024-07-28 19:29,2024-08-01 12:03,广州市,番禺区,113.38,22.93,2024-08-04 12:03
CN-AG-202406-10204,小麦,安徽省,寿县,116.76788,32.580953,2023-11-16,2023-11-16 [深耕整地] -> 2023-12-24 [秋播种子处理] -> 2024-01-31 [越冬水灌溉] -> 2024-03-09 [拔节期追肥] -> 2024-04-16 [条锈病防治] -> 2024-05-24 [干热风防护],2024-06-28 14:51,39423.63,寿县第3深加工基地,"116.776704,32.561095",磁选除杂->着水润麦->多级研磨->高方筛理->包装,2024-06-29 16:51,2024-06-29 22:36,WH-CN-249,钢板筒仓,2024-06-30 04:36,2024-07-13 04:36,准低温低氧控制,LOG-CN-17900084736,全封闭货车,"干燥, 禁止异味混载",2024-07-13 14:36,2024-07-18 15:26,北京市,朝阳区,116.48,39.92,2024-07-19 15:26
CN-AG-202409-10205,玉米,广西壮族自治区,武宣县,109.600556,23.626342,2024-06-07,2024-06-07 [免耕直播] -> 2024-06-29 [苗期中耕] -> 2024-07-21 [喇叭口期追肥] -> 2024-08-12 [大斑病防治] -> 2024-09-03 [人工授粉辅助],2024-09-25 16:02,15067.35,武宣县第1深加工基地,"109.657963,23.58667",物理清理->脱粒烘干->破碎加工->筛理分级,2024-09-29 18:02,2024-09-30 01:47,WH-CN-490,现代化圆筒仓,2024-09-30 13:47,2024-10-24 13:47,避光控温控制,LOG-CN-67499109397,重型散粮卡车,"通风良好, 严控高温",2024-10-25 03:47,2024-10-30 08:37,南京市,玄武区,118.79,32.06,2024-11-02 08:37
CN-AG-202409-10206,水稻,广西壮族自治区,桂平市,110.130383,23.394487,2024-04-10,2024-04-10 [播种育秧] -> 2024-05-03 [田间底肥] -> 2024-05-26 [插秧作业] -> 2024-06-18 [分蘖期灌溉] -> 2024-07-11 [除草控虫] -> 2024-08-03 [晒田补肥],2024-09-01 12:12,39420.87,桂平市第1深加工基地,"110.076939,23.386927",清理去石->砻谷脱壳->糙米碾白->抛光->色选->包装,2024-09-05 15:12,2024-09-05 23:06,WH-CN-291,平房仓(准低温),2024-09-06 08:06,2024-10-23 08:06,准低温低氧控制,LOG-CN-35608636192,散粮车,"防潮, 湿度<14%",2024-10-23 17:06,2024-10-26 06:34,深圳市,宝安区,113.88,22.55,2024-10-27 06:34
CN-AG-202410-10207,水稻,安徽省,怀远县,117.194266,32.9985,2024-05-12,2024-05-12 [播种育秧] -> 2024-06-04 [田间底肥] -> 2024-06-27 [插秧作业] -> 2024-07-20 [分蘖期灌溉] -> 2024-08-12 [除草控虫] -> 2024-09-04 [晒田补肥],2024-10-02 14:17,25890.81,怀远县第5深加工基地,"117.199049,32.964492",清理去石->砻谷脱壳->糙米碾白->抛光->色选->包装,2024-10-05 17:17,2024-10-05 21:09,WH-CN-963,平房仓(准低温),2024-10-06 05:09,2024-10-16 05:09,准低温低氧控制,LOG-CN-51497502495,散粮车,"防潮, 湿度<14%",2024-10-16 13:09,2024-10-17 18:18,武汉市,江岸区,114.3,30.59,2024-10-19 18:18
CN-AG-202409-10208,玉米,安徽省,蒙城县,116.521166,33.216903,2024-06-10,2024-06-10 [免耕直播] -> 2024-07-02 [苗期中耕] -> 2024-07-24 [喇叭口期追肥] -> 2024-08-15 [大斑病防治] -> 2024-09-06 [人工授粉辅助],2024-09-26 13:33,12741.93,蒙城县第2深加工基地,"116.558379,33.259967",物理清理->脱粒烘干->破碎加工->筛理分级,2024-09-28 19:33,2024-09-28 22:37,WH-CN-779,现代化圆筒仓,2024-09-29 10:37,2024-10-19 10:37,避光控温控制,LOG-CN-54375101806,重型散粮卡车,"通风良好, 严控高温",2024-10-20 00:37,2024-10-23 03:42,南京市,南京浦口区,118.62,32.05,2024-10-25 03:42
CN-AG-202406-10209,小麦,山东省,汶上县,116.463487,35.779782,2023-11-06,2023-11-06 [深耕整地] -> 2023-12-14 [秋播种子处理] -> 2024-01-21 [越冬水灌溉] -> 2024-02-28 [拔节期追肥] -> 2024-04-06 [条锈病防治] -> 2024-05-14 [干热风防护],2024-06-25 17:33,28889.3,汶上县第3深加工基地,"116.482645,35.731612",磁选除杂->着水润麦->多级研磨->高方筛理->包装,2024-06-26 19:33,2024-06-27 03:45,WH-CN-490,钢板筒仓,2024-06-27 12:45,2024-08-04 12:45,准低温低氧控制,LOG-CN-26943593034,全封闭货车,"干燥, 禁止异味混载",2024-08-05 03:45,2024-08-09 11:00,深圳市,宝安区,113.88,22.55,2024-08-10 11:00
CN-AG-202410-10210,玉米,河北省,藁城区,114.859624,37.971571,2024-06-13,2024-06-13 [免耕直播] -> 2024-07-05 [苗期中耕] -> 2024-07-27 [喇叭口期追肥] -> 2024-08-18 [大斑病防治] -> 2024-09-09 [人工授粉辅助],2024-10-01 16:52,23662.2,藁城区第1深加工基地,"114.849221,38.023561",物理清理->脱粒烘干->破碎加工->筛理分级,2024-10-05 21:52,2024-10-06 00:44,WH-CN-315,现代化圆筒仓,2024-10-06 08:44,2024-10-28 08:44,避光控温控制,LOG-CN-98778413373,重型散粮卡车,"通风良好, 严控高温",2024-10-28 15:44,2024-10-30 03:54,武汉市,东西湖区,114.13,30.62,2024-11-02 03:54
CN-AG-202409-10211,玉米,内蒙古自治区,五原县,108.249755,41.05784,2024-05-19,2024-05-19 [免耕直播] -> 2024-06-10 [苗期中耕] -> 2024-07-02 [喇叭口期追肥] -> 2024-07-24 [大斑病防治] -> 2024-08-15 [人工授粉辅助],2024-09-07 16:53,24532.95,五原县第5深加工基地,"108.269937,41.091707",物理清理->脱粒烘干->破碎加工->筛理分级,2024-09-08 19:53,2024-09-08 22:35,WH-CN-941,现代化圆筒仓,2024-09-09 09:35,2024-10-10 09:35,避光控温控制,LOG-CN-66945459391,重型散粮卡车,"通风良好, 严控高温",2024-10-10 16:35,2024-10-11 22:46,北京市,朝阳区,116.48,39.92,2024-10-13 22:46
CN-AG-202410-10212,玉米,河北省,藁城区,114.851446,38.030263,2024-06-25,2024-06-25 [免耕直播] -> 2024-07-17 [苗期中耕] -> 2024-08-08 [喇叭口期追肥] -> 2024-08-30 [大斑病防治] -> 2024-09-21 [人工授粉辅助],2024-10-14 13:01,8714.74,藁城区第3深加工基地,"114.844999,38.021342",物理清理->脱粒烘干->破碎加工->筛理分级,2024-10-15 19:01,2024-10-15 21:34,WH-CN-721,现代化圆筒仓,2024-10-16 02:34,2024-12-02 02:34,避光控温控制,LOG-CN-49026242762,重型散粮卡车,"通风良好, 严控高温",2024-12-02 09:34,2024-12-05 07:33,北京市,丰台区,116.28,39.85,2024-12-08 07:33
CN-AG-202409-10213,花生,江苏省,东海县,118.817767,34.505189,2024-06-02,2024-06-02 [清棵蹲苗] -> 2024-06-26 [培土迎葑] -> 2024-07-20 [钙镁肥补充] -> 2024-08-13 [下针期控旺] -> 2024-09-06 [地下虫害防治],2024-09-27 08:30,27677.92,东海县第1深加工基地,"118.763814,34.534103",剥壳分选->烘炒->压榨提取->物理精炼,2024-09-29 11:30,2024-09-29 20:22,WH-CN-666,避光库房,2024-09-30 06:22,2024-11-13 06:22,避光控温控制,LOG-CN-86771539391,厢式货车,避光防潮,2024-11-13 14:22,2024-11-16 05:05,成都市,新都区,104.15,30.82,2024-11-19 05:05
CN-AG-202410-10214,棉花,新疆维吾尔自治区,沙雅县,82.776648,41.164386,2024-04-03,2024-04-03 [覆膜播种] -> 2024-05-09 [人工打顶] -> 2024-06-14 [叶面喷施补硼] -> 2024-07-20 [枯萎病监测] -> 2024-08-25 [喷施脱叶剂],2024-10-01 17:38,12727.58,沙雅县第3深加工基地,"82.771314,41.221297",皮棉清理->锯齿轧花->纤维分级->压力打包,2024-10-02 21:38,2024-10-03 01:55,WH-CN-298,专业纤维库,2024-10-03 10:55,2024-10-26 10:55,避光控温控制,LOG-CN-31967136564,高栏平板车,"严禁烟火, 防静电, 干燥",2024-10-27 00:55,2024-10-28 19:05,南京市,南京浦口区,118.62,32.05,2024-10-29 19:05
CN-AG-202410-10215,水稻,广西壮族自治区,宾阳县,108.804395,23.243063,2024-06-04,2024-06-04 [播种育秧] -> 2024-06-27 [田间底肥] -> 2024-07-20 [插秧作业] -> 2024-08-12 [分蘖期灌溉] -> 2024-09-04 [除草控虫] -> 2024-09-27 [晒田补肥],2024-10-21 16:04,13208.65,宾阳县第3深加工基地,"108.808815,23.210488",清理去石->砻谷脱壳->糙米碾白->抛光->色选->包装,2024-10-22 20:04,2024-10-22 23:24,WH-CN-734,平房仓(准低温),2024-10-23 06:24,2024-12-09 06:24,准低温低氧控制,LOG-CN-53780742984,散粮车,"防潮, 湿度<14%",2024-12-09 17:24,2024-12-11 10:06,西安市,未央区,108.94,34.29,2024-12-14 10:06
CN-AG-202410-10216,玉米,安徽省,蒙城县,116.567157,33.248092,2024-06-28,2024-06-28 [免耕直播] -> 2024-07-20 [苗期中耕] -> 2024-08-11 [喇叭口期追肥] -> 2024-09-02 [大斑病防治] -> 2024-09-24 [人工授粉辅助],2024-10-20 12:44,29926.97,蒙城县第4深加工基地,"116.553639,33.253105",物理清理->脱粒烘干->破碎加工->筛理分级,2024-10-22 18:44,2024-10-23 02:04,WH-CN-383,现代化圆筒仓,2024-10-23 11:04,2024-11-22 11:04,避光控温控制,LOG-CN-60852885476,重型散粮卡车,"通风良好, 严控高温",2024-11-22 17:04,2024-11-25 09:19,南京市,玄武区,118.79,32.06,2024-11-26 09:19
CN-AG-202410-10217,玉米,辽宁省,黑山县,122.173534,41.733414,2024-06-28,2024-06-28 [免耕直播] -> 2024-07-20 [苗期中耕] -> 2024-08-11 [喇叭口期追肥] -> 2024-09-02 [大斑病防治] -> 2024-09-24 [人工授粉辅助],2024-10-15 15:22,30674.06,黑山县第1深加工基地,"122.115415,41.687466",物理清理->脱粒烘干->破碎加工->筛理分级,2024-10-19 21:22,2024-10-20 00:47,WH-CN-844,现代化圆筒仓,2024-10-20 06:47,2024-12-07 06:47,避光控温控制,LOG-CN-98077660185,重型散粮卡车,"通风良好, 严控高温",2024-12-07 14:47,2024-12-11 10:59,上海市,闵行区,121.38,31.11,2024-12-13 10:59
CN-AG-202409-10218,大豆,黑龙江省,富锦市,132.019048,47.26728,2024-04-27,2024-04-27 [拌种包衣] -> 2024-05-22 [等距点播] -> 2024-06-16 [结荚期根外追肥] -> 2024-07-11 [食心虫绿色防控] -> 2024-08-05 [除草中耕],2024-09-02 16:16,18887.48,富锦市第5深加工基地,"132.023123,47.240508",磁选->破碎压胚->高温压榨->物理过滤->精炼,2024-09-06 19:16,2024-09-07 00:53,WH-CN-110,不锈钢储油罐区,2024-09-07 10:53,2024-10-01 10:53,准低温低氧控制,LOG-CN-42910953508,罐式车,"避光, 控温25℃下",2024-10-01 23:53,2024-10-05 16:25,成都市,武侯区,104.04,30.64,2024-10-06 16:25
CN-AG-202405-10219,油菜籽,四川省,中江县,104.689071,31.055917,2023-10-14,2023-10-14 [育苗移栽] -> 2023-12-05 [越冬防冻肥] -> 2024-01-26 [薹期水肥调节] -> 2024-03-18 [菌核病无人机防治],2024-05-15 10:11,6498.3,中江县第2深加工基地,"104.664439,31.020542",多级筛选->炒籽->螺旋压榨->精制过滤,2024-05-17 15:11,2024-05-17 20:44,WH-CN-630,恒温罐区,2024-05-18 00:44,2024-06-11 00:44,避光控温控制,LOG-CN-63091170365,罐式车,"避光, 防氧化",2024-06-11 07:44,2024-06-13 17:07,西安市,雁塔区,108.94,34.21,2024-06-14 17:07
CN-AG-202406-10220,小麦,安徽省,寿县,116.800627,32.537729,2023-10-13,2023-10-13 [深耕整地] -> 2023-11-20 [秋播种子处理] -> 2023-12-28 [越冬水灌溉] -> 2024-02-04 [拔节期追肥] -> 2024-03-13 [条锈病防治] -> 2024-04-20 [干热风防护],2024-06-02 13:06,36437.93,寿县第1深加工基地,"116.772082,32.560394",磁选除杂->着水润麦->多级研磨->高方筛理->包装,2024-06-05 17:06,2024-06-06 00:32,WH-CN-629,钢板筒仓,2024-06-06 12:32,2024-07-22 12:32,准低温低氧控制,LOG-CN-62620162960,全封闭货车,"干燥, 禁止异味混载",2024-07-23 00:32,2024-07-25 23:09,广州市,白云区,113.27,23.15,2024-07-28 23:09
CN-AG-202409-10221,大豆,内蒙古自治区,突泉县,121.531425,46.36599,2024-05-23,2024-05-23 [拌种包衣] -> 2024-06-17 [等距点播] -> 2024-07-12 [结荚期根外追肥] -> 2024-08-06 [食心虫绿色防控] -> 2024-08-31 [除草中耕],2024-09-27 13:31,10258.41,突泉县第2深加工基地,"121.564764,46.333055",磁选->破碎压胚->高温压榨->物理过滤->精炼,2024-09-28 19:31,2024-09-28 23:12,WH-CN-470,不锈钢储油罐区,2024-09-29 10:12,2024-10-19 10:12,准低温低氧控制,LOG-CN-26393697217,罐式车,"避光, 控温25℃下",2024-10-20 00:12,2024-10-24 10:29,深圳市,福田区,114.05,22.54,2024-10-25 10:29
CN-AG-202410-10222,水稻,广西壮族自治区,宾阳县,108.779181,23.161933,2024-06-12,2024-06-12 [播种育秧] -> 2024-07-05 [田间底肥] -> 2024-07-28 [插秧作业] -> 2024-08-20 [分蘖期灌溉] -> 2024-09-12 [除草控虫] -> 2024-10-05 [晒田补肥],2024-10-26 13:46,9475.98,宾阳县第5深加工基地,"108.817114,23.214445",清理去石->砻谷脱壳->糙米碾白->抛光->色选->包装,2024-10-30 18:46,2024-10-31 01:21,WH-CN-264,平房仓(准低温),2024-10-31 08:21,2024-12-17 08:21,准低温低氧控制,LOG-CN-96477981280,散粮车,"防潮, 湿度<14%",2024-12-17 20:21,2024-12-18 22:36,广州市,番禺区,113.38,22.93,2024-12-19 22:36
CN-AG-202409-10223,水稻,安徽省,怀远县,117.187662,33.009626,2024-04-18,2024-04-18 [播种育秧] -> 2024-05-11 [田间底肥] -> 2024-06-03 [插秧作业] -> 2024-06-26 [分蘖期灌溉] -> 2024-07-19 [除草控虫] -> 2024-08-11 [晒田补肥],2024-09-02 10:16,10969.84,怀远县第4深加工基地,"117.1941,32.973362",清理去石->砻谷脱壳->糙米碾白->抛光->色选->包装,2024-09-06 16:16,2024-09-06 23:34,WH-CN-715,平房仓(准低温),2024-09-07 03:34,2024-10-05 03:34,准低温低氧控制,LOG-CN-34771181438,散粮车,"防潮, 湿度<14%",2024-10-05 16:34,2024-10-09 22:04,上海市,浦东新区,121.54,31.22,2024-10-11 22:04
CN-AG-202409-10224,玉米,四川省,中江县,104.71756,31.005178,2024-06-04,2024-06-04 [免耕直播] -> 2024-06-26 [苗期中耕] -> 2024-07-18 [喇叭口期追肥] -> 2024-08-09 [大斑病防治] -> 2024-08-31 [人工授粉辅助],2024-09-24 13:59,28952.87,中江县第2深加工基地,"104.66171,31.02026",物理清理->脱粒烘干->破碎加工->筛理分级,2024-09-25 16:59,2024-09-25 22:42,WH-CN-720,现代化圆筒仓,2024-09-26 08:42,2024-10-14 08:42,避光控温控制,LOG-CN-31888435721,重型散粮卡车,"通风良好, 严控高温",2024-10-14 17:42,2024-10-18 12:37,上海市,浦东新区,121.54,31.22,2024-10-21 12:37
CN-AG-202409-10225,水稻,安徽省,寿县,116.723184,32.534946,2024-04-19,2024-04-19 [播种育秧] -> 2024-05-12 [田间底肥] -> 2024-06-04 [插秧作业] -> 2024-06-27 [分蘖期灌溉] -> 2024-07-20 [除草控虫] -> 2024-08-12 [晒田补肥],2024-09-03 15:42,32634.45,寿县第4深加工基地,"116.781661,32.563629",清理去石->砻谷脱壳->糙米碾白->抛光->色选->包装,2024-09-04 20:42,2024-09-05 03:39,WH-CN-458,平房仓(准低温),2024-09-05 13:39,2024-10-08 13:39,准低温低氧控制,LOG-CN-90301747687,散粮车,"防潮, 湿度<14%",2024-10-09 03:39,2024-10-12 09:53,北京市,丰台区,116.28,39.85,2024-10-14 09:53
CN-AG-202409-10226,大豆,辽宁省,昌图县,124.157121,42.770571,2024-05-09,2024-05-09 [拌种包衣] -> 2024-06-03 [等距点播] -> 2024-06-28 [结荚期根外追肥] -> 2024-07-23 [食心虫绿色防控] -> 2024-08-17 [除草中耕],2024-09-09 15:49,25229.55,昌图县第1深加工基地,"124.106836,42.786349",磁选->破碎压胚->高温压榨->物理过滤->精炼,2024-09-10 19:49,2024-09-11 03:25,WH-CN-632,不锈钢储油罐区,2024-09-11 15:25,2024-10-17 15:25,准低温低氧控制,LOG-CN-61570505777,罐式车,"避光, 控温25℃下",2024-10-17 21:25,2024-10-22 16:12,成都市,武侯区,104.04,30.64,2024-10-23 16:12
CN-AG-202410-10227,水稻,四川省,三台县,105.075563,31.061131,2024-05-30,2024-05-30 [播种育秧] -> 2024-06-22 [田间底肥] -> 2024-07-15 [插秧作业] -> 2024-08-07 [分蘖期灌溉] -> 2024-08-30 [除草控虫] -> 2024-09-22 [晒田补肥],2024-10-14 13:06,18910.9,三台县第2深加工基地,"105.085361,31.091806",清理去石->砻谷脱壳->糙米碾白->抛光->色选->包装,2024-10-18 19:06,2024-10-18 23:45,WH-CN-523,平房仓(准低温),2024-10-19 07:45,2024-12-02 07:45,准低温低氧控制,LOG-CN-76819222910,散粮车,"防潮, 湿度<14%",2024-12-02 18:45,2024-12-07 01:02,南京市,南京浦口区,118.62,32.05,2024-12-10 01:02
CN-AG-202407-10228,大麦,新疆维吾尔自治区,奇台县,89.579129,44.034898,2024-03-31,2024-03-31 [翻耕播种] -> 2024-04-25 [分蘖期施氮] -> 2024-05-20 [化学除草] -> 2024-06-14 [灌浆期监控],2024-07-09 12:36,19019.63,奇台县第3深加工基地,"89.588723,44.021041",杂质清理->脱壳处理->分级磨皮->包装,2024-07-13 15:36,2024-07-14 01:23,WH-CN-920,平房仓,2024-07-14 06:23,2024-08-07 06:23,避光控温控制,LOG-CN-93969085440,散装车,防霉通风,2024-08-07 14:23,2024-08-09 02:36,西安市,长安区,108.87,34.15,2024-08-12 02:36
CN-AG-202409-10229,水稻,广西壮族自治区,武宣县,109.713814,23.565336,2024-04-30,2024-04-30 [播种育秧] -> 2024-05-23 [田间底肥] -> 2024-06-15 [插秧作业] -> 2024-07-08 [分蘖期灌溉] -> 2024-07-31 [除草控虫] -> 2024-08-23 [晒田补肥],2024-09-13 08:51,6321.44,武宣县第4深加工基地,"109.652802,23.595272",清理去石->砻谷脱壳->糙米碾白->抛光->色选->包装,2024-09-15 13:51,2024-09-15 21:28,WH-CN-510,平房仓(准低温),2024-09-16 07:28,2024-10-01 07:28,准低温低氧控制,LOG-CN-98536308036,散粮车,"防潮, 湿度<14%",2024-10-01 16:28,2024-10-04 15:33,上海市,闵行区,121.38,31.11,2024-10-07 15:33
CN-AG-202405-10230,油菜籽,湖北省,监利市,112.898492,29.874216,2023-10-26,2023-10-26 [育苗移栽] -> 2023-12-17 [越冬防冻肥] -> 2024-02-07 [薹期水肥调节] -> 2024-03-30 [菌核病无人机防治],2024-05-25 10:40,13108.48,监利市第2深加工基地,"112.905997,29.837891",多级筛选->炒籽->螺旋压榨->精制过滤,2024-05-29 12:40,2024-05-29 16:53,WH-CN-790,恒温罐区,2024-05-30 04:53,2024-06-27 04:53,避光控温控制,LOG-CN-57399521650,罐式车,"避光, 防氧化",2024-06-27 19:53,2024-07-01 13:26,深圳市,福田区,114.05,22.54,2024-07-04 13:26
CN-AG-202406-10231,大麦,甘肃省,永昌县,101.912696,38.231026,2024-02-23,2024-02-23 [翻耕播种] -> 2024-03-19 [分蘖期施氮] -> 2024-04-13 [化学除草] -> 2024-05-08 [灌浆期监控],2024-06-03 12:49,30414.85,永昌县第5深加工基地,"101.970833,38.235374",杂质清理->脱壳处理->分级磨皮->包装,2024-06-06 17:49,2024-06-06 23:46,WH-CN-696,平房仓,2024-06-07 06:46,2024-07-20 06:46,避光控温控制,LOG-CN-58739697956,散装车,防霉通风,2024-07-20 13:46,2024-07-22 01:21,北京市,丰台区,116.28,39.85,2024-07-24 01:21
CN-AG-202410-10232,棉花,甘肃省,瓜州县,95.740947,40.526017,2024-04-23,2024-04-23 [覆膜播种] -> 2024-05-29 [人工打顶] -> 2024-07-04 [叶面喷施补硼] -> 2024-08-09 [枯萎病监测] -> 2024-09-14 [喷施脱叶剂],2024-10-15 14:36,38484.83,瓜州县第5深加工基地,"95.776699,40.502787",皮棉清理->锯齿轧花->纤维分级->压力打包,2024-10-18 17:36,2024-10-18 23:34,WH-CN-932,专业纤维库,2024-10-19 11:34,2024-11-04 11:34,避光控温控制,LOG-CN-90716992255,高栏平板车,"严禁烟火, 防静电, 干燥",2024-11-04 21:34,2024-11-07 16:41,上海市,宝山区,121.48,31.4,2024-11-10 16:41
CN-AG-202407-10233,大麦,甘肃省,民乐县,100.813083,38.488128,2024-04-12,2024-04-12 [翻耕播种] -> 2024-05-07 [分蘖期施氮] -> 2024-06-01 [化学除草] -> 2024-06-26 [灌浆期监控],2024-07-19 15:49,27178.16,民乐县第2深加工基地,"100.805446,38.423434",杂质清理->脱壳处理->分级磨皮->包装,2024-07-22 20:49,2024-07-23 05:07,WH-CN-793,平房仓,2024-07-23 16:07,2024-09-08 16:07,避光控温控制,LOG-CN-43076299503,散装车,防霉通风,2024-09-08 23:07,2024-09-11 08:11,北京市,海淀区,116.3,39.96,2024-09-13 08:11
CN-AG-202409-10234,花生,河南省,唐河县,112.879716,32.622207,2024-05-21,2024-05-21 [清棵蹲苗] -> 2024-06-14 [培土迎葑] -> 2024-07-08 [钙镁肥补充] -> 2024-08-01 [下针期控旺] -> 2024-08-25 [地下虫害防治],2024-09-17 16:00,12649.81,唐河县第5深加工基地,"112.83153,32.672355",剥壳分选->烘炒->压榨提取->物理精炼,2024-09-19 20:00,2024-09-19 23:17,WH-CN-375,避光库房,2024-09-20 09:17,2024-10-21 09:17,避光控温控制,LOG-CN-75241272621,厢式货车,避光防潮,2024-10-21 17:17,2024-10-25 05:37,上海市,宝山区,121.48,31.4,2024-10-27 05:37
CN-AG-202409-10235,大豆,内蒙古自治区,阿荣旗,123.516501,48.092887,2024-05-28,2024-05-28 [拌种包衣] -> 2024-06-22 [等距点播] -> 2024-07-17 [结荚期根外追肥] -> 2024-08-11 [食心虫绿色防控] -> 2024-09-05 [除草中耕],2024-09-28 12:13,26483.94,阿荣旗第5深加工基地,"123.516595,48.123028",磁选->破碎压胚->高温压榨->物理过滤->精炼,2024-09-30 15:13,2024-10-01 00:51,WH-CN-143,不锈钢储油罐区,2024-10-01 09:51,2024-10-20 09:51,准低温低氧控制,LOG-CN-78066687224,罐式车,"避光, 控温25℃下",2024-10-20 16:51,2024-10-25 07:33,上海市,浦东新区,121.54,31.22,2024-10-27 07:33
CN-AG-202406-10236,小麦,山东省,汶上县,116.421319,35.694771,2023-11-05,2023-11-05 [深耕整地] -> 2023-12-13 [秋播种子处理] -> 2024-01-20 [越冬水灌溉] -> 2024-02-27 [拔节期追肥] -> 2024-04-05 [条锈病防治] -> 2024-05-13 [干热风防护],2024-06-19 12:31,18780.09,汶上县第2深加工基地,"116.488,35.722738",磁选除杂->着水润麦->多级研磨->高方筛理->包装,2024-06-22 17:31,2024-06-22 21:54,WH-CN-568,钢板筒仓,2024-06-23 03:54,2024-07-06 03:54,准低温低氧控制,LOG-CN-27078968372,全封闭货车,"干燥, 禁止异味混载",2024-07-06 17:54,2024-07-07 22:26,南京市,江宁区,118.83,31.95,2024-07-09 22:26
CN-AG-202410-10237,玉米,广西壮族自治区,武宣县,109.67169,23.634867,2024-06-30,2024-06-30 [免耕直播] -> 2024-07-22 [苗期中耕] -> 2024-08-13 [喇叭口期追肥] -> 2024-09-04 [大斑病防治] -> 2024-09-26 [人工授粉辅助],2024-10-23 08:00,13299.87,武宣县第4深加工基地,"109.663301,23.59201",物理清理->脱粒烘干->破碎加工->筛理分级,2024-10-25 13:00,2024-10-25 20:27,WH-CN-727,现代化圆筒仓,2024-10-26 01:27,2024-11-25 01:27,避光控温控制,LOG-CN-58718228344,重型散粮卡车,"通风良好, 严控高温",2024-11-25 11:27,2024-11-27 11:02,武汉市,东西湖区,114.13,30.62,2024-11-29 11:02
CN-AG-202407-10238,大麦,新疆维吾尔自治区,奇台县,89.639729,43.981045,2024-03-29,2024-03-29 [翻耕播种] -> 2024-04-23 [分蘖期施氮] -> 2024-05-18 [化学除草] -> 2024-06-12 [灌浆期监控],2024-07-07 14:44,14448.22,奇台县第2深加工基地,"89.587663,44.018375",杂质清理->脱壳处理->分级磨皮->包装,2024-07-10 19:44,2024-07-11 00:37,WH-CN-668,平房仓,2024-07-11 11:37,2024-08-01 11:37,避光控温控制,LOG-CN-37405685470,散装车,防霉通风,2024-08-01 20:37,2024-08-07 04:43,广州市,番禺区,113.38,22.93,2024-08-10 04:43
CN-AG-202411-10239,棉花,新疆维吾尔自治区,沙雅县,82.725636,41.22227,2024-05-29,2024-05-29 [覆膜播种] -> 2024-07-04 [人工打顶] -> 2024-08-09 [叶面喷施补硼] -> 2024-09-14 [枯萎病监测] -> 2024-10-20 [喷施脱叶剂],2024-11-26 08:11,6669.83,沙雅县第1深加工基地,"82.784761,41.213326",皮棉清理->锯齿轧花->纤维分级->压力打包,2024-11-30 11:11,2024-11-30 20:55,WH-CN-807,专业纤维库,2024-12-01 08:55,2025-01-14 08:55,避光控温控制,LOG-CN-14996515347,高栏平板车,"严禁烟火, 防静电, 干燥",2025-01-14 18:55,2025-01-17 03:30,武汉市,江岸区,114.3,30.59,2025-01-20 03:30
CN-AG-202410-10240,玉米,内蒙古自治区,五原县,108.272378,41.049936,2024-07-09,2024-07-09 [免耕直播] -> 2024-07-31 [苗期中耕] -> 2024-08-22 [喇叭口期追肥] -> 2024-09-13 [大斑病防治] -> 2024-10-05 [人工授粉辅助],2024-10-27 09:28,35357.9,五原县第5深加工基地,"108.257786,41.094907",物理清理->脱粒烘干->破碎加工->筛理分级,2024-10-30 13:28,2024-10-30 19:02,WH-CN-303,现代化圆筒仓,2024-10-31 07:02,2024-12-15 07:02,避光控温控制,LOG-CN-89786979342,重型散粮卡车,"通风良好, 严控高温",2024-12-15 13:02,2024-12-18 17:09,成都市,龙泉驿区,104.27,30.55,2024-12-20 17:09
CN-AG-202410-10241,水稻,四川省,三台县,105.072681,31.064643,2024-05-22,2024-05-22 [播种育秧] -> 2024-06-14 [田间底肥] -> 2024-07-07 [插秧作业] -> 2024-07-30 [分蘖期灌溉] -> 2024-08-22 [除草控虫] -> 2024-09-14 [晒田补肥],2024-10-12 13:43,19763.58,三台县第5深加工基地,"105.085942,31.094381",清理去石->砻谷脱壳->糙米碾白->抛光->色选->包装,2024-10-16 18:43,2024-10-16 21:53,WH-CN-685,平房仓(准低温),2024-10-17 07:53,2024-12-05 07:53,准低温低氧控制,LOG-CN-22485783680,散粮车,"防潮, 湿度<14%",2024-12-05 15:53,2024-12-07 13:33,成都市,龙泉驿区,104.27,30.55,2024-12-09 13:33
CN-AG-202410-10242,水稻,吉林省,前郭县,124.807126,45.117969,2024-05-16,2024-05-16 [播种育秧] -> 2024-06-08 [田间底肥] -> 2024-07-01 [插秧作业] -> 2024-07-24 [分蘖期灌溉] -> 2024-08-16 [除草控虫] -> 2024-09-08 [晒田补肥],2024-10-08 13:20,10856.13,前郭县第1深加工基地,"124.818737,45.113273",清理去石->砻谷脱壳->糙米碾白->抛光->色选->包装,2024-10-11 17:20,2024-10-12 00:59,WH-CN-228,平房仓(准低温),2024-10-12 10:59,2024-11-08 10:59,准低温低氧控制,LOG-CN-43190529795,散粮车,"防潮, 湿度<14%",2024-11-09 01:59,2024-11-12 20:27,西安市,未央区,108.94,34.29,2024-11-14 20:27
CN-AG-202409-10243,玉米,广西壮族自治区,宾阳县,108.775793,23.237909,2024-05-24,2024-05-24 [免耕直播] -> 2024-06-15 [苗期中耕] -> 2024-07-07 [喇叭口期追肥] -> 2024-07-29 [大斑病防治] -> 2024-08-20 [人工授粉辅助],2024-09-07 10:25,8637.49,宾阳县第5深加工基地,"108.805245,23.200624",物理清理->脱粒烘干->破碎加工->筛理分级,2024-09-08 12:25,2024-09-08 22:24,WH-CN-259,现代化圆筒仓,2024-09-09 09:24,2024-10-24 09:24,避光控温控制,LOG-CN-96261460034,重型散粮卡车,"通风良好, 严控高温",2024-10-24 21:24,2024-10-28 17:12,北京市,朝阳区,116.48,39.92,2024-10-29 17:12
CN-AG-202409-10244,玉米,河北省,藁城区,114.786171,38.041409,2024-05-16,2024-05-16 [免耕直播] -> 2024-06-07 [苗期中耕] -> 2024-06-29 [喇叭口期追肥] -> 2024-07-21 [大斑病防治] -> 2024-08-12 [人工授粉辅助],2024-09-08 12:28,21351.77,藁城区第5深加工基地,"114.841937,38.029927",物理清理->脱粒烘干->破碎加工->筛理分级,2024-09-10 15:28,2024-09-10 22:27,WH-CN-378,现代化圆筒仓,2024-09-11 04:27,2024-09-22 04:27,避光控温控制,LOG-CN-72485526158,重型散粮卡车,"通风良好, 严控高温",2024-09-22 15:27,2024-09-25 09:22,北京市,丰台区,116.28,39.85,2024-09-27 09:22
CN-AG-202409-10245,花生,辽宁省,黑山县,122.152509,41.670109,2024-05-21,2024-05-21 [清棵蹲苗] -> 2024-06-14 [培土迎葑] -> 2024-07-08 [钙镁肥补充] -> 2024-08-01 [下针期控旺] -> 2024-08-25 [地下虫害防治],2024-09-21 17:27,10450.11,黑山县第1深加工基地,"122.111503,41.682132",剥壳分选->烘炒->压榨提取->物理精炼,2024-09-24 21:27,2024-09-25 04:03,WH-CN-100,避光库房,2024-09-25 16:03,2024-10-19 16:03,避光控温控制,LOG-CN-57830046248,厢式货车,避光防潮,2024-10-20 02:03,2024-10-23 00:29,上海市,闵行区,121.38,31.11,2024-10-25 00:29
CN-AG-202409-10246,玉米,河南省,滑县,114.519459,35.597383,2024-06-03,2024-06-03 [免耕直播] -> 2024-06-25 [苗期中耕] -> 2024-07-17 [喇叭口期追肥] -> 2024-08-08 [大斑病防治] -> 2024-08-30 [人工授粉辅助],2024-09-23 15:48,35875.67,滑县第4深加工基地,"114.518697,35.573768",物理清理->脱粒烘干->破碎加工->筛理分级,2024-09-26 17:48,2024-09-27 02:50,WH-CN-504,现代化圆筒仓,2024-09-27 12:50,2024-10-25 12:50,避光控温控制,LOG-CN-32548132148,重型散粮卡车,"通风良好, 严控高温",2024-10-26 02:50,2024-10-29 02:02,深圳市,福田区,114.05,22.54,2024-10-31 02:02
CN-AG-202410-10247,玉米,四川省,三台县,105.128292,31.059568,2024-06-19,2024-06-19 [免耕直播] -> 2024-07-11 [苗期中耕] -> 2024-08-02 [喇叭口期追肥] -> 2024-08-24 [大斑病防治] -> 2024-09-15 [人工授粉辅助],2024-10-08 12:05,15135.84,三台县第4深加工基地,"105.093894,31.095988",物理清理->脱粒烘干->破碎加工->筛理分级,2024-10-10 18:05,2024-10-11 03:06,WH-CN-732,现代化圆筒仓,2024-10-11 11:06,2024-11-08 11:06,避光控温控制,LOG-CN-46304358838,重型散粮卡车,"通风良好, 严控高温",2024-11-08 20:06,2024-11-10 04:17,成都市,龙泉驿区,104.27,30.55,2024-11-11 04:17
CN-AG-202409-10248,玉米,广西壮族自治区,武宣县,109.670828,23.562657,2024-05-29,2024-05-29 [免耕直播] -> 2024-06-20 [苗期中耕] -> 2024-07-12 [喇叭口期追肥] -> 2024-08-03 [大斑病防治] -> 2024-08-25 [人工授粉辅助],2024-09-11 08:09,8156.89,武宣县第1深加工基地,"109.651832,23.587219",物理清理->脱粒烘干->破碎加工->筛理分级,2024-09-12 11:09,2024-09-12 14:31,WH-CN-605,现代化圆筒仓,2024-09-12 22:31,2024-10-09 22:31,避光控温控制,LOG-CN-53882488694,重型散粮卡车,"通风良好, 严控高温",2024-10-10 11:31,2024-10-15 08:31,广州市,番禺区,113.38,22.93,2024-10-16 08:31
CN-AG-202406-10249,小麦,河北省,大名县,115.106418,36.330078,2023-10-31,2023-10-31 [深耕整地] -> 2023-12-08 [秋播种子处理] -> 2024-01-15 [越冬水灌溉] -> 2024-02-22 [拔节期追肥] -> 2024-03-31 [条锈病防治] -> 2024-05-08 [干热风防护],2024-06-12 15:44,11726.73,大名县第3深加工基地,"115.14892,36.289005",磁选除杂->着水润麦->多级研磨->高方筛理->包装,2024-06-15 17:44,2024-06-16 03:25,WH-CN-936,钢板筒仓,2024-06-16 09:25,2024-06-29 09:25,准低温低氧控制,LOG-CN-22939085014,全封闭货车,"干燥, 禁止异味混载",2024-06-29 16:25,2024-07-03 13:55,成都市,龙泉驿区,104.27,30.55,2024-07-04 13:55
CN-AG-202406-10250,小麦,甘肃省,永昌县,101.975028,38.202216,2023-10-20,2023-10-20 [深耕整地] -> 2023-11-27 [秋播种子处理] -> 2024-01-04 [越冬水灌溉] -> 2024-02-11 [拔节期追肥] -> 2024-03-20 [条锈病防治] -> 2024-04-27 [干热风防护],2024-06-08 08:12,30488.3,永昌县第5深加工基地,"101.974644,38.247459",磁选除杂->着水润麦->多级研磨->高方筛理->包装,2024-06-09 14:12,2024-06-09 22:22,WH-CN-633,钢板筒仓,2024-06-10 05:22,2024-07-20 05:22,准低温低氧控制,LOG-CN-44884332168,全封闭货车,"干燥, 禁止异味混载",2024-07-20 15:22,2024-07-23 08:32,南京市,南京浦口区,118.62,32.05,2024-07-26 08:32
CN-AG-202406-10251,小麦,安徽省,寿县,116.799054,32.606787,2023-10-21,2023-10-21 [深耕整地] -> 2023-11-28 [秋播种子处理] -> 2024-01-05 [越冬水灌溉] -> 2024-02-12 [拔节期追肥] -> 2024-03-21 [条锈病防治] -> 2024-04-28 [干热风防护],2024-06-12 08:55,32620.03,寿县第1深加工基地,"116.786984,32.573846",磁选除杂->着水润麦->多级研磨->高方筛理->包装,2024-06-14 10:55,2024-06-14 15:25,WH-CN-143,钢板筒仓,2024-06-15 01:25,2024-07-15 01:25,准低温低氧控制,LOG-CN-77391264171,全封闭货车,"干燥, 禁止异味混载",2024-07-15 11:25,2024-07-19 13:32,北京市,朝阳区,116.48,39.92,2024-07-21 13:32
CN-AG-202410-10252,水稻,广西壮族自治区,武宣县,109.658731,23.55996,2024-06-10,2024-06-10 [播种育秧] -> 2024-07-03 [田间底肥] -> 2024-07-26 [插秧作业] -> 2024-08-18 [分蘖期灌溉] -> 2024-09-10 [除草控虫] -> 2024-10-03 [晒田补肥],2024-10-25 09:15,23772.37,武宣县第1深加工基地,"109.669753,23.584424",清理去石->砻谷脱壳->糙米碾白->抛光->色选->包装,2024-10-29 11:15,2024-10-29 19:36,WH-CN-228,平房仓(准低温),2024-10-30 04:36,2024-12-19 04:36,准低温低氧控制,LOG-CN-42160040291,散粮车,"防潮, 湿度<14%",2024-12-19 15:36,2024-12-24 01:45,北京市,朝阳区,116.48,39.92,2024-12-27 01:45
CN-AG-202409-10253,花生,河南省,唐河县,112.774731,32.733287,2024-05-26,2024-05-26 [清棵蹲苗] -> 2024-06-19 [培土迎葑] -> 2024-07-13 [钙镁肥补充] -> 2024-08-06 [下针期控旺] -> 2024-08-30 [地下虫害防治],2024-09-24 11:01,11642.15,唐河县第2深加工基地,"112.838505,32.684112",剥壳分选->烘炒->压榨提取->物理精炼,2024-09-27 14:01,2024-09-27 18:39,WH-CN-656,避光库房,2024-09-27 22:39,2024-11-07 22:39,避光控温控制,LOG-CN-54442881381,厢式货车,避光防潮,2024-11-08 08:39,2024-11-12 06:23,西安市,长安区,108.87,34.15,2024-11-14 06:23
CN-AG-202409-10254,水稻,江苏省,射阳县,120.258153,33.711669,2024-04-14,2024-04-14 [播种育秧] -> 2024-05-07 [田间底肥] -> 2024-05-30 [插秧作业] -> 2024-06-22 [分蘖期灌溉] -> 2024-07-15 [除草控虫] -> 2024-08-07 [晒田补肥],2024-09-03 16:09,35902.63,射阳县第5深加工基地,"120.240679,33.75831",清理去石->砻谷脱壳->糙米碾白->抛光->色选->包装,2024-09-06 20:09,2024-09-07 03:16,WH-CN-977,平房仓(准低温),2024-09-07 12:16,2024-10-16 12:16,准低温低氧控制,LOG-CN-42728498269,散粮车,"防潮, 湿度<14%",2024-10-17 02:16,2024-10-20 03:02,北京市,丰台区,116.28,39.85,2024-10-21 03:02
CN-AG-202406-10255,小麦,河南省,唐河县,112.805682,32.70369,2023-10-19,2023-10-19 [深耕整地] -> 2023-11-26 [秋播种子处理] -> 2024-01-03 [越冬水灌溉] -> 2024-02-10 [拔节期追肥] -> 2024-03-19 [条锈病防治] -> 2024-04-26 [干热风防护],2024-06-07 16:43,6532.2,唐河县第2深加工基地,"112.839421,32.688488",磁选除杂->着水润麦->多级研磨->高方筛理->包装,2024-06-09 22:43,2024-06-10 03:37,WH-CN-282,钢板筒仓,2024-06-10 12:37,2024-07-16 12:37,准低温低氧控制,LOG-CN-18046590224,全封闭货车,"干燥, 禁止异味混载",2024-07-16 19:37,2024-07-20 14:19,武汉市,洪山区,114.34,30.5,2024-07-21 14:19
CN-AG-202409-10256,大豆,内蒙古自治区,阿荣旗,123.506906,48.173312,2024-05-01,2024-05-01 [拌种包衣] -> 2024-05-26 [等距点播] -> 2024-06-20 [结荚期根外追肥] -> 2024-07-15 [食心虫绿色防控] -> 2024-08-09 [除草中耕],2024-09-07 09:02,37557.39,阿荣旗第2深加工基地,"123.516891,48.127241",磁选->破碎压胚->高温压榨->物理过滤->精炼,2024-09-11 14:02,2024-09-11 21:01,WH-CN-771,不锈钢储油罐区,2024-09-12 05:01,2024-09-25 05:01,准低温低氧控制,LOG-CN-70472954013,罐式车,"避光, 控温25℃下",2024-09-25 20:01,2024-09-30 15:05,武汉市,洪山区,114.34,30.5,2024-10-01 15:05
CN-AG-202406-10257,小麦,四川省,安岳县,105.36947,30.078292,2023-11-01,2023-11-01 [深耕整地] -> 2023-12-09 [秋播种子处理] -> 2024-01-16 [越冬水灌溉] -> 2024-02-23 [拔节期追肥] -> 2024-04-01 [条锈病防治] -> 2024-05-09 [干热风防护],2024-06-18 14:52,8542.88,安岳县第2深加工基地,"105.331925,30.09074",磁选除杂->着水润麦->多级研磨->高方筛理->包装,2024-06-19 20:52,2024-06-20 01:38,WH-CN-644,钢板筒仓,2024-06-20 13:38,2024-07-02 13:38,准低温低氧控制,LOG-CN-37424788204,全封闭货车,"干燥, 禁止异味混载",2024-07-02 20:38,2024-07-05 00:11,上海市,闵行区,121.38,31.11,2024-07-06 00:11
CN-AG-202409-10258,大豆,内蒙古自治区,阿荣旗,123.464468,48.087601,2024-05-20,2024-05-20 [拌种包衣] -> 2024-06-14 [等距点播] -> 2024-07-09 [结荚期根外追肥] -> 2024-08-03 [食心虫绿色防控] -> 2024-08-28 [除草中耕],2024-09-18 16:26,28013.62,阿荣旗第5深加工基地,"123.513926,48.111539",磁选->破碎压胚->高温压榨->物理过滤->精炼,2024-09-21 21:26,2024-09-22 05:55,WH-CN-714,不锈钢储油罐区,2024-09-22 15:55,2024-10-08 15:55,准低温低氧控制,LOG-CN-84368024419,罐式车,"避光, 控温25℃下",2024-10-09 05:55,2024-10-12 09:27,广州市,天河区,113.33,23.13,2024-10-14 09:27
CN-AG-202409-10259,花生,河南省,唐河县,112.856972,32.660785,2024-05-28,2024-05-28 [清棵蹲苗] -> 2024-06-21 [培土迎葑] -> 2024-07-15 [钙镁肥补充] -> 2024-08-08 [下针期控旺] -> 2024-09-01 [地下虫害防治],2024-09-25 14:52,30420.96,唐河县第3深加工基地,"112.826306,32.671307",剥壳分选->烘炒->压榨提取->物理精炼,2024-09-27 20:52,2024-09-28 04:01,WH-CN-710,避光库房,2024-09-28 11:01,2024-11-01 11:01,避光控温控制,LOG-CN-78789495213,厢式货车,避光防潮,2024-11-02 00:01,2024-11-05 09:26,成都市,龙泉驿区,104.27,30.55,2024-11-06 09:26
CN-AG-202409-10260,玉米,辽宁省,黑山县,122.154887,41.694739,2024-05-23,2024-05-23 [免耕直播] -> 2024-06-14 [苗期中耕] -> 2024-07-06 [喇叭口期追肥] -> 2024-07-28 [大斑病防治] -> 2024-08-19 [人工授粉辅助],2024-09-10 11:13,9844.29,黑山县第3深加工基地,"122.122518,41.686375",物理清理->脱粒烘干->破碎加工->筛理分级,2024-09-11 15:13,2024-09-11 22:26,WH-CN-696,现代化圆筒仓,2024-09-12 10:26,2024-10-27 10:26,避光控温控制,LOG-CN-41137898305,重型散粮卡车,"通风良好, 严控高温",2024-10-27 16:26,2024-10-31 02:48,广州市,天河区,113.33,23.13,2024-11-01 02:48
CN-AG-202406-10261,大麦,甘肃省,民乐县,100.823904,38.476317,2024-03-13,2024-03-13 [翻耕播种] -> 2024-04-07 [分蘖期施氮] -> 2024-05-02 [化学除草] -> 2024-05-27 [灌浆期监控],2024-06-19 14:36,25833.09,民乐县第3深加工基地,"100.800488,38.424659",杂质清理->脱壳处理->分级磨皮->包装,2024-06-20 18:36,2024-06-21 03:51,WH-CN-138,平房仓,2024-06-21 14:51,2024-07-12 14:51,避光控温控制,LOG-CN-64014727187,散装车,防霉通风,2024-07-13 05:51,2024-07-18 14:49,西安市,长安区,108.87,34.15,2024-07-19 14:49
CN-AG-202410-10262,水稻,吉林省,前郭县,124.752552,45.154412,2024-05-29,2024-05-29 [播种育秧] -> 2024-06-21 [田间底肥] -> 2024-07-14 [插秧作业] -> 2024-08-06 [分蘖期灌溉] -> 2024-08-29 [除草控虫] -> 2024-09-21 [晒田补肥],2024-10-12 14:26,10235.3,前郭县第5深加工基地,"124.810579,45.117494",清理去石->砻谷脱壳->糙米碾白->抛光->色选->包装,2024-10-14 20:26,2024-10-14 23:01,WH-CN-814,平房仓(准低温),2024-10-15 09:01,2024-10-28 09:01,准低温低氧控制,LOG-CN-28128185855,散粮车,"防潮, 湿度<14%",2024-10-28 15:01,2024-10-31 07:35,成都市,新都区,104.15,30.82,2024-11-03 07:35
CN-AG-202410-10263,水稻,吉林省,榆树市,126.585854,44.872688,2024-06-04,2024-06-04 [播种育秧] -> 2024-06-27 [田间底肥] -> 2024-07-20 [插秧作业] -> 2024-08-12 [分蘖期灌溉] -> 2024-09-04 [除草控虫] -> 2024-09-27 [晒田补肥],2024-10-25 17:36,31086.03,榆树市第5深加工基地,"126.547014,44.829959",清理去石->砻谷脱壳->糙米碾白->抛光->色选->包装,2024-10-26 20:36,2024-10-27 02:47,WH-CN-508,平房仓(准低温),2024-10-27 10:47,2024-12-01 10:47,准低温低氧控制,LOG-CN-19717612517,散粮车,"防潮, 湿度<14%",2024-12-01 21:47,2024-12-03 08:17,广州市,天河区,113.33,23.13,2024-12-06 08:17
CN-AG-202409-10264,玉米,河北省,宁晋县,114.908232,37.652063,2024-06-04,2024-06-04 [免耕直播] -> 2024-06-26 [苗期中耕] -> 2024-07-18 [喇叭口期追肥] -> 2024-08-09 [大斑病防治] -> 2024-08-31 [人工授粉辅助],2024-09-25 10:30,16319.41,宁晋县第5深加工基地,"114.92255,37.619598",物理清理->脱粒烘干->破碎加工->筛理分级,2024-09-27 15:30,2024-09-27 21:22,WH-CN-191,现代化圆筒仓,2024-09-28 04:22,2024-11-12 04:22,避光控温控制,LOG-CN-67610896240,重型散粮卡车,"通风良好, 严控高温",2024-11-12 11:22,2024-11-14 22:11,深圳市,福田区,114.05,22.54,2024-11-16 22:11
CN-AG-202406-10265,小麦,山东省,汶上县,116.53809,35.774841,2023-10-20,2023-10-20 [深耕整地] -> 2023-11-27 [秋播种子处理] -> 2024-01-04 [越冬水灌溉] -> 2024-02-11 [拔节期追肥] -> 2024-03-20 [条锈病防治] -> 2024-04-27 [干热风防护],2024-06-11 13:38,11988.98,汶上县第3深加工基地,"116.478355,35.735365",磁选除杂->着水润麦->多级研磨->高方筛理->包装,2024-06-12 17:38,2024-06-12 21:34,WH-CN-259,钢板筒仓,2024-06-13 06:34,2024-08-01 06:34,准低温低氧控制,LOG-CN-22252528716,全封闭货车,"干燥, 禁止异味混载",2024-08-01 14:34,2024-08-04 22:36,西安市,长安区,108.87,34.15,2024-08-05 22:36
CN-AG-202409-10266,水稻,辽宁省,盘山县,122.06851,41.230563,2024-05-04,2024-05-04 [播种育秧] -> 2024-05-27 [田间底肥] -> 2024-06-19 [插秧作业] -> 2024-07-12 [分蘖期灌溉] -> 2024-08-04 [除草控虫] -> 2024-08-27 [晒田补肥],2024-09-20 10:55,23830.19,盘山县第2深加工基地,"122.032209,41.234776",清理去石->砻谷脱壳->糙米碾白->抛光->色选->包装,2024-09-21 14:55,2024-09-21 23:20,WH-CN-659,平房仓(准低温),2024-09-22 04:20,2024-10-21 04:20,准低温低氧控制,LOG-CN-84125371690,散粮车,"防潮, 湿度<14%",2024-10-21 10:20,2024-10-24 04:33,西安市,未央区,108.94,34.29,2024-10-27 04:33
CN-AG-202409-10267,水稻,安徽省,寿县,116.754469,32.552555,2024-04-21,2024-04-21 [播种育秧] -> 2024-05-14 [田间底肥] -> 2024-06-06 [插秧作业] -> 2024-06-29 [分蘖期灌溉] -> 2024-07-22 [除草控虫] -> 2024-08-14 [晒田补肥],2024-09-13 17:57,27916.53,寿县第1深加工基地,"116.774672,32.565926",清理去石->砻谷脱壳->糙米碾白->抛光->色选->包装,2024-09-14 21:57,2024-09-15 01:54,WH-CN-168,平房仓(准低温),2024-09-15 05:54,2024-10-13 05:54,准低温低氧控制,LOG-CN-60079749776,散粮车,"防潮, 湿度<14%",2024-10-13 20:54,2024-10-16 06:57,深圳市,宝安区,113.88,22.55,2024-10-18 06:57
CN-AG-202410-10268,玉米,辽宁省,昌图县,124.052145,42.725051,2024-07-09,2024-07-09 [免耕直播] -> 2024-07-31 [苗期中耕] -> 2024-08-22 [喇叭口期追肥] -> 2024-09-13 [大斑病防治] -> 2024-10-05 [人工授粉辅助],2024-10-28 14:14,5752.1,昌图县第2深加工基地,"124.108555,42.789754",物理清理->脱粒烘干->破碎加工->筛理分级,2024-10-29 18:14,2024-10-30 00:52,WH-CN-642,现代化圆筒仓,2024-10-30 12:52,2024-11-14 12:52,避光控温控制,LOG-CN-54259326689,重型散粮卡车,"通风良好, 严控高温",2024-11-15 02:52,2024-11-18 13:27,广州市,天河区,113.33,23.13,2024-11-21 13:27
CN-AG-202409-10269,玉米,安徽省,蒙城县,116.581558,33.246119,2024-05-14,2024-05-14 [免耕直播] -> 2024-06-05 [苗期中耕] -> 2024-06-27 [喇叭口期追肥] -> 2024-07-19 [大斑病防治] -> 2024-08-10 [人工授粉辅助],2024-09-01 13:43,38044.78,蒙城县第3深加工基地,"116.568999,33.254365",物理清理->脱粒烘干->破碎加工->筛理分级,2024-09-04 17:43,2024-09-04 22:13,WH-CN-330,现代化圆筒仓,2024-09-05 10:13,2024-10-02 10:13,避光控温控制,LOG-CN-53601254651,重型散粮卡车,"通风良好, 严控高温",2024-10-02 20:13,2024-10-05 22:09,北京市,丰台区,116.28,39.85,2024-10-06 22:09
CN-AG-202406-10270,小麦,河北省,宁晋县,114.870729,37.654361,2023-11-02,2023-11-02 [深耕整地] -> 2023-12-10 [秋播种子处理] -> 2024-01-17 [越冬水灌溉] -> 2024-02-24 [拔节期追肥] -> 2024-04-02 [条锈病防治] -> 2024-05-10 [干热风防护],2024-06-24 14:33,12236.5,宁晋县第2深加工基地,"114.927582,37.618352",磁选除杂->着水润麦->多级研磨->高方筛理->包装,2024-06-26 19:33,2024-06-27 00:06,WH-CN-694,钢板筒仓,2024-06-27 06:06,2024-08-03 06:06,准低温低氧控制,LOG-CN-39206228860,全封闭货车,"干燥, 禁止异味混载",2024-08-03 17:06,2024-08-07 02:40,成都市,新都区,104.15,30.82,2024-08-08 02:40
CN-AG-202409-10271,玉米,辽宁省,黑山县,122.116088,41.743368,2024-05-23,2024-05-23 [免耕直播] -> 2024-06-14 [苗期中耕] -> 2024-07-06 [喇叭口期追肥] -> 2024-07-28 [大斑病防治] -> 2024-08-19 [人工授粉辅助],2024-09-14 10:41,31790.23,黑山县第4深加工基地,"122.113341,41.692268",物理清理->脱粒烘干->破碎加工->筛理分级,2024-09-16 14:41,2024-09-16 17:45,WH-CN-521,现代化圆筒仓,2024-09-17 05:45,2024-10-31 05:45,避光控温控制,LOG-CN-71432412343,重型散粮卡车,"通风良好, 严控高温",2024-10-31 16:45,2024-11-02 11:31,上海市,浦东新区,121.54,31.22,2024-11-03 11:31
CN-AG-202405-10272,油菜籽,四川省,安岳县,105.297801,30.15894,2023-10-31,2023-10-31 [育苗移栽] -> 2023-12-22 [越冬防冻肥] -> 2024-02-12 [薹期水肥调节] -> 2024-04-04 [菌核病无人机防治],2024-05-25 11:06,17574.15,安岳县第4深加工基地,"105.332993,30.108855",多级筛选->炒籽->螺旋压榨->精制过滤,2024-05-27 13:06,2024-05-27 22:06,WH-CN-237,恒温罐区,2024-05-28 06:06,2024-07-15 06:06,避光控温控制,LOG-CN-77021726668,罐式车,"避光, 防氧化",2024-07-15 15:06,2024-07-17 20:49,深圳市,宝安区,113.88,22.55,2024-07-18 20:49
CN-AG-202409-10273,玉米,四川省,三台县,105.091523,31.102928,2024-06-08,2024-06-08 [免耕直播] -> 2024-06-30 [苗期中耕] -> 2024-07-22 [喇叭口期追肥] -> 2024-08-13 [大斑病防治] -> 2024-09-04 [人工授粉辅助],2024-09-28 14:31,28496.87,三台县第2深加工基地,"105.083531,31.084613",物理清理->脱粒烘干->破碎加工->筛理分级,2024-09-30 17:31,2024-09-30 21:39,WH-CN-875,现代化圆筒仓,2024-10-01 04:39,2024-10-13 04:39,避光控温控制,LOG-CN-19468522159,重型散粮卡车,"通风良好, 严控高温",2024-10-13 14:39,2024-10-16 18:53,南京市,玄武区,118.79,32.06,2024-10-19 18:53
CN-AG-202407-10274,大麦,新疆维吾尔自治区,奇台县,89.552373,43.986458,2024-04-12,2024-04-12 [翻耕播种] -> 2024-05-07 [分蘖期施氮] -> 2024-06-01 [化学除草] -> 2024-06-26 [灌浆期监控],2024-07-23 13:55,25017.71,奇台县第5深加工基地,"89.587003,44.025592",杂质清理->脱壳处理->分级磨皮->包装,2024-07-25 18:55,2024-07-26 00:52,WH-CN-637,平房仓,2024-07-26 04:52,2024-09-12 04:52,避光控温控制,LOG-CN-78884884405,散装车,防霉通风,2024-09-12 15:52,2024-09-15 18:31,南京市,南京浦口区,118.62,32.05,2024-09-18 18:31
CN-AG-202409-10275,大豆,辽宁省,昌图县,124.166292,42.726941,2024-05-27,2024-05-27 [拌种包衣] -> 2024-06-21 [等距点播] -> 2024-07-16 [结荚期根外追肥] -> 2024-08-10 [食心虫绿色防控] -> 2024-09-04 [除草中耕],2024-09-27 08:56,32078.7,昌图县第3深加工基地,"124.118555,42.787676",磁选->破碎压胚->高温压榨->物理过滤->精炼,2024-10-01 10:56,2024-10-01 18:11,WH-CN-572,不锈钢储油罐区,2024-10-02 04:11,2024-11-14 04:11,准低温低氧控制,LOG-CN-66549629351,罐式车,"避光, 控温25℃下",2024-11-14 14:11,2024-11-17 22:36,北京市,朝阳区,116.48,39.92,2024-11-19 22:36
CN-AG-202406-10276,小麦,河南省,滑县,114.480867,35.629389,2023-10-26,2023-10-26 [深耕整地] -> 2023-12-03 [秋播种子处理] -> 2024-01-10 [越冬水灌溉] -> 2024-02-17 [拔节期追肥] -> 2024-03-26 [条锈病防治] -> 2024-05-03 [干热风防护],2024-06-15 15:05,20878.83,滑县第2深加工基地,"114.525165,35.567925",磁选除杂->着水润麦->多级研磨->高方筛理->包装,2024-06-16 18:05,2024-06-17 03:13,WH-CN-565,钢板筒仓,2024-06-17 15:13,2024-07-05 15:13,准低温低氧控制,LOG-CN-44747057073,全封闭货车,"干燥, 禁止异味混载",2024-07-06 02:13,2024-07-09 11:14,南京市,江宁区,118.83,31.95,2024-07-10 11:14
CN-AG-202406-10277,小麦,河南省,唐河县,112.788468,32.703522,2023-10-15,2023-10-15 [深耕整地] -> 2023-11-22 [秋播种子处理] -> 2023-12-30 [越冬水灌溉] -> 2024-02-06 [拔节期追肥] -> 2024-03-15 [条锈病防治] -> 2024-04-22 [干热风防护],2024-06-03 09:45,36928.85,唐河县第5深加工基地,"112.824489,32.686317",磁选除杂->着水润麦->多级研磨->高方筛理->包装,2024-06-06 11:45,2024-06-06 18:43,WH-CN-992,钢板筒仓,2024-06-07 04:43,2024-07-19 04:43,准低温低氧控制,LOG-CN-32119467003,全封闭货车,"干燥, 禁止异味混载",2024-07-19 18:43,2024-07-22 18:45,广州市,白云区,113.27,23.15,2024-07-23 18:45
CN-AG-202410-10278,棉花,新疆维吾尔自治区,沙雅县,82.784437,41.186858,2024-04-15,2024-04-15 [覆膜播种] -> 2024-05-21 [人工打顶] -> 2024-06-26 [叶面喷施补硼] -> 2024-08-01 [枯萎病监测] -> 2024-09-06 [喷施脱叶剂],2024-10-14 12:19,34939.39,沙雅县第5深加工基地,"82.781602,41.221859",皮棉清理->锯齿轧花->纤维分级->压力打包,2024-10-17 15:19,2024-10-17 18:49,WH-CN-926,专业纤维库,2024-10-18 00:49,2024-11-09 00:49,避光控温控制,LOG-CN-91629077030,高栏平板车,"严禁烟火, 防静电, 干燥",2024-11-09 10:49,2024-11-10 12:18,北京市,丰台区,116.28,39.85,2024-11-12 12:18
CN-AG-202406-10279,小麦,安徽省,蒙城县,116.605295,33.210978,2023-11-01,2023-11-01 [深耕整地] -> 2023-12-09 [秋播种子处理] -> 2024-01-16 [越冬水灌溉] -> 2024-02-23 [拔节期追肥] -> 2024-04-01 [条锈病防治] -> 2024-05-09 [干热风防护],2024-06-19 15:29,6712.16,蒙城县第2深加工基地,"116.55259,33.255312",磁选除杂->着水润麦->多级研磨->高方筛理->包装,2024-06-23 17:29,2024-06-24 01:06,WH-CN-156,钢板筒仓,2024-06-24 05:06,2024-07-19 05:06,准低温低氧控制,LOG-CN-60050443078,全封闭货车,"干燥, 禁止异味混载",2024-07-19 19:06,2024-07-25 03:58,成都市,新都区,104.15,30.82,2024-07-26 03:58
CN-AG-202409-10280,大豆,黑龙江省,嫩江市,125.274678,49.21665,2024-05-16,2024-05-16 [拌种包衣] -> 2024-06-10 [等距点播] -> 2024-07-05 [结荚期根外追肥] -> 2024-07-30 [食心虫绿色防控] -> 2024-08-24 [除草中耕],2024-09-22 17:53,28132.36,嫩江市第5深加工基地,"125.22619,49.177243",磁选->破碎压胚->高温压榨->物理过滤->精炼,2024-09-25 21:53,2024-09-26 01:07,WH-CN-686,不锈钢储油罐区,2024-09-26 05:07,2024-10-12 05:07,准低温低氧控制,LOG-CN-86395904328,罐式车,"避光, 控温25℃下",2024-10-12 13:07,2024-10-17 03:25,南京市,玄武区,118.79,32.06,2024-10-20 03:25
CN-AG-202407-10281,大麦,新疆维吾尔自治区,奇台县,89.596103,44.038629,2024-03-25,2024-03-25 [翻耕播种] -> 2024-04-19 [分蘖期施氮] -> 2024-05-14 [化学除草] -> 2024-06-08 [灌浆期监控],2024-07-02 09:49,35079.28,奇台县第3深加工基地,"89.588169,44.01174",杂质清理->脱壳处理->分级磨皮->包装,2024-07-05 13:49,2024-07-05 19:33,WH-CN-639,平房仓,2024-07-06 00:33,2024-08-12 00:33,避光控温控制,LOG-CN-80496553429,散装车,防霉通风,2024-08-12 13:33,2024-08-14 06:40,上海市,闵行区,121.38,31.11,2024-08-17 06:40
CN-AG-202406-10282,小麦,内蒙古自治区,五原县,108.23117,41.084723,2023-10-13,2023-10-13 [深耕整地] -> 2023-11-20 [秋播种子处理] -> 2023-12-28 [越冬水灌溉] -> 2024-02-04 [拔节期追肥] -> 2024-03-13 [条锈病防治] -> 2024-04-20 [干热风防护],2024-06-04 17:46,37448.69,五原县第5深加工基地,"108.259918,41.104468",磁选除杂->着水润麦->多级研磨->高方筛理->包装,2024-06-05 22:46,2024-06-06 07:26,WH-CN-676,钢板筒仓,2024-06-06 15:26,2024-07-13 15:26,准低温低氧控制,LOG-CN-80851485287,全封闭货车,"干燥, 禁止异味混载",2024-07-14 05:26,2024-07-18 07:05,武汉市,江岸区,114.3,30.59,2024-07-20 07:05
CN-AG-202405-10283,油菜籽,四川省,安岳县,105.296422,30.049726,2023-10-25,2023-10-25 [育苗移栽] -> 2023-12-16 [越冬防冻肥] -> 2024-02-06 [薹期水肥调节] -> 2024-03-29 [菌核病无人机防治],2024-05-26 10:56,32984.75,安岳县第4深加工基地,"105.321523,30.103665",多级筛选->炒籽->螺旋压榨->精制过滤,2024-05-28 14:56,2024-05-28 19:05,WH-CN-523,恒温罐区,2024-05-28 23:05,2024-06-14 23:05,避光控温控制,LOG-CN-53145060432,罐式车,"避光, 防氧化",2024-06-15 06:05,2024-06-20 04:59,北京市,海淀区,116.3,39.96,2024-06-21 04:59
CN-AG-202408-10284,花生,山东省,莒南县,118.829418,35.212145,2024-04-24,2024-04-24 [清棵蹲苗] -> 2024-05-18 [培土迎葑] -> 2024-06-11 [钙镁肥补充] -> 2024-07-05 [下针期控旺] -> 2024-07-29 [地下虫害防治],2024-08-21 11:44,18861.73,莒南县第5深加工基地,"118.831848,35.169612",剥壳分选->烘炒->压榨提取->物理精炼,2024-08-24 13:44,2024-08-24 18:51,WH-CN-730,避光库房,2024-08-25 02:51,2024-10-06 02:51,避光控温控制,LOG-CN-14123653209,厢式货车,避光防潮,2024-10-06 09:51,2024-10-11 01:12,武汉市,洪山区,114.34,30.5,2024-10-13 01:12
CN-AG-202406-10285,小麦,新疆维吾尔自治区,奇台县,89.571737,44.058962,2023-11-05,2023-11-05 [深耕整地] -> 2023-12-13 [秋播种子处理] -> 2024-01-20 [越冬水灌溉] -> 2024-02-27 [拔节期追肥] -> 2024-04-05 [条锈病防治] -> 2024-05-13 [干热风防护],2024-06-27 13:59,21186.45,奇台县第4深加工基地,"89.591315,44.02356",磁选除杂->着水润麦->多级研磨->高方筛理->包装,2024-07-01 18:59,2024-07-02 04:17,WH-CN-860,钢板筒仓,2024-07-02 08:17,2024-07-20 08:17,准低温低氧控制,LOG-CN-50892698123,全封闭货车,"干燥, 禁止异味混载",2024-07-20 21:17,2024-07-24 18:14,西安市,雁塔区,108.94,34.21,2024-07-26 18:14
CN-AG-202405-10286,油菜籽,湖南省,安乡县,112.215436,29.382043,2023-10-10,2023-10-10 [育苗移栽] -> 2023-12-01 [越冬防冻肥] -> 2024-01-22 [薹期水肥调节] -> 2024-03-14 [菌核病无人机防治],2024-05-07 17:43,18634.82,安乡县第5深加工基地,"112.173169,29.415949",多级筛选->炒籽->螺旋压榨->精制过滤,2024-05-10 19:43,2024-05-10 23:29,WH-CN-219,恒温罐区,2024-05-11 07:29,2024-05-22 07:29,避光控温控制,LOG-CN-51882546292,罐式车,"避光, 防氧化",2024-05-22 21:29,2024-05-24 19:05,武汉市,江岸区,114.3,30.59,2024-05-27 19:05
CN-AG-202406-10287,小麦,河南省,唐河县,112.874075,32.72207,2023-10-30,2023-10-30 [深耕整地] -> 2023-12-07 [秋播种子处理] -> 2024-01-14 [越冬水灌溉] -> 2024-02-21 [拔节期追肥] -> 2024-03-30 [条锈病防治] -> 2024-05-07 [干热风防护],2024-06-14 09:31,32222.66,唐河县第1深加工基地,"112.83674,32.684167",磁选除杂->着水润麦->多级研磨->高方筛理->包装,2024-06-17 14:31,2024-06-18 00:05,WH-CN-554,钢板筒仓,2024-06-18 08:05,2024-07-11 08:05,准低温低氧控制,LOG-CN-12173230664,全封闭货车,"干燥, 禁止异味混载",2024-07-11 15:05,2024-07-14 14:55,成都市,武侯区,104.04,30.64,2024-07-15 14:55
CN-AG-202409-10288,水稻,安徽省,寿县,116.801617,32.593697,2024-04-21,2024-04-21 [播种育秧] -> 2024-05-14 [田间底肥] -> 2024-06-06 [插秧作业] -> 2024-06-29 [分蘖期灌溉] -> 2024-07-22 [除草控虫] -> 2024-08-14 [晒田补肥],2024-09-11 15:46,35268.36,寿县第1深加工基地,"116.785054,32.572372",清理去石->砻谷脱壳->糙米碾白->抛光->色选->包装,2024-09-14 19:46,2024-09-14 23:29,WH-CN-104,平房仓(准低温),2024-09-15 04:29,2024-10-28 04:29,准低温低氧控制,LOG-CN-95247043558,散粮车,"防潮, 湿度<14%",2024-10-28 10:29,2024-10-31 20:53,广州市,天河区,113.33,23.13,2024-11-03 20:53
CN-AG-202407-10289,大麦,吉林省,前郭县,124.855704,45.069033,2024-03-19,2024-03-19 [翻耕播种] -> 2024-04-13 [分蘖期施氮] -> 2024-05-08 [化学除草] -> 2024-06-02 [灌浆期监控],2024-07-02 09:33,23629.65,前郭县第4深加工基地,"124.800585,45.117437",杂质清理->脱壳处理->分级磨皮->包装,2024-07-05 11:33,2024-07-05 18:58,WH-CN-787,平房仓,2024-07-06 02:58,2024-08-25 02:58,避光控温控制,LOG-CN-44865044881,散装车,防霉通风,2024-08-25 11:58,2024-08-27 12:16,深圳市,南山区,113.93,22.54,2024-08-29 12:16
CN-AG-202411-10290,棉花,新疆维吾尔自治区,沙雅县,82.735464,41.259098,2024-05-05,2024-05-05 [覆膜播种] -> 2024-06-10 [人工打顶] -> 2024-07-16 [叶面喷施补硼] -> 2024-08-21 [枯萎病监测] -> 2024-09-26 [喷施脱叶剂],2024-11-04 08:39,25092.9,沙雅县第2深加工基地,"82.78487,41.216702",皮棉清理->锯齿轧花->纤维分级->压力打包,2024-11-05 11:39,2024-11-05 18:46,WH-CN-172,专业纤维库,2024-11-06 03:46,2024-12-21 03:46,避光控温控制,LOG-CN-92941735060,高栏平板车,"严禁烟火, 防静电, 干燥",2024-12-21 11:46,2024-12-26 06:37,武汉市,江岸区,114.3,30.59,2024-12-28 06:37
CN-AG-202408-10291,花生,山东省,平度市,119.988156,36.739291,2024-04-02,2024-04-02 [清棵蹲苗] -> 2024-04-26 [培土迎葑] -> 2024-05-20 [钙镁肥补充] -> 2024-06-13 [下针期控旺] -> 2024-07-07 [地下虫害防治],2024-08-05 08:30,27031.47,平度市第4深加工基地,"119.950149,36.786643",剥壳分选->烘炒->压榨提取->物理精炼,2024-08-06 10:30,2024-08-06 16:16,WH-CN-731,避光库房,2024-08-06 20:16,2024-08-21 20:16,避光控温控制,LOG-CN-50182100458,厢式货车,避光防潮,2024-08-22 04:16,2024-08-26 22:54,南京市,江宁区,118.83,31.95,2024-08-29 22:54
CN-AG-202406-10292,小麦,山东省,平度市,119.924445,36.720766,2023-11-11,2023-11-11 [深耕整地] -> 2023-12-19 [秋播种子处理] -> 2024-01-26 [越冬水灌溉] -> 2024-03-04 [拔节期追肥] -> 2024-04-11 [条锈病防治] -> 2024-05-19 [干热风防护],2024-06-25 15:36,14031.85,平度市第3深加工基地,"119.959624,36.782339",磁选除杂->着水润麦->多级研磨->高方筛理->包装,2024-06-26 20:36,2024-06-26 23:55,WH-CN-501,钢板筒仓,2024-06-27 10:55,2024-07-26 10:55,准低温低氧控制,LOG-CN-71524380415,全封闭货车,"干燥, 禁止异味混载",2024-07-26 19:55,2024-07-29 00:04,西安市,未央区,108.94,34.29,2024-08-01 00:04
CN-AG-202406-10293,小麦,安徽省,蒙城县,116.531176,33.275818,2023-10-28,2023-10-28 [深耕整地] -> 2023-12-05 [秋播种子处理] -> 2024-01-12 [越冬水灌溉] -> 2024-02-19 [拔节期追肥] -> 2024-03-28 [条锈病防治] -> 2024-05-05 [干热风防护],2024-06-16 09:22,32886.52,蒙城县第3深加工基地,"116.5608,33.26268",磁选除杂->着水润麦->多级研磨->高方筛理->包装,2024-06-20 12:22,2024-06-20 17:16,WH-CN-669,钢板筒仓,2024-06-21 02:16,2024-08-08 02:16,准低温低氧控制,LOG-CN-21379307170,全封闭货车,"干燥, 禁止异味混载",2024-08-08 09:16,2024-08-11 13:08,广州市,番禺区,113.38,22.93,2024-08-14 13:08
CN-AG-202406-10294,小麦,河南省,正阳县,114.332838,32.633581,2023-10-29,2023-10-29 [深耕整地] -> 2023-12-06 [秋播种子处理] -> 2024-01-13 [越冬水灌溉] -> 2024-02-20 [拔节期追肥] -> 2024-03-29 [条锈病防治] -> 2024-05-06 [干热风防护],2024-06-19 14:15,20090.2,正阳县第4深加工基地,"114.380825,32.605221",磁选除杂->着水润麦->多级研磨->高方筛理->包装,2024-06-21 20:15,2024-06-22 00:06,WH-CN-680,钢板筒仓,2024-06-22 11:06,2024-07-26 11:06,准低温低氧控制,LOG-CN-56331215707,全封闭货车,"干燥, 禁止异味混载",2024-07-26 20:06,2024-08-01 04:50,上海市,闵行区,121.38,31.11,2024-08-04 04:50
CN-AG-202406-10295,小麦,湖北省,枣阳市,112.731025,32.185559,2023-11-01,2023-11-01 [深耕整地] -> 2023-12-09 [秋播种子处理] -> 2024-01-16 [越冬水灌溉] -> 2024-02-23 [拔节期追肥] -> 2024-04-01 [条锈病防治] -> 2024-05-09 [干热风防护],2024-06-22 09:47,25939.07,枣阳市第5深加工基地,"112.758641,32.132652",磁选除杂->着水润麦->多级研磨->高方筛理->包装,2024-06-26 11:47,2024-06-26 19:20,WH-CN-889,钢板筒仓,2024-06-27 06:20,2024-07-27 06:20,准低温低氧控制,LOG-CN-65060904056,全封闭货车,"干燥, 禁止异味混载",2024-07-27 14:20,2024-07-30 05:45,上海市,闵行区,121.38,31.11,2024-07-31 05:45
CN-AG-202408-10296,花生,河南省,唐河县,112.882467,32.632301,2024-04-08,2024-04-08 [清棵蹲苗] -> 2024-05-02 [培土迎葑] -> 2024-05-26 [钙镁肥补充] -> 2024-06-19 [下针期控旺] -> 2024-07-13 [地下虫害防治],2024-08-03 11:52,12198.16,唐河县第3深加工基地,"112.821357,32.683758",剥壳分选->烘炒->压榨提取->物理精炼,2024-08-04 14:52,2024-08-04 23:00,WH-CN-406,避光库房,2024-08-05 05:00,2024-09-12 05:00,避光控温控制,LOG-CN-87692897816,厢式货车,避光防潮,2024-09-12 20:00,2024-09-16 21:28,成都市,龙泉驿区,104.27,30.55,2024-09-17 21:28
CN-AG-202409-10297,大豆,黑龙江省,五常市,127.174981,44.906116,2024-05-26,2024-05-26 [拌种包衣] -> 2024-06-20 [等距点播] -> 2024-07-15 [结荚期根外追肥] -> 2024-08-09 [食心虫绿色防控] -> 2024-09-03 [除草中耕],2024-09-28 12:03,25655.74,五常市第3深加工基地,"127.151643,44.921347",磁选->破碎压胚->高温压榨->物理过滤->精炼,2024-09-29 14:03,2024-09-29 22:33,WH-CN-828,不锈钢储油罐区,2024-09-30 10:33,2024-11-01 10:33,准低温低氧控制,LOG-CN-63183676426,罐式车,"避光, 控温25℃下",2024-11-01 16:33,2024-11-03 23:00,上海市,闵行区,121.38,31.11,2024-11-06 23:00
CN-AG-202409-10298,玉米,河北省,藁城区,114.85451,38.011506,2024-06-07,2024-06-07 [免耕直播] -> 2024-06-29 [苗期中耕] -> 2024-07-21 [喇叭口期追肥] -> 2024-08-12 [大斑病防治] -> 2024-09-03 [人工授粉辅助],2024-09-22 10:30,27693.62,藁城区第2深加工基地,"114.847431,38.020915",物理清理->脱粒烘干->破碎加工->筛理分级,2024-09-24 16:30,2024-09-24 22:16,WH-CN-838,现代化圆筒仓,2024-09-25 07:16,2024-10-31 07:16,避光控温控制,LOG-CN-78225077405,重型散粮卡车,"通风良好, 严控高温",2024-10-31 15:16,2024-11-02 08:16,广州市,白云区,113.27,23.15,2024-11-03 08:16
CN-AG-202409-10299,玉米,广西壮族自治区,宾阳县,108.866265,23.266819,2024-05-15,2024-05-15 [免耕直播] -> 2024-06-06 [苗期中耕] -> 2024-06-28 [喇叭口期追肥] -> 2024-07-20 [大斑病防治] -> 2024-08-11 [人工授粉辅助],2024-09-03 10:41,11502.69,宾阳县第5深加工基地,"108.802602,23.214993",物理清理->脱粒烘干->破碎加工->筛理分级,2024-09-07 16:41,2024-09-07 22:48,WH-CN-107,现代化圆筒仓,2024-09-08 04:48,2024-10-17 04:48,避光控温控制,LOG-CN-76906736386,重型散粮卡车,"通风良好, 严控高温",2024-10-17 17:48,2024-10-20 19:10,南京市,南京浦口区,118.62,32.05,2024-10-21 19:10
CN-AG-202406-10300,小麦,甘肃省,永昌县,101.91295,38.270992,2023-11-06,2023-11-06 [深耕整地] -> 2023-12-14 [秋播种子处理] -> 2024-01-21 [越冬水灌溉] -> 2024-02-28 [拔节期追肥] -> 2024-04-06 [条锈病防治] -> 2024-05-14 [干热风防护],2024-06-18 17:23,23424.28,永昌县第3深加工基地,"101.966472,38.230442",磁选除杂->着水润麦->多级研磨->高方筛理->包装,2024-06-19 23:23,2024-06-20 06:00,WH-CN-576,钢板筒仓,2024-06-20 15:00,2024-07-07 15:00,准低温低氧控制,LOG-CN-20810216015,全封闭货车,"干燥, 禁止异味混载",2024-07-07 22:00,2024-07-09 16:46,西安市,长安区,108.87,34.15,2024-07-12 16:46
CN-AG-202409-10301,水稻,湖北省,监利市,112.932449,29.828637,2024-04-24,2024-04-24 [播种育秧] -> 2024-05-17 [田间底肥] -> 2024-06-09 [插秧作业] -> 2024-07-02 [分蘖期灌溉] -> 2024-07-25 [除草控虫] -> 2024-08-17 [晒田补肥],2024-09-16 09:43,25088.79,监利市第3深加工基地,"112.898918,29.833666",清理去石->砻谷脱壳->糙米碾白->抛光->色选->包装,2024-09-19 15:43,2024-09-19 18:40,WH-CN-531,平房仓(准低温),2024-09-20 03:40,2024-11-03 03:40,准低温低氧控制,LOG-CN-49920080100,散粮车,"防潮, 湿度<14%",2024-11-03 16:40,2024-11-07 10:37,北京市,海淀区,116.3,39.96,2024-11-09 10:37
CN-AG-202411-10302,棉花,新疆维吾尔自治区,玛纳斯县,86.269655,44.272835,2024-06-02,2024-06-02 [覆膜播种] -> 2024-07-08 [人工打顶] -> 2024-08-13 [叶面喷施补硼] -> 2024-09-18 [枯萎病监测] -> 2024-10-24 [喷施脱叶剂],2024-11-24 17:16,7690.18,玛纳斯县第3深加工基地,"86.209028,44.298524",皮棉清理->锯齿轧花->纤维分级->压力打包,2024-11-28 23:16,2024-11-29 03:12,WH-CN-358,专业纤维库,2024-11-29 07:12,2024-12-27 07:12,避光控温控制,LOG-CN-92173628268,高栏平板车,"严禁烟火, 防静电, 干燥",2024-12-27 20:12,2024-12-29 06:20,北京市,海淀区,116.3,39.96,2025-01-01 06:20
CN-AG-202411-10303,棉花,甘肃省,瓜州县,95.805377,40.469635,2024-05-08,2024-05-08 [覆膜播种] -> 2024-06-13 [人工打顶] -> 2024-07-19 [叶面喷施补硼] -> 2024-08-24 [枯萎病监测] -> 2024-09-29 [喷施脱叶剂],2024-11-01 09:38,16999.68,瓜州县第1深加工基地,"95.764415,40.513874",皮棉清理->锯齿轧花->纤维分级->压力打包,2024-11-03 14:38,2024-11-03 20:17,WH-CN-248,专业纤维库,2024-11-04 02:17,2024-11-30 02:17,避光控温控制,LOG-CN-30709145911,高栏平板车,"严禁烟火, 防静电, 干燥",2024-11-30 10:17,2024-12-05 16:50,深圳市,南山区,113.93,22.54,2024-12-06 16:50
CN-AG-202410-10304,玉米,安徽省,蒙城县,116.58166,33.209886,2024-06-15,2024-06-15 [免耕直播] -> 2024-07-07 [苗期中耕] -> 2024-07-29 [喇叭口期追肥] -> 2024-08-20 [大斑病防治] -> 2024-09-11 [人工授粉辅助],2024-10-08 15:46,21668.12,蒙城县第4深加工基地,"116.555465,33.26309",物理清理->脱粒烘干->破碎加工->筛理分级,2024-10-10 18:46,2024-10-11 02:11,WH-CN-864,现代化圆筒仓,2024-10-11 11:11,2024-10-24 11:11,避光控温控制,LOG-CN-86976376332,重型散粮卡车,"通风良好, 严控高温",2024-10-24 17:11,2024-10-26 14:40,成都市,武侯区,104.04,30.64,2024-10-28 14:40
CN-AG-202409-10305,大豆,内蒙古自治区,突泉县,121.528127,46.384104,2024-05-11,2024-05-11 [拌种包衣] -> 2024-06-05 [等距点播] -> 2024-06-30 [结荚期根外追肥] -> 2024-07-25 [食心虫绿色防控] -> 2024-08-19 [除草中耕],2024-09-16 12:09,27309.85,突泉县第4深加工基地,"121.578872,46.328647",磁选->破碎压胚->高温压榨->物理过滤->精炼,2024-09-20 14:09,2024-09-20 19:06,WH-CN-725,不锈钢储油罐区,2024-09-21 06:06,2024-10-25 06:06,准低温低氧控制,LOG-CN-99842306345,罐式车,"避光, 控温25℃下",2024-10-25 12:06,2024-10-27 01:04,武汉市,东西湖区,114.13,30.62,2024-10-30 01:04
CN-AG-202411-10306,棉花,甘肃省,瓜州县,95.786623,40.500367,2024-05-08,2024-05-08 [覆膜播种] -> 2024-06-13 [人工打顶] -> 2024-07-19 [叶面喷施补硼] -> 2024-08-24 [枯萎病监测] -> 2024-09-29 [喷施脱叶剂],2024-11-09 09:16,15964.44,瓜州县第1深加工基地,"95.765484,40.507952",皮棉清理->锯齿轧花->纤维分级->压力打包,2024-11-13 14:16,2024-11-13 23:21,WH-CN-788,专业纤维库,2024-11-14 06:21,2024-12-31 06:21,避光控温控制,LOG-CN-10291851443,高栏平板车,"严禁烟火, 防静电, 干燥",2024-12-31 17:21,2025-01-05 08:05,深圳市,宝安区,113.88,22.55,2025-01-06 08:05
CN-AG-202408-10307,花生,河北省,大名县,115.13912,36.338077,2024-04-26,2024-04-26 [清棵蹲苗] -> 2024-05-20 [培土迎葑] -> 2024-06-13 [钙镁肥补充] -> 2024-07-07 [下针期控旺] -> 2024-07-31 [地下虫害防治],2024-08-22 15:22,38267.11,大名县第1深加工基地,"115.144599,36.287882",剥壳分选->烘炒->压榨提取->物理精炼,2024-08-25 19:22,2024-08-25 23:30,WH-CN-825,避光库房,2024-08-26 03:30,2024-09-06 03:30,避光控温控制,LOG-CN-26998601554,厢式货车,避光防潮,2024-09-06 18:30,2024-09-11 07:27,上海市,浦东新区,121.54,31.22,2024-09-12 07:27
CN-AG-202410-10308,水稻,吉林省,前郭县,124.753736,45.075573,2024-06-07,2024-06-07 [播种育秧] -> 2024-06-30 [田间底肥] -> 2024-07-23 [插秧作业] -> 2024-08-15 [分蘖期灌溉] -> 2024-09-07 [除草控虫] -> 2024-09-30 [晒田补肥],2024-10-22 17:51,29227.75,前郭县第3深加工基地,"124.807371,45.113033",清理去石->砻谷脱壳->糙米碾白->抛光->色选->包装,2024-10-23 20:51,2024-10-24 01:30,WH-CN-363,平房仓(准低温),2024-10-24 09:30,2024-12-02 09:30,准低温低氧控制,LOG-CN-44677553341,散粮车,"防潮, 湿度<14%",2024-12-02 22:30,2024-12-05 10:19,上海市,宝山区,121.48,31.4,2024-12-07 10:19
CN-AG-202410-10309,水稻,吉林省,榆树市,126.546785,44.863723,2024-05-25,2024-05-25 [播种育秧] -> 2024-06-17 [田间底肥] -> 2024-07-10 [插秧作业] -> 2024-08-02 [分蘖期灌溉] -> 2024-08-25 [除草控虫] -> 2024-09-17 [晒田补肥],2024-10-11 08:16,31904.76,榆树市第2深加工基地,"126.543711,44.829364",清理去石->砻谷脱壳->糙米碾白->抛光->色选->包装,2024-10-13 13:16,2024-10-13 16:21,WH-CN-728,平房仓(准低温),2024-10-14 03:21,2024-11-05 03:21,准低温低氧控制,LOG-CN-25648018282,散粮车,"防潮, 湿度<14%",2024-11-05 16:21,2024-11-07 05:30,南京市,玄武区,118.79,32.06,2024-11-10 05:30
CN-AG-202408-10310,花生,江苏省,东海县,118.803192,34.584235,2024-03-31,2024-03-31 [清棵蹲苗] -> 2024-04-24 [培土迎葑] -> 2024-05-18 [钙镁肥补充] -> 2024-06-11 [下针期控旺] -> 2024-07-05 [地下虫害防治],2024-08-02 09:04,16544.08,东海县第4深加工基地,"118.776896,34.545418",剥壳分选->烘炒->压榨提取->物理精炼,2024-08-05 14:04,2024-08-05 16:43,WH-CN-688,避光库房,2024-08-06 03:43,2024-08-25 03:43,避光控温控制,LOG-CN-78735384228,厢式货车,避光防潮,2024-08-25 15:43,2024-08-28 01:52,北京市,朝阳区,116.48,39.92,2024-08-31 01:52
CN-AG-202410-10311,玉米,安徽省,蒙城县,116.575146,33.291323,2024-06-27,2024-06-27 [免耕直播] -> 2024-07-19 [苗期中耕] -> 2024-08-10 [喇叭口期追肥] -> 2024-09-01 [大斑病防治] -> 2024-09-23 [人工授粉辅助],2024-10-13 09:34,39895.55,蒙城县第1深加工基地,"116.550651,33.252625",物理清理->脱粒烘干->破碎加工->筛理分级,2024-10-14 14:34,2024-10-14 22:56,WH-CN-474,现代化圆筒仓,2024-10-15 09:56,2024-11-01 09:56,避光控温控制,LOG-CN-57076816645,重型散粮卡车,"通风良好, 严控高温",2024-11-01 19:56,2024-11-04 22:59,武汉市,江岸区,114.3,30.59,2024-11-07 22:59
CN-AG-202407-10312,大麦,吉林省,前郭县,124.823998,45.160502,2024-04-09,2024-04-09 [翻耕播种] -> 2024-05-04 [分蘖期施氮] -> 2024-05-29 [化学除草] -> 2024-06-23 [灌浆期监控],2024-07-21 11:11,20329.43,前郭县第2深加工基地,"124.80963,45.115931",杂质清理->脱壳处理->分级磨皮->包装,2024-07-22 16:11,2024-07-23 00:19,WH-CN-243,平房仓,2024-07-23 07:19,2024-08-21 07:19,避光控温控制,LOG-CN-35923126782,散装车,防霉通风,2024-08-21 18:19,2024-08-25 08:24,南京市,玄武区,118.79,32.06,2024-08-28 08:24
CN-AG-202410-10313,玉米,黑龙江省,富锦市,131.985022,47.204077,2024-06-22,2024-06-22 [免耕直播] -> 2024-07-14 [苗期中耕] -> 2024-08-05 [喇叭口期追肥] -> 2024-08-27 [大斑病防治] -> 2024-09-18 [人工授粉辅助],2024-10-13 09:50,6498.51,富锦市第1深加工基地,"132.028606,47.253711",物理清理->脱粒烘干->破碎加工->筛理分级,2024-10-16 14:50,2024-10-16 21:53,WH-CN-316,现代化圆筒仓,2024-10-17 08:53,2024-10-28 08:53,避光控温控制,LOG-CN-99365829929,重型散粮卡车,"通风良好, 严控高温",2024-10-28 14:53,2024-10-31 10:43,北京市,海淀区,116.3,39.96,2024-11-03 10:43
CN-AG-202409-10314,玉米,广西壮族自治区,宾阳县,108.808991,23.174063,2024-06-10,2024-06-10 [免耕直播] -> 2024-07-02 [苗期中耕] -> 2024-07-24 [喇叭口期追肥] -> 2024-08-15 [大斑病防治] -> 2024-09-06 [人工授粉辅助],2024-09-24 17:14,6748.53,宾阳县第3深加工基地,"108.811639,23.201284",物理清理->脱粒烘干->破碎加工->筛理分级,2024-09-25 20:14,2024-09-26 02:54,WH-CN-940,现代化圆筒仓,2024-09-26 06:54,2024-11-05 06:54,避光控温控制,LOG-CN-26293804995,重型散粮卡车,"通风良好, 严控高温",2024-11-05 14:54,2024-11-06 16:05,北京市,朝阳区,116.48,39.92,2024-11-09 16:05
CN-AG-202410-10315,棉花,江苏省,射阳县,120.285707,33.722279,2024-04-28,2024-04-28 [覆膜播种] -> 2024-06-03 [人工打顶] -> 2024-07-09 [叶面喷施补硼] -> 2024-08-14 [枯萎病监测] -> 2024-09-19 [喷施脱叶剂],2024-10-27 09:07,25158.85,射阳县第2深加工基地,"120.249104,33.746207",皮棉清理->锯齿轧花->纤维分级->压力打包,2024-10-29 11:07,2024-10-29 20:28,WH-CN-429,专业纤维库,2024-10-30 03:28,2024-12-06 03:28,避光控温控制,LOG-CN-39176149509,高栏平板车,"严禁烟火, 防静电, 干燥",2024-12-06 15:28,2024-12-09 08:35,武汉市,东西湖区,114.13,30.62,2024-12-12 08:35
CN-AG-202409-10316,大豆,黑龙江省,嫩江市,125.168694,49.111394,2024-05-04,2024-05-04 [拌种包衣] -> 2024-05-29 [等距点播] -> 2024-06-23 [结荚期根外追肥] -> 2024-07-18 [食心虫绿色防控] -> 2024-08-12 [除草中耕],2024-09-03 09:17,8498.87,嫩江市第5深加工基地,"125.219599,49.16785",磁选->破碎压胚->高温压榨->物理过滤->精炼,2024-09-07 12:17,2024-09-07 20:43,WH-CN-485,不锈钢储油罐区,2024-09-08 05:43,2024-10-23 05:43,准低温低氧控制,LOG-CN-34814867785,罐式车,"避光, 控温25℃下",2024-10-23 14:43,2024-10-27 16:45,广州市,白云区,113.27,23.15,2024-10-28 16:45
CN-AG-202409-10317,大豆,黑龙江省,富锦市,132.005,47.262002,2024-05-03,2024-05-03 [拌种包衣] -> 2024-05-28 [等距点播] -> 2024-06-22 [结荚期根外追肥] -> 2024-07-17 [食心虫绿色防控] -> 2024-08-11 [除草中耕],2024-09-01 08:11,13373.88,富锦市第2深加工基地,"132.037202,47.2539",磁选->破碎压胚->高温压榨->物理过滤->精炼,2024-09-04 13:11,2024-09-04 21:36,WH-CN-725,不锈钢储油罐区,2024-09-05 08:36,2024-09-23 08:36,准低温低氧控制,LOG-CN-17265682663,罐式车,"避光, 控温25℃下",2024-09-23 18:36,2024-09-27 13:04,深圳市,福田区,114.05,22.54,2024-09-29 13:04
CN-AG-202410-10318,水稻,湖南省,桃源县,111.424754,28.933582,2024-06-03,2024-06-03 [播种育秧] -> 2024-06-26 [田间底肥] -> 2024-07-19 [插秧作业] -> 2024-08-11 [分蘖期灌溉] -> 2024-09-03 [除草控虫] -> 2024-09-26 [晒田补肥],2024-10-20 09:40,35195.59,桃源县第5深加工基地,"111.472099,28.89961",清理去石->砻谷脱壳->糙米碾白->抛光->色选->包装,2024-10-23 14:40,2024-10-23 17:12,WH-CN-619,平房仓(准低温),2024-10-24 05:12,2024-11-18 05:12,准低温低氧控制,LOG-CN-71071325965,散粮车,"防潮, 湿度<14%",2024-11-18 19:12,2024-11-20 07:51,深圳市,福田区,114.05,22.54,2024-11-22 07:51
CN-AG-202406-10319,小麦,四川省,安岳县,105.3884,30.069045,2023-10-19,2023-10-19 [深耕整地] -> 2023-11-26 [秋播种子处理] -> 2024-01-03 [越冬水灌溉] -> 2024-02-10 [拔节期追肥] -> 2024-03-19 [条锈病防治] -> 2024-04-26 [干热风防护],2024-06-02 11:07,13798.36,安岳县第5深加工基地,"105.329978,30.09285",磁选除杂->着水润麦->多级研磨->高方筛理->包装,2024-06-06 16:07,2024-06-06 20:07,WH-CN-924,钢板筒仓,2024-06-07 02:07,2024-06-19 02:07,准低温低氧控制,LOG-CN-16241221555,全封闭货车,"干燥, 禁止异味混载",2024-06-19 13:07,2024-06-22 01:20,北京市,丰台区,116.28,39.85,2024-06-24 01:20
CN-AG-202409-10320,玉米,辽宁省,昌图县,124.134296,42.794179,2024-05-16,2024-05-16 [免耕直播] -> 2024-06-07 [苗期中耕] -> 2024-06-29 [喇叭口期追肥] -> 2024-07-21 [大斑病防治] -> 2024-08-12 [人工授粉辅助],2024-09-06 08:31,13052.21,昌图县第1深加工基地,"124.100195,42.781193",物理清理->脱粒烘干->破碎加工->筛理分级,2024-09-07 10:31,2024-09-07 15:01,WH-CN-433,现代化圆筒仓,2024-09-08 02:01,2024-10-25 02:01,避光控温控制,LOG-CN-23863218407,重型散粮卡车,"通风良好, 严控高温",2024-10-25 11:01,2024-10-30 10:44,武汉市,江岸区,114.3,30.59,2024-11-01 10:44
CN-AG-202406-10321,小麦,甘肃省,永昌县,101.972125,38.219175,2023-10-25,2023-10-25 [深耕整地] -> 2023-12-02 [秋播种子处理] -> 2024-01-09 [越冬水灌溉] -> 2024-02-16 [拔节期追肥] -> 2024-03-25 [条锈病防治] -> 2024-05-02 [干热风防护],2024-06-13 11:04,30193.74,永昌县第3深加工基地,"101.967013,38.231757",磁选除杂->着水润麦->多级研磨->高方筛理->包装,2024-06-17 13:04,2024-06-17 19:17,WH-CN-376,钢板筒仓,2024-06-18 01:17,2024-07-11 01:17,准低温低氧控制,LOG-CN-53818162133,全封闭货车,"干燥, 禁止异味混载",2024-07-11 13:17,2024-07-14 12:25,西安市,雁塔区,108.94,34.21,2024-07-16 12:25
CN-AG-202408-10322,花生,辽宁省,黑山县,122.069429,41.633984,2024-04-09,2024-04-09 [清棵蹲苗] -> 2024-05-03 [培土迎葑] -> 2024-05-27 [钙镁肥补充] -> 2024-06-20 [下针期控旺] -> 2024-07-14 [地下虫害防治],2024-08-09 10:07,38346.6,黑山县第2深加工基地,"122.112654,41.687938",剥壳分选->烘炒->压榨提取->物理精炼,2024-08-13 15:07,2024-08-13 19:04,WH-CN-691,避光库房,2024-08-14 04:04,2024-09-07 04:04,避光控温控制,LOG-CN-87181145735,厢式货车,避光防潮,2024-09-07 12:04,2024-09-12 17:54,成都市,新都区,104.15,30.82,2024-09-15 17:54
CN-AG-202410-10323,玉米,内蒙古自治区,突泉县,121.592736,46.338105,2024-07-12,2024-07-12 [免耕直播] -> 2024-08-03 [苗期中耕] -> 2024-08-25 [喇叭口期追肥] -> 2024-09-16 [大斑病防治] -> 2024-10-08 [人工授粉辅助],2024-10-28 16:31,36213.79,突泉县第5深加工基地,"121.564003,46.336012",物理清理->脱粒烘干->破碎加工->筛理分级,2024-11-01 21:31,2024-11-02 02:23,WH-CN-252,现代化圆筒仓,2024-11-02 06:23,2024-12-09 06:23,避光控温控制,LOG-CN-91233957958,重型散粮卡车,"通风良好, 严控高温",2024-12-09 17:23,2024-12-13 01:00,深圳市,福田区,114.05,22.54,2024-12-14 01:00
CN-AG-202409-10324,大豆,黑龙江省,五常市,127.102548,44.890098,2024-04-27,2024-04-27 [拌种包衣] -> 2024-05-22 [等距点播] -> 2024-06-16 [结荚期根外追肥] -> 2024-07-11 [食心虫绿色防控] -> 2024-08-05 [除草中耕],2024-09-02 15:46,31357.75,五常市第4深加工基地,"127.15413,44.932729",磁选->破碎压胚->高温压榨->物理过滤->精炼,2024-09-03 20:46,2024-09-04 03:47,WH-CN-323,不锈钢储油罐区,2024-09-04 13:47,2024-10-14 13:47,准低温低氧控制,LOG-CN-57814633961,罐式车,"避光, 控温25℃下",2024-10-15 02:47,2024-10-17 08:52,上海市,闵行区,121.38,31.11,2024-10-20 08:52
CN-AG-202406-10325,小麦,河南省,滑县,114.572345,35.51379,2023-10-16,2023-10-16 [深耕整地] -> 2023-11-23 [秋播种子处理] -> 2023-12-31 [越冬水灌溉] -> 2024-02-07 [拔节期追肥] -> 2024-03-16 [条锈病防治] -> 2024-04-23 [干热风防护],2024-06-01 15:42,26938.38,滑县第1深加工基地,"114.520826,35.561039",磁选除杂->着水润麦->多级研磨->高方筛理->包装,2024-06-03 20:42,2024-06-04 06:31,WH-CN-981,钢板筒仓,2024-06-04 10:31,2024-07-13 10:31,准低温低氧控制,LOG-CN-21284189172,全封闭货车,"干燥, 禁止异味混载",2024-07-13 22:31,2024-07-15 22:21,西安市,雁塔区,108.94,34.21,2024-07-17 22:21
CN-AG-202409-10326,玉米,河北省,藁城区,114.884516,38.055087,2024-05-24,2024-05-24 [免耕直播] -> 2024-06-15 [苗期中耕] -> 2024-07-07 [喇叭口期追肥] -> 2024-07-29 [大斑病防治] -> 2024-08-20 [人工授粉辅助],2024-09-10 14:48,26669.67,藁城区第3深加工基地,"114.846035,38.034282",物理清理->脱粒烘干->破碎加工->筛理分级,2024-09-12 16:48,2024-09-13 00:35,WH-CN-475,现代化圆筒仓,2024-09-13 09:35,2024-09-26 09:35,避光控温控制,LOG-CN-96652113695,重型散粮卡车,"通风良好, 严控高温",2024-09-26 16:35,2024-09-29 17:58,武汉市,洪山区,114.34,30.5,2024-10-01 17:58
CN-AG-202405-10327,油菜籽,湖北省,钟祥市,112.617779,31.150734,2023-10-05,2023-10-05 [育苗移栽] -> 2023-11-26 [越冬防冻肥] -> 2024-01-17 [薹期水肥调节] -> 2024-03-09 [菌核病无人机防治],2024-05-05 13:15,14700.09,钟祥市第1深加工基地,"112.587896,31.161602",多级筛选->炒籽->螺旋压榨->精制过滤,2024-05-06 18:15,2024-05-07 03:02,WH-CN-481,恒温罐区,2024-05-07 10:02,2024-05-31 10:02,避光控温控制,LOG-CN-71612279028,罐式车,"避光, 防氧化",2024-05-31 20:02,2024-06-04 12:45,武汉市,江岸区,114.3,30.59,2024-06-06 12:45
CN-AG-202406-10328,小麦,安徽省,蒙城县,116.598076,33.265711,2023-11-03,2023-11-03 [深耕整地] -> 2023-12-11 [秋播种子处理] -> 2024-01-18 [越冬水灌溉] -> 2024-02-25 [拔节期追肥] -> 2024-04-03 [条锈病防治] -> 2024-05-11 [干热风防护],2024-06-23 16:43,15093.04,蒙城县第1深加工基地,"116.562872,33.259046",磁选除杂->着水润麦->多级研磨->高方筛理->包装,2024-06-26 21:43,2024-06-27 05:30,WH-CN-211,钢板筒仓,2024-06-27 14:30,2024-07-11 14:30,准低温低氧控制,LOG-CN-45067403882,全封闭货车,"干燥, 禁止异味混载",2024-07-11 21:30,2024-07-13 07:55,深圳市,南山区,113.93,22.54,2024-07-14 07:55
CN-AG-202410-10329,水稻,辽宁省,盘山县,122.067791,41.243168,2024-05-13,2024-05-13 [播种育秧] -> 2024-06-05 [田间底肥] -> 2024-06-28 [插秧作业] -> 2024-07-21 [分蘖期灌溉] -> 2024-08-13 [除草控虫] -> 2024-09-05 [晒田补肥],2024-10-05 11:33,5751.88,盘山县第2深加工基地,"122.031207,41.231633",清理去石->砻谷脱壳->糙米碾白->抛光->色选->包装,2024-10-06 15:33,2024-10-06 21:36,WH-CN-164,平房仓(准低温),2024-10-07 09:36,2024-10-25 09:36,准低温低氧控制,LOG-CN-43509288053,散粮车,"防潮, 湿度<14%",2024-10-25 21:36,2024-10-29 06:23,西安市,未央区,108.94,34.29,2024-11-01 06:23
CN-AG-202405-10330,油菜籽,湖北省,监利市,112.859145,29.799652,2023-10-17,2023-10-17 [育苗移栽] -> 2023-12-08 [越冬防冻肥] -> 2024-01-29 [薹期水肥调节] -> 2024-03-21 [菌核病无人机防治],2024-05-19 13:41,11010.8,监利市第3深加工基地,"112.894384,29.837436",多级筛选->炒籽->螺旋压榨->精制过滤,2024-05-22 18:41,2024-05-23 02:14,WH-CN-332,恒温罐区,2024-05-23 14:14,2024-07-07 14:14,避光控温控制,LOG-CN-59324448599,罐式车,"避光, 防氧化",2024-07-08 00:14,2024-07-12 00:22,西安市,未央区,108.94,34.29,2024-07-14 00:22
CN-AG-202406-10331,小麦,河南省,滑县,114.500427,35.627104,2023-10-29,2023-10-29 [深耕整地] -> 2023-12-06 [秋播种子处理] -> 2024-01-13 [越冬水灌溉] -> 2024-02-20 [拔节期追肥] -> 2024-03-29 [条锈病防治] -> 2024-05-06 [干热风防护],2024-06-12 12:29,25108.38,滑县第4深加工基地,"114.525794,35.563642",磁选除杂->着水润麦->多级研磨->高方筛理->包装,2024-06-14 18:29,2024-06-14 23:25,WH-CN-366,钢板筒仓,2024-06-15 05:25,2024-07-06 05:25,准低温低氧控制,LOG-CN-33062566251,全封闭货车,"干燥, 禁止异味混载",2024-07-06 14:25,2024-07-08 04:27,广州市,天河区,113.33,23.13,2024-07-10 04:27
CN-AG-202406-10332,小麦,内蒙古自治区,五原县,108.259783,41.119045,2023-10-24,2023-10-24 [深耕整地] -> 2023-12-01 [秋播种子处理] -> 2024-01-08 [越冬水灌溉] -> 2024-02-15 [拔节期追肥] -> 2024-03-24 [条锈病防治] -> 2024-05-01 [干热风防护],2024-06-12 10:23,10461.86,五原县第5深加工基地,"108.264384,41.101107",磁选除杂->着水润麦->多级研磨->高方筛理->包装,2024-06-14 16:23,2024-06-14 21:27,WH-CN-619,钢板筒仓,2024-06-15 02:27,2024-06-26 02:27,准低温低氧控制,LOG-CN-97322185447,全封闭货车,"干燥, 禁止异味混载",2024-06-26 10:27,2024-06-29 21:26,南京市,江宁区,118.83,31.95,2024-07-01 21:26
CN-AG-202410-10333,玉米,河南省,滑县,114.57956,35.537415,2024-07-10,2024-07-10 [免耕直播] -> 2024-08-01 [苗期中耕] -> 2024-08-23 [喇叭口期追肥] -> 2024-09-14 [大斑病防治] -> 2024-10-06 [人工授粉辅助],2024-10-25 17:42,19057.05,滑县第2深加工基地,"114.523007,35.579496",物理清理->脱粒烘干->破碎加工->筛理分级,2024-10-29 21:42,2024-10-30 06:04,WH-CN-556,现代化圆筒仓,2024-10-30 11:04,2024-12-09 11:04,避光控温控制,LOG-CN-20124928202,重型散粮卡车,"通风良好, 严控高温",2024-12-10 01:04,2024-12-11 15:23,北京市,朝阳区,116.48,39.92,2024-12-12 15:23
CN-AG-202406-10334,小麦,河南省,唐河县,112.851627,32.643945,2023-11-03,2023-11-03 [深耕整地] -> 2023-12-11 [秋播种子处理] -> 2024-01-18 [越冬水灌溉] -> 2024-02-25 [拔节期追肥] -> 2024-04-03 [条锈病防治] -> 2024-05-11 [干热风防护],2024-06-19 16:14,26111.02,唐河县第5深加工基地,"112.820613,32.671444",磁选除杂->着水润麦->多级研磨->高方筛理->包装,2024-06-21 18:14,2024-06-21 21:26,WH-CN-157,钢板筒仓,2024-06-22 09:26,2024-07-30 09:26,准低温低氧控制,LOG-CN-63090369370,全封闭货车,"干燥, 禁止异味混载",2024-07-30 21:26,2024-08-01 21:57,上海市,宝山区,121.48,31.4,2024-08-03 21:57
CN-AG-202411-10335,棉花,新疆维吾尔自治区,沙雅县,82.775515,41.190922,2024-05-18,2024-05-18 [覆膜播种] -> 2024-06-23 [人工打顶] -> 2024-07-29 [叶面喷施补硼] -> 2024-09-03 [枯萎病监测] -> 2024-10-09 [喷施脱叶剂],2024-11-13 13:00,15102.19,沙雅县第4深加工基地,"82.784543,41.227365",皮棉清理->锯齿轧花->纤维分级->压力打包,2024-11-16 17:00,2024-11-16 22:07,WH-CN-846,专业纤维库,2024-11-17 09:07,2025-01-01 09:07,避光控温控制,LOG-CN-69684707330,高栏平板车,"严禁烟火, 防静电, 干燥",2025-01-01 22:07,2025-01-06 20:33,上海市,浦东新区,121.54,31.22,2025-01-08 20:33
CN-AG-202408-10336,花生,辽宁省,黑山县,122.111059,41.719125,2024-04-06,2024-04-06 [清棵蹲苗] -> 2024-04-30 [培土迎葑] -> 2024-05-24 [钙镁肥补充] -> 2024-06-17 [下针期控旺] -> 2024-07-11 [地下虫害防治],2024-08-07 12:30,21174.2,黑山县第5深加工基地,"122.117421,41.686919",剥壳分选->烘炒->压榨提取->物理精炼,2024-08-10 14:30,2024-08-10 22:02,WH-CN-873,避光库房,2024-08-11 08:02,2024-08-26 08:02,避光控温控制,LOG-CN-31109214999,厢式货车,避光防潮,2024-08-26 18:02,2024-08-29 23:13,北京市,海淀区,116.3,39.96,2024-09-01 23:13
CN-AG-202409-10337,大豆,内蒙古自治区,阿荣旗,123.454813,48.178518,2024-05-13,2024-05-13 [拌种包衣] -> 2024-06-07 [等距点播] -> 2024-07-02 [结荚期根外追肥] -> 2024-07-27 [食心虫绿色防控] -> 2024-08-21 [除草中耕],2024-09-10 16:31,14193.7,阿荣旗第4深加工基地,"123.511574,48.127341",磁选->破碎压胚->高温压榨->物理过滤->精炼,2024-09-13 22:31,2024-09-14 03:36,WH-CN-227,不锈钢储油罐区,2024-09-14 14:36,2024-10-29 14:36,准低温低氧控制,LOG-CN-52488765107,罐式车,"避光, 控温25℃下",2024-10-29 20:36,2024-11-04 01:36,西安市,雁塔区,108.94,34.21,2024-11-05 01:36
CN-AG-202409-10338,花生,河北省,大名县,115.177031,36.272634,2024-05-30,2024-05-30 [清棵蹲苗] -> 2024-06-23 [培土迎葑] -> 2024-07-17 [钙镁肥补充] -> 2024-08-10 [下针期控旺] -> 2024-09-03 [地下虫害防治],2024-09-23 11:01,21661.42,大名县第1深加工基地,"115.157468,36.279733",剥壳分选->烘炒->压榨提取->物理精炼,2024-09-26 16:01,2024-09-26 19:05,WH-CN-482,避光库房,2024-09-27 04:05,2024-11-13 04:05,避光控温控制,LOG-CN-12470738735,厢式货车,避光防潮,2024-11-13 16:05,2024-11-16 01:45,西安市,长安区,108.87,34.15,2024-11-19 01:45
CN-AG-202405-10339,油菜籽,甘肃省,民乐县,100.800607,38.478084,2023-10-11,2023-10-11 [育苗移栽] -> 2023-12-02 [越冬防冻肥] -> 2024-01-23 [薹期水肥调节] -> 2024-03-15 [菌核病无人机防治],2024-05-05 13:29,23536.43,民乐县第1深加工基地,"100.811847,38.425537",多级筛选->炒籽->螺旋压榨->精制过滤,2024-05-08 16:29,2024-05-08 19:26,WH-CN-626,恒温罐区,2024-05-09 03:26,2024-06-11 03:26,避光控温控制,LOG-CN-34172204579,罐式车,"避光, 防氧化",2024-06-11 14:26,2024-06-12 20:44,南京市,南京浦口区,118.62,32.05,2024-06-14 20:44
CN-AG-202410-10340,玉米,辽宁省,昌图县,124.075279,42.829484,2024-07-05,2024-07-05 [免耕直播] -> 2024-07-27 [苗期中耕] -> 2024-08-18 [喇叭口期追肥] -> 2024-09-09 [大斑病防治] -> 2024-10-01 [人工授粉辅助],2024-10-28 13:52,18055.5,昌图县第4深加工基地,"124.112631,42.782459",物理清理->脱粒烘干->破碎加工->筛理分级,2024-10-31 17:52,2024-11-01 02:12,WH-CN-521,现代化圆筒仓,2024-11-01 11:12,2024-11-17 11:12,避光控温控制,LOG-CN-35386641086,重型散粮卡车,"通风良好, 严控高温",2024-11-17 17:12,2024-11-19 10:45,武汉市,洪山区,114.34,30.5,2024-11-21 10:45
CN-AG-202409-10341,玉米,辽宁省,昌图县,124.065788,42.807974,2024-06-01,2024-06-01 [免耕直播] -> 2024-06-23 [苗期中耕] -> 2024-07-15 [喇叭口期追肥] -> 2024-08-06 [大斑病防治] -> 2024-08-28 [人工授粉辅助],2024-09-17 11:53,17689.9,昌图县第4深加工基地,"124.118181,42.784316",物理清理->脱粒烘干->破碎加工->筛理分级,2024-09-18 16:53,2024-09-18 23:18,WH-CN-711,现代化圆筒仓,2024-09-19 04:18,2024-10-06 04:18,避光控温控制,LOG-CN-57116269933,重型散粮卡车,"通风良好, 严控高温",2024-10-06 17:18,2024-10-09 13:37,广州市,天河区,113.33,23.13,2024-10-12 13:37
CN-AG-202406-10342,大麦,新疆维吾尔自治区,奇台县,89.558505,43.981562,2024-03-19,2024-03-19 [翻耕播种] -> 2024-04-13 [分蘖期施氮] -> 2024-05-08 [化学除草] -> 2024-06-02 [灌浆期监控],2024-06-24 09:14,7720.74,奇台县第4深加工基地,"89.58362,44.029428",杂质清理->脱壳处理->分级磨皮->包装,2024-06-26 12:14,2024-06-26 17:21,WH-CN-875,平房仓,2024-06-26 23:21,2024-07-19 23:21,避光控温控制,LOG-CN-16147161098,散装车,防霉通风,2024-07-20 11:21,2024-07-25 04:09,广州市,天河区,113.33,23.13,2024-07-26 04:09
CN-AG-202409-10343,大豆,内蒙古自治区,阿荣旗,123.509073,48.162526,2024-05-29,2024-05-29 [拌种包衣] -> 2024-06-23 [等距点播] -> 2024-07-18 [结荚期根外追肥] -> 2024-08-12 [食心虫绿色防控] -> 2024-09-06 [除草中耕],2024-09-26 16:37,37203.43,阿荣旗第2深加工基地,"123.517415,48.114945",磁选->破碎压胚->高温压榨->物理过滤->精炼,2024-09-30 18:37,2024-09-30 23:16,WH-CN-701,不锈钢储油罐区,2024-10-01 03:16,2024-10-15 03:16,准低温低氧控制,LOG-CN-39640320353,罐式车,"避光, 控温25℃下",2024-10-15 09:16,2024-10-20 09:22,成都市,新都区,104.15,30.82,2024-10-21 09:22
CN-AG-202406-10344,大麦,新疆维吾尔自治区,奇台县,89.591778,44.013437,2024-02-25,2024-02-25 [翻耕播种] -> 2024-03-21 [分蘖期施氮] -> 2024-04-15 [化学除草] -> 2024-05-10 [灌浆期监控],2024-06-03 10:54,31713.54,奇台县第5深加工基地,"89.591859,44.017185",杂质清理->脱壳处理->分级磨皮->包装,2024-06-06 14:54,2024-06-06 18:46,WH-CN-322,平房仓,2024-06-07 06:46,2024-07-26 06:46,避光控温控制,LOG-CN-38844191332,散装车,防霉通风,2024-07-26 21:46,2024-07-28 05:52,深圳市,宝安区,113.88,22.55,2024-07-31 05:52
CN-AG-202406-10345,小麦,河南省,滑县,114.50693,35.529623,2023-11-09,2023-11-09 [深耕整地] -> 2023-12-17 [秋播种子处理] -> 2024-01-24 [越冬水灌溉] -> 2024-03-02 [拔节期追肥] -> 2024-04-09 [条锈病防治] -> 2024-05-17 [干热风防护],2024-06-24 09:59,22998.79,滑县第4深加工基地,"114.515163,35.579388",磁选除杂->着水润麦->多级研磨->高方筛理->包装,2024-06-28 13:59,2024-06-28 22:26,WH-CN-215,钢板筒仓,2024-06-29 04:26,2024-08-06 04:26,准低温低氧控制,LOG-CN-24234725395,全封闭货车,"干燥, 禁止异味混载",2024-08-06 15:26,2024-08-09 15:53,上海市,浦东新区,121.54,31.22,2024-08-10 15:53
CN-AG-202410-10346,棉花,江苏省,射阳县,120.229023,33.768808,2024-04-20,2024-04-20 [覆膜播种] -> 2024-05-26 [人工打顶] -> 2024-07-01 [叶面喷施补硼] -> 2024-08-06 [枯萎病监测] -> 2024-09-11 [喷施脱叶剂],2024-10-16 13:45,29046.63,射阳县第4深加工基地,"120.242617,33.755469",皮棉清理->锯齿轧花->纤维分级->压力打包,2024-10-17 15:45,2024-10-17 21:02,WH-CN-331,专业纤维库,2024-10-18 08:02,2024-11-04 08:02,避光控温控制,LOG-CN-68213625499,高栏平板车,"严禁烟火, 防静电, 干燥",2024-11-04 21:02,2024-11-09 01:49,南京市,江宁区,118.83,31.95,2024-11-11 01:49
CN-AG-202409-10347,玉米,河南省,滑县,114.514455,35.626379,2024-06-08,2024-06-08 [免耕直播] -> 2024-06-30 [苗期中耕] -> 2024-07-22 [喇叭口期追肥] -> 2024-08-13 [大斑病防治] -> 2024-09-04 [人工授粉辅助],2024-09-28 09:57,9172.62,滑县第4深加工基地,"114.51147,35.564721",物理清理->脱粒烘干->破碎加工->筛理分级,2024-10-01 12:57,2024-10-01 15:33,WH-CN-510,现代化圆筒仓,2024-10-02 02:33,2024-10-18 02:33,避光控温控制,LOG-CN-90294573011,重型散粮卡车,"通风良好, 严控高温",2024-10-18 16:33,2024-10-23 05:16,南京市,江宁区,118.83,31.95,2024-10-24 05:16
CN-AG-202409-10348,玉米,辽宁省,昌图县,124.112373,42.740371,2024-05-27,2024-05-27 [免耕直播] -> 2024-06-18 [苗期中耕] -> 2024-07-10 [喇叭口期追肥] -> 2024-08-01 [大斑病防治] -> 2024-08-23 [人工授粉辅助],2024-09-12 11:21,38012.88,昌图县第3深加工基地,"124.116578,42.77674",物理清理->脱粒烘干->破碎加工->筛理分级,2024-09-16 13:21,2024-09-16 17:50,WH-CN-587,现代化圆筒仓,2024-09-17 03:50,2024-10-28 03:50,避光控温控制,LOG-CN-94467734576,重型散粮卡车,"通风良好, 严控高温",2024-10-28 18:50,2024-11-01 22:07,成都市,新都区,104.15,30.82,2024-11-04 22:07
CN-AG-202410-10349,玉米,河北省,宁晋县,114.889846,37.611707,2024-06-21,2024-06-21 [免耕直播] -> 2024-07-13 [苗期中耕] -> 2024-08-04 [喇叭口期追肥] -> 2024-08-26 [大斑病防治] -> 2024-09-17 [人工授粉辅助],2024-10-05 15:06,22434.72,宁晋县第1深加工基地,"114.924136,37.622343",物理清理->脱粒烘干->破碎加工->筛理分级,2024-10-08 20:06,2024-10-09 02:50,WH-CN-283,现代化圆筒仓,2024-10-09 09:50,2024-11-28 09:50,避光控温控制,LOG-CN-93247774763,重型散粮卡车,"通风良好, 严控高温",2024-11-28 16:50,2024-12-03 14:53,广州市,天河区,113.33,23.13,2024-12-04 14:53
CN-AG-202409-10350,水稻,广西壮族自治区,桂平市,110.040114,23.350045,2024-04-27,2024-04-27 [播种育秧] -> 2024-05-20 [田间底肥] -> 2024-06-12 [插秧作业] -> 2024-07-05 [分蘖期灌溉] -> 2024-07-28 [除草控虫] -> 2024-08-20 [晒田补肥],2024-09-10 17:39,23985.33,桂平市第5深加工基地,"110.084728,23.380733",清理去石->砻谷脱壳->糙米碾白->抛光->色选->包装,2024-09-11 23:39,2024-09-12 08:41,WH-CN-659,平房仓(准低温),2024-09-12 19:41,2024-10-21 19:41,准低温低氧控制,LOG-CN-17576171591,散粮车,"防潮, 湿度<14%",2024-10-22 08:41,2024-10-25 23:13,深圳市,南山区,113.93,22.54,2024-10-27 23:13
CN-AG-202410-10351,水稻,江苏省,兴化市,119.846956,32.949657,2024-05-27,2024-05-27 [播种育秧] -> 2024-06-19 [田间底肥] -> 2024-07-12 [插秧作业] -> 2024-08-04 [分蘖期灌溉] -> 2024-08-27 [除草控虫] -> 2024-09-19 [晒田补肥],2024-10-15 13:54,15936.09,兴化市第4深加工基地,"119.856113,32.936883",清理去石->砻谷脱壳->糙米碾白->抛光->色选->包装,2024-10-19 18:54,2024-10-19 21:42,WH-CN-599,平房仓(准低温),2024-10-20 01:42,2024-11-10 01:42,准低温低氧控制,LOG-CN-26166304761,散粮车,"防潮, 湿度<14%",2024-11-10 09:42,2024-11-14 00:09,成都市,新都区,104.15,30.82,2024-11-15 00:09
CN-AG-202405-10352,油菜籽,湖南省,安乡县,112.214193,29.420243,2023-10-22,2023-10-22 [育苗移栽] -> 2023-12-13 [越冬防冻肥] -> 2024-02-03 [薹期水肥调节] -> 2024-03-26 [菌核病无人机防治],2024-05-16 16:54,7149.84,安乡县第5深加工基地,"112.162238,29.404117",多级筛选->炒籽->螺旋压榨->精制过滤,2024-05-17 21:54,2024-05-18 02:38,WH-CN-146,恒温罐区,2024-05-18 13:38,2024-07-04 13:38,避光控温控制,LOG-CN-58818359616,罐式车,"避光, 防氧化",2024-07-05 00:38,2024-07-10 02:56,南京市,南京浦口区,118.62,32.05,2024-07-12 02:56
CN-AG-202410-10353,水稻,湖南省,南县,112.34685,29.33237,2024-05-26,2024-05-26 [播种育秧] -> 2024-06-18 [田间底肥] -> 2024-07-11 [插秧作业] -> 2024-08-03 [分蘖期灌溉] -> 2024-08-26 [除草控虫] -> 2024-09-18 [晒田补肥],2024-10-13 09:27,7292.51,南县第3深加工基地,"112.408732,29.360623",清理去石->砻谷脱壳->糙米碾白->抛光->色选->包装,2024-10-16 14:27,2024-10-16 19:56,WH-CN-217,平房仓(准低温),2024-10-16 23:56,2024-11-10 23:56,准低温低氧控制,LOG-CN-32924792780,散粮车,"防潮, 湿度<14%",2024-11-11 09:56,2024-11-15 13:01,深圳市,福田区,114.05,22.54,2024-11-18 13:01
CN-AG-202409-10354,大豆,黑龙江省,富锦市,131.984653,47.194721,2024-05-10,2024-05-10 [拌种包衣] -> 2024-06-04 [等距点播] -> 2024-06-29 [结荚期根外追肥] -> 2024-07-24 [食心虫绿色防控] -> 2024-08-18 [除草中耕],2024-09-15 14:36,25038.85,富锦市第4深加工基地,"132.038678,47.249044",磁选->破碎压胚->高温压榨->物理过滤->精炼,2024-09-19 18:36,2024-09-19 21:16,WH-CN-202,不锈钢储油罐区,2024-09-20 08:16,2024-11-06 08:16,准低温低氧控制,LOG-CN-53834042461,罐式车,"避光, 控温25℃下",2024-11-06 20:16,2024-11-10 21:40,北京市,海淀区,116.3,39.96,2024-11-12 21:40
CN-AG-202409-10355,玉米,安徽省,蒙城县,116.560868,33.237939,2024-06-01,2024-06-01 [免耕直播] -> 2024-06-23 [苗期中耕] -> 2024-07-15 [喇叭口期追肥] -> 2024-08-06 [大斑病防治] -> 2024-08-28 [人工授粉辅助],2024-09-20 12:23,19070.96,蒙城县第2深加工基地,"116.552967,33.250831",物理清理->脱粒烘干->破碎加工->筛理分级,2024-09-22 17:23,2024-09-23 01:18,WH-CN-739,现代化圆筒仓,2024-09-23 06:18,2024-11-06 06:18,避光控温控制,LOG-CN-90935166368,重型散粮卡车,"通风良好, 严控高温",2024-11-06 16:18,2024-11-07 22:37,深圳市,南山区,113.93,22.54,2024-11-10 22:37
CN-AG-202409-10356,大豆,辽宁省,昌图县,124.165814,42.838396,2024-04-28,2024-04-28 [拌种包衣] -> 2024-05-23 [等距点播] -> 2024-06-17 [结荚期根外追肥] -> 2024-07-12 [食心虫绿色防控] -> 2024-08-06 [除草中耕],2024-09-03 17:51,15967.35,昌图县第4深加工基地,"124.119036,42.770099",磁选->破碎压胚->高温压榨->物理过滤->精炼,2024-09-07 22:51,2024-09-08 03:08,WH-CN-511,不锈钢储油罐区,2024-09-08 12:08,2024-09-22 12:08,准低温低氧控制,LOG-CN-92683552677,罐式车,"避光, 控温25℃下",2024-09-22 22:08,2024-09-26 05:50,成都市,新都区,104.15,30.82,2024-09-29 05:50
CN-AG-202409-10357,大豆,安徽省,怀远县,117.24415,32.986694,2024-05-02,2024-05-02 [拌种包衣] -> 2024-05-27 [等距点播] -> 2024-06-21 [结荚期根外追肥] -> 2024-07-16 [食心虫绿色防控] -> 2024-08-10 [除草中耕],2024-09-01 16:55,21187.03,怀远县第2深加工基地,"117.200312,32.969095",磁选->破碎压胚->高温压榨->物理过滤->精炼,2024-09-05 19:55,2024-09-06 04:03,WH-CN-254,不锈钢储油罐区,2024-09-06 15:03,2024-10-03 15:03,准低温低氧控制,LOG-CN-51942632332,罐式车,"避光, 控温25℃下",2024-10-03 21:03,2024-10-07 15:15,南京市,南京浦口区,118.62,32.05,2024-10-09 15:15
CN-AG-202406-10358,小麦,江苏省,兴化市,119.870024,32.928662,2023-11-13,2023-11-13 [深耕整地] -> 2023-12-21 [秋播种子处理] -> 2024-01-28 [越冬水灌溉] -> 2024-03-06 [拔节期追肥] -> 2024-04-13 [条锈病防治] -> 2024-05-21 [干热风防护],2024-06-28 09:40,8974.55,兴化市第2深加工基地,"119.840599,32.922793",磁选除杂->着水润麦->多级研磨->高方筛理->包装,2024-07-02 13:40,2024-07-02 23:11,WH-CN-128,钢板筒仓,2024-07-03 07:11,2024-07-23 07:11,准低温低氧控制,LOG-CN-52207626403,全封闭货车,"干燥, 禁止异味混载",2024-07-23 22:11,2024-07-26 04:36,成都市,新都区,104.15,30.82,2024-07-27 04:36
CN-AG-202410-10359,水稻,江苏省,射阳县,120.274562,33.726952,2024-05-30,2024-05-30 [播种育秧] -> 2024-06-22 [田间底肥] -> 2024-07-15 [插秧作业] -> 2024-08-07 [分蘖期灌溉] -> 2024-08-30 [除草控虫] -> 2024-09-22 [晒田补肥],2024-10-14 08:12,6936.45,射阳县第1深加工基地,"120.253469,33.744037",清理去石->砻谷脱壳->糙米碾白->抛光->色选->包装,2024-10-17 11:12,2024-10-17 13:56,WH-CN-421,平房仓(准低温),2024-10-17 21:56,2024-11-13 21:56,准低温低氧控制,LOG-CN-51238556890,散粮车,"防潮, 湿度<14%",2024-11-14 03:56,2024-11-19 00:27,广州市,番禺区,113.38,22.93,2024-11-20 00:27
CN-AG-202409-10360,大豆,吉林省,公主岭市,124.771268,43.576389,2024-05-23,2024-05-23 [拌种包衣] -> 2024-06-17 [等距点播] -> 2024-07-12 [结荚期根外追肥] -> 2024-08-06 [食心虫绿色防控] -> 2024-08-31 [除草中耕],2024-09-22 09:25,32061.68,公主岭市第3深加工基地,"124.818875,43.523452",磁选->破碎压胚->高温压榨->物理过滤->精炼,2024-09-24 11:25,2024-09-24 18:47,WH-CN-437,不锈钢储油罐区,2024-09-25 06:47,2024-10-12 06:47,准低温低氧控制,LOG-CN-90884259330,罐式车,"避光, 控温25℃下",2024-10-12 13:47,2024-10-14 20:25,成都市,龙泉驿区,104.27,30.55,2024-10-15 20:25
CN-AG-202406-10361,小麦,河北省,藁城区,114.801258,38.074177,2023-10-24,2023-10-24 [深耕整地] -> 2023-12-01 [秋播种子处理] -> 2024-01-08 [越冬水灌溉] -> 2024-02-15 [拔节期追肥] -> 2024-03-24 [条锈病防治] -> 2024-05-01 [干热风防护],2024-06-07 10:06,16077.15,藁城区第4深加工基地,"114.846762,38.033853",磁选除杂->着水润麦->多级研磨->高方筛理->包装,2024-06-09 14:06,2024-06-09 20:21,WH-CN-586,钢板筒仓,2024-06-10 06:21,2024-07-06 06:21,准低温低氧控制,LOG-CN-42997110375,全封闭货车,"干燥, 禁止异味混载",2024-07-06 20:21,2024-07-09 20:05,北京市,海淀区,116.3,39.96,2024-07-10 20:05
CN-AG-202411-10362,棉花,甘肃省,瓜州县,95.79199,40.563354,2024-05-21,2024-05-21 [覆膜播种] -> 2024-06-26 [人工打顶] -> 2024-08-01 [叶面喷施补硼] -> 2024-09-06 [枯萎病监测] -> 2024-10-12 [喷施脱叶剂],2024-11-16 13:52,17699.93,瓜州县第1深加工基地,"95.772357,40.509943",皮棉清理->锯齿轧花->纤维分级->压力打包,2024-11-17 19:52,2024-11-17 22:39,WH-CN-647,专业纤维库,2024-11-18 02:39,2024-12-13 02:39,避光控温控制,LOG-CN-43788305570,高栏平板车,"严禁烟火, 防静电, 干燥",2024-12-13 14:39,2024-12-16 06:19,成都市,新都区,104.15,30.82,2024-12-19 06:19
CN-AG-202408-10363,花生,江苏省,东海县,118.778473,34.584269,2024-04-19,2024-04-19 [清棵蹲苗] -> 2024-05-13 [培土迎葑] -> 2024-06-06 [钙镁肥补充] -> 2024-06-30 [下针期控旺] -> 2024-07-24 [地下虫害防治],2024-08-13 12:19,35325.56,东海县第4深加工基地,"118.778619,34.530608",剥壳分选->烘炒->压榨提取->物理精炼,2024-08-15 16:19,2024-08-15 20:36,WH-CN-582,避光库房,2024-08-16 02:36,2024-09-23 02:36,避光控温控制,LOG-CN-68999716482,厢式货车,避光防潮,2024-09-23 14:36,2024-09-28 19:38,武汉市,东西湖区,114.13,30.62,2024-09-30 19:38
CN-AG-202408-10364,花生,山东省,平度市,119.971182,36.802743,2024-04-30,2024-04-30 [清棵蹲苗] -> 2024-05-24 [培土迎葑] -> 2024-06-17 [钙镁肥补充] -> 2024-07-11 [下针期控旺] -> 2024-08-04 [地下虫害防治],2024-08-27 10:44,27455.74,平度市第4深加工基地,"119.953178,36.774314",剥壳分选->烘炒->压榨提取->物理精炼,2024-08-28 14:44,2024-08-28 20:49,WH-CN-910,避光库房,2024-08-29 08:49,2024-09-28 08:49,避光控温控制,LOG-CN-29933367608,厢式货车,避光防潮,2024-09-28 14:49,2024-10-03 15:52,西安市,长安区,108.87,34.15,2024-10-06 15:52
CN-AG-202409-10365,大豆,黑龙江省,五常市,127.168148,44.917264,2024-05-15,2024-05-15 [拌种包衣] -> 2024-06-09 [等距点播] -> 2024-07-04 [结荚期根外追肥] -> 2024-07-29 [食心虫绿色防控] -> 2024-08-23 [除草中耕],2024-09-21 12:20,21742.79,五常市第2深加工基地,"127.153157,44.922132",磁选->破碎压胚->高温压榨->物理过滤->精炼,2024-09-22 14:20,2024-09-22 18:10,WH-CN-366,不锈钢储油罐区,2024-09-23 01:10,2024-11-05 01:10,准低温低氧控制,LOG-CN-36980114110,罐式车,"避光, 控温25℃下",2024-11-05 13:10,2024-11-10 18:30,广州市,番禺区,113.38,22.93,2024-11-12 18:30
CN-AG-202407-10366,大麦,吉林省,前郭县,124.755785,45.16993,2024-03-27,2024-03-27 [翻耕播种] -> 2024-04-21 [分蘖期施氮] -> 2024-05-16 [化学除草] -> 2024-06-10 [灌浆期监控],2024-07-06 14:56,34814.08,前郭县第1深加工基地,"124.808138,45.119543",杂质清理->脱壳处理->分级磨皮->包装,2024-07-08 16:56,2024-07-08 19:37,WH-CN-510,平房仓,2024-07-09 07:37,2024-08-27 07:37,避光控温控制,LOG-CN-68488882031,散装车,防霉通风,2024-08-27 20:37,2024-08-29 21:53,深圳市,福田区,114.05,22.54,2024-09-01 21:53
CN-AG-202405-10367,油菜籽,湖南省,桃源县,111.513886,28.94449,2023-10-02,2023-10-02 [育苗移栽] -> 2023-11-23 [越冬防冻肥] -> 2024-01-14 [薹期水肥调节] -> 2024-03-06 [菌核病无人机防治],2024-05-03 13:10,12110.09,桃源县第3深加工基地,"111.484769,28.90134",多级筛选->炒籽->螺旋压榨->精制过滤,2024-05-04 15:10,2024-05-04 23:47,WH-CN-394,恒温罐区,2024-05-05 11:47,2024-06-11 11:47,避光控温控制,LOG-CN-77630457833,罐式车,"避光, 防氧化",2024-06-12 00:47,2024-06-13 16:01,西安市,长安区,108.87,34.15,2024-06-16 16:01
CN-AG-202406-10368,小麦,河北省,藁城区,114.828497,38.075422,2023-11-13,2023-11-13 [深耕整地] -> 2023-12-21 [秋播种子处理] -> 2024-01-28 [越冬水灌溉] -> 2024-03-06 [拔节期追肥] -> 2024-04-13 [条锈病防治] -> 2024-05-21 [干热风防护],2024-06-28 11:38,20784.18,藁城区第2深加工基地,"114.843352,38.026541",磁选除杂->着水润麦->多级研磨->高方筛理->包装,2024-07-01 14:38,2024-07-01 20:42,WH-CN-478,钢板筒仓,2024-07-02 02:42,2024-08-07 02:42,准低温低氧控制,LOG-CN-72909397757,全封闭货车,"干燥, 禁止异味混载",2024-08-07 12:42,2024-08-09 21:57,广州市,天河区,113.33,23.13,2024-08-12 21:57
CN-AG-202410-10369,水稻,吉林省,前郭县,124.841474,45.146942,2024-05-17,2024-05-17 [播种育秧] -> 2024-06-09 [田间底肥] -> 2024-07-02 [插秧作业] -> 2024-07-25 [分蘖期灌溉] -> 2024-08-17 [除草控虫] -> 2024-09-09 [晒田补肥],2024-10-05 13:44,16650.19,前郭县第2深加工基地,"124.808712,45.115956",清理去石->砻谷脱壳->糙米碾白->抛光->色选->包装,2024-10-07 18:44,2024-10-08 03:16,WH-CN-582,平房仓(准低温),2024-10-08 13:16,2024-11-25 13:16,准低温低氧控制,LOG-CN-61145443523,散粮车,"防潮, 湿度<14%",2024-11-25 20:16,2024-11-29 19:19,成都市,武侯区,104.04,30.64,2024-11-30 19:19
CN-AG-202409-10370,水稻,湖南省,桃源县,111.434425,28.93814,2024-04-21,2024-04-21 [播种育秧] -> 2024-05-14 [田间底肥] -> 2024-06-06 [插秧作业] -> 2024-06-29 [分蘖期灌溉] -> 2024-07-22 [除草控虫] -> 2024-08-14 [晒田补肥],2024-09-09 16:39,22249.39,桃源县第3深加工基地,"111.470115,28.90089",清理去石->砻谷脱壳->糙米碾白->抛光->色选->包装,2024-09-12 21:39,2024-09-13 05:52,WH-CN-998,平房仓(准低温),2024-09-13 14:52,2024-10-01 14:52,准低温低氧控制,LOG-CN-29190278378,散粮车,"防潮, 湿度<14%",2024-10-01 22:52,2024-10-04 08:02,北京市,丰台区,116.28,39.85,2024-10-07 08:02
CN-AG-202407-10371,大麦,吉林省,前郭县,124.793975,45.08895,2024-03-27,2024-03-27 [翻耕播种] -> 2024-04-21 [分蘖期施氮] -> 2024-05-16 [化学除草] -> 2024-06-10 [灌浆期监控],2024-07-05 12:07,23094.04,前郭县第4深加工基地,"124.813909,45.107923",杂质清理->脱壳处理->分级磨皮->包装,2024-07-06 15:07,2024-07-06 21:52,WH-CN-268,平房仓,2024-07-07 05:52,2024-08-09 05:52,避光控温控制,LOG-CN-78696133857,散装车,防霉通风,2024-08-09 15:52,2024-08-13 22:45,南京市,江宁区,118.83,31.95,2024-08-15 22:45
CN-AG-202410-10372,棉花,新疆维吾尔自治区,沙雅县,82.773843,41.206627,2024-04-12,2024-04-12 [覆膜播种] -> 2024-05-18 [人工打顶] -> 2024-06-23 [叶面喷施补硼] -> 2024-07-29 [枯萎病监测] -> 2024-09-03 [喷施脱叶剂],2024-10-07 10:03,17478.2,沙雅县第5深加工基地,"82.777465,41.214751",皮棉清理->锯齿轧花->纤维分级->压力打包,2024-10-09 12:03,2024-10-09 18:33,WH-CN-596,专业纤维库,2024-10-10 02:33,2024-10-30 02:33,避光控温控制,LOG-CN-76390572414,高栏平板车,"严禁烟火, 防静电, 干燥",2024-10-30 09:33,2024-11-03 00:35,西安市,未央区,108.94,34.29,2024-11-05 00:35
CN-AG-202409-10373,水稻,辽宁省,盘山县,121.988784,41.207272,2024-04-26,2024-04-26 [播种育秧] -> 2024-05-19 [田间底肥] -> 2024-06-11 [插秧作业] -> 2024-07-04 [分蘖期灌溉] -> 2024-07-27 [除草控虫] -> 2024-08-19 [晒田补肥],2024-09-12 09:13,11319.91,盘山县第1深加工基地,"122.043364,41.242069",清理去石->砻谷脱壳->糙米碾白->抛光->色选->包装,2024-09-14 12:13,2024-09-14 21:06,WH-CN-352,平房仓(准低温),2024-09-15 09:06,2024-10-12 09:06,准低温低氧控制,LOG-CN-77724132789,散粮车,"防潮, 湿度<14%",2024-10-12 15:06,2024-10-16 10:55,深圳市,宝安区,113.88,22.55,2024-10-19 10:55
CN-AG-202410-10374,水稻,广西壮族自治区,桂平市,110.075619,23.404339,2024-05-09,2024-05-09 [播种育秧] -> 2024-06-01 [田间底肥] -> 2024-06-24 [插秧作业] -> 2024-07-17 [分蘖期灌溉] -> 2024-08-09 [除草控虫] -> 2024-09-01 [晒田补肥],2024-10-01 12:43,28083.88,桂平市第4深加工基地,"110.087267,23.387596",清理去石->砻谷脱壳->糙米碾白->抛光->色选->包装,2024-10-02 17:43,2024-10-02 23:24,WH-CN-743,平房仓(准低温),2024-10-03 04:24,2024-11-02 04:24,准低温低氧控制,LOG-CN-48462297713,散粮车,"防潮, 湿度<14%",2024-11-02 11:24,2024-11-05 22:17,广州市,天河区,113.33,23.13,2024-11-08 22:17
CN-AG-202410-10375,水稻,湖南省,桃源县,111.477502,28.90229,2024-05-15,2024-05-15 [播种育秧] -> 2024-06-07 [田间底肥] -> 2024-06-30 [插秧作业] -> 2024-07-23 [分蘖期灌溉] -> 2024-08-15 [除草控虫] -> 2024-09-07 [晒田补肥],2024-10-02 17:28,8239.29,桃源县第3深加工基地,"111.476825,28.890513",清理去石->砻谷脱壳->糙米碾白->抛光->色选->包装,2024-10-04 20:28,2024-10-05 06:19,WH-CN-282,平房仓(准低温),2024-10-05 10:19,2024-11-02 10:19,准低温低氧控制,LOG-CN-20303271191,散粮车,"防潮, 湿度<14%",2024-11-02 17:19,2024-11-06 15:57,武汉市,洪山区,114.34,30.5,2024-11-08 15:57
CN-AG-202409-10376,玉米,黑龙江省,富锦市,132.017859,47.235623,2024-05-21,2024-05-21 [免耕直播] -> 2024-06-12 [苗期中耕] -> 2024-07-04 [喇叭口期追肥] -> 2024-07-26 [大斑病防治] -> 2024-08-17 [人工授粉辅助],2024-09-13 14:18,8363.9,富锦市第3深加工基地,"132.030672,47.251603",物理清理->脱粒烘干->破碎加工->筛理分级,2024-09-15 16:18,2024-09-15 21:20,WH-CN-624,现代化圆筒仓,2024-09-16 08:20,2024-10-23 08:20,避光控温控制,LOG-CN-75282949978,重型散粮卡车,"通风良好, 严控高温",2024-10-23 23:20,2024-10-25 15:42,成都市,新都区,104.15,30.82,2024-10-28 15:42
CN-AG-202409-10377,花生,江苏省,东海县,118.801786,34.552949,2024-05-11,2024-05-11 [清棵蹲苗] -> 2024-06-04 [培土迎葑] -> 2024-06-28 [钙镁肥补充] -> 2024-07-22 [下针期控旺] -> 2024-08-15 [地下虫害防治],2024-09-09 17:38,16961.07,东海县第4深加工基地,"118.774362,34.54626",剥壳分选->烘炒->压榨提取->物理精炼,2024-09-10 22:38,2024-09-11 08:03,WH-CN-792,避光库房,2024-09-11 17:03,2024-10-30 17:03,避光控温控制,LOG-CN-96862407338,厢式货车,避光防潮,2024-10-31 05:03,2024-11-01 16:05,广州市,白云区,113.27,23.15,2024-11-04 16:05
CN-AG-202410-10378,水稻,广西壮族自治区,桂平市,110.022188,23.444663,2024-05-31,2024-05-31 [播种育秧] -> 2024-06-23 [田间底肥] -> 2024-07-16 [插秧作业] -> 2024-08-08 [分蘖期灌溉] -> 2024-08-31 [除草控虫] -> 2024-09-23 [晒田补肥],2024-10-17 16:05,15341.86,桂平市第1深加工基地,"110.070151,23.383916",清理去石->砻谷脱壳->糙米碾白->抛光->色选->包装,2024-10-21 21:05,2024-10-22 00:15,WH-CN-664,平房仓(准低温),2024-10-22 11:15,2024-11-20 11:15,准低温低氧控制,LOG-CN-78913157879,散粮车,"防潮, 湿度<14%",2024-11-20 21:15,2024-11-23 04:48,广州市,天河区,113.33,23.13,2024-11-25 04:48
CN-AG-202409-10379,大豆,辽宁省,昌图县,124.157764,42.797697,2024-04-28,2024-04-28 [拌种包衣] -> 2024-05-23 [等距点播] -> 2024-06-17 [结荚期根外追肥] -> 2024-07-12 [食心虫绿色防控] -> 2024-08-06 [除草中耕],2024-09-04 15:42,34501.84,昌图县第1深加工基地,"124.118541,42.77487",磁选->破碎压胚->高温压榨->物理过滤->精炼,2024-09-07 19:42,2024-09-08 00:22,WH-CN-185,不锈钢储油罐区,2024-09-08 05:22,2024-10-20 05:22,准低温低氧控制,LOG-CN-51679988536,罐式车,"避光, 控温25℃下",2024-10-20 18:22,2024-10-22 17:12,北京市,朝阳区,116.48,39.92,2024-10-23 17:12
CN-AG-202409-10380,花生,河南省,唐河县,112.882132,32.627232,2024-05-26,2024-05-26 [清棵蹲苗] -> 2024-06-19 [培土迎葑] -> 2024-07-13 [钙镁肥补充] -> 2024-08-06 [下针期控旺] -> 2024-08-30 [地下虫害防治],2024-09-20 12:21,5465.66,唐河县第4深加工基地,"112.822028,32.677032",剥壳分选->烘炒->压榨提取->物理精炼,2024-09-22 15:21,2024-09-22 18:31,WH-CN-571,避光库房,2024-09-23 02:31,2024-10-09 02:31,避光控温控制,LOG-CN-64510892694,厢式货车,避光防潮,2024-10-09 08:31,2024-10-10 08:56,南京市,南京浦口区,118.62,32.05,2024-10-11 08:56
CN-AG-202410-10381,玉米,广西壮族自治区,宾阳县,108.780813,23.208305,2024-06-27,2024-06-27 [免耕直播] -> 2024-07-19 [苗期中耕] -> 2024-08-10 [喇叭口期追肥] -> 2024-09-01 [大斑病防治] -> 2024-09-23 [人工授粉辅助],2024-10-20 17:23,38968.21,宾阳县第1深加工基地,"108.806146,23.205697",物理清理->脱粒烘干->破碎加工->筛理分级,2024-10-24 21:23,2024-10-25 00:37,WH-CN-314,现代化圆筒仓,2024-10-25 06:37,2024-11-12 06:37,避光控温控制,LOG-CN-97965728528,重型散粮卡车,"通风良好, 严控高温",2024-11-12 13:37,2024-11-17 21:38,北京市,朝阳区,116.48,39.92,2024-11-20 21:38
CN-AG-202411-10382,棉花,新疆维吾尔自治区,沙雅县,82.784699,41.256363,2024-06-04,2024-06-04 [覆膜播种] -> 2024-07-10 [人工打顶] -> 2024-08-15 [叶面喷施补硼] -> 2024-09-20 [枯萎病监测] -> 2024-10-26 [喷施脱叶剂],2024-11-27 16:12,20584.31,沙雅县第4深加工基地,"82.782207,41.216226",皮棉清理->锯齿轧花->纤维分级->压力打包,2024-11-30 21:12,2024-12-01 00:57,WH-CN-582,专业纤维库,2024-12-01 11:57,2025-01-07 11:57,避光控温控制,LOG-CN-89240069029,高栏平板车,"严禁烟火, 防静电, 干燥",2025-01-07 19:57,2025-01-09 15:44,北京市,朝阳区,116.48,39.92,2025-01-12 15:44
CN-AG-202407-10383,大麦,甘肃省,永昌县,101.942715,38.265938,2024-04-10,2024-04-10 [翻耕播种] -> 2024-05-05 [分蘖期施氮] -> 2024-05-30 [化学除草] -> 2024-06-24 [灌浆期监控],2024-07-19 14:03,39965.92,永昌县第1深加工基地,"101.962438,38.238271",杂质清理->脱壳处理->分级磨皮->包装,2024-07-20 16:03,2024-07-20 23:55,WH-CN-599,平房仓,2024-07-21 09:55,2024-08-26 09:55,避光控温控制,LOG-CN-76141123578,散装车,防霉通风,2024-08-27 00:55,2024-08-31 05:41,西安市,长安区,108.87,34.15,2024-09-03 05:41
CN-AG-202409-10384,大豆,安徽省,怀远县,117.221734,32.931738,2024-05-26,2024-05-26 [拌种包衣] -> 2024-06-20 [等距点播] -> 2024-07-15 [结荚期根外追肥] -> 2024-08-09 [食心虫绿色防控] -> 2024-09-03 [除草中耕],2024-09-23 08:33,26794.38,怀远县第3深加工基地,"117.200503,32.963629",磁选->破碎压胚->高温压榨->物理过滤->精炼,2024-09-27 14:33,2024-09-27 19:44,WH-CN-559,不锈钢储油罐区,2024-09-28 07:44,2024-10-12 07:44,准低温低氧控制,LOG-CN-68830376563,罐式车,"避光, 控温25℃下",2024-10-12 19:44,2024-10-16 07:51,成都市,新都区,104.15,30.82,2024-10-18 07:51
CN-AG-202410-10385,玉米,黑龙江省,富锦市,131.982825,47.275086,2024-07-06,2024-07-06 [免耕直播] -> 2024-07-28 [苗期中耕] -> 2024-08-19 [喇叭口期追肥] -> 2024-09-10 [大斑病防治] -> 2024-10-02 [人工授粉辅助],2024-10-24 11:30,30304.83,富锦市第4深加工基地,"132.025131,47.251346",物理清理->脱粒烘干->破碎加工->筛理分级,2024-10-28 14:30,2024-10-28 21:19,WH-CN-526,现代化圆筒仓,2024-10-29 04:19,2024-12-15 04:19,避光控温控制,LOG-CN-98790319712,重型散粮卡车,"通风良好, 严控高温",2024-12-15 17:19,2024-12-17 10:15,武汉市,东西湖区,114.13,30.62,2024-12-19 10:15
CN-AG-202406-10386,小麦,山东省,汶上县,116.478025,35.785551,2023-11-07,2023-11-07 [深耕整地] -> 2023-12-15 [秋播种子处理] -> 2024-01-22 [越冬水灌溉] -> 2024-02-29 [拔节期追肥] -> 2024-04-07 [条锈病防治] -> 2024-05-15 [干热风防护],2024-06-20 11:18,12330.15,汶上县第1深加工基地,"116.481005,35.73612",磁选除杂->着水润麦->多级研磨->高方筛理->包装,2024-06-24 14:18,2024-06-24 18:16,WH-CN-118,钢板筒仓,2024-06-25 01:16,2024-07-15 01:16,准低温低氧控制,LOG-CN-58364802113,全封闭货车,"干燥, 禁止异味混载",2024-07-15 13:16,2024-07-19 04:35,西安市,雁塔区,108.94,34.21,2024-07-20 04:35
CN-AG-202409-10387,水稻,广西壮族自治区,桂平市,110.095978,23.33521,2024-05-14,2024-05-14 [播种育秧] -> 2024-06-06 [田间底肥] -> 2024-06-29 [插秧作业] -> 2024-07-22 [分蘖期灌溉] -> 2024-08-14 [除草控虫] -> 2024-09-06 [晒田补肥],2024-09-27 16:02,31928.09,桂平市第5深加工基地,"110.082032,23.399028",清理去石->砻谷脱壳->糙米碾白->抛光->色选->包装,2024-09-30 21:02,2024-10-01 00:30,WH-CN-373,平房仓(准低温),2024-10-01 07:30,2024-10-18 07:30,准低温低氧控制,LOG-CN-31029524389,散粮车,"防潮, 湿度<14%",2024-10-18 17:30,2024-10-21 13:20,深圳市,南山区,113.93,22.54,2024-10-23 13:20
CN-AG-202409-10388,水稻,广西壮族自治区,武宣县,109.706105,23.628303,2024-05-02,2024-05-02 [播种育秧] -> 2024-05-25 [田间底肥] -> 2024-06-17 [插秧作业] -> 2024-07-10 [分蘖期灌溉] -> 2024-08-02 [除草控虫] -> 2024-08-25 [晒田补肥],2024-09-15 15:53,35480.43,武宣县第3深加工基地,"109.654241,23.584562",清理去石->砻谷脱壳->糙米碾白->抛光->色选->包装,2024-09-16 21:53,2024-09-17 05:35,WH-CN-260,平房仓(准低温),2024-09-17 10:35,2024-11-01 10:35,准低温低氧控制,LOG-CN-51782941985,散粮车,"防潮, 湿度<14%",2024-11-01 17:35,2024-11-03 15:15,北京市,丰台区,116.28,39.85,2024-11-04 15:15
CN-AG-202408-10389,花生,江苏省,东海县,118.759323,34.553318,2024-04-10,2024-04-10 [清棵蹲苗] -> 2024-05-04 [培土迎葑] -> 2024-05-28 [钙镁肥补充] -> 2024-06-21 [下针期控旺] -> 2024-07-15 [地下虫害防治],2024-08-05 13:21,7983.19,东海县第3深加工基地,"118.778,34.546797",剥壳分选->烘炒->压榨提取->物理精炼,2024-08-06 16:21,2024-08-06 22:35,WH-CN-832,避光库房,2024-08-07 08:35,2024-08-17 08:35,避光控温控制,LOG-CN-69076610345,厢式货车,避光防潮,2024-08-17 19:35,2024-08-20 08:07,深圳市,南山区,113.93,22.54,2024-08-21 08:07
CN-AG-202409-10390,玉米,山东省,汶上县,116.448424,35.712411,2024-06-09,2024-06-09 [免耕直播] -> 2024-07-01 [苗期中耕] -> 2024-07-23 [喇叭口期追肥] -> 2024-08-14 [大斑病防治] -> 2024-09-05 [人工授粉辅助],2024-09-25 16:26,30116.9,汶上县第5深加工基地,"116.475496,35.735611",物理清理->脱粒烘干->破碎加工->筛理分级,2024-09-27 21:26,2024-09-28 03:27,WH-CN-171,现代化圆筒仓,2024-09-28 13:27,2024-11-06 13:27,避光控温控制,LOG-CN-53313792622,重型散粮卡车,"通风良好, 严控高温",2024-11-07 02:27,2024-11-08 21:16,武汉市,洪山区,114.34,30.5,2024-11-09 21:16
CN-AG-202408-10391,花生,河南省,唐河县,112.820849,32.718714,2024-04-21,2024-04-21 [清棵蹲苗] -> 2024-05-15 [培土迎葑] -> 2024-06-08 [钙镁肥补充] -> 2024-07-02 [下针期控旺] -> 2024-07-26 [地下虫害防治],2024-08-14 08:25,15979.33,唐河县第3深加工基地,"112.821911,32.683351",剥壳分选->烘炒->压榨提取->物理精炼,2024-08-16 14:25,2024-08-16 17:24,WH-CN-108,避光库房,2024-08-17 05:24,2024-09-14 05:24,避光控温控制,LOG-CN-47911691600,厢式货车,避光防潮,2024-09-14 19:24,2024-09-17 10:10,南京市,江宁区,118.83,31.95,2024-09-20 10:10
CN-AG-202410-10392,水稻,湖北省,监利市,112.894212,29.844863,2024-05-25,2024-05-25 [播种育秧] -> 2024-06-17 [田间底肥] -> 2024-07-10 [插秧作业] -> 2024-08-02 [分蘖期灌溉] -> 2024-08-25 [除草控虫] -> 2024-09-17 [晒田补肥],2024-10-15 11:56,30378.45,监利市第2深加工基地,"112.89336,29.831732",清理去石->砻谷脱壳->糙米碾白->抛光->色选->包装,2024-10-19 15:56,2024-10-20 01:21,WH-CN-632,平房仓(准低温),2024-10-20 11:21,2024-11-11 11:21,准低温低氧控制,LOG-CN-87274725025,散粮车,"防潮, 湿度<14%",2024-11-11 17:21,2024-11-15 13:42,成都市,武侯区,104.04,30.64,2024-11-17 13:42
CN-AG-202406-10393,小麦,河南省,滑县,114.563536,35.598425,2023-10-28,2023-10-28 [深耕整地] -> 2023-12-05 [秋播种子处理] -> 2024-01-12 [越冬水灌溉] -> 2024-02-19 [拔节期追肥] -> 2024-03-28 [条锈病防治] -> 2024-05-05 [干热风防护],2024-06-17 16:19,8865.47,滑县第1深加工基地,"114.511914,35.564335",磁选除杂->着水润麦->多级研磨->高方筛理->包装,2024-06-20 19:19,2024-06-20 22:00,WH-CN-961,钢板筒仓,2024-06-21 02:00,2024-08-04 02:00,准低温低氧控制,LOG-CN-45961670400,全封闭货车,"干燥, 禁止异味混载",2024-08-04 12:00,2024-08-09 08:27,成都市,武侯区,104.04,30.64,2024-08-12 08:27
CN-AG-202405-10394,油菜籽,四川省,安岳县,105.347037,30.042837,2023-10-06,2023-10-06 [育苗移栽] -> 2023-11-27 [越冬防冻肥] -> 2024-01-18 [薹期水肥调节] -> 2024-03-10 [菌核病无人机防治],2024-05-02 09:28,25046.8,安岳县第2深加工基地,"105.330934,30.102142",多级筛选->炒籽->螺旋压榨->精制过滤,2024-05-03 14:28,2024-05-03 19:51,WH-CN-831,恒温罐区,2024-05-04 02:51,2024-06-20 02:51,避光控温控制,LOG-CN-80341538674,罐式车,"避光, 防氧化",2024-06-20 12:51,2024-06-23 01:33,深圳市,南山区,113.93,22.54,2024-06-26 01:33
CN-AG-202407-10395,大麦,甘肃省,永昌县,101.956909,38.207834,2024-04-08,2024-04-08 [翻耕播种] -> 2024-05-03 [分蘖期施氮] -> 2024-05-28 [化学除草] -> 2024-06-22 [灌浆期监控],2024-07-17 17:12,21668.86,永昌县第4深加工基地,"101.969935,38.24189",杂质清理->脱壳处理->分级磨皮->包装,2024-07-21 19:12,2024-07-21 22:57,WH-CN-179,平房仓,2024-07-22 08:57,2024-08-27 08:57,避光控温控制,LOG-CN-63799858159,散装车,防霉通风,2024-08-27 14:57,2024-08-30 21:53,上海市,浦东新区,121.54,31.22,2024-08-31 21:53
CN-AG-202410-10396,水稻,湖南省,南县,112.356373,29.418534,2024-05-31,2024-05-31 [播种育秧] -> 2024-06-23 [田间底肥] -> 2024-07-16 [插秧作业] -> 2024-08-08 [分蘖期灌溉] -> 2024-08-31 [除草控虫] -> 2024-09-23 [晒田补肥],2024-10-19 15:40,9528.48,南县第5深加工基地,"112.398086,29.363903",清理去石->砻谷脱壳->糙米碾白->抛光->色选->包装,2024-10-23 20:40,2024-10-24 05:24,WH-CN-983,平房仓(准低温),2024-10-24 15:24,2024-11-13 15:24,准低温低氧控制,LOG-CN-25157545663,散粮车,"防潮, 湿度<14%",2024-11-13 23:24,2024-11-17 14:09,广州市,番禺区,113.38,22.93,2024-11-19 14:09
CN-AG-202410-10397,水稻,广西壮族自治区,武宣县,109.686112,23.581384,2024-06-01,2024-06-01 [播种育秧] -> 2024-06-24 [田间底肥] -> 2024-07-17 [插秧作业] -> 2024-08-09 [分蘖期灌溉] -> 2024-09-01 [除草控虫] -> 2024-09-24 [晒田补肥],2024-10-16 08:47,10365.66,武宣县第3深加工基地,"109.669825,23.593849",清理去石->砻谷脱壳->糙米碾白->抛光->色选->包装,2024-10-19 10:47,2024-10-19 18:25,WH-CN-412,平房仓(准低温),2024-10-20 04:25,2024-11-06 04:25,准低温低氧控制,LOG-CN-61501039173,散粮车,"防潮, 湿度<14%",2024-11-06 19:25,2024-11-09 08:27,上海市,闵行区,121.38,31.11,2024-11-12 08:27
CN-AG-202406-10398,小麦,河南省,正阳县,114.332493,32.555407,2023-10-11,2023-10-11 [深耕整地] -> 2023-11-18 [秋播种子处理] -> 2023-12-26 [越冬水灌溉] -> 2024-02-02 [拔节期追肥] -> 2024-03-11 [条锈病防治] -> 2024-04-18 [干热风防护],2024-06-01 10:09,17202.71,正阳县第1深加工基地,"114.381568,32.604487",磁选除杂->着水润麦->多级研磨->高方筛理->包装,2024-06-05 12:09,2024-06-05 17:15,WH-CN-527,钢板筒仓,2024-06-06 01:15,2024-06-29 01:15,准低温低氧控制,LOG-CN-89376048353,全封闭货车,"干燥, 禁止异味混载",2024-06-29 14:15,2024-06-30 14:22,广州市,番禺区,113.38,22.93,2024-07-03 14:22
CN-AG-202406-10399,小麦,河南省,正阳县,114.32953,32.572899,2023-11-05,2023-11-05 [深耕整地] -> 2023-12-13 [秋播种子处理] -> 2024-01-20 [越冬水灌溉] -> 2024-02-27 [拔节期追肥] -> 2024-04-05 [条锈病防治] -> 2024-05-13 [干热风防护],2024-06-26 14:30,28257.58,正阳县第4深加工基地,"114.387884,32.591713",磁选除杂->着水润麦->多级研磨->高方筛理->包装,2024-06-28 17:30,2024-06-29 00:18,WH-CN-496,钢板筒仓,2024-06-29 11:18,2024-08-06 11:18,准低温低氧控制,LOG-CN-54647890705,全封闭货车,"干燥, 禁止异味混载",2024-08-06 22:18,2024-08-08 10:09,西安市,雁塔区,108.94,34.21,2024-08-11 10:09
CN-AG-202406-10400,小麦,湖北省,枣阳市,112.728805,32.093024,2023-11-11,2023-11-11 [深耕整地] -> 2023-12-19 [秋播种子处理] -> 2024-01-26 [越冬水灌溉] -> 2024-03-04 [拔节期追肥] -> 2024-04-11 [条锈病防治] -> 2024-05-19 [干热风防护],2024-06-24 12:41,23964.2,枣阳市第1深加工基地,"112.7471,32.124533",磁选除杂->着水润麦->多级研磨->高方筛理->包装,2024-06-26 14:41,2024-06-26 22:03,WH-CN-683,钢板筒仓,2024-06-27 06:03,2024-08-11 06:03,准低温低氧控制,LOG-CN-38010719256,全封闭货车,"干燥, 禁止异味混载",2024-08-11 20:03,2024-08-13 06:15,上海市,宝山区,121.48,31.4,2024-08-16 06:15
CN-AG-202409-10401,水稻,安徽省,寿县,116.782287,32.518331,2024-05-10,2024-05-10 [播种育秧] -> 2024-06-02 [田间底肥] -> 2024-06-25 [插秧作业] -> 2024-07-18 [分蘖期灌溉] -> 2024-08-10 [除草控虫] -> 2024-09-02 [晒田补肥],2024-09-22 16:11,16898.48,寿县第2深加工基地,"116.786007,32.561352",清理去石->砻谷脱壳->糙米碾白->抛光->色选->包装,2024-09-25 19:11,2024-09-25 23:46,WH-CN-524,平房仓(准低温),2024-09-26 10:46,2024-10-11 10:46,准低温低氧控制,LOG-CN-55216993738,散粮车,"防潮, 湿度<14%",2024-10-12 01:46,2024-10-13 07:17,武汉市,江岸区,114.3,30.59,2024-10-14 07:17
CN-AG-202409-10402,玉米,河北省,藁城区,114.844801,37.998045,2024-05-20,2024-05-20 [免耕直播] -> 2024-06-11 [苗期中耕] -> 2024-07-03 [喇叭口期追肥] -> 2024-07-25 [大斑病防治] -> 2024-08-16 [人工授粉辅助],2024-09-04 09:34,26506.64,藁城区第3深加工基地,"114.843018,38.037602",物理清理->脱粒烘干->破碎加工->筛理分级,2024-09-07 12:34,2024-09-07 16:37,WH-CN-285,现代化圆筒仓,2024-09-08 00:37,2024-09-23 00:37,避光控温控制,LOG-CN-48905968899,重型散粮卡车,"通风良好, 严控高温",2024-09-23 12:37,2024-09-28 02:47,广州市,白云区,113.27,23.15,2024-09-29 02:47
CN-AG-202406-10403,小麦,河北省,藁城区,114.81892,38.033955,2023-10-19,2023-10-19 [深耕整地] -> 2023-11-26 [秋播种子处理] -> 2024-01-03 [越冬水灌溉] -> 2024-02-10 [拔节期追肥] -> 2024-03-19 [条锈病防治] -> 2024-04-26 [干热风防护],2024-06-05 14:57,22801.74,藁城区第5深加工基地,"114.84339,38.02666",磁选除杂->着水润麦->多级研磨->高方筛理->包装,2024-06-08 19:57,2024-06-09 05:30,WH-CN-494,钢板筒仓,2024-06-09 10:30,2024-06-22 10:30,准低温低氧控制,LOG-CN-26962359406,全封闭货车,"干燥, 禁止异味混载",2024-06-23 01:30,2024-06-27 04:45,深圳市,福田区,114.05,22.54,2024-06-29 04:45
CN-AG-202411-10404,棉花,甘肃省,瓜州县,95.789421,40.569297,2024-05-23,2024-05-23 [覆膜播种] -> 2024-06-28 [人工打顶] -> 2024-08-03 [叶面喷施补硼] -> 2024-09-08 [枯萎病监测] -> 2024-10-14 [喷施脱叶剂],2024-11-15 16:26,31704.24,瓜州县第2深加工基地,"95.774613,40.511156",皮棉清理->锯齿轧花->纤维分级->压力打包,2024-11-19 18:26,2024-11-20 00:24,WH-CN-411,专业纤维库,2024-11-20 07:24,2024-12-01 07:24,避光控温控制,LOG-CN-68275171293,高栏平板车,"严禁烟火, 防静电, 干燥",2024-12-01 22:24,2024-12-06 12:30,成都市,新都区,104.15,30.82,2024-12-07 12:30
CN-AG-202409-10405,水稻,江苏省,东海县,118.717217,34.535825,2024-05-06,2024-05-06 [播种育秧] -> 2024-05-29 [田间底肥] -> 2024-06-21 [插秧作业] -> 2024-07-14 [分蘖期灌溉] -> 2024-08-06 [除草控虫] -> 2024-08-29 [晒田补肥],2024-09-26 10:23,15123.73,东海县第2深加工基地,"118.779153,34.541246",清理去石->砻谷脱壳->糙米碾白->抛光->色选->包装,2024-09-28 13:23,2024-09-28 20:28,WH-CN-100,平房仓(准低温),2024-09-29 06:28,2024-11-13 06:28,准低温低氧控制,LOG-CN-78383656314,散粮车,"防潮, 湿度<14%",2024-11-13 12:28,2024-11-18 20:57,西安市,雁塔区,108.94,34.21,2024-11-21 20:57
CN-AG-202411-10406,棉花,甘肃省,瓜州县,95.792801,40.471036,2024-05-13,2024-05-13 [覆膜播种] -> 2024-06-18 [人工打顶] -> 2024-07-24 [叶面喷施补硼] -> 2024-08-29 [枯萎病监测] -> 2024-10-04 [喷施脱叶剂],2024-11-12 11:37,34067.43,瓜州县第5深加工基地,"95.770717,40.504019",皮棉清理->锯齿轧花->纤维分级->压力打包,2024-11-15 13:37,2024-11-15 17:29,WH-CN-386,专业纤维库,2024-11-16 05:29,2025-01-01 05:29,避光控温控制,LOG-CN-69606755689,高栏平板车,"严禁烟火, 防静电, 干燥",2025-01-01 12:29,2025-01-04 15:13,上海市,闵行区,121.38,31.11,2025-01-05 15:13
CN-AG-202410-10407,玉米,内蒙古自治区,五原县,108.254045,41.051601,2024-07-01,2024-07-01 [免耕直播] -> 2024-07-23 [苗期中耕] -> 2024-08-14 [喇叭口期追肥] -> 2024-09-05 [大斑病防治] -> 2024-09-27 [人工授粉辅助],2024-10-21 12:48,9680.4,五原县第1深加工基地,"108.256951,41.105123",物理清理->脱粒烘干->破碎加工->筛理分级,2024-10-24 15:48,2024-10-24 23:57,WH-CN-723,现代化圆筒仓,2024-10-25 08:57,2024-11-25 08:57,避光控温控制,LOG-CN-12046676275,重型散粮卡车,"通风良好, 严控高温",2024-11-25 23:57,2024-11-28 17:58,深圳市,南山区,113.93,22.54,2024-12-01 17:58
CN-AG-202410-10408,水稻,黑龙江省,五常市,127.185454,44.949789,2024-05-30,2024-05-30 [播种育秧] -> 2024-06-22 [田间底肥] -> 2024-07-15 [插秧作业] -> 2024-08-07 [分蘖期灌溉] -> 2024-08-30 [除草控虫] -> 2024-09-22 [晒田补肥],2024-10-18 15:48,18536.29,五常市第1深加工基地,"127.144693,44.938544",清理去石->砻谷脱壳->糙米碾白->抛光->色选->包装,2024-10-19 17:48,2024-10-20 00:53,WH-CN-227,平房仓(准低温),2024-10-20 04:53,2024-11-27 04:53,准低温低氧控制,LOG-CN-59231889557,散粮车,"防潮, 湿度<14%",2024-11-27 16:53,2024-12-03 02:31,上海市,闵行区,121.38,31.11,2024-12-05 02:31
CN-AG-202409-10409,玉米,内蒙古自治区,阿荣旗,123.46829,48.107918,2024-05-22,2024-05-22 [免耕直播] -> 2024-06-13 [苗期中耕] -> 2024-07-05 [喇叭口期追肥] -> 2024-07-27 [大斑病防治] -> 2024-08-18 [人工授粉辅助],2024-09-08 08:48,36657.77,阿荣旗第5深加工基地,"123.51854,48.12985",物理清理->脱粒烘干->破碎加工->筛理分级,2024-09-11 11:48,2024-09-11 15:04,WH-CN-314,现代化圆筒仓,2024-09-11 23:04,2024-10-05 23:04,避光控温控制,LOG-CN-35800450099,重型散粮卡车,"通风良好, 严控高温",2024-10-06 10:04,2024-10-07 14:21,深圳市,南山区,113.93,22.54,2024-10-09 14:21
CN-AG-202405-10410,油菜籽,四川省,安岳县,105.371044,30.104795,2023-10-28,2023-10-28 [育苗移栽] -> 2023-12-19 [越冬防冻肥] -> 2024-02-09 [薹期水肥调节] -> 2024-04-01 [菌核病无人机防治],2024-05-28 12:36,9460.08,安岳县第5深加工基地,"105.332472,30.100419",多级筛选->炒籽->螺旋压榨->精制过滤,2024-06-01 15:36,2024-06-01 22:48,WH-CN-976,恒温罐区,2024-06-02 05:48,2024-07-18 05:48,避光控温控制,LOG-CN-47719488168,罐式车,"避光, 防氧化",2024-07-18 20:48,2024-07-20 13:35,广州市,天河区,113.33,23.13,2024-07-21 13:35
CN-AG-202409-10411,大豆,内蒙古自治区,阿荣旗,123.540632,48.070695,2024-05-18,2024-05-18 [拌种包衣] -> 2024-06-12 [等距点播] -> 2024-07-07 [结荚期根外追肥] -> 2024-08-01 [食心虫绿色防控] -> 2024-08-26 [除草中耕],2024-09-22 16:56,21330.54,阿荣旗第3深加工基地,"123.516521,48.112554",磁选->破碎压胚->高温压榨->物理过滤->精炼,2024-09-23 21:56,2024-09-24 05:54,WH-CN-629,不锈钢储油罐区,2024-09-24 09:54,2024-10-24 09:54,准低温低氧控制,LOG-CN-17554940748,罐式车,"避光, 控温25℃下",2024-10-24 19:54,2024-10-26 11:37,南京市,江宁区,118.83,31.95,2024-10-29 11:37
CN-AG-202410-10412,玉米,内蒙古自治区,突泉县,121.595049,46.363843,2024-06-26,2024-06-26 [免耕直播] -> 2024-07-18 [苗期中耕] -> 2024-08-09 [喇叭口期追肥] -> 2024-08-31 [大斑病防治] -> 2024-09-22 [人工授粉辅助],2024-10-14 16:28,37094.83,突泉县第2深加工基地,"121.566063,46.320723",物理清理->脱粒烘干->破碎加工->筛理分级,2024-10-15 21:28,2024-10-16 01:37,WH-CN-268,现代化圆筒仓,2024-10-16 10:37,2024-10-31 10:37,避光控温控制,LOG-CN-50068714718,重型散粮卡车,"通风良好, 严控高温",2024-10-31 19:37,2024-11-05 12:04,北京市,丰台区,116.28,39.85,2024-11-06 12:04
CN-AG-202409-10413,玉米,吉林省,公主岭市,124.803216,43.491574,2024-06-03,2024-06-03 [免耕直播] -> 2024-06-25 [苗期中耕] -> 2024-07-17 [喇叭口期追肥] -> 2024-08-08 [大斑病防治] -> 2024-08-30 [人工授粉辅助],2024-09-16 14:51,32793.89,公主岭市第1深加工基地,"124.828739,43.511753",物理清理->脱粒烘干->破碎加工->筛理分级,2024-09-19 18:51,2024-09-19 23:27,WH-CN-894,现代化圆筒仓,2024-09-20 04:27,2024-10-30 04:27,避光控温控制,LOG-CN-94181207403,重型散粮卡车,"通风良好, 严控高温",2024-10-30 10:27,2024-11-04 19:48,深圳市,南山区,113.93,22.54,2024-11-07 19:48
CN-AG-202410-10414,水稻,江苏省,东海县,118.746663,34.546456,2024-06-06,2024-06-06 [播种育秧] -> 2024-06-29 [田间底肥] -> 2024-07-22 [插秧作业] -> 2024-08-14 [分蘖期灌溉] -> 2024-09-06 [除草控虫] -> 2024-09-29 [晒田补肥],2024-10-19 09:05,20114.36,东海县第1深加工基地,"118.768944,34.53794",清理去石->砻谷脱壳->糙米碾白->抛光->色选->包装,2024-10-20 14:05,2024-10-20 19:15,WH-CN-793,平房仓(准低温),2024-10-21 00:15,2024-11-08 00:15,准低温低氧控制,LOG-CN-83254060084,散粮车,"防潮, 湿度<14%",2024-11-08 06:15,2024-11-10 20:54,北京市,海淀区,116.3,39.96,2024-11-13 20:54
CN-AG-202410-10415,水稻,吉林省,榆树市,126.551882,44.832071,2024-05-25,2024-05-25 [播种育秧] -> 2024-06-17 [田间底肥] -> 2024-07-10 [插秧作业] -> 2024-08-02 [分蘖期灌溉] -> 2024-08-25 [除草控虫] -> 2024-09-17 [晒田补肥],2024-10-13 09:39,16886.58,榆树市第1深加工基地,"126.549939,44.828388",清理去石->砻谷脱壳->糙米碾白->抛光->色选->包装,2024-10-15 15:39,2024-10-16 00:52,WH-CN-564,平房仓(准低温),2024-10-16 04:52,2024-11-24 04:52,准低温低氧控制,LOG-CN-55171085408,散粮车,"防潮, 湿度<14%",2024-11-24 16:52,2024-11-29 00:31,南京市,江宁区,118.83,31.95,2024-11-30 00:31
CN-AG-202409-10416,水稻,湖南省,南县,112.442171,29.419059,2024-04-21,2024-04-21 [播种育秧] -> 2024-05-14 [田间底肥] -> 2024-06-06 [插秧作业] -> 2024-06-29 [分蘖期灌溉] -> 2024-07-22 [除草控虫] -> 2024-08-14 [晒田补肥],2024-09-04 08:38,11507.32,南县第2深加工基地,"112.408612,29.35417",清理去石->砻谷脱壳->糙米碾白->抛光->色选->包装,2024-09-06 14:38,2024-09-06 18:12,WH-CN-916,平房仓(准低温),2024-09-07 06:12,2024-10-03 06:12,准低温低氧控制,LOG-CN-14484249909,散粮车,"防潮, 湿度<14%",2024-10-03 19:12,2024-10-08 15:51,武汉市,江岸区,114.3,30.59,2024-10-10 15:51
CN-AG-202410-10417,玉米,辽宁省,黑山县,122.158094,41.643964,2024-06-25,2024-06-25 [免耕直播] -> 2024-07-17 [苗期中耕] -> 2024-08-08 [喇叭口期追肥] -> 2024-08-30 [大斑病防治] -> 2024-09-21 [人工授粉辅助],2024-10-17 13:19,28018.69,黑山县第2深加工基地,"122.127559,41.687612",物理清理->脱粒烘干->破碎加工->筛理分级,2024-10-19 16:19,2024-10-19 22:49,WH-CN-158,现代化圆筒仓,2024-10-20 06:49,2024-12-07 06:49,避光控温控制,LOG-CN-79739047667,重型散粮卡车,"通风良好, 严控高温",2024-12-07 17:49,2024-12-08 19:22,武汉市,江岸区,114.3,30.59,2024-12-11 19:22
CN-AG-202405-10418,油菜籽,湖北省,钟祥市,112.616711,31.214167,2023-10-10,2023-10-10 [育苗移栽] -> 2023-12-01 [越冬防冻肥] -> 2024-01-22 [薹期水肥调节] -> 2024-03-14 [菌核病无人机防治],2024-05-12 11:12,26563.61,钟祥市第4深加工基地,"112.576094,31.175801",多级筛选->炒籽->螺旋压榨->精制过滤,2024-05-14 13:12,2024-05-14 18:36,WH-CN-436,恒温罐区,2024-05-15 01:36,2024-06-24 01:36,避光控温控制,LOG-CN-23581889144,罐式车,"避光, 防氧化",2024-06-24 12:36,2024-06-28 15:12,西安市,长安区,108.87,34.15,2024-06-30 15:12
CN-AG-202411-10419,棉花,江苏省,射阳县,120.238358,33.69971,2024-05-14,2024-05-14 [覆膜播种] -> 2024-06-19 [人工打顶] -> 2024-07-25 [叶面喷施补硼] -> 2024-08-30 [枯萎病监测] -> 2024-10-05 [喷施脱叶剂],2024-11-08 08:40,12186.07,射阳县第2深加工基地,"120.253899,33.74347",皮棉清理->锯齿轧花->纤维分级->压力打包,2024-11-10 13:40,2024-11-10 21:29,WH-CN-945,专业纤维库,2024-11-11 04:29,2024-12-06 04:29,避光控温控制,LOG-CN-14251493847,高栏平板车,"严禁烟火, 防静电, 干燥",2024-12-06 15:29,2024-12-11 23:16,西安市,长安区,108.87,34.15,2024-12-13 23:16
CN-AG-202409-10420,玉米,山东省,汶上县,116.537073,35.711532,2024-05-29,2024-05-29 [免耕直播] -> 2024-06-20 [苗期中耕] -> 2024-07-12 [喇叭口期追肥] -> 2024-08-03 [大斑病防治] -> 2024-08-25 [人工授粉辅助],2024-09-12 08:35,11095.13,汶上县第3深加工基地,"116.48645,35.732819",物理清理->脱粒烘干->破碎加工->筛理分级,2024-09-14 12:35,2024-09-14 18:50,WH-CN-836,现代化圆筒仓,2024-09-15 01:50,2024-11-04 01:50,避光控温控制,LOG-CN-53698219274,重型散粮卡车,"通风良好, 严控高温",2024-11-04 07:50,2024-11-06 09:02,武汉市,洪山区,114.34,30.5,2024-11-08 09:02
CN-AG-202405-10421,油菜籽,湖北省,钟祥市,112.623442,31.125903,2023-10-11,2023-10-11 [育苗移栽] -> 2023-12-02 [越冬防冻肥] -> 2024-01-23 [薹期水肥调节] -> 2024-03-15 [菌核病无人机防治],2024-05-07 08:11,17937.42,钟祥市第3深加工基地,"112.579741,31.178455",多级筛选->炒籽->螺旋压榨->精制过滤,2024-05-08 10:11,2024-05-08 19:46,WH-CN-776,恒温罐区,2024-05-09 01:46,2024-06-12 01:46,避光控温控制,LOG-CN-21643407860,罐式车,"避光, 防氧化",2024-06-12 10:46,2024-06-15 02:15,上海市,闵行区,121.38,31.11,2024-06-16 02:15
CN-AG-202409-10422,水稻,辽宁省,盘山县,122.071777,41.25275,2024-05-06,2024-05-06 [播种育秧] -> 2024-05-29 [田间底肥] -> 2024-06-21 [插秧作业] -> 2024-07-14 [分蘖期灌溉] -> 2024-08-06 [除草控虫] -> 2024-08-29 [晒田补肥],2024-09-26 11:12,15296.4,盘山县第2深加工基地,"122.040051,41.233497",清理去石->砻谷脱壳->糙米碾白->抛光->色选->包装,2024-09-30 15:12,2024-09-30 20:24,WH-CN-435,平房仓(准低温),2024-10-01 06:24,2024-11-20 06:24,准低温低氧控制,LOG-CN-15356561466,散粮车,"防潮, 湿度<14%",2024-11-20 21:24,2024-11-25 00:36,深圳市,福田区,114.05,22.54,2024-11-28 00:36
CN-AG-202405-10423,油菜籽,四川省,安岳县,105.287565,30.08784,2023-10-29,2023-10-29 [育苗移栽] -> 2023-12-20 [越冬防冻肥] -> 2024-02-10 [薹期水肥调节] -> 2024-04-02 [菌核病无人机防治],2024-05-28 16:37,31289.77,安岳县第3深加工基地,"105.321363,30.097351",多级筛选->炒籽->螺旋压榨->精制过滤,2024-05-30 18:37,2024-05-31 03:48,WH-CN-610,恒温罐区,2024-05-31 14:48,2024-07-19 14:48,避光控温控制,LOG-CN-72358167880,罐式车,"避光, 防氧化",2024-07-20 04:48,2024-07-23 06:36,上海市,浦东新区,121.54,31.22,2024-07-26 06:36
CN-AG-202407-10424,大麦,新疆维吾尔自治区,奇台县,89.54622,43.963097,2024-04-06,2024-04-06 [翻耕播种] -> 2024-05-01 [分蘖期施氮] -> 2024-05-26 [化学除草] -> 2024-06-20 [灌浆期监控],2024-07-17 15:45,18856.5,奇台县第3深加工基地,"89.590991,44.029262",杂质清理->脱壳处理->分级磨皮->包装,2024-07-21 19:45,2024-07-22 03:12,WH-CN-535,平房仓,2024-07-22 13:12,2024-09-10 13:12,避光控温控制,LOG-CN-65356583329,散装车,防霉通风,2024-09-10 22:12,2024-09-12 23:40,北京市,朝阳区,116.48,39.92,2024-09-13 23:40
CN-AG-202410-10425,水稻,湖南省,安乡县,112.1619,29.465899,2024-05-25,2024-05-25 [播种育秧] -> 2024-06-17 [田间底肥] -> 2024-07-10 [插秧作业] -> 2024-08-02 [分蘖期灌溉] -> 2024-08-25 [除草控虫] -> 2024-09-17 [晒田补肥],2024-10-09 16:05,16773.09,安乡县第4深加工基地,"112.170123,29.406236",清理去石->砻谷脱壳->糙米碾白->抛光->色选->包装,2024-10-10 20:05,2024-10-11 02:22,WH-CN-578,平房仓(准低温),2024-10-11 14:22,2024-11-12 14:22,准低温低氧控制,LOG-CN-67692172514,散粮车,"防潮, 湿度<14%",2024-11-12 20:22,2024-11-16 07:54,深圳市,宝安区,113.88,22.55,2024-11-19 07:54
CN-AG-202406-10426,小麦,山东省,汶上县,116.43268,35.722741,2023-10-26,2023-10-26 [深耕整地] -> 2023-12-03 [秋播种子处理] -> 2024-01-10 [越冬水灌溉] -> 2024-02-17 [拔节期追肥] -> 2024-03-26 [条锈病防治] -> 2024-05-03 [干热风防护],2024-06-09 14:01,7735.57,汶上县第3深加工基地,"116.474321,35.732817",磁选除杂->着水润麦->多级研磨->高方筛理->包装,2024-06-13 17:01,2024-06-13 21:46,WH-CN-333,钢板筒仓,2024-06-14 02:46,2024-07-16 02:46,准低温低氧控制,LOG-CN-23307565813,全封闭货车,"干燥, 禁止异味混载",2024-07-16 16:46,2024-07-20 10:20,上海市,闵行区,121.38,31.11,2024-07-23 10:20
CN-AG-202409-10427,大豆,吉林省,公主岭市,124.838024,43.534351,2024-05-18,2024-05-18 [拌种包衣] -> 2024-06-12 [等距点播] -> 2024-07-07 [结荚期根外追肥] -> 2024-08-01 [食心虫绿色防控] -> 2024-08-26 [除草中耕],2024-09-18 11:21,14864.58,公主岭市第3深加工基地,"124.811227,43.51304",磁选->破碎压胚->高温压榨->物理过滤->精炼,2024-09-21 15:21,2024-09-21 20:25,WH-CN-901,不锈钢储油罐区,2024-09-22 04:25,2024-10-14 04:25,准低温低氧控制,LOG-CN-65821012769,罐式车,"避光, 控温25℃下",2024-10-14 18:25,2024-10-17 03:25,广州市,番禺区,113.38,22.93,2024-10-19 03:25
CN-AG-202406-10428,小麦,河北省,宁晋县,114.915176,37.653691,2023-11-07,2023-11-07 [深耕整地] -> 2023-12-15 [秋播种子处理] -> 2024-01-22 [越冬水灌溉] -> 2024-02-29 [拔节期追肥] -> 2024-04-07 [条锈病防治] -> 2024-05-15 [干热风防护],2024-06-21 16:48,30287.86,宁晋县第4深加工基地,"114.929897,37.611163",磁选除杂->着水润麦->多级研磨->高方筛理->包装,2024-06-25 19:48,2024-06-26 00:14,WH-CN-448,钢板筒仓,2024-06-26 07:14,2024-08-05 07:14,准低温低氧控制,LOG-CN-21991183164,全封闭货车,"干燥, 禁止异味混载",2024-08-05 22:14,2024-08-11 02:49,深圳市,宝安区,113.88,22.55,2024-08-13 02:49
CN-AG-202406-10429,小麦,河南省,唐河县,112.853404,32.626934,2023-11-06,2023-11-06 [深耕整地] -> 2023-12-14 [秋播种子处理] -> 2024-01-21 [越冬水灌溉] -> 2024-02-28 [拔节期追肥] -> 2024-04-06 [条锈病防治] -> 2024-05-14 [干热风防护],2024-06-25 14:13,34200.46,唐河县第3深加工基地,"112.824784,32.689674",磁选除杂->着水润麦->多级研磨->高方筛理->包装,2024-06-29 20:13,2024-06-29 22:58,WH-CN-330,钢板筒仓,2024-06-30 07:58,2024-07-18 07:58,准低温低氧控制,LOG-CN-67634798874,全封闭货车,"干燥, 禁止异味混载",2024-07-18 13:58,2024-07-22 05:49,广州市,白云区,113.27,23.15,2024-07-25 05:49
CN-AG-202410-10430,水稻,广西壮族自治区,桂平市,110.034566,23.34707,2024-05-20,2024-05-20 [播种育秧] -> 2024-06-12 [田间底肥] -> 2024-07-05 [插秧作业] -> 2024-07-28 [分蘖期灌溉] -> 2024-08-20 [除草控虫] -> 2024-09-12 [晒田补肥],2024-10-11 17:01,18525.18,桂平市第4深加工基地,"110.072021,23.386066",清理去石->砻谷脱壳->糙米碾白->抛光->色选->包装,2024-10-12 20:01,2024-10-12 23:49,WH-CN-211,平房仓(准低温),2024-10-13 08:49,2024-11-28 08:49,准低温低氧控制,LOG-CN-88721774238,散粮车,"防潮, 湿度<14%",2024-11-28 17:49,2024-12-01 19:53,南京市,江宁区,118.83,31.95,2024-12-04 19:53
CN-AG-202408-10431,花生,江苏省,东海县,118.717475,34.563059,2024-04-05,2024-04-05 [清棵蹲苗] -> 2024-04-29 [培土迎葑] -> 2024-05-23 [钙镁肥补充] -> 2024-06-16 [下针期控旺] -> 2024-07-10 [地下虫害防治],2024-08-06 09:43,13156.38,东海县第5深加工基地,"118.779934,34.540188",剥壳分选->烘炒->压榨提取->物理精炼,2024-08-08 11:43,2024-08-08 21:16,WH-CN-171,避光库房,2024-08-09 08:16,2024-08-20 08:16,避光控温控制,LOG-CN-16247732978,厢式货车,避光防潮,2024-08-20 15:16,2024-08-23 16:34,广州市,天河区,113.33,23.13,2024-08-24 16:34
CN-AG-202409-10432,玉米,山东省,汶上县,116.493826,35.767676,2024-05-27,2024-05-27 [免耕直播] -> 2024-06-18 [苗期中耕] -> 2024-07-10 [喇叭口期追肥] -> 2024-08-01 [大斑病防治] -> 2024-08-23 [人工授粉辅助],2024-09-11 14:25,15841.5,汶上县第4深加工基地,"116.482478,35.726125",物理清理->脱粒烘干->破碎加工->筛理分级,2024-09-12 17:25,2024-09-13 00:29,WH-CN-262,现代化圆筒仓,2024-09-13 10:29,2024-10-23 10:29,避光控温控制,LOG-CN-89902323671,重型散粮卡车,"通风良好, 严控高温",2024-10-23 19:29,2024-10-25 12:24,上海市,闵行区,121.38,31.11,2024-10-26 12:24
CN-AG-202409-10433,花生,河南省,正阳县,114.37113,32.603245,2024-05-15,2024-05-15 [清棵蹲苗] -> 2024-06-08 [培土迎葑] -> 2024-07-02 [钙镁肥补充] -> 2024-07-26 [下针期控旺] -> 2024-08-19 [地下虫害防治],2024-09-09 11:00,21107.16,正阳县第5深加工基地,"114.387732,32.592614",剥壳分选->烘炒->压榨提取->物理精炼,2024-09-13 13:00,2024-09-13 22:32,WH-CN-140,避光库房,2024-09-14 08:32,2024-11-01 08:32,避光控温控制,LOG-CN-21756574083,厢式货车,避光防潮,2024-11-01 19:32,2024-11-05 20:28,深圳市,宝安区,113.88,22.55,2024-11-07 20:28
CN-AG-202410-10434,玉米,河南省,滑县,114.483355,35.563974,2024-07-01,2024-07-01 [免耕直播] -> 2024-07-23 [苗期中耕] -> 2024-08-14 [喇叭口期追肥] -> 2024-09-05 [大斑病防治] -> 2024-09-27 [人工授粉辅助],2024-10-23 12:25,24901.53,滑县第4深加工基地,"114.518283,35.567355",物理清理->脱粒烘干->破碎加工->筛理分级,2024-10-25 17:25,2024-10-25 22:02,WH-CN-815,现代化圆筒仓,2024-10-26 04:02,2024-12-14 04:02,避光控温控制,LOG-CN-18356663592,重型散粮卡车,"通风良好, 严控高温",2024-12-14 16:02,2024-12-19 04:13,南京市,江宁区,118.83,31.95,2024-12-22 04:13
CN-AG-202407-10435,大麦,甘肃省,永昌县,101.998034,38.279305,2024-04-07,2024-04-07 [翻耕播种] -> 2024-05-02 [分蘖期施氮] -> 2024-05-27 [化学除草] -> 2024-06-21 [灌浆期监控],2024-07-21 16:18,31828.87,永昌县第3深加工基地,"101.960221,38.245386",杂质清理->脱壳处理->分级磨皮->包装,2024-07-22 19:18,2024-07-23 02:00,WH-CN-519,平房仓,2024-07-23 12:00,2024-09-06 12:00,避光控温控制,LOG-CN-33411591806,散装车,防霉通风,2024-09-06 19:00,2024-09-11 19:06,上海市,闵行区,121.38,31.11,2024-09-14 19:06
CN-AG-202405-10436,油菜籽,甘肃省,民乐县,100.807761,38.419938,2023-10-13,2023-10-13 [育苗移栽] -> 2023-12-04 [越冬防冻肥] -> 2024-01-25 [薹期水肥调节] -> 2024-03-17 [菌核病无人机防治],2024-05-15 08:04,37099.79,民乐县第3深加工基地,"100.805196,38.420384",多级筛选->炒籽->螺旋压榨->精制过滤,2024-05-19 13:04,2024-05-19 18:29,WH-CN-786,恒温罐区,2024-05-20 04:29,2024-06-11 04:29,避光控温控制,LOG-CN-73345081198,罐式车,"避光, 防氧化",2024-06-11 10:29,2024-06-13 18:36,南京市,玄武区,118.79,32.06,2024-06-16 18:36
CN-AG-202409-10437,玉米,安徽省,蒙城县,116.516453,33.291235,2024-05-18,2024-05-18 [免耕直播] -> 2024-06-09 [苗期中耕] -> 2024-07-01 [喇叭口期追肥] -> 2024-07-23 [大斑病防治] -> 2024-08-14 [人工授粉辅助],2024-09-03 16:42,9345.3,蒙城县第4深加工基地,"116.554304,33.260706",物理清理->脱粒烘干->破碎加工->筛理分级,2024-09-07 19:42,2024-09-08 02:13,WH-CN-272,现代化圆筒仓,2024-09-08 10:13,2024-09-28 10:13,避光控温控制,LOG-CN-13279590011,重型散粮卡车,"通风良好, 严控高温",2024-09-29 01:13,2024-09-30 13:24,广州市,天河区,113.33,23.13,2024-10-02 13:24
CN-AG-202409-10438,水稻,广西壮族自治区,桂平市,110.048944,23.331454,2024-04-30,2024-04-30 [播种育秧] -> 2024-05-23 [田间底肥] -> 2024-06-15 [插秧作业] -> 2024-07-08 [分蘖期灌溉] -> 2024-07-31 [除草控虫] -> 2024-08-23 [晒田补肥],2024-09-15 13:11,5163.3,桂平市第4深加工基地,"110.086031,23.399517",清理去石->砻谷脱壳->糙米碾白->抛光->色选->包装,2024-09-16 19:11,2024-09-16 23:31,WH-CN-885,平房仓(准低温),2024-09-17 10:31,2024-09-30 10:31,准低温低氧控制,LOG-CN-58317092645,散粮车,"防潮, 湿度<14%",2024-09-30 20:31,2024-10-04 04:34,上海市,闵行区,121.38,31.11,2024-10-07 04:34
CN-AG-202406-10439,大麦,甘肃省,永昌县,101.968542,38.295149,2024-02-27,2024-02-27 [翻耕播种] -> 2024-03-23 [分蘖期施氮] -> 2024-04-17 [化学除草] -> 2024-05-12 [灌浆期监控],2024-06-01 14:01,19548.8,永昌县第1深加工基地,"101.970959,38.232195",杂质清理->脱壳处理->分级磨皮->包装,2024-06-04 17:01,2024-06-05 01:19,WH-CN-935,平房仓,2024-06-05 06:19,2024-06-29 06:19,避光控温控制,LOG-CN-54354734864,散装车,防霉通风,2024-06-29 14:19,2024-07-04 10:29,上海市,宝山区,121.48,31.4,2024-07-05 10:29
CN-AG-202405-10440,油菜籽,湖北省,钟祥市,112.621323,31.164525,2023-10-25,2023-10-25 [育苗移栽] -> 2023-12-16 [越冬防冻肥] -> 2024-02-06 [薹期水肥调节] -> 2024-03-29 [菌核病无人机防治],2024-05-18 14:27,18621.53,钟祥市第4深加工基地,"112.579765,31.161962",多级筛选->炒籽->螺旋压榨->精制过滤,2024-05-20 17:27,2024-05-20 20:51,WH-CN-325,恒温罐区,2024-05-21 05:51,2024-06-20 05:51,避光控温控制,LOG-CN-47860501335,罐式车,"避光, 防氧化",2024-06-20 17:51,2024-06-25 05:11,广州市,天河区,113.33,23.13,2024-06-26 05:11
CN-AG-202409-10441,玉米,四川省,三台县,105.068961,31.048006,2024-05-17,2024-05-17 [免耕直播] -> 2024-06-08 [苗期中耕] -> 2024-06-30 [喇叭口期追肥] -> 2024-07-22 [大斑病防治] -> 2024-08-13 [人工授粉辅助],2024-09-03 11:26,29371.04,三台县第2深加工基地,"105.08952,31.094747",物理清理->脱粒烘干->破碎加工->筛理分级,2024-09-07 13:26,2024-09-07 22:00,WH-CN-440,现代化圆筒仓,2024-09-08 10:00,2024-10-24 10:00,避光控温控制,LOG-CN-96652387017,重型散粮卡车,"通风良好, 严控高温",2024-10-24 17:00,2024-10-28 21:20,广州市,白云区,113.27,23.15,2024-10-31 21:20
CN-AG-202410-10442,玉米,广西壮族自治区,武宣县,109.647337,23.575107,2024-06-11,2024-06-11 [免耕直播] -> 2024-07-03 [苗期中耕] -> 2024-07-25 [喇叭口期追肥] -> 2024-08-16 [大斑病防治] -> 2024-09-07 [人工授粉辅助],2024-10-03 13:01,15809.7,武宣县第4深加工基地,"109.6657,23.589189",物理清理->脱粒烘干->破碎加工->筛理分级,2024-10-07 18:01,2024-10-08 00:52,WH-CN-875,现代化圆筒仓,2024-10-08 07:52,2024-11-19 07:52,避光控温控制,LOG-CN-92650399563,重型散粮卡车,"通风良好, 严控高温",2024-11-19 13:52,2024-11-23 20:40,北京市,朝阳区,116.48,39.92,2024-11-24 20:40
CN-AG-202409-10443,水稻,吉林省,前郭县,124.86464,45.15705,2024-04-27,2024-04-27 [播种育秧] -> 2024-05-20 [田间底肥] -> 2024-06-12 [插秧作业] -> 2024-07-05 [分蘖期灌溉] -> 2024-07-28 [除草控虫] -> 2024-08-20 [晒田补肥],2024-09-12 15:18,27526.07,前郭县第1深加工基地,"124.806308,45.115738",清理去石->砻谷脱壳->糙米碾白->抛光->色选->包装,2024-09-14 20:18,2024-09-15 00:32,WH-CN-633,平房仓(准低温),2024-09-15 04:32,2024-10-10 04:32,准低温低氧控制,LOG-CN-97681299493,散粮车,"防潮, 湿度<14%",2024-10-10 15:32,2024-10-12 08:49,西安市,长安区,108.87,34.15,2024-10-14 08:49
CN-AG-202406-10444,小麦,河南省,滑县,114.512512,35.592576,2023-11-13,2023-11-13 [深耕整地] -> 2023-12-21 [秋播种子处理] -> 2024-01-28 [越冬水灌溉] -> 2024-03-06 [拔节期追肥] -> 2024-04-13 [条锈病防治] -> 2024-05-21 [干热风防护],2024-06-28 13:21,5211.49,滑县第4深加工基地,"114.526817,35.565093",磁选除杂->着水润麦->多级研磨->高方筛理->包装,2024-06-30 19:21,2024-06-30 22:18,WH-CN-171,钢板筒仓,2024-07-01 05:18,2024-07-25 05:18,准低温低氧控制,LOG-CN-39865747417,全封闭货车,"干燥, 禁止异味混载",2024-07-25 16:18,2024-07-27 15:46,南京市,南京浦口区,118.62,32.05,2024-07-30 15:46
CN-AG-202409-10445,玉米,吉林省,榆树市,126.598211,44.764611,2024-05-14,2024-05-14 [免耕直播] -> 2024-06-05 [苗期中耕] -> 2024-06-27 [喇叭口期追肥] -> 2024-07-19 [大斑病防治] -> 2024-08-10 [人工授粉辅助],2024-09-05 09:11,19840.59,榆树市第5深加工基地,"126.552744,44.81923",物理清理->脱粒烘干->破碎加工->筛理分级,2024-09-07 12:11,2024-09-07 19:00,WH-CN-354,现代化圆筒仓,2024-09-08 00:00,2024-10-15 00:00,避光控温控制,LOG-CN-49956513282,重型散粮卡车,"通风良好, 严控高温",2024-10-15 08:00,2024-10-20 04:12,西安市,未央区,108.94,34.29,2024-10-21 04:12
CN-AG-202405-10446,油菜籽,湖南省,安乡县,112.217414,29.429122,2023-10-12,2023-10-12 [育苗移栽] -> 2023-12-03 [越冬防冻肥] -> 2024-01-24 [薹期水肥调节] -> 2024-03-16 [菌核病无人机防治],2024-05-09 15:05,33686.13,安乡县第4深加工基地,"112.172279,29.412733",多级筛选->炒籽->螺旋压榨->精制过滤,2024-05-13 20:05,2024-05-14 00:00,WH-CN-120,恒温罐区,2024-05-14 11:00,2024-06-21 11:00,避光控温控制,LOG-CN-64812068980,罐式车,"避光, 防氧化",2024-06-22 02:00,2024-06-27 00:27,南京市,南京浦口区,118.62,32.05,2024-06-28 00:27
CN-AG-202410-10447,水稻,江苏省,兴化市,119.852209,32.877998,2024-05-30,2024-05-30 [播种育秧] -> 2024-06-22 [田间底肥] -> 2024-07-15 [插秧作业] -> 2024-08-07 [分蘖期灌溉] -> 2024-08-30 [除草控虫] -> 2024-09-22 [晒田补肥],2024-10-20 16:09,7517.89,兴化市第2深加工基地,"119.854749,32.923003",清理去石->砻谷脱壳->糙米碾白->抛光->色选->包装,2024-10-22 20:09,2024-10-23 01:53,WH-CN-832,平房仓(准低温),2024-10-23 12:53,2024-11-21 12:53,准低温低氧控制,LOG-CN-37785253600,散粮车,"防潮, 湿度<14%",2024-11-22 00:53,2024-11-26 00:31,西安市,未央区,108.94,34.29,2024-11-28 00:31
CN-AG-202410-10448,棉花,新疆维吾尔自治区,沙雅县,82.801627,41.221467,2024-04-04,2024-04-04 [覆膜播种] -> 2024-05-10 [人工打顶] -> 2024-06-15 [叶面喷施补硼] -> 2024-07-21 [枯萎病监测] -> 2024-08-26 [喷施脱叶剂],2024-10-01 16:46,19307.57,沙雅县第1深加工基地,"82.771696,41.210833",皮棉清理->锯齿轧花->纤维分级->压力打包,2024-10-05 21:46,2024-10-06 03:48,WH-CN-227,专业纤维库,2024-10-06 13:48,2024-11-08 13:48,避光控温控制,LOG-CN-33904106882,高栏平板车,"严禁烟火, 防静电, 干燥",2024-11-08 23:48,2024-11-13 10:25,南京市,江宁区,118.83,31.95,2024-11-14 10:25
CN-AG-202410-10449,玉米,内蒙古自治区,阿荣旗,123.45865,48.145959,2024-07-05,2024-07-05 [免耕直播] -> 2024-07-27 [苗期中耕] -> 2024-08-18 [喇叭口期追肥] -> 2024-09-09 [大斑病防治] -> 2024-10-01 [人工授粉辅助],2024-10-25 13:32,27083.34,阿荣旗第1深加工基地,"123.500242,48.111425",物理清理->脱粒烘干->破碎加工->筛理分级,2024-10-28 15:32,2024-10-28 23:35,WH-CN-814,现代化圆筒仓,2024-10-29 09:35,2024-12-05 09:35,避光控温控制,LOG-CN-98758401015,重型散粮卡车,"通风良好, 严控高温",2024-12-05 22:35,2024-12-07 03:33,深圳市,福田区,114.05,22.54,2024-12-09 03:33
CN-AG-202411-10450,棉花,新疆维吾尔自治区,沙雅县,82.808501,41.27478,2024-05-28,2024-05-28 [覆膜播种] -> 2024-07-03 [人工打顶] -> 2024-08-08 [叶面喷施补硼] -> 2024-09-13 [枯萎病监测] -> 2024-10-19 [喷施脱叶剂],2024-11-22 10:16,35660.22,沙雅县第2深加工基地,"82.775931,41.217065",皮棉清理->锯齿轧花->纤维分级->压力打包,2024-11-24 12:16,2024-11-24 15:45,WH-CN-949,专业纤维库,2024-11-24 20:45,2024-12-28 20:45,避光控温控制,LOG-CN-46193137400,高栏平板车,"严禁烟火, 防静电, 干燥",2024-12-29 11:45,2024-12-30 22:18,南京市,南京浦口区,118.62,32.05,2024-12-31 22:18
CN-AG-202410-10451,玉米,广西壮族自治区,武宣县,109.692958,23.571964,2024-06-30,2024-06-30 [免耕直播] -> 2024-07-22 [苗期中耕] -> 2024-08-13 [喇叭口期追肥] -> 2024-09-04 [大斑病防治] -> 2024-09-26 [人工授粉辅助],2024-10-19 12:46,15783.51,武宣县第2深加工基地,"109.653704,23.593227",物理清理->脱粒烘干->破碎加工->筛理分级,2024-10-20 14:46,2024-10-20 22:41,WH-CN-935,现代化圆筒仓,2024-10-21 07:41,2024-11-09 07:41,避光控温控制,LOG-CN-12111935339,重型散粮卡车,"通风良好, 严控高温",2024-11-09 16:41,2024-11-14 16:06,成都市,新都区,104.15,30.82,2024-11-17 16:06
CN-AG-202410-10452,玉米,辽宁省,昌图县,124.061807,42.740893,2024-06-30,2024-06-30 [免耕直播] -> 2024-07-22 [苗期中耕] -> 2024-08-13 [喇叭口期追肥] -> 2024-09-04 [大斑病防治] -> 2024-09-26 [人工授粉辅助],2024-10-17 14:41,20773.13,昌图县第2深加工基地,"124.115287,42.783206",物理清理->脱粒烘干->破碎加工->筛理分级,2024-10-21 17:41,2024-10-21 21:41,WH-CN-290,现代化圆筒仓,2024-10-22 06:41,2024-11-12 06:41,避光控温控制,LOG-CN-15158001693,重型散粮卡车,"通风良好, 严控高温",2024-11-12 19:41,2024-11-14 19:13,广州市,天河区,113.33,23.13,2024-11-15 19:13
CN-AG-202406-10453,小麦,新疆维吾尔自治区,奇台县,89.532513,43.991806,2023-11-06,2023-11-06 [深耕整地] -> 2023-12-14 [秋播种子处理] -> 2024-01-21 [越冬水灌溉] -> 2024-02-28 [拔节期追肥] -> 2024-04-06 [条锈病防治] -> 2024-05-14 [干热风防护],2024-06-28 14:28,25497.62,奇台县第4深加工基地,"89.599357,44.011643",磁选除杂->着水润麦->多级研磨->高方筛理->包装,2024-06-29 17:28,2024-06-29 20:38,WH-CN-596,钢板筒仓,2024-06-30 04:38,2024-07-15 04:38,准低温低氧控制,LOG-CN-10432971971,全封闭货车,"干燥, 禁止异味混载",2024-07-15 14:38,2024-07-16 22:59,南京市,玄武区,118.79,32.06,2024-07-17 22:59
CN-AG-202409-10454,水稻,吉林省,榆树市,126.582307,44.795453,2024-05-10,2024-05-10 [播种育秧] -> 2024-06-02 [田间底肥] -> 2024-06-25 [插秧作业] -> 2024-07-18 [分蘖期灌溉] -> 2024-08-10 [除草控虫] -> 2024-09-02 [晒田补肥],2024-09-22 17:50,20030.88,榆树市第3深加工基地,"126.547639,44.822493",清理去石->砻谷脱壳->糙米碾白->抛光->色选->包装,2024-09-23 20:50,2024-09-24 03:47,WH-CN-798,平房仓(准低温),2024-09-24 07:47,2024-10-28 07:47,准低温低氧控制,LOG-CN-56772847547,散粮车,"防潮, 湿度<14%",2024-10-28 20:47,2024-11-02 21:08,成都市,龙泉驿区,104.27,30.55,2024-11-05 21:08
CN-AG-202406-10455,小麦,河南省,唐河县,112.784566,32.644682,2023-11-01,2023-11-01 [深耕整地] -> 2023-12-09 [秋播种子处理] -> 2024-01-16 [越冬水灌溉] -> 2024-02-23 [拔节期追肥] -> 2024-04-01 [条锈病防治] -> 2024-05-09 [干热风防护],2024-06-22 14:24,5898.81,唐河县第1深加工基地,"112.835493,32.6823",磁选除杂->着水润麦->多级研磨->高方筛理->包装,2024-06-23 18:24,2024-06-24 04:21,WH-CN-989,钢板筒仓,2024-06-24 13:21,2024-07-10 13:21,准低温低氧控制,LOG-CN-46638774025,全封闭货车,"干燥, 禁止异味混载",2024-07-11 01:21,2024-07-15 22:14,北京市,海淀区,116.3,39.96,2024-07-16 22:14
CN-AG-202410-10456,水稻,广西壮族自治区,武宣县,109.663636,23.607269,2024-05-23,2024-05-23 [播种育秧] -> 2024-06-15 [田间底肥] -> 2024-07-08 [插秧作业] -> 2024-07-31 [分蘖期灌溉] -> 2024-08-23 [除草控虫] -> 2024-09-15 [晒田补肥],2024-10-15 17:43,16393.38,武宣县第4深加工基地,"109.66937,23.580839",清理去石->砻谷脱壳->糙米碾白->抛光->色选->包装,2024-10-19 23:43,2024-10-20 05:44,WH-CN-339,平房仓(准低温),2024-10-20 12:44,2024-10-30 12:44,准低温低氧控制,LOG-CN-77030536743,散粮车,"防潮, 湿度<14%",2024-10-30 23:44,2024-11-01 05:35,武汉市,洪山区,114.34,30.5,2024-11-04 05:35
CN-AG-202406-10457,小麦,河北省,宁晋县,114.895139,37.655846,2023-11-01,2023-11-01 [深耕整地] -> 2023-12-09 [秋播种子处理] -> 2024-01-16 [越冬水灌溉] -> 2024-02-23 [拔节期追肥] -> 2024-04-01 [条锈病防治] -> 2024-05-09 [干热风防护],2024-06-14 15:42,34132.39,宁晋县第5深加工基地,"114.922038,37.629599",磁选除杂->着水润麦->多级研磨->高方筛理->包装,2024-06-18 19:42,2024-06-19 03:22,WH-CN-995,钢板筒仓,2024-06-19 10:22,2024-07-08 10:22,准低温低氧控制,LOG-CN-33479740296,全封闭货车,"干燥, 禁止异味混载",2024-07-08 23:22,2024-07-14 04:27,北京市,朝阳区,116.48,39.92,2024-07-16 04:27
CN-AG-202410-10458,水稻,江苏省,东海县,118.799769,34.549891,2024-06-06,2024-06-06 [播种育秧] -> 2024-06-29 [田间底肥] -> 2024-07-22 [插秧作业] -> 2024-08-14 [分蘖期灌溉] -> 2024-09-06 [除草控虫] -> 2024-09-29 [晒田补肥],2024-10-22 16:15,36592.7,东海县第3深加工基地,"118.77313,34.546235",清理去石->砻谷脱壳->糙米碾白->抛光->色选->包装,2024-10-24 19:15,2024-10-25 04:10,WH-CN-325,平房仓(准低温),2024-10-25 09:10,2024-11-10 09:10,准低温低氧控制,LOG-CN-47448571421,散粮车,"防潮, 湿度<14%",2024-11-10 15:10,2024-11-12 12:09,南京市,南京浦口区,118.62,32.05,2024-11-14 12:09
CN-AG-202409-10459,玉米,广西壮族自治区,宾阳县,108.790592,23.165371,2024-06-01,2024-06-01 [免耕直播] -> 2024-06-23 [苗期中耕] -> 2024-07-15 [喇叭口期追肥] -> 2024-08-06 [大斑病防治] -> 2024-08-28 [人工授粉辅助],2024-09-22 10:59,31003.87,宾阳县第4深加工基地,"108.804492,23.218562",物理清理->脱粒烘干->破碎加工->筛理分级,2024-09-26 12:59,2024-09-26 22:16,WH-CN-769,现代化圆筒仓,2024-09-27 07:16,2024-10-21 07:16,避光控温控制,LOG-CN-69511672503,重型散粮卡车,"通风良好, 严控高温",2024-10-21 18:16,2024-10-24 19:14,上海市,宝山区,121.48,31.4,2024-10-27 19:14
CN-AG-202410-10460,玉米,内蒙古自治区,突泉县,121.561849,46.31466,2024-06-20,2024-06-20 [免耕直播] -> 2024-07-12 [苗期中耕] -> 2024-08-03 [喇叭口期追肥] -> 2024-08-25 [大斑病防治] -> 2024-09-16 [人工授粉辅助],2024-10-04 12:05,5058.75,突泉县第1深加工基地,"121.572259,46.328788",物理清理->脱粒烘干->破碎加工->筛理分级,2024-10-05 16:05,2024-10-06 00:54,WH-CN-704,现代化圆筒仓,2024-10-06 07:54,2024-10-23 07:54,避光控温控制,LOG-CN-38070201342,重型散粮卡车,"通风良好, 严控高温",2024-10-23 18:54,2024-10-26 19:30,武汉市,洪山区,114.34,30.5,2024-10-29 19:30
CN-AG-202410-10461,玉米,河北省,藁城区,114.808883,38.083169,2024-07-02,2024-07-02 [免耕直播] -> 2024-07-24 [苗期中耕] -> 2024-08-15 [喇叭口期追肥] -> 2024-09-06 [大斑病防治] -> 2024-09-28 [人工授粉辅助],2024-10-25 13:51,33565.18,藁城区第3深加工基地,"114.833949,38.02243",物理清理->脱粒烘干->破碎加工->筛理分级,2024-10-27 19:51,2024-10-28 04:00,WH-CN-957,现代化圆筒仓,2024-10-28 11:00,2024-11-13 11:00,避光控温控制,LOG-CN-75364695991,重型散粮卡车,"通风良好, 严控高温",2024-11-14 01:00,2024-11-17 11:20,南京市,玄武区,118.79,32.06,2024-11-18 11:20
CN-AG-202409-10462,水稻,广西壮族自治区,桂平市,110.097497,23.436431,2024-04-28,2024-04-28 [播种育秧] -> 2024-05-21 [田间底肥] -> 2024-06-13 [插秧作业] -> 2024-07-06 [分蘖期灌溉] -> 2024-07-29 [除草控虫] -> 2024-08-21 [晒田补肥],2024-09-20 12:09,22325.89,桂平市第4深加工基地,"110.086319,23.385718",清理去石->砻谷脱壳->糙米碾白->抛光->色选->包装,2024-09-21 18:09,2024-09-21 23:22,WH-CN-160,平房仓(准低温),2024-09-22 07:22,2024-11-03 07:22,准低温低氧控制,LOG-CN-28610714131,散粮车,"防潮, 湿度<14%",2024-11-03 22:22,2024-11-07 12:02,上海市,闵行区,121.38,31.11,2024-11-08 12:02
CN-AG-202406-10463,小麦,内蒙古自治区,五原县,108.301582,41.143364,2023-11-09,2023-11-09 [深耕整地] -> 2023-12-17 [秋播种子处理] -> 2024-01-24 [越冬水灌溉] -> 2024-03-02 [拔节期追肥] -> 2024-04-09 [条锈病防治] -> 2024-05-17 [干热风防护],2024-06-28 10:54,31520.0,五原县第4深加工基地,"108.255045,41.108379",磁选除杂->着水润麦->多级研磨->高方筛理->包装,2024-07-02 14:54,2024-07-03 00:21,WH-CN-173,钢板筒仓,2024-07-03 06:21,2024-07-14 06:21,准低温低氧控制,LOG-CN-49870352662,全封闭货车,"干燥, 禁止异味混载",2024-07-14 18:21,2024-07-19 08:51,南京市,江宁区,118.83,31.95,2024-07-21 08:51
CN-AG-202410-10464,水稻,广西壮族自治区,武宣县,109.655265,23.620605,2024-05-13,2024-05-13 [播种育秧] -> 2024-06-05 [田间底肥] -> 2024-06-28 [插秧作业] -> 2024-07-21 [分蘖期灌溉] -> 2024-08-13 [除草控虫] -> 2024-09-05 [晒田补肥],2024-10-04 10:20,12341.82,武宣县第2深加工基地,"109.66457,23.59684",清理去石->砻谷脱壳->糙米碾白->抛光->色选->包装,2024-10-05 14:20,2024-10-05 20:44,WH-CN-852,平房仓(准低温),2024-10-06 02:44,2024-11-21 02:44,准低温低氧控制,LOG-CN-12797045905,散粮车,"防潮, 湿度<14%",2024-11-21 15:44,2024-11-24 05:41,广州市,白云区,113.27,23.15,2024-11-25 05:41
CN-AG-202409-10465,玉米,山东省,汶上县,116.498739,35.763174,2024-05-29,2024-05-29 [免耕直播] -> 2024-06-20 [苗期中耕] -> 2024-07-12 [喇叭口期追肥] -> 2024-08-03 [大斑病防治] -> 2024-08-25 [人工授粉辅助],2024-09-13 14:43,20183.75,汶上县第2深加工基地,"116.480901,35.723549",物理清理->脱粒烘干->破碎加工->筛理分级,2024-09-14 16:43,2024-09-14 22:15,WH-CN-742,现代化圆筒仓,2024-09-15 09:15,2024-10-06 09:15,避光控温控制,LOG-CN-64642937973,重型散粮卡车,"通风良好, 严控高温",2024-10-06 23:15,2024-10-11 10:36,北京市,朝阳区,116.48,39.92,2024-10-14 10:36
CN-AG-202406-10466,大麦,甘肃省,永昌县,102.022487,38.29816,2024-03-01,2024-03-01 [翻耕播种] -> 2024-03-26 [分蘖期施氮] -> 2024-04-20 [化学除草] -> 2024-05-15 [灌浆期监控],2024-06-08 14:31,9081.97,永昌县第1深加工基地,"101.963296,38.230863",杂质清理->脱壳处理->分级磨皮->包装,2024-06-10 19:31,2024-06-11 04:38,WH-CN-600,平房仓,2024-06-11 09:38,2024-07-20 09:38,避光控温控制,LOG-CN-82621361957,散装车,防霉通风,2024-07-20 22:38,2024-07-23 21:38,南京市,江宁区,118.83,31.95,2024-07-24 21:38
CN-AG-202410-10467,玉米,内蒙古自治区,突泉县,121.597118,46.285807,2024-06-17,2024-06-17 [免耕直播] -> 2024-07-09 [苗期中耕] -> 2024-07-31 [喇叭口期追肥] -> 2024-08-22 [大斑病防治] -> 2024-09-13 [人工授粉辅助],2024-10-09 09:50,11471.14,突泉县第1深加工基地,"121.56427,46.336356",物理清理->脱粒烘干->破碎加工->筛理分级,2024-10-11 14:50,2024-10-11 21:27,WH-CN-503,现代化圆筒仓,2024-10-12 07:27,2024-11-10 07:27,避光控温控制,LOG-CN-82207833092,重型散粮卡车,"通风良好, 严控高温",2024-11-10 18:27,2024-11-12 03:12,广州市,天河区,113.33,23.13,2024-11-15 03:12
CN-AG-202406-10468,小麦,安徽省,蒙城县,116.600884,33.260702,2023-11-12,2023-11-12 [深耕整地] -> 2023-12-20 [秋播种子处理] -> 2024-01-27 [越冬水灌溉] -> 2024-03-05 [拔节期追肥] -> 2024-04-12 [条锈病防治] -> 2024-05-20 [干热风防护],2024-06-25 11:42,12218.05,蒙城县第2深加工基地,"116.560845,33.264656",磁选除杂->着水润麦->多级研磨->高方筛理->包装,2024-06-27 17:42,2024-06-28 02:07,WH-CN-189,钢板筒仓,2024-06-28 08:07,2024-07-08 08:07,准低温低氧控制,LOG-CN-46775641197,全封闭货车,"干燥, 禁止异味混载",2024-07-08 15:07,2024-07-09 20:15,西安市,未央区,108.94,34.29,2024-07-12 20:15
CN-AG-202409-10469,大豆,黑龙江省,嫩江市,125.221003,49.180842,2024-05-12,2024-05-12 [拌种包衣] -> 2024-06-06 [等距点播] -> 2024-07-01 [结荚期根外追肥] -> 2024-07-26 [食心虫绿色防控] -> 2024-08-20 [除草中耕],2024-09-17 12:23,23693.58,嫩江市第2深加工基地,"125.2213,49.165951",磁选->破碎压胚->高温压榨->物理过滤->精炼,2024-09-19 17:23,2024-09-20 01:29,WH-CN-690,不锈钢储油罐区,2024-09-20 05:29,2024-10-15 05:29,准低温低氧控制,LOG-CN-80063526819,罐式车,"避光, 控温25℃下",2024-10-15 19:29,2024-10-20 23:47,成都市,武侯区,104.04,30.64,2024-10-23 23:47
CN-AG-202408-10470,花生,山东省,莒南县,118.874799,35.192666,2024-04-29,2024-04-29 [清棵蹲苗] -> 2024-05-23 [培土迎葑] -> 2024-06-16 [钙镁肥补充] -> 2024-07-10 [下针期控旺] -> 2024-08-03 [地下虫害防治],2024-08-22 08:15,26780.95,莒南县第1深加工基地,"118.835222,35.172726",剥壳分选->烘炒->压榨提取->物理精炼,2024-08-24 11:15,2024-08-24 16:18,WH-CN-663,避光库房,2024-08-24 23:18,2024-09-11 23:18,避光控温控制,LOG-CN-45454814908,厢式货车,避光防潮,2024-09-12 10:18,2024-09-14 21:26,深圳市,宝安区,113.88,22.55,2024-09-17 21:26
CN-AG-202406-10471,小麦,河北省,藁城区,114.835387,37.989209,2023-10-24,2023-10-24 [深耕整地] -> 2023-12-01 [秋播种子处理] -> 2024-01-08 [越冬水灌溉] -> 2024-02-15 [拔节期追肥] -> 2024-03-24 [条锈病防治] -> 2024-05-01 [干热风防护],2024-06-15 09:16,28006.13,藁城区第5深加工基地,"114.834934,38.020187",磁选除杂->着水润麦->多级研磨->高方筛理->包装,2024-06-19 12:16,2024-06-19 19:20,WH-CN-719,钢板筒仓,2024-06-20 02:20,2024-07-04 02:20,准低温低氧控制,LOG-CN-66539134484,全封闭货车,"干燥, 禁止异味混载",2024-07-04 11:20,2024-07-09 06:43,成都市,新都区,104.15,30.82,2024-07-12 06:43
CN-AG-202411-10472,棉花,新疆维吾尔自治区,沙雅县,82.839017,41.247175,2024-05-19,2024-05-19 [覆膜播种] -> 2024-06-24 [人工打顶] -> 2024-07-30 [叶面喷施补硼] -> 2024-09-04 [枯萎病监测] -> 2024-10-10 [喷施脱叶剂],2024-11-13 08:38,36823.59,沙雅县第3深加工基地,"82.77803,41.211984",皮棉清理->锯齿轧花->纤维分级->压力打包,2024-11-14 12:38,2024-11-14 16:11,WH-CN-249,专业纤维库,2024-11-15 04:11,2024-12-02 04:11,避光控温控制,LOG-CN-45329393690,高栏平板车,"严禁烟火, 防静电, 干燥",2024-12-02 15:11,2024-12-07 00:16,南京市,玄武区,118.79,32.06,2024-12-09 00:16
CN-AG-202410-10473,水稻,黑龙江省,五常市,127.114484,44.966009,2024-05-25,2024-05-25 [播种育秧] -> 2024-06-17 [田间底肥] -> 2024-07-10 [插秧作业] -> 2024-08-02 [分蘖期灌溉] -> 2024-08-25 [除草控虫] -> 2024-09-17 [晒田补肥],2024-10-08 14:06,35288.94,五常市第5深加工基地,"127.154661,44.931102",清理去石->砻谷脱壳->糙米碾白->抛光->色选->包装,2024-10-10 20:06,2024-10-11 04:48,WH-CN-377,平房仓(准低温),2024-10-11 12:48,2024-11-27 12:48,准低温低氧控制,LOG-CN-25493952560,散粮车,"防潮, 湿度<14%",2024-11-28 02:48,2024-11-30 23:32,西安市,雁塔区,108.94,34.21,2024-12-03 23:32
CN-AG-202410-10474,玉米,吉林省,榆树市,126.512563,44.833918,2024-07-07,2024-07-07 [免耕直播] -> 2024-07-29 [苗期中耕] -> 2024-08-20 [喇叭口期追肥] -> 2024-09-11 [大斑病防治] -> 2024-10-03 [人工授粉辅助],2024-10-25 14:11,9422.89,榆树市第4深加工基地,"126.555676,44.817108",物理清理->脱粒烘干->破碎加工->筛理分级,2024-10-29 19:11,2024-10-30 02:44,WH-CN-681,现代化圆筒仓,2024-10-30 08:44,2024-11-25 08:44,避光控温控制,LOG-CN-47518353431,重型散粮卡车,"通风良好, 严控高温",2024-11-25 22:44,2024-11-30 17:53,北京市,丰台区,116.28,39.85,2024-12-03 17:53
CN-AG-202409-10475,水稻,吉林省,榆树市,126.490628,44.826507,2024-05-03,2024-05-03 [播种育秧] -> 2024-05-26 [田间底肥] -> 2024-06-18 [插秧作业] -> 2024-07-11 [分蘖期灌溉] -> 2024-08-03 [除草控虫] -> 2024-08-26 [晒田补肥],2024-09-22 17:26,15681.56,榆树市第1深加工基地,"126.540706,44.82522",清理去石->砻谷脱壳->糙米碾白->抛光->色选->包装,2024-09-24 22:26,2024-09-25 03:57,WH-CN-412,平房仓(准低温),2024-09-25 14:57,2024-11-06 14:57,准低温低氧控制,LOG-CN-96286496811,散粮车,"防潮, 湿度<14%",2024-11-07 02:57,2024-11-10 21:42,成都市,龙泉驿区,104.27,30.55,2024-11-11 21:42
CN-AG-202409-10476,水稻,吉林省,前郭县,124.774298,45.139488,2024-04-21,2024-04-21 [播种育秧] -> 2024-05-14 [田间底肥] -> 2024-06-06 [插秧作业] -> 2024-06-29 [分蘖期灌溉] -> 2024-07-22 [除草控虫] -> 2024-08-14 [晒田补肥],2024-09-03 10:36,22423.18,前郭县第5深加工基地,"124.807359,45.119161",清理去石->砻谷脱壳->糙米碾白->抛光->色选->包装,2024-09-04 14:36,2024-09-04 21:49,WH-CN-814,平房仓(准低温),2024-09-05 08:49,2024-09-15 08:49,准低温低氧控制,LOG-CN-62075153839,散粮车,"防潮, 湿度<14%",2024-09-15 22:49,2024-09-20 19:57,南京市,南京浦口区,118.62,32.05,2024-09-22 19:57
CN-AG-202409-10477,水稻,黑龙江省,五常市,127.107867,44.909232,2024-05-03,2024-05-03 [播种育秧] -> 2024-05-26 [田间底肥] -> 2024-06-18 [插秧作业] -> 2024-07-11 [分蘖期灌溉] -> 2024-08-03 [除草控虫] -> 2024-08-26 [晒田补肥],2024-09-23 14:44,36632.95,五常市第2深加工基地,"127.157533,44.926112",清理去石->砻谷脱壳->糙米碾白->抛光->色选->包装,2024-09-26 17:44,2024-09-27 02:32,WH-CN-176,平房仓(准低温),2024-09-27 14:32,2024-11-14 14:32,准低温低氧控制,LOG-CN-79292076626,散粮车,"防潮, 湿度<14%",2024-11-15 03:32,2024-11-17 01:15,北京市,丰台区,116.28,39.85,2024-11-20 01:15
CN-AG-202409-10478,花生,山东省,莒南县,118.814197,35.22956,2024-05-19,2024-05-19 [清棵蹲苗] -> 2024-06-12 [培土迎葑] -> 2024-07-06 [钙镁肥补充] -> 2024-07-30 [下针期控旺] -> 2024-08-23 [地下虫害防治],2024-09-16 14:10,12457.31,莒南县第5深加工基地,"118.834441,35.168972",剥壳分选->烘炒->压榨提取->物理精炼,2024-09-17 18:10,2024-09-18 02:27,WH-CN-503,避光库房,2024-09-18 09:27,2024-11-01 09:27,避光控温控制,LOG-CN-81481027474,厢式货车,避光防潮,2024-11-01 19:27,2024-11-05 08:45,上海市,闵行区,121.38,31.11,2024-11-07 08:45
CN-AG-202406-10479,小麦,黑龙江省,嫩江市,125.231165,49.216343,2023-10-12,2023-10-12 [深耕整地] -> 2023-11-19 [秋播种子处理] -> 2023-12-27 [越冬水灌溉] -> 2024-02-03 [拔节期追肥] -> 2024-03-12 [条锈病防治] -> 2024-04-19 [干热风防护],2024-06-02 13:00,8546.82,嫩江市第4深加工基地,"125.218252,49.167831",磁选除杂->着水润麦->多级研磨->高方筛理->包装,2024-06-06 17:00,2024-06-06 22:02,WH-CN-302,钢板筒仓,2024-06-07 07:02,2024-06-23 07:02,准低温低氧控制,LOG-CN-79083448486,全封闭货车,"干燥, 禁止异味混载",2024-06-23 15:02,2024-06-26 18:24,北京市,海淀区,116.3,39.96,2024-06-27 18:24
CN-AG-202410-10480,水稻,安徽省,怀远县,117.140386,32.993474,2024-05-20,2024-05-20 [播种育秧] -> 2024-06-12 [田间底肥] -> 2024-07-05 [插秧作业] -> 2024-07-28 [分蘖期灌溉] -> 2024-08-20 [除草控虫] -> 2024-09-12 [晒田补肥],2024-10-04 15:00,8804.32,怀远县第4深加工基地,"117.19711,32.972392",清理去石->砻谷脱壳->糙米碾白->抛光->色选->包装,2024-10-07 18:00,2024-10-08 00:30,WH-CN-772,平房仓(准低温),2024-10-08 10:30,2024-11-10 10:30,准低温低氧控制,LOG-CN-73734555004,散粮车,"防潮, 湿度<14%",2024-11-10 22:30,2024-11-12 22:04,成都市,龙泉驿区,104.27,30.55,2024-11-14 22:04
CN-AG-202411-10481,棉花,新疆维吾尔自治区,玛纳斯县,86.161159,44.335304,2024-05-28,2024-05-28 [覆膜播种] -> 2024-07-03 [人工打顶] -> 2024-08-08 [叶面喷施补硼] -> 2024-09-13 [枯萎病监测] -> 2024-10-19 [喷施脱叶剂],2024-11-24 14:00,10610.94,玛纳斯县第2深加工基地,"86.209619,44.301764",皮棉清理->锯齿轧花->纤维分级->压力打包,2024-11-26 16:00,2024-11-26 20:07,WH-CN-590,专业纤维库,2024-11-27 04:07,2024-12-09 04:07,避光控温控制,LOG-CN-48581385010,高栏平板车,"严禁烟火, 防静电, 干燥",2024-12-09 16:07,2024-12-14 15:28,广州市,白云区,113.27,23.15,2024-12-15 15:28
CN-AG-202410-10482,水稻,辽宁省,盘山县,121.987782,41.257079,2024-05-26,2024-05-26 [播种育秧] -> 2024-06-18 [田间底肥] -> 2024-07-11 [插秧作业] -> 2024-08-03 [分蘖期灌溉] -> 2024-08-26 [除草控虫] -> 2024-09-18 [晒田补肥],2024-10-18 15:51,9414.33,盘山县第3深加工基地,"122.04123,41.2416",清理去石->砻谷脱壳->糙米碾白->抛光->色选->包装,2024-10-20 19:51,2024-10-21 04:45,WH-CN-612,平房仓(准低温),2024-10-21 14:45,2024-12-02 14:45,准低温低氧控制,LOG-CN-43004408460,散粮车,"防潮, 湿度<14%",2024-12-02 21:45,2024-12-04 11:35,南京市,玄武区,118.79,32.06,2024-12-05 11:35
CN-AG-202410-10483,水稻,吉林省,榆树市,126.562419,44.827279,2024-05-31,2024-05-31 [播种育秧] -> 2024-06-23 [田间底肥] -> 2024-07-16 [插秧作业] -> 2024-08-08 [分蘖期灌溉] -> 2024-08-31 [除草控虫] -> 2024-09-23 [晒田补肥],2024-10-20 08:27,13731.34,榆树市第1深加工基地,"126.5561,44.823529",清理去石->砻谷脱壳->糙米碾白->抛光->色选->包装,2024-10-23 12:27,2024-10-23 19:05,WH-CN-984,平房仓(准低温),2024-10-24 00:05,2024-11-30 00:05,准低温低氧控制,LOG-CN-43075353165,散粮车,"防潮, 湿度<14%",2024-11-30 08:05,2024-12-05 05:37,深圳市,宝安区,113.88,22.55,2024-12-06 05:37
CN-AG-202409-10484,玉米,广西壮族自治区,宾阳县,108.849006,23.182378,2024-05-26,2024-05-26 [免耕直播] -> 2024-06-17 [苗期中耕] -> 2024-07-09 [喇叭口期追肥] -> 2024-07-31 [大斑病防治] -> 2024-08-22 [人工授粉辅助],2024-09-16 09:44,37518.44,宾阳县第4深加工基地,"108.801541,23.209965",物理清理->脱粒烘干->破碎加工->筛理分级,2024-09-18 12:44,2024-09-18 22:31,WH-CN-118,现代化圆筒仓,2024-09-19 04:31,2024-10-13 04:31,避光控温控制,LOG-CN-38417510916,重型散粮卡车,"通风良好, 严控高温",2024-10-13 16:31,2024-10-14 20:48,上海市,浦东新区,121.54,31.22,2024-10-15 20:48
CN-AG-202410-10485,水稻,吉林省,前郭县,124.790109,45.057026,2024-05-22,2024-05-22 [播种育秧] -> 2024-06-14 [田间底肥] -> 2024-07-07 [插秧作业] -> 2024-07-30 [分蘖期灌溉] -> 2024-08-22 [除草控虫] -> 2024-09-14 [晒田补肥],2024-10-14 16:19,8851.92,前郭县第3深加工基地,"124.814154,45.115698",清理去石->砻谷脱壳->糙米碾白->抛光->色选->包装,2024-10-16 19:19,2024-10-17 00:41,WH-CN-387,平房仓(准低温),2024-10-17 10:41,2024-11-26 10:41,准低温低氧控制,LOG-CN-61294789048,散粮车,"防潮, 湿度<14%",2024-11-26 22:41,2024-12-01 08:44,北京市,丰台区,116.28,39.85,2024-12-03 08:44
CN-AG-202409-10486,花生,河北省,大名县,115.152072,36.314634,2024-05-10,2024-05-10 [清棵蹲苗] -> 2024-06-03 [培土迎葑] -> 2024-06-27 [钙镁肥补充] -> 2024-07-21 [下针期控旺] -> 2024-08-14 [地下虫害防治],2024-09-02 10:02,38191.49,大名县第3深加工基地,"115.142949,36.278804",剥壳分选->烘炒->压榨提取->物理精炼,2024-09-03 14:02,2024-09-03 18:20,WH-CN-442,避光库房,2024-09-04 02:20,2024-10-14 02:20,避光控温控制,LOG-CN-24192103936,厢式货车,避光防潮,2024-10-14 09:20,2024-10-17 16:31,成都市,新都区,104.15,30.82,2024-10-19 16:31
CN-AG-202409-10487,玉米,辽宁省,昌图县,124.102082,42.759383,2024-05-24,2024-05-24 [免耕直播] -> 2024-06-15 [苗期中耕] -> 2024-07-07 [喇叭口期追肥] -> 2024-07-29 [大斑病防治] -> 2024-08-20 [人工授粉辅助],2024-09-11 13:47,26064.23,昌图县第1深加工基地,"124.104412,42.771772",物理清理->脱粒烘干->破碎加工->筛理分级,2024-09-14 16:47,2024-09-15 00:49,WH-CN-700,现代化圆筒仓,2024-09-15 08:49,2024-10-08 08:49,避光控温控制,LOG-CN-99696274714,重型散粮卡车,"通风良好, 严控高温",2024-10-08 15:49,2024-10-10 08:29,南京市,玄武区,118.79,32.06,2024-10-13 08:29
CN-AG-202409-10488,大豆,内蒙古自治区,阿荣旗,123.53828,48.131787,2024-04-28,2024-04-28 [拌种包衣] -> 2024-05-23 [等距点播] -> 2024-06-17 [结荚期根外追肥] -> 2024-07-12 [食心虫绿色防控] -> 2024-08-06 [除草中耕],2024-09-04 09:34,29906.11,阿荣旗第5深加工基地,"123.518662,48.129967",磁选->破碎压胚->高温压榨->物理过滤->精炼,2024-09-07 13:34,2024-09-07 22:15,WH-CN-455,不锈钢储油罐区,2024-09-08 09:15,2024-09-30 09:15,准低温低氧控制,LOG-CN-61088262448,罐式车,"避光, 控温25℃下",2024-09-30 17:15,2024-10-02 17:41,广州市,天河区,113.33,23.13,2024-10-05 17:41
CN-AG-202410-10489,水稻,江苏省,东海县,118.76055,34.557108,2024-05-13,2024-05-13 [播种育秧] -> 2024-06-05 [田间底肥] -> 2024-06-28 [插秧作业] -> 2024-07-21 [分蘖期灌溉] -> 2024-08-13 [除草控虫] -> 2024-09-05 [晒田补肥],2024-10-03 15:26,11656.68,东海县第4深加工基地,"118.775713,34.542724",清理去石->砻谷脱壳->糙米碾白->抛光->色选->包装,2024-10-04 18:26,2024-10-05 02:02,WH-CN-606,平房仓(准低温),2024-10-05 10:02,2024-10-23 10:02,准低温低氧控制,LOG-CN-85955183552,散粮车,"防潮, 湿度<14%",2024-10-24 01:02,2024-10-25 08:52,成都市,武侯区,104.04,30.64,2024-10-28 08:52
CN-AG-202409-10490,水稻,安徽省,怀远县,117.189189,32.9242,2024-04-25,2024-04-25 [播种育秧] -> 2024-05-18 [田间底肥] -> 2024-06-10 [插秧作业] -> 2024-07-03 [分蘖期灌溉] -> 2024-07-26 [除草控虫] -> 2024-08-18 [晒田补肥],2024-09-15 16:24,29385.26,怀远县第5深加工基地,"117.197677,32.976796",清理去石->砻谷脱壳->糙米碾白->抛光->色选->包装,2024-09-19 21:24,2024-09-20 05:04,WH-CN-566,平房仓(准低温),2024-09-20 13:04,2024-10-13 13:04,准低温低氧控制,LOG-CN-81814340681,散粮车,"防潮, 湿度<14%",2024-10-13 21:04,2024-10-17 22:17,广州市,天河区,113.33,23.13,2024-10-20 22:17
CN-AG-202406-10491,大麦,甘肃省,民乐县,100.820532,38.438625,2024-03-06,2024-03-06 [翻耕播种] -> 2024-03-31 [分蘖期施氮] -> 2024-04-25 [化学除草] -> 2024-05-20 [灌浆期监控],2024-06-10 12:35,14465.22,民乐县第1深加工基地,"100.807245,38.42369",杂质清理->脱壳处理->分级磨皮->包装,2024-06-12 15:35,2024-06-12 18:28,WH-CN-757,平房仓,2024-06-13 06:28,2024-07-08 06:28,避光控温控制,LOG-CN-44273940648,散装车,防霉通风,2024-07-08 14:28,2024-07-11 02:27,成都市,武侯区,104.04,30.64,2024-07-12 02:27
CN-AG-202406-10492,小麦,内蒙古自治区,五原县,108.203144,41.080141,2023-10-31,2023-10-31 [深耕整地] -> 2023-12-08 [秋播种子处理] -> 2024-01-15 [越冬水灌溉] -> 2024-02-22 [拔节期追肥] -> 2024-03-31 [条锈病防治] -> 2024-05-08 [干热风防护],2024-06-21 13:40,26908.44,五原县第1深加工基地,"108.266634,41.090484",磁选除杂->着水润麦->多级研磨->高方筛理->包装,2024-06-24 17:40,2024-06-24 20:52,WH-CN-943,钢板筒仓,2024-06-25 08:52,2024-07-21 08:52,准低温低氧控制,LOG-CN-41591559584,全封闭货车,"干燥, 禁止异味混载",2024-07-21 23:52,2024-07-24 13:12,广州市,白云区,113.27,23.15,2024-07-25 13:12
CN-AG-202411-10493,棉花,甘肃省,瓜州县,95.772169,40.482768,2024-05-01,2024-05-01 [覆膜播种] -> 2024-06-06 [人工打顶] -> 2024-07-12 [叶面喷施补硼] -> 2024-08-17 [枯萎病监测] -> 2024-09-22 [喷施脱叶剂],2024-11-01 16:42,25358.23,瓜州县第4深加工基地,"95.778814,40.505975",皮棉清理->锯齿轧花->纤维分级->压力打包,2024-11-02 21:42,2024-11-03 05:46,WH-CN-259,专业纤维库,2024-11-03 13:46,2024-12-23 13:46,避光控温控制,LOG-CN-41980566619,高栏平板车,"严禁烟火, 防静电, 干燥",2024-12-23 22:46,2024-12-26 16:03,深圳市,南山区,113.93,22.54,2024-12-27 16:03
CN-AG-202406-10494,小麦,江苏省,兴化市,119.841559,32.901116,2023-11-02,2023-11-02 [深耕整地] -> 2023-12-10 [秋播种子处理] -> 2024-01-17 [越冬水灌溉] -> 2024-02-24 [拔节期追肥] -> 2024-04-02 [条锈病防治] -> 2024-05-10 [干热风防护],2024-06-16 09:31,15855.61,兴化市第2深加工基地,"119.856839,32.937455",磁选除杂->着水润麦->多级研磨->高方筛理->包装,2024-06-20 12:31,2024-06-20 21:58,WH-CN-937,钢板筒仓,2024-06-21 03:58,2024-07-13 03:58,准低温低氧控制,LOG-CN-38380379733,全封闭货车,"干燥, 禁止异味混载",2024-07-13 11:58,2024-07-17 22:16,西安市,长安区,108.87,34.15,2024-07-18 22:16
CN-AG-202409-10495,玉米,吉林省,公主岭市,124.856317,43.482332,2024-05-22,2024-05-22 [免耕直播] -> 2024-06-13 [苗期中耕] -> 2024-07-05 [喇叭口期追肥] -> 2024-07-27 [大斑病防治] -> 2024-08-18 [人工授粉辅助],2024-09-14 11:29,8851.24,公主岭市第1深加工基地,"124.819659,43.519164",物理清理->脱粒烘干->破碎加工->筛理分级,2024-09-18 13:29,2024-09-18 22:09,WH-CN-881,现代化圆筒仓,2024-09-19 10:09,2024-10-07 10:09,避光控温控制,LOG-CN-99466389831,重型散粮卡车,"通风良好, 严控高温",2024-10-07 17:09,2024-10-10 17:33,北京市,丰台区,116.28,39.85,2024-10-11 17:33
CN-AG-202409-10496,大豆,黑龙江省,嫩江市,125.169672,49.126018,2024-05-26,2024-05-26 [拌种包衣] -> 2024-06-20 [等距点播] -> 2024-07-15 [结荚期根外追肥] -> 2024-08-09 [食心虫绿色防控] -> 2024-09-03 [除草中耕],2024-09-25 09:17,31588.51,嫩江市第4深加工基地,"125.219929,49.174559",磁选->破碎压胚->高温压榨->物理过滤->精炼,2024-09-26 11:17,2024-09-26 20:32,WH-CN-935,不锈钢储油罐区,2024-09-27 01:32,2024-11-10 01:32,准低温低氧控制,LOG-CN-49355405720,罐式车,"避光, 控温25℃下",2024-11-10 08:32,2024-11-12 09:40,武汉市,东西湖区,114.13,30.62,2024-11-14 09:40
CN-AG-202408-10497,花生,山东省,平度市,119.977541,36.772422,2024-04-11,2024-04-11 [清棵蹲苗] -> 2024-05-05 [培土迎葑] -> 2024-05-29 [钙镁肥补充] -> 2024-06-22 [下针期控旺] -> 2024-07-16 [地下虫害防治],2024-08-08 08:34,36925.84,平度市第1深加工基地,"119.943178,36.78531",剥壳分选->烘炒->压榨提取->物理精炼,2024-08-09 10:34,2024-08-09 20:06,WH-CN-332,避光库房,2024-08-10 00:06,2024-08-26 00:06,避光控温控制,LOG-CN-63374140259,厢式货车,避光防潮,2024-08-26 14:06,2024-08-29 19:15,成都市,武侯区,104.04,30.64,2024-08-30 19:15
CN-AG-202411-10498,棉花,新疆维吾尔自治区,沙雅县,82.736242,41.233227,2024-05-16,2024-05-16 [覆膜播种] -> 2024-06-21 [人工打顶] -> 2024-07-27 [叶面喷施补硼] -> 2024-09-01 [枯萎病监测] -> 2024-10-07 [喷施脱叶剂],2024-11-08 14:43,17617.27,沙雅县第1深加工基地,"82.783139,41.225028",皮棉清理->锯齿轧花->纤维分级->压力打包,2024-11-12 17:43,2024-11-12 21:09,WH-CN-144,专业纤维库,2024-11-13 04:09,2024-11-29 04:09,避光控温控制,LOG-CN-29776204326,高栏平板车,"严禁烟火, 防静电, 干燥",2024-11-29 11:09,2024-12-03 17:30,成都市,龙泉驿区,104.27,30.55,2024-12-04 17:30
CN-AG-202407-10499,大麦,新疆维吾尔自治区,奇台县,89.538275,44.074794,2024-04-10,2024-04-10 [翻耕播种] -> 2024-05-05 [分蘖期施氮] -> 2024-05-30 [化学除草] -> 2024-06-24 [灌浆期监控],2024-07-20 10:43,33375.18,奇台县第1深加工基地,"89.585644,44.011141",杂质清理->脱壳处理->分级磨皮->包装,2024-07-22 14:43,2024-07-22 22:32,WH-CN-907,平房仓,2024-07-23 06:32,2024-08-24 06:32,避光控温控制,LOG-CN-29996741198,散装车,防霉通风,2024-08-24 19:32,2024-08-29 07:55,上海市,闵行区,121.38,31.11,2024-08-31 07:55
CN-AG-202406-10500,小麦,河南省,唐河县,112.799637,32.651405,2023-11-02,2023-11-02 [深耕整地] -> 2023-12-10 [秋播种子处理] -> 2024-01-17 [越冬水灌溉] -> 2024-02-24 [拔节期追肥] -> 2024-04-02 [条锈病防治] -> 2024-05-10 [干热风防护],2024-06-15 15:52,17341.31,唐河县第4深加工基地,"112.824991,32.688125",磁选除杂->着水润麦->多级研磨->高方筛理->包装,2024-06-16 21:52,2024-06-17 04:00,WH-CN-534,钢板筒仓,2024-06-17 12:00,2024-07-06 12:00,准低温低氧控制,LOG-CN-70012928900,全封闭货车,"干燥, 禁止异味混载",2024-07-06 20:00,2024-07-08 19:49,上海市,闵行区,121.38,31.11,2024-07-10 19:49
CN-AG-202405-10501,油菜籽,湖南省,桃源县,111.511128,28.872634,2023-10-28,2023-10-28 [育苗移栽] -> 2023-12-19 [越冬防冻肥] -> 2024-02-09 [薹期水肥调节] -> 2024-04-01 [菌核病无人机防治],2024-05-26 11:24,23443.11,桃源县第2深加工基地,"111.485534,28.898995",多级筛选->炒籽->螺旋压榨->精制过滤,2024-05-30 17:24,2024-05-31 00:27,WH-CN-819,恒温罐区,2024-05-31 11:27,2024-07-14 11:27,避光控温控制,LOG-CN-40439507904,罐式车,"避光, 防氧化",2024-07-14 18:27,2024-07-18 21:12,深圳市,南山区,113.93,22.54,2024-07-20 21:12
CN-AG-202409-10502,玉米,山东省,汶上县,116.478509,35.677844,2024-06-07,2024-06-07 [免耕直播] -> 2024-06-29 [苗期中耕] -> 2024-07-21 [喇叭口期追肥] -> 2024-08-12 [大斑病防治] -> 2024-09-03 [人工授粉辅助],2024-09-28 08:23,39013.69,汶上县第4深加工基地,"116.471253,35.720672",物理清理->脱粒烘干->破碎加工->筛理分级,2024-10-02 11:23,2024-10-02 14:49,WH-CN-348,现代化圆筒仓,2024-10-02 18:49,2024-11-03 18:49,避光控温控制,LOG-CN-15259561979,重型散粮卡车,"通风良好, 严控高温",2024-11-04 04:49,2024-11-07 14:58,武汉市,洪山区,114.34,30.5,2024-11-10 14:58
CN-AG-202408-10503,花生,辽宁省,黑山县,122.076709,41.738772,2024-04-14,2024-04-14 [清棵蹲苗] -> 2024-05-08 [培土迎葑] -> 2024-06-01 [钙镁肥补充] -> 2024-06-25 [下针期控旺] -> 2024-07-19 [地下虫害防治],2024-08-13 08:44,17783.55,黑山县第1深加工基地,"122.118222,41.690648",剥壳分选->烘炒->压榨提取->物理精炼,2024-08-16 10:44,2024-08-16 19:13,WH-CN-350,避光库房,2024-08-17 00:13,2024-10-03 00:13,避光控温控制,LOG-CN-10330992932,厢式货车,避光防潮,2024-10-03 15:13,2024-10-05 11:14,上海市,闵行区,121.38,31.11,2024-10-06 11:14
CN-AG-202405-10504,油菜籽,湖南省,安乡县,112.21798,29.391681,2023-10-31,2023-10-31 [育苗移栽] -> 2023-12-22 [越冬防冻肥] -> 2024-02-12 [薹期水肥调节] -> 2024-04-04 [菌核病无人机防治],2024-05-25 10:30,6124.17,安乡县第2深加工基地,"112.173276,29.400436",多级筛选->炒籽->螺旋压榨->精制过滤,2024-05-28 15:30,2024-05-28 21:30,WH-CN-615,恒温罐区,2024-05-29 06:30,2024-07-06 06:30,避光控温控制,LOG-CN-10688692817,罐式车,"避光, 防氧化",2024-07-06 13:30,2024-07-08 08:33,北京市,海淀区,116.3,39.96,2024-07-11 08:33
CN-AG-202410-10505,玉米,河北省,宁晋县,114.92722,37.675607,2024-06-26,2024-06-26 [免耕直播] -> 2024-07-18 [苗期中耕] -> 2024-08-09 [喇叭口期追肥] -> 2024-08-31 [大斑病防治] -> 2024-09-22 [人工授粉辅助],2024-10-18 12:58,19014.08,宁晋县第1深加工基地,"114.911045,37.628736",物理清理->脱粒烘干->破碎加工->筛理分级,2024-10-21 15:58,2024-10-21 22:04,WH-CN-324,现代化圆筒仓,2024-10-22 04:04,2024-11-18 04:04,避光控温控制,LOG-CN-33159713331,重型散粮卡车,"通风良好, 严控高温",2024-11-18 16:04,2024-11-20 08:51,上海市,宝山区,121.48,31.4,2024-11-21 08:51
CN-AG-202405-10506,油菜籽,湖北省,钟祥市,112.551219,31.160255,2023-10-14,2023-10-14 [育苗移栽] -> 2023-12-05 [越冬防冻肥] -> 2024-01-26 [薹期水肥调节] -> 2024-03-18 [菌核病无人机防治],2024-05-16 13:41,17694.56,钟祥市第3深加工基地,"112.589626,31.174616",多级筛选->炒籽->螺旋压榨->精制过滤,2024-05-20 18:41,2024-05-20 22:35,WH-CN-128,恒温罐区,2024-05-21 02:35,2024-06-23 02:35,避光控温控制,LOG-CN-49683478824,罐式车,"避光, 防氧化",2024-06-23 12:35,2024-06-25 01:41,南京市,玄武区,118.79,32.06,2024-06-26 01:41
CN-AG-202410-10507,棉花,新疆维吾尔自治区,玛纳斯县,86.228501,44.270784,2024-04-11,2024-04-11 [覆膜播种] -> 2024-05-17 [人工打顶] -> 2024-06-22 [叶面喷施补硼] -> 2024-07-28 [枯萎病监测] -> 2024-09-02 [喷施脱叶剂],2024-10-07 17:00,39527.29,玛纳斯县第4深加工基地,"86.211307,44.293962",皮棉清理->锯齿轧花->纤维分级->压力打包,2024-10-09 23:00,2024-10-10 03:13,WH-CN-146,专业纤维库,2024-10-10 07:13,2024-11-04 07:13,避光控温控制,LOG-CN-53156041439,高栏平板车,"严禁烟火, 防静电, 干燥",2024-11-04 22:13,2024-11-08 22:15,成都市,武侯区,104.04,30.64,2024-11-11 22:15
CN-AG-202406-10508,大麦,吉林省,前郭县,124.866641,45.105672,2024-03-01,2024-03-01 [翻耕播种] -> 2024-03-26 [分蘖期施氮] -> 2024-04-20 [化学除草] -> 2024-05-15 [灌浆期监控],2024-06-12 12:25,22625.24,前郭县第5深加工基地,"124.80699,45.112171",杂质清理->脱壳处理->分级磨皮->包装,2024-06-14 16:25,2024-06-15 01:19,WH-CN-926,平房仓,2024-06-15 11:19,2024-07-17 11:19,避光控温控制,LOG-CN-30508727329,散装车,防霉通风,2024-07-17 18:19,2024-07-20 12:45,广州市,番禺区,113.38,22.93,2024-07-23 12:45
CN-AG-202409-10509,大豆,黑龙江省,富锦市,131.98815,47.203691,2024-05-20,2024-05-20 [拌种包衣] -> 2024-06-14 [等距点播] -> 2024-07-09 [结荚期根外追肥] -> 2024-08-03 [食心虫绿色防控] -> 2024-08-28 [除草中耕],2024-09-19 08:18,39769.58,富锦市第5深加工基地,"132.025019,47.244506",磁选->破碎压胚->高温压榨->物理过滤->精炼,2024-09-21 13:18,2024-09-21 16:28,WH-CN-628,不锈钢储油罐区,2024-09-21 21:28,2024-10-15 21:28,准低温低氧控制,LOG-CN-98513859688,罐式车,"避光, 控温25℃下",2024-10-16 05:28,2024-10-21 08:13,深圳市,宝安区,113.88,22.55,2024-10-22 08:13
CN-AG-202405-10510,油菜籽,湖北省,监利市,112.907347,29.872074,2023-10-30,2023-10-30 [育苗移栽] -> 2023-12-21 [越冬防冻肥] -> 2024-02-11 [薹期水肥调节] -> 2024-04-03 [菌核病无人机防治],2024-05-26 10:21,38530.55,监利市第5深加工基地,"112.892295,29.830468",多级筛选->炒籽->螺旋压榨->精制过滤,2024-05-29 16:21,2024-05-30 02:09,WH-CN-742,恒温罐区,2024-05-30 12:09,2024-06-11 12:09,避光控温控制,LOG-CN-78695444373,罐式车,"避光, 防氧化",2024-06-11 21:09,2024-06-16 03:47,南京市,玄武区,118.79,32.06,2024-06-17 03:47
CN-AG-202409-10511,玉米,辽宁省,昌图县,124.136738,42.823217,2024-06-11,2024-06-11 [免耕直播] -> 2024-07-03 [苗期中耕] -> 2024-07-25 [喇叭口期追肥] -> 2024-08-16 [大斑病防治] -> 2024-09-07 [人工授粉辅助],2024-09-25 12:35,17367.9,昌图县第1深加工基地,"124.114157,42.771353",物理清理->脱粒烘干->破碎加工->筛理分级,2024-09-29 14:35,2024-09-29 20:57,WH-CN-283,现代化圆筒仓,2024-09-30 05:57,2024-10-20 05:57,避光控温控制,LOG-CN-46338606539,重型散粮卡车,"通风良好, 严控高温",2024-10-20 12:57,2024-10-23 00:33,成都市,武侯区,104.04,30.64,2024-10-25 00:33
CN-AG-202406-10512,小麦,安徽省,寿县,116.729807,32.575225,2023-10-31,2023-10-31 [深耕整地] -> 2023-12-08 [秋播种子处理] -> 2024-01-15 [越冬水灌溉] -> 2024-02-22 [拔节期追肥] -> 2024-03-31 [条锈病防治] -> 2024-05-08 [干热风防护],2024-06-21 10:07,34569.25,寿县第3深加工基地,"116.779694,32.569166",磁选除杂->着水润麦->多级研磨->高方筛理->包装,2024-06-25 12:07,2024-06-25 17:43,WH-CN-482,钢板筒仓,2024-06-26 01:43,2024-07-31 01:43,准低温低氧控制,LOG-CN-80494132462,全封闭货车,"干燥, 禁止异味混载",2024-07-31 09:43,2024-08-03 18:06,南京市,南京浦口区,118.62,32.05,2024-08-06 18:06
CN-AG-202408-10513,花生,江苏省,东海县,118.823484,34.499893,2024-04-24,2024-04-24 [清棵蹲苗] -> 2024-05-18 [培土迎葑] -> 2024-06-11 [钙镁肥补充] -> 2024-07-05 [下针期控旺] -> 2024-07-29 [地下虫害防治],2024-08-20 08:47,12806.8,东海县第4深加工基地,"118.77338,34.547",剥壳分选->烘炒->压榨提取->物理精炼,2024-08-21 11:47,2024-08-21 21:33,WH-CN-785,避光库房,2024-08-22 02:33,2024-09-19 02:33,避光控温控制,LOG-CN-57646233091,厢式货车,避光防潮,2024-09-19 17:33,2024-09-22 21:27,南京市,玄武区,118.79,32.06,2024-09-23 21:27
CN-AG-202410-10514,水稻,江苏省,射阳县,120.239412,33.745475,2024-05-21,2024-05-21 [播种育秧] -> 2024-06-13 [田间底肥] -> 2024-07-06 [插秧作业] -> 2024-07-29 [分蘖期灌溉] -> 2024-08-21 [除草控虫] -> 2024-09-13 [晒田补肥],2024-10-04 09:11,29580.18,射阳县第4深加工基地,"120.250909,33.753019",清理去石->砻谷脱壳->糙米碾白->抛光->色选->包装,2024-10-08 14:11,2024-10-08 18:23,WH-CN-217,平房仓(准低温),2024-10-09 04:23,2024-11-09 04:23,准低温低氧控制,LOG-CN-71325153935,散粮车,"防潮, 湿度<14%",2024-11-09 15:23,2024-11-13 20:54,上海市,闵行区,121.38,31.11,2024-11-14 20:54
CN-AG-202409-10515,大豆,黑龙江省,嫩江市,125.2215,49.117473,2024-04-29,2024-04-29 [拌种包衣] -> 2024-05-24 [等距点播] -> 2024-06-18 [结荚期根外追肥] -> 2024-07-13 [食心虫绿色防控] -> 2024-08-07 [除草中耕],2024-09-05 11:20,35380.72,嫩江市第4深加工基地,"125.219185,49.176128",磁选->破碎压胚->高温压榨->物理过滤->精炼,2024-09-06 17:20,2024-09-07 02:26,WH-CN-376,不锈钢储油罐区,2024-09-07 12:26,2024-09-20 12:26,准低温低氧控制,LOG-CN-96981983850,罐式车,"避光, 控温25℃下",2024-09-21 01:26,2024-09-23 04:29,武汉市,江岸区,114.3,30.59,2024-09-24 04:29
CN-AG-202406-10516,小麦,新疆维吾尔自治区,奇台县,89.624353,43.966235,2023-10-21,2023-10-21 [深耕整地] -> 2023-11-28 [秋播种子处理] -> 2024-01-05 [越冬水灌溉] -> 2024-02-12 [拔节期追肥] -> 2024-03-21 [条锈病防治] -> 2024-04-28 [干热风防护],2024-06-03 12:25,8235.44,奇台县第4深加工基地,"89.585172,44.014027",磁选除杂->着水润麦->多级研磨->高方筛理->包装,2024-06-06 17:25,2024-06-07 03:21,WH-CN-450,钢板筒仓,2024-06-07 13:21,2024-07-20 13:21,准低温低氧控制,LOG-CN-32750033665,全封闭货车,"干燥, 禁止异味混载",2024-07-20 23:21,2024-07-22 23:14,深圳市,宝安区,113.88,22.55,2024-07-23 23:14
CN-AG-202410-10517,玉米,内蒙古自治区,阿荣旗,123.489626,48.079765,2024-07-01,2024-07-01 [免耕直播] -> 2024-07-23 [苗期中耕] -> 2024-08-14 [喇叭口期追肥] -> 2024-09-05 [大斑病防治] -> 2024-09-27 [人工授粉辅助],2024-10-16 15:34,28242.2,阿荣旗第3深加工基地,"123.510388,48.125135",物理清理->脱粒烘干->破碎加工->筛理分级,2024-10-20 19:34,2024-10-21 03:58,WH-CN-114,现代化圆筒仓,2024-10-21 13:58,2024-10-31 13:58,避光控温控制,LOG-CN-75057959489,重型散粮卡车,"通风良好, 严控高温",2024-11-01 04:58,2024-11-05 11:07,深圳市,福田区,114.05,22.54,2024-11-07 11:07
CN-AG-202406-10518,小麦,河南省,唐河县,112.87534,32.644586,2023-10-28,2023-10-28 [深耕整地] -> 2023-12-05 [秋播种子处理] -> 2024-01-12 [越冬水灌溉] -> 2024-02-19 [拔节期追肥] -> 2024-03-28 [条锈病防治] -> 2024-05-05 [干热风防护],2024-06-09 16:46,29375.61,唐河县第2深加工基地,"112.837412,32.687592",磁选除杂->着水润麦->多级研磨->高方筛理->包装,2024-06-13 19:46,2024-06-14 03:40,WH-CN-715,钢板筒仓,2024-06-14 14:40,2024-08-03 14:40,准低温低氧控制,LOG-CN-37391396896,全封闭货车,"干燥, 禁止异味混载",2024-08-03 23:40,2024-08-08 22:52,上海市,浦东新区,121.54,31.22,2024-08-10 22:52
CN-AG-202408-10519,花生,山东省,莒南县,118.824149,35.138656,2024-04-24,2024-04-24 [清棵蹲苗] -> 2024-05-18 [培土迎葑] -> 2024-06-11 [钙镁肥补充] -> 2024-07-05 [下针期控旺] -> 2024-07-29 [地下虫害防治],2024-08-22 17:00,19363.54,莒南县第3深加工基地,"118.83544,35.1797",剥壳分选->烘炒->压榨提取->物理精炼,2024-08-25 19:00,2024-08-26 00:04,WH-CN-948,避光库房,2024-08-26 08:04,2024-10-07 08:04,避光控温控制,LOG-CN-68164452934,厢式货车,避光防潮,2024-10-07 21:04,2024-10-12 08:33,上海市,宝山区,121.48,31.4,2024-10-14 08:33
CN-AG-202405-10520,油菜籽,湖北省,监利市,112.847825,29.77326,2023-10-09,2023-10-09 [育苗移栽] -> 2023-11-30 [越冬防冻肥] -> 2024-01-21 [薹期水肥调节] -> 2024-03-13 [菌核病无人机防治],2024-05-06 15:27,20312.28,监利市第3深加工基地,"112.908184,29.829279",多级筛选->炒籽->螺旋压榨->精制过滤,2024-05-08 21:27,2024-05-09 05:01,WH-CN-818,恒温罐区,2024-05-09 11:01,2024-06-22 11:01,避光控温控制,LOG-CN-26565677138,罐式车,"避光, 防氧化",2024-06-22 21:01,2024-06-27 09:45,南京市,江宁区,118.83,31.95,2024-06-30 09:45
CN-AG-202409-10521,水稻,吉林省,前郭县,124.809738,45.114644,2024-05-03,2024-05-03 [播种育秧] -> 2024-05-26 [田间底肥] -> 2024-06-18 [插秧作业] -> 2024-07-11 [分蘖期灌溉] -> 2024-08-03 [除草控虫] -> 2024-08-26 [晒田补肥],2024-09-21 08:39,15146.66,前郭县第4深加工基地,"124.813136,45.102109",清理去石->砻谷脱壳->糙米碾白->抛光->色选->包装,2024-09-22 13:39,2024-09-22 22:32,WH-CN-316,平房仓(准低温),2024-09-23 10:32,2024-10-09 10:32,准低温低氧控制,LOG-CN-84967064501,散粮车,"防潮, 湿度<14%",2024-10-10 01:32,2024-10-15 08:34,西安市,长安区,108.87,34.15,2024-10-18 08:34
CN-AG-202406-10522,小麦,河北省,藁城区,114.82565,38.068652,2023-11-11,2023-11-11 [深耕整地] -> 2023-12-19 [秋播种子处理] -> 2024-01-26 [越冬水灌溉] -> 2024-03-04 [拔节期追肥] -> 2024-04-11 [条锈病防治] -> 2024-05-19 [干热风防护],2024-06-28 15:07,14257.47,藁城区第4深加工基地,"114.84929,38.035512",磁选除杂->着水润麦->多级研磨->高方筛理->包装,2024-07-02 20:07,2024-07-03 05:37,WH-CN-789,钢板筒仓,2024-07-03 15:37,2024-07-13 15:37,准低温低氧控制,LOG-CN-11037468443,全封闭货车,"干燥, 禁止异味混载",2024-07-14 05:37,2024-07-16 17:54,武汉市,洪山区,114.34,30.5,2024-07-19 17:54
CN-AG-202408-10523,花生,河北省,大名县,115.1528,36.244452,2024-04-03,2024-04-03 [清棵蹲苗] -> 2024-04-27 [培土迎葑] -> 2024-05-21 [钙镁肥补充] -> 2024-06-14 [下针期控旺] -> 2024-07-08 [地下虫害防治],2024-08-01 10:50,33046.61,大名县第5深加工基地,"115.155857,36.275743",剥壳分选->烘炒->压榨提取->物理精炼,2024-08-04 14:50,2024-08-04 18:47,WH-CN-539,避光库房,2024-08-05 04:47,2024-08-30 04:47,避光控温控制,LOG-CN-64272381386,厢式货车,避光防潮,2024-08-30 19:47,2024-09-04 06:12,南京市,玄武区,118.79,32.06,2024-09-05 06:12
CN-AG-202407-10524,大麦,新疆维吾尔自治区,奇台县,89.60615,44.029311,2024-04-10,2024-04-10 [翻耕播种] -> 2024-05-05 [分蘖期施氮] -> 2024-05-30 [化学除草] -> 2024-06-24 [灌浆期监控],2024-07-17 10:27,12131.69,奇台县第1深加工基地,"89.587919,44.025958",杂质清理->脱壳处理->分级磨皮->包装,2024-07-18 13:27,2024-07-18 20:15,WH-CN-126,平房仓,2024-07-19 01:15,2024-09-07 01:15,避光控温控制,LOG-CN-11878709078,散装车,防霉通风,2024-09-07 11:15,2024-09-11 09:25,南京市,南京浦口区,118.62,32.05,2024-09-13 09:25
CN-AG-202406-10525,小麦,四川省,安岳县,105.333963,30.149811,2023-11-07,2023-11-07 [深耕整地] -> 2023-12-15 [秋播种子处理] -> 2024-01-22 [越冬水灌溉] -> 2024-02-29 [拔节期追肥] -> 2024-04-07 [条锈病防治] -> 2024-05-15 [干热风防护],2024-06-20 16:58,15392.29,安岳县第5深加工基地,"105.333918,30.093159",磁选除杂->着水润麦->多级研磨->高方筛理->包装,2024-06-24 18:58,2024-06-25 03:48,WH-CN-960,钢板筒仓,2024-06-25 09:48,2024-08-03 09:48,准低温低氧控制,LOG-CN-64915658865,全封闭货车,"干燥, 禁止异味混载",2024-08-03 18:48,2024-08-08 06:45,武汉市,洪山区,114.34,30.5,2024-08-09 06:45
CN-AG-202405-10526,油菜籽,甘肃省,民乐县,100.788011,38.465191,2023-10-11,2023-10-11 [育苗移栽] -> 2023-12-02 [越冬防冻肥] -> 2024-01-23 [薹期水肥调节] -> 2024-03-15 [菌核病无人机防治],2024-05-03 10:40,22298.58,民乐县第3深加工基地,"100.818123,38.437144",多级筛选->炒籽->螺旋压榨->精制过滤,2024-05-04 12:40,2024-05-04 19:05,WH-CN-958,恒温罐区,2024-05-05 00:05,2024-05-21 00:05,避光控温控制,LOG-CN-62432842460,罐式车,"避光, 防氧化",2024-05-21 10:05,2024-05-23 09:10,广州市,白云区,113.27,23.15,2024-05-24 09:10
CN-AG-202409-10527,大豆,辽宁省,昌图县,124.168023,42.753229,2024-05-07,2024-05-07 [拌种包衣] -> 2024-06-01 [等距点播] -> 2024-06-26 [结荚期根外追肥] -> 2024-07-21 [食心虫绿色防控] -> 2024-08-15 [除草中耕],2024-09-14 09:31,15456.42,昌图县第2深加工基地,"124.10404,42.772814",磁选->破碎压胚->高温压榨->物理过滤->精炼,2024-09-15 12:31,2024-09-15 20:52,WH-CN-775,不锈钢储油罐区,2024-09-16 06:52,2024-10-20 06:52,准低温低氧控制,LOG-CN-98335854444,罐式车,"避光, 控温25℃下",2024-10-20 19:52,2024-10-26 03:02,武汉市,东西湖区,114.13,30.62,2024-10-27 03:02
CN-AG-202409-10528,水稻,湖南省,桃源县,111.527279,28.862107,2024-04-20,2024-04-20 [播种育秧] -> 2024-05-13 [田间底肥] -> 2024-06-05 [插秧作业] -> 2024-06-28 [分蘖期灌溉] -> 2024-07-21 [除草控虫] -> 2024-08-13 [晒田补肥],2024-09-11 13:30,22911.07,桃源县第2深加工基地,"111.473042,28.903086",清理去石->砻谷脱壳->糙米碾白->抛光->色选->包装,2024-09-12 16:30,2024-09-12 23:27,WH-CN-321,平房仓(准低温),2024-09-13 07:27,2024-09-30 07:27,准低温低氧控制,LOG-CN-60967836836,散粮车,"防潮, 湿度<14%",2024-09-30 13:27,2024-10-04 09:28,深圳市,宝安区,113.88,22.55,2024-10-07 09:28
CN-AG-202409-10529,水稻,辽宁省,盘山县,122.053836,41.232839,2024-04-28,2024-04-28 [播种育秧] -> 2024-05-21 [田间底肥] -> 2024-06-13 [插秧作业] -> 2024-07-06 [分蘖期灌溉] -> 2024-07-29 [除草控虫] -> 2024-08-21 [晒田补肥],2024-09-11 10:14,31081.81,盘山县第4深加工基地,"122.047648,41.231669",清理去石->砻谷脱壳->糙米碾白->抛光->色选->包装,2024-09-13 14:14,2024-09-13 19:04,WH-CN-546,平房仓(准低温),2024-09-14 06:04,2024-10-06 06:04,准低温低氧控制,LOG-CN-45188900028,散粮车,"防潮, 湿度<14%",2024-10-06 20:04,2024-10-11 07:22,上海市,闵行区,121.38,31.11,2024-10-13 07:22
CN-AG-202406-10530,小麦,新疆维吾尔自治区,奇台县,89.590625,44.056432,2023-10-23,2023-10-23 [深耕整地] -> 2023-11-30 [秋播种子处理] -> 2024-01-07 [越冬水灌溉] -> 2024-02-14 [拔节期追肥] -> 2024-03-23 [条锈病防治] -> 2024-04-30 [干热风防护],2024-06-13 09:37,33556.23,奇台县第5深加工基地,"89.588355,44.029343",磁选除杂->着水润麦->多级研磨->高方筛理->包装,2024-06-16 12:37,2024-06-16 21:53,WH-CN-210,钢板筒仓,2024-06-17 04:53,2024-07-28 04:53,准低温低氧控制,LOG-CN-64147922502,全封闭货车,"干燥, 禁止异味混载",2024-07-28 16:53,2024-08-01 21:40,南京市,江宁区,118.83,31.95,2024-08-03 21:40
CN-AG-202410-10531,水稻,江苏省,兴化市,119.87015,32.988093,2024-05-28,2024-05-28 [播种育秧] -> 2024-06-20 [田间底肥] -> 2024-07-13 [插秧作业] -> 2024-08-05 [分蘖期灌溉] -> 2024-08-28 [除草控虫] -> 2024-09-20 [晒田补肥],2024-10-12 09:28,20028.54,兴化市第2深加工基地,"119.843319,32.932693",清理去石->砻谷脱壳->糙米碾白->抛光->色选->包装,2024-10-13 15:28,2024-10-13 20:07,WH-CN-466,平房仓(准低温),2024-10-14 06:07,2024-11-11 06:07,准低温低氧控制,LOG-CN-19643568012,散粮车,"防潮, 湿度<14%",2024-11-11 12:07,2024-11-13 02:18,武汉市,江岸区,114.3,30.59,2024-11-15 02:18
CN-AG-202410-10532,玉米,内蒙古自治区,五原县,108.251299,41.145831,2024-06-22,2024-06-22 [免耕直播] -> 2024-07-14 [苗期中耕] -> 2024-08-05 [喇叭口期追肥] -> 2024-08-27 [大斑病防治] -> 2024-09-18 [人工授粉辅助],2024-10-05 13:07,18495.68,五原县第5深加工基地,"108.250252,41.093245",物理清理->脱粒烘干->破碎加工->筛理分级,2024-10-08 15:07,2024-10-08 23:44,WH-CN-317,现代化圆筒仓,2024-10-09 08:44,2024-11-01 08:44,避光控温控制,LOG-CN-38034378371,重型散粮卡车,"通风良好, 严控高温",2024-11-01 19:44,2024-11-04 01:19,西安市,长安区,108.87,34.15,2024-11-05 01:19
CN-AG-202409-10533,大豆,辽宁省,昌图县,124.113288,42.787171,2024-05-16,2024-05-16 [拌种包衣] -> 2024-06-10 [等距点播] -> 2024-07-05 [结荚期根外追肥] -> 2024-07-30 [食心虫绿色防控] -> 2024-08-24 [除草中耕],2024-09-19 14:43,9343.24,昌图县第2深加工基地,"124.117805,42.784387",磁选->破碎压胚->高温压榨->物理过滤->精炼,2024-09-22 18:43,2024-09-22 22:54,WH-CN-715,不锈钢储油罐区,2024-09-23 05:54,2024-10-06 05:54,准低温低氧控制,LOG-CN-88713327717,罐式车,"避光, 控温25℃下",2024-10-06 11:54,2024-10-08 23:20,西安市,未央区,108.94,34.29,2024-10-09 23:20
CN-AG-202406-10534,小麦,河北省,藁城区,114.86778,37.979529,2023-10-20,2023-10-20 [深耕整地] -> 2023-11-27 [秋播种子处理] -> 2024-01-04 [越冬水灌溉] -> 2024-02-11 [拔节期追肥] -> 2024-03-20 [条锈病防治] -> 2024-04-27 [干热风防护],2024-06-10 08:41,5569.53,藁城区第4深加工基地,"114.847164,38.023748",磁选除杂->着水润麦->多级研磨->高方筛理->包装,2024-06-11 13:41,2024-06-11 18:36,WH-CN-197,钢板筒仓,2024-06-12 00:36,2024-07-17 00:36,准低温低氧控制,LOG-CN-45652516125,全封闭货车,"干燥, 禁止异味混载",2024-07-17 14:36,2024-07-18 19:57,北京市,丰台区,116.28,39.85,2024-07-21 19:57
CN-AG-202409-10535,花生,河南省,唐河县,112.834895,32.718288,2024-05-06,2024-05-06 [清棵蹲苗] -> 2024-05-30 [培土迎葑] -> 2024-06-23 [钙镁肥补充] -> 2024-07-17 [下针期控旺] -> 2024-08-10 [地下虫害防治],2024-09-03 16:49,6025.09,唐河县第1深加工基地,"112.826287,32.684205",剥壳分选->烘炒->压榨提取->物理精炼,2024-09-07 22:49,2024-09-08 01:43,WH-CN-945,避光库房,2024-09-08 11:43,2024-10-07 11:43,避光控温控制,LOG-CN-27224519780,厢式货车,避光防潮,2024-10-07 18:43,2024-10-10 18:22,西安市,未央区,108.94,34.29,2024-10-11 18:22
CN-AG-202409-10536,大豆,辽宁省,昌图县,124.148596,42.77654,2024-05-08,2024-05-08 [拌种包衣] -> 2024-06-02 [等距点播] -> 2024-06-27 [结荚期根外追肥] -> 2024-07-22 [食心虫绿色防控] -> 2024-08-16 [除草中耕],2024-09-08 10:05,16526.51,昌图县第5深加工基地,"124.107156,42.779185",磁选->破碎压胚->高温压榨->物理过滤->精炼,2024-09-11 16:05,2024-09-11 18:37,WH-CN-910,不锈钢储油罐区,2024-09-11 22:37,2024-10-07 22:37,准低温低氧控制,LOG-CN-65029206324,罐式车,"避光, 控温25℃下",2024-10-08 04:37,2024-10-10 18:41,北京市,朝阳区,116.48,39.92,2024-10-12 18:41
CN-AG-202410-10537,棉花,甘肃省,瓜州县,95.80939,40.509305,2024-04-25,2024-04-25 [覆膜播种] -> 2024-05-31 [人工打顶] -> 2024-07-06 [叶面喷施补硼] -> 2024-08-11 [枯萎病监测] -> 2024-09-16 [喷施脱叶剂],2024-10-19 15:07,25225.97,瓜州县第4深加工基地,"95.763475,40.506704",皮棉清理->锯齿轧花->纤维分级->压力打包,2024-10-22 18:07,2024-10-23 03:02,WH-CN-387,专业纤维库,2024-10-23 13:02,2024-12-12 13:02,避光控温控制,LOG-CN-77563548926,高栏平板车,"严禁烟火, 防静电, 干燥",2024-12-12 20:02,2024-12-16 14:35,西安市,长安区,108.87,34.15,2024-12-17 14:35
CN-AG-202410-10538,玉米,内蒙古自治区,突泉县,121.609117,46.355442,2024-07-11,2024-07-11 [免耕直播] -> 2024-08-02 [苗期中耕] -> 2024-08-24 [喇叭口期追肥] -> 2024-09-15 [大斑病防治] -> 2024-10-07 [人工授粉辅助],2024-10-25 12:45,28467.46,突泉县第4深加工基地,"121.564797,46.322013",物理清理->脱粒烘干->破碎加工->筛理分级,2024-10-28 18:45,2024-10-29 04:22,WH-CN-938,现代化圆筒仓,2024-10-29 11:22,2024-11-21 11:22,避光控温控制,LOG-CN-37423624846,重型散粮卡车,"通风良好, 严控高温",2024-11-22 00:22,2024-11-23 07:35,上海市,浦东新区,121.54,31.22,2024-11-24 07:35
CN-AG-202406-10539,小麦,安徽省,蒙城县,116.541753,33.217037,2023-10-18,2023-10-18 [深耕整地] -> 2023-11-25 [秋播种子处理] -> 2024-01-02 [越冬水灌溉] -> 2024-02-09 [拔节期追肥] -> 2024-03-18 [条锈病防治] -> 2024-04-25 [干热风防护],2024-06-07 17:48,35375.06,蒙城县第5深加工基地,"116.564977,33.259007",磁选除杂->着水润麦->多级研磨->高方筛理->包装,2024-06-10 21:48,2024-06-11 06:20,WH-CN-307,钢板筒仓,2024-06-11 17:20,2024-06-30 17:20,准低温低氧控制,LOG-CN-64889772510,全封闭货车,"干燥, 禁止异味混载",2024-07-01 02:20,2024-07-04 00:44,上海市,浦东新区,121.54,31.22,2024-07-06 00:44
CN-AG-202409-10540,大豆,内蒙古自治区,阿荣旗,123.524511,48.138138,2024-05-13,2024-05-13 [拌种包衣] -> 2024-06-07 [等距点播] -> 2024-07-02 [结荚期根外追肥] -> 2024-07-27 [食心虫绿色防控] -> 2024-08-21 [除草中耕],2024-09-14 10:43,21668.41,阿荣旗第5深加工基地,"123.516829,48.117047",磁选->破碎压胚->高温压榨->物理过滤->精炼,2024-09-15 13:43,2024-09-15 20:09,WH-CN-563,不锈钢储油罐区,2024-09-16 01:09,2024-10-03 01:09,准低温低氧控制,LOG-CN-45871381419,罐式车,"避光, 控温25℃下",2024-10-03 14:09,2024-10-05 13:26,深圳市,福田区,114.05,22.54,2024-10-06 13:26
CN-AG-202410-10541,水稻,辽宁省,盘山县,122.097493,41.236554,2024-05-26,2024-05-26 [播种育秧] -> 2024-06-18 [田间底肥] -> 2024-07-11 [插秧作业] -> 2024-08-03 [分蘖期灌溉] -> 2024-08-26 [除草控虫] -> 2024-09-18 [晒田补肥],2024-10-14 11:09,30620.06,盘山县第4深加工基地,"122.032525,41.242683",清理去石->砻谷脱壳->糙米碾白->抛光->色选->包装,2024-10-18 17:09,2024-10-18 22:29,WH-CN-298,平房仓(准低温),2024-10-19 02:29,2024-11-26 02:29,准低温低氧控制,LOG-CN-37032549491,散粮车,"防潮, 湿度<14%",2024-11-26 09:29,2024-11-27 16:10,成都市,龙泉驿区,104.27,30.55,2024-11-29 16:10
CN-AG-202406-10542,小麦,河北省,宁晋县,114.899012,37.641141,2023-10-28,2023-10-28 [深耕整地] -> 2023-12-05 [秋播种子处理] -> 2024-01-12 [越冬水灌溉] -> 2024-02-19 [拔节期追肥] -> 2024-03-28 [条锈病防治] -> 2024-05-05 [干热风防护],2024-06-17 17:31,25133.07,宁晋县第2深加工基地,"114.911393,37.623727",磁选除杂->着水润麦->多级研磨->高方筛理->包装,2024-06-21 19:31,2024-06-22 03:49,WH-CN-167,钢板筒仓,2024-06-22 07:49,2024-07-17 07:49,准低温低氧控制,LOG-CN-25170390244,全封闭货车,"干燥, 禁止异味混载",2024-07-17 14:49,2024-07-18 21:46,上海市,浦东新区,121.54,31.22,2024-07-19 21:46
CN-AG-202411-10543,棉花,甘肃省,瓜州县,95.812688,40.470986,2024-05-19,2024-05-19 [覆膜播种] -> 2024-06-24 [人工打顶] -> 2024-07-30 [叶面喷施补硼] -> 2024-09-04 [枯萎病监测] -> 2024-10-10 [喷施脱叶剂],2024-11-13 14:06,30685.88,瓜州县第1深加工基地,"95.776741,40.504544",皮棉清理->锯齿轧花->纤维分级->压力打包,2024-11-16 19:06,2024-11-16 23:21,WH-CN-289,专业纤维库,2024-11-17 05:21,2024-12-10 05:21,避光控温控制,LOG-CN-94612879621,高栏平板车,"严禁烟火, 防静电, 干燥",2024-12-10 15:21,2024-12-15 09:59,武汉市,东西湖区,114.13,30.62,2024-12-17 09:59
CN-AG-202406-10544,小麦,安徽省,寿县,116.797146,32.543513,2023-10-24,2023-10-24 [深耕整地] -> 2023-12-01 [秋播种子处理] -> 2024-01-08 [越冬水灌溉] -> 2024-02-15 [拔节期追肥] -> 2024-03-24 [条锈病防治] -> 2024-05-01 [干热风防护],2024-06-06 13:43,11213.03,寿县第3深加工基地,"116.780253,32.573883",磁选除杂->着水润麦->多级研磨->高方筛理->包装,2024-06-08 16:43,2024-06-08 22:03,WH-CN-178,钢板筒仓,2024-06-09 09:03,2024-06-28 09:03,准低温低氧控制,LOG-CN-91646185285,全封闭货车,"干燥, 禁止异味混载",2024-06-28 22:03,2024-07-02 04:24,北京市,丰台区,116.28,39.85,2024-07-03 04:24
CN-AG-202409-10545,大豆,山东省,莒南县,118.795517,35.146637,2024-05-18,2024-05-18 [拌种包衣] -> 2024-06-12 [等距点播] -> 2024-07-07 [结荚期根外追肥] -> 2024-08-01 [食心虫绿色防控] -> 2024-08-26 [除草中耕],2024-09-16 11:30,16748.71,莒南县第4深加工基地,"118.826079,35.160664",磁选->破碎压胚->高温压榨->物理过滤->精炼,2024-09-17 13:30,2024-09-17 20:50,WH-CN-852,不锈钢储油罐区,2024-09-18 04:50,2024-10-12 04:50,准低温低氧控制,LOG-CN-46703566770,罐式车,"避光, 控温25℃下",2024-10-12 11:50,2024-10-14 00:09,广州市,天河区,113.33,23.13,2024-10-17 00:09
CN-AG-202410-10546,玉米,广西壮族自治区,宾阳县,108.862597,23.22838,2024-06-24,2024-06-24 [免耕直播] -> 2024-07-16 [苗期中耕] -> 2024-08-07 [喇叭口期追肥] -> 2024-08-29 [大斑病防治] -> 2024-09-20 [人工授粉辅助],2024-10-12 15:00,10176.51,宾阳县第4深加工基地,"108.815321,23.217424",物理清理->脱粒烘干->破碎加工->筛理分级,2024-10-15 19:00,2024-10-16 01:55,WH-CN-976,现代化圆筒仓,2024-10-16 12:55,2024-11-02 12:55,避光控温控制,LOG-CN-31449440622,重型散粮卡车,"通风良好, 严控高温",2024-11-03 02:55,2024-11-08 00:35,成都市,新都区,104.15,30.82,2024-11-09 00:35
CN-AG-202409-10547,大豆,山东省,莒南县,118.849798,35.204614,2024-05-05,2024-05-05 [拌种包衣] -> 2024-05-30 [等距点播] -> 2024-06-24 [结荚期根外追肥] -> 2024-07-19 [食心虫绿色防控] -> 2024-08-13 [除草中耕],2024-09-08 17:47,28758.05,莒南县第4深加工基地,"118.838144,35.165206",磁选->破碎压胚->高温压榨->物理过滤->精炼,2024-09-11 20:47,2024-09-12 05:38,WH-CN-997,不锈钢储油罐区,2024-09-12 10:38,2024-10-04 10:38,准低温低氧控制,LOG-CN-33737884315,罐式车,"避光, 控温25℃下",2024-10-04 17:38,2024-10-07 05:34,南京市,南京浦口区,118.62,32.05,2024-10-10 05:34
CN-AG-202407-10548,大麦,甘肃省,民乐县,100.817253,38.450488,2024-04-05,2024-04-05 [翻耕播种] -> 2024-04-30 [分蘖期施氮] -> 2024-05-25 [化学除草] -> 2024-06-19 [灌浆期监控],2024-07-13 17:26,15094.3,民乐县第1深加工基地,"100.808941,38.42222",杂质清理->脱壳处理->分级磨皮->包装,2024-07-16 20:26,2024-07-16 23:17,WH-CN-610,平房仓,2024-07-17 11:17,2024-08-17 11:17,避光控温控制,LOG-CN-70761465359,散装车,防霉通风,2024-08-18 00:17,2024-08-22 01:07,上海市,闵行区,121.38,31.11,2024-08-24 01:07
CN-AG-202410-10549,水稻,广西壮族自治区,桂平市,110.123748,23.385243,2024-06-05,2024-06-05 [播种育秧] -> 2024-06-28 [田间底肥] -> 2024-07-21 [插秧作业] -> 2024-08-13 [分蘖期灌溉] -> 2024-09-05 [除草控虫] -> 2024-09-28 [晒田补肥],2024-10-20 16:42,9320.25,桂平市第4深加工基地,"110.077608,23.390933",清理去石->砻谷脱壳->糙米碾白->抛光->色选->包装,2024-10-23 21:42,2024-10-24 02:39,WH-CN-413,平房仓(准低温),2024-10-24 07:39,2024-11-21 07:39,准低温低氧控制,LOG-CN-65856437289,散粮车,"防潮, 湿度<14%",2024-11-21 13:39,2024-11-23 16:57,北京市,海淀区,116.3,39.96,2024-11-26 16:57
CN-AG-202408-10550,花生,山东省,莒南县,118.783286,35.227216,2024-04-12,2024-04-12 [清棵蹲苗] -> 2024-05-06 [培土迎葑] -> 2024-05-30 [钙镁肥补充] -> 2024-06-23 [下针期控旺] -> 2024-07-17 [地下虫害防治],2024-08-09 10:22,6124.78,莒南县第3深加工基地,"118.82084,35.168451",剥壳分选->烘炒->压榨提取->物理精炼,2024-08-11 12:22,2024-08-11 20:57,WH-CN-354,避光库房,2024-08-12 04:57,2024-08-31 04:57,避光控温控制,LOG-CN-64275693499,厢式货车,避光防潮,2024-08-31 19:57,2024-09-02 06:15,深圳市,南山区,113.93,22.54,2024-09-03 06:15
CN-AG-202406-10551,小麦,江苏省,兴化市,119.900169,32.958788,2023-10-24,2023-10-24 [深耕整地] -> 2023-12-01 [秋播种子处理] -> 2024-01-08 [越冬水灌溉] -> 2024-02-15 [拔节期追肥] -> 2024-03-24 [条锈病防治] -> 2024-05-01 [干热风防护],2024-06-09 12:38,24399.93,兴化市第3深加工基地,"119.857167,32.925601",磁选除杂->着水润麦->多级研磨->高方筛理->包装,2024-06-11 18:38,2024-06-12 00:51,WH-CN-412,钢板筒仓,2024-06-12 09:51,2024-07-29 09:51,准低温低氧控制,LOG-CN-49022345956,全封闭货车,"干燥, 禁止异味混载",2024-07-29 18:51,2024-08-01 02:59,广州市,番禺区,113.38,22.93,2024-08-03 02:59
CN-AG-202405-10552,油菜籽,湖南省,安乡县,112.219292,29.385066,2023-10-19,2023-10-19 [育苗移栽] -> 2023-12-10 [越冬防冻肥] -> 2024-01-31 [薹期水肥调节] -> 2024-03-23 [菌核病无人机防治],2024-05-13 14:06,5968.55,安乡县第5深加工基地,"112.176098,29.415079",多级筛选->炒籽->螺旋压榨->精制过滤,2024-05-17 18:06,2024-05-18 00:53,WH-CN-127,恒温罐区,2024-05-18 09:53,2024-06-26 09:53,避光控温控制,LOG-CN-20397766317,罐式车,"避光, 防氧化",2024-06-26 22:53,2024-06-30 04:19,武汉市,江岸区,114.3,30.59,2024-07-02 04:19
CN-AG-202409-10553,玉米,辽宁省,黑山县,122.175537,41.632161,2024-06-04,2024-06-04 [免耕直播] -> 2024-06-26 [苗期中耕] -> 2024-07-18 [喇叭口期追肥] -> 2024-08-09 [大斑病防治] -> 2024-08-31 [人工授粉辅助],2024-09-19 16:23,21107.73,黑山县第1深加工基地,"122.116095,41.694533",物理清理->脱粒烘干->破碎加工->筛理分级,2024-09-22 18:23,2024-09-23 03:19,WH-CN-186,现代化圆筒仓,2024-09-23 13:19,2024-10-11 13:19,避光控温控制,LOG-CN-44594641981,重型散粮卡车,"通风良好, 严控高温",2024-10-11 19:19,2024-10-15 07:10,南京市,南京浦口区,118.62,32.05,2024-10-18 07:10
CN-AG-202410-10554,水稻,四川省,三台县,105.063783,31.129527,2024-06-03,2024-06-03 [播种育秧] -> 2024-06-26 [田间底肥] -> 2024-07-19 [插秧作业] -> 2024-08-11 [分蘖期灌溉] -> 2024-09-03 [除草控虫] -> 2024-09-26 [晒田补肥],2024-10-20 09:52,30914.84,三台县第4深加工基地,"105.082252,31.097455",清理去石->砻谷脱壳->糙米碾白->抛光->色选->包装,2024-10-24 13:52,2024-10-24 23:44,WH-CN-239,平房仓(准低温),2024-10-25 03:44,2024-11-11 03:44,准低温低氧控制,LOG-CN-98801372690,散粮车,"防潮, 湿度<14%",2024-11-11 12:44,2024-11-15 06:53,北京市,丰台区,116.28,39.85,2024-11-18 06:53
CN-AG-202411-10555,棉花,新疆维吾尔自治区,沙雅县,82.784884,41.244442,2024-05-26,2024-05-26 [覆膜播种] -> 2024-07-01 [人工打顶] -> 2024-08-06 [叶面喷施补硼] -> 2024-09-11 [枯萎病监测] -> 2024-10-17 [喷施脱叶剂],2024-11-24 08:51,21580.98,沙雅县第5深加工基地,"82.774838,41.211931",皮棉清理->锯齿轧花->纤维分级->压力打包,2024-11-26 10:51,2024-11-26 13:55,WH-CN-554,专业纤维库,2024-11-26 17:55,2024-12-15 17:55,避光控温控制,LOG-CN-15973070690,高栏平板车,"严禁烟火, 防静电, 干燥",2024-12-16 00:55,2024-12-18 08:08,上海市,宝山区,121.48,31.4,2024-12-19 08:08
CN-AG-202410-10556,水稻,辽宁省,盘山县,122.036252,41.181488,2024-05-31,2024-05-31 [播种育秧] -> 2024-06-23 [田间底肥] -> 2024-07-16 [插秧作业] -> 2024-08-08 [分蘖期灌溉] -> 2024-08-31 [除草控虫] -> 2024-09-23 [晒田补肥],2024-10-16 10:52,9959.02,盘山县第2深加工基地,"122.041967,41.236025",清理去石->砻谷脱壳->糙米碾白->抛光->色选->包装,2024-10-19 16:52,2024-10-20 01:10,WH-CN-274,平房仓(准低温),2024-10-20 12:10,2024-12-08 12:10,准低温低氧控制,LOG-CN-86019326242,散粮车,"防潮, 湿度<14%",2024-12-08 20:10,2024-12-13 05:11,上海市,闵行区,121.38,31.11,2024-12-14 05:11
CN-AG-202410-10557,玉米,内蒙古自治区,阿荣旗,123.48599,48.095669,2024-06-26,2024-06-26 [免耕直播] -> 2024-07-18 [苗期中耕] -> 2024-08-09 [喇叭口期追肥] -> 2024-08-31 [大斑病防治] -> 2024-09-22 [人工授粉辅助],2024-10-10 12:42,10185.83,阿荣旗第3深加工基地,"123.500963,48.124864",物理清理->脱粒烘干->破碎加工->筛理分级,2024-10-14 16:42,2024-10-15 00:53,WH-CN-568,现代化圆筒仓,2024-10-15 08:53,2024-11-19 08:53,避光控温控制,LOG-CN-87825350709,重型散粮卡车,"通风良好, 严控高温",2024-11-19 15:53,2024-11-23 03:19,南京市,南京浦口区,118.62,32.05,2024-11-25 03:19
CN-AG-202406-10558,小麦,河北省,藁城区,114.882272,38.078347,2023-10-21,2023-10-21 [深耕整地] -> 2023-11-28 [秋播种子处理] -> 2024-01-05 [越冬水灌溉] -> 2024-02-12 [拔节期追肥] -> 2024-03-21 [条锈病防治] -> 2024-04-28 [干热风防护],2024-06-02 17:28,12377.3,藁城区第5深加工基地,"114.841864,38.033356",磁选除杂->着水润麦->多级研磨->高方筛理->包装,2024-06-05 20:28,2024-06-06 02:57,WH-CN-499,钢板筒仓,2024-06-06 13:57,2024-07-03 13:57,准低温低氧控制,LOG-CN-20793446753,全封闭货车,"干燥, 禁止异味混载",2024-07-04 00:57,2024-07-07 17:51,北京市,朝阳区,116.48,39.92,2024-07-10 17:51
CN-AG-202406-10559,小麦,新疆维吾尔自治区,奇台县,89.55224,44.067076,2023-11-02,2023-11-02 [深耕整地] -> 2023-12-10 [秋播种子处理] -> 2024-01-17 [越冬水灌溉] -> 2024-02-24 [拔节期追肥] -> 2024-04-02 [条锈病防治] -> 2024-05-10 [干热风防护],2024-06-21 17:21,28064.01,奇台县第5深加工基地,"89.58479,44.011579",磁选除杂->着水润麦->多级研磨->高方筛理->包装,2024-06-23 21:21,2024-06-24 06:32,WH-CN-825,钢板筒仓,2024-06-24 14:32,2024-07-29 14:32,准低温低氧控制,LOG-CN-82702682015,全封闭货车,"干燥, 禁止异味混载",2024-07-30 03:32,2024-08-02 04:02,上海市,宝山区,121.48,31.4,2024-08-05 04:02
CN-AG-202409-10560,玉米,广西壮族自治区,宾阳县,108.75416,23.245349,2024-06-01,2024-06-01 [免耕直播] -> 2024-06-23 [苗期中耕] -> 2024-07-15 [喇叭口期追肥] -> 2024-08-06 [大斑病防治] -> 2024-08-28 [人工授粉辅助],2024-09-23 13:37,8717.72,宾阳县第4深加工基地,"108.819909,23.211656",物理清理->脱粒烘干->破碎加工->筛理分级,2024-09-26 19:37,2024-09-27 03:23,WH-CN-431,现代化圆筒仓,2024-09-27 13:23,2024-10-11 13:23,避光控温控制,LOG-CN-43328556592,重型散粮卡车,"通风良好, 严控高温",2024-10-11 21:23,2024-10-14 02:29,北京市,朝阳区,116.48,39.92,2024-10-17 02:29
CN-AG-202406-10561,大麦,甘肃省,永昌县,101.972573,38.282684,2024-03-15,2024-03-15 [翻耕播种] -> 2024-04-09 [分蘖期施氮] -> 2024-05-04 [化学除草] -> 2024-05-29 [灌浆期监控],2024-06-24 14:48,26228.67,永昌县第1深加工基地,"101.976627,38.231273",杂质清理->脱壳处理->分级磨皮->包装,2024-06-25 16:48,2024-06-26 00:31,WH-CN-278,平房仓,2024-06-26 08:31,2024-07-13 08:31,避光控温控制,LOG-CN-24264270216,散装车,防霉通风,2024-07-13 15:31,2024-07-17 00:19,北京市,丰台区,116.28,39.85,2024-07-19 00:19
CN-AG-202410-10562,玉米,广西壮族自治区,武宣县,109.613792,23.601877,2024-06-19,2024-06-19 [免耕直播] -> 2024-07-11 [苗期中耕] -> 2024-08-02 [喇叭口期追肥] -> 2024-08-24 [大斑病防治] -> 2024-09-15 [人工授粉辅助],2024-10-05 17:35,33303.53,武宣县第2深加工基地,"109.668193,23.581877",物理清理->脱粒烘干->破碎加工->筛理分级,2024-10-07 21:35,2024-10-08 04:16,WH-CN-188,现代化圆筒仓,2024-10-08 15:16,2024-11-05 15:16,避光控温控制,LOG-CN-12500134621,重型散粮卡车,"通风良好, 严控高温",2024-11-05 23:16,2024-11-09 07:08,深圳市,福田区,114.05,22.54,2024-11-12 07:08
CN-AG-202406-10563,小麦,四川省,安岳县,105.369514,30.120304,2023-10-21,2023-10-21 [深耕整地] -> 2023-11-28 [秋播种子处理] -> 2024-01-05 [越冬水灌溉] -> 2024-02-12 [拔节期追肥] -> 2024-03-21 [条锈病防治] -> 2024-04-28 [干热风防护],2024-06-02 10:57,24962.95,安岳县第4深加工基地,"105.331435,30.10758",磁选除杂->着水润麦->多级研磨->高方筛理->包装,2024-06-05 15:57,2024-06-05 23:17,WH-CN-612,钢板筒仓,2024-06-06 11:17,2024-06-20 11:17,准低温低氧控制,LOG-CN-58756924242,全封闭货车,"干燥, 禁止异味混载",2024-06-21 01:17,2024-06-24 16:29,武汉市,洪山区,114.34,30.5,2024-06-25 16:29
CN-AG-202405-10564,油菜籽,四川省,中江县,104.661651,31.032094,2023-10-17,2023-10-17 [育苗移栽] -> 2023-12-08 [越冬防冻肥] -> 2024-01-29 [薹期水肥调节] -> 2024-03-21 [菌核病无人机防治],2024-05-15 14:40,26052.14,中江县第3深加工基地,"104.668692,31.026339",多级筛选->炒籽->螺旋压榨->精制过滤,2024-05-16 20:40,2024-05-16 23:50,WH-CN-123,恒温罐区,2024-05-17 05:50,2024-06-29 05:50,避光控温控制,LOG-CN-52694627158,罐式车,"避光, 防氧化",2024-06-29 12:50,2024-07-03 04:04,成都市,武侯区,104.04,30.64,2024-07-04 04:04
CN-AG-202407-10565,大麦,甘肃省,民乐县,100.822231,38.462866,2024-03-29,2024-03-29 [翻耕播种] -> 2024-04-23 [分蘖期施氮] -> 2024-05-18 [化学除草] -> 2024-06-12 [灌浆期监控],2024-07-03 10:18,25397.04,民乐县第3深加工基地,"100.808868,38.43785",杂质清理->脱壳处理->分级磨皮->包装,2024-07-05 16:18,2024-07-06 00:00,WH-CN-768,平房仓,2024-07-06 12:00,2024-08-04 12:00,避光控温控制,LOG-CN-14423721982,散装车,防霉通风,2024-08-04 18:00,2024-08-08 15:44,南京市,南京浦口区,118.62,32.05,2024-08-09 15:44
CN-AG-202409-10566,花生,山东省,平度市,119.965757,36.792851,2024-05-15,2024-05-15 [清棵蹲苗] -> 2024-06-08 [培土迎葑] -> 2024-07-02 [钙镁肥补充] -> 2024-07-26 [下针期控旺] -> 2024-08-19 [地下虫害防治],2024-09-07 13:56,29608.18,平度市第1深加工基地,"119.954053,36.781834",剥壳分选->烘炒->压榨提取->物理精炼,2024-09-09 16:56,2024-09-10 00:06,WH-CN-454,避光库房,2024-09-10 09:06,2024-09-23 09:06,避光控温控制,LOG-CN-22803538215,厢式货车,避光防潮,2024-09-23 16:06,2024-09-28 23:42,深圳市,南山区,113.93,22.54,2024-10-01 23:42
CN-AG-202409-10567,花生,河北省,大名县,115.151484,36.248492,2024-05-13,2024-05-13 [清棵蹲苗] -> 2024-06-06 [培土迎葑] -> 2024-06-30 [钙镁肥补充] -> 2024-07-24 [下针期控旺] -> 2024-08-17 [地下虫害防治],2024-09-05 12:46,5750.51,大名县第1深加工基地,"115.14769,36.272084",剥壳分选->烘炒->压榨提取->物理精炼,2024-09-06 14:46,2024-09-06 21:30,WH-CN-126,避光库房,2024-09-07 09:30,2024-10-01 09:30,避光控温控制,LOG-CN-39254582062,厢式货车,避光防潮,2024-10-01 22:30,2024-10-04 13:20,武汉市,江岸区,114.3,30.59,2024-10-05 13:20
CN-AG-202409-10568,水稻,湖北省,枣阳市,112.768267,32.12852,2024-04-30,2024-04-30 [播种育秧] -> 2024-05-23 [田间底肥] -> 2024-06-15 [插秧作业] -> 2024-07-08 [分蘖期灌溉] -> 2024-07-31 [除草控虫] -> 2024-08-23 [晒田补肥],2024-09-18 15:03,39388.71,枣阳市第3深加工基地,"112.752013,32.139011",清理去石->砻谷脱壳->糙米碾白->抛光->色选->包装,2024-09-22 18:03,2024-09-23 00:13,WH-CN-460,平房仓(准低温),2024-09-23 10:13,2024-11-07 10:13,准低温低氧控制,LOG-CN-53781374620,散粮车,"防潮, 湿度<14%",2024-11-07 23:13,2024-11-09 15:10,广州市,天河区,113.33,23.13,2024-11-12 15:10
CN-AG-202409-10569,水稻,江苏省,兴化市,119.850752,32.959231,2024-04-26,2024-04-26 [播种育秧] -> 2024-05-19 [田间底肥] -> 2024-06-11 [插秧作业] -> 2024-07-04 [分蘖期灌溉] -> 2024-07-27 [除草控虫] -> 2024-08-19 [晒田补肥],2024-09-08 09:37,6982.91,兴化市第4深加工基地,"119.841419,32.932682",清理去石->砻谷脱壳->糙米碾白->抛光->色选->包装,2024-09-10 14:37,2024-09-10 23:29,WH-CN-284,平房仓(准低温),2024-09-11 11:29,2024-10-27 11:29,准低温低氧控制,LOG-CN-15508707803,散粮车,"防潮, 湿度<14%",2024-10-27 20:29,2024-11-02 04:32,北京市,朝阳区,116.48,39.92,2024-11-03 04:32
CN-AG-202408-10570,花生,河南省,唐河县,112.813422,32.650527,2024-04-11,2024-04-11 [清棵蹲苗] -> 2024-05-05 [培土迎葑] -> 2024-05-29 [钙镁肥补充] -> 2024-06-22 [下针期控旺] -> 2024-07-16 [地下虫害防治],2024-08-10 10:38,33469.87,唐河县第2深加工基地,"112.820913,32.67945",剥壳分选->烘炒->压榨提取->物理精炼,2024-08-14 12:38,2024-08-14 20:44,WH-CN-554,避光库房,2024-08-15 01:44,2024-08-29 01:44,避光控温控制,LOG-CN-51717592284,厢式货车,避光防潮,2024-08-29 10:44,2024-09-02 02:29,成都市,新都区,104.15,30.82,2024-09-05 02:29
CN-AG-202406-10571,小麦,山东省,汶上县,116.453218,35.686803,2023-10-28,2023-10-28 [深耕整地] -> 2023-12-05 [秋播种子处理] -> 2024-01-12 [越冬水灌溉] -> 2024-02-19 [拔节期追肥] -> 2024-03-28 [条锈病防治] -> 2024-05-05 [干热风防护],2024-06-17 12:20,34449.89,汶上县第5深加工基地,"116.476627,35.739431",磁选除杂->着水润麦->多级研磨->高方筛理->包装,2024-06-18 14:20,2024-06-18 19:47,WH-CN-336,钢板筒仓,2024-06-19 05:47,2024-08-07 05:47,准低温低氧控制,LOG-CN-38144773224,全封闭货车,"干燥, 禁止异味混载",2024-08-07 12:47,2024-08-09 15:45,西安市,未央区,108.94,34.29,2024-08-10 15:45
CN-AG-202409-10572,水稻,辽宁省,盘山县,122.003532,41.237845,2024-04-13,2024-04-13 [播种育秧] -> 2024-05-06 [田间底肥] -> 2024-05-29 [插秧作业] -> 2024-06-21 [分蘖期灌溉] -> 2024-07-14 [除草控虫] -> 2024-08-06 [晒田补肥],2024-09-02 11:44,7090.2,盘山县第5深加工基地,"122.035614,41.242216",清理去石->砻谷脱壳->糙米碾白->抛光->色选->包装,2024-09-06 13:44,2024-09-06 16:24,WH-CN-493,平房仓(准低温),2024-09-07 03:24,2024-09-19 03:24,准低温低氧控制,LOG-CN-12127544262,散粮车,"防潮, 湿度<14%",2024-09-19 18:24,2024-09-22 19:43,成都市,龙泉驿区,104.27,30.55,2024-09-23 19:43
CN-AG-202410-10573,玉米,河北省,藁城区,114.841989,37.994839,2024-06-13,2024-06-13 [免耕直播] -> 2024-07-05 [苗期中耕] -> 2024-07-27 [喇叭口期追肥] -> 2024-08-18 [大斑病防治] -> 2024-09-09 [人工授粉辅助],2024-10-02 11:13,31406.73,藁城区第3深加工基地,"114.830153,38.02011",物理清理->脱粒烘干->破碎加工->筛理分级,2024-10-04 16:13,2024-10-04 23:15,WH-CN-948,现代化圆筒仓,2024-10-05 03:15,2024-11-03 03:15,避光控温控制,LOG-CN-48257204640,重型散粮卡车,"通风良好, 严控高温",2024-11-03 14:15,2024-11-04 18:13,北京市,丰台区,116.28,39.85,2024-11-07 18:13
CN-AG-202409-10574,水稻,湖南省,南县,112.344407,29.326288,2024-04-23,2024-04-23 [播种育秧] -> 2024-05-16 [田间底肥] -> 2024-06-08 [插秧作业] -> 2024-07-01 [分蘖期灌溉] -> 2024-07-24 [除草控虫] -> 2024-08-16 [晒田补肥],2024-09-11 17:27,14103.52,南县第4深加工基地,"112.396777,29.352161",清理去石->砻谷脱壳->糙米碾白->抛光->色选->包装,2024-09-12 19:27,2024-09-13 02:40,WH-CN-578,平房仓(准低温),2024-09-13 12:40,2024-10-11 12:40,准低温低氧控制,LOG-CN-44036160418,散粮车,"防潮, 湿度<14%",2024-10-12 03:40,2024-10-17 00:16,西安市,未央区,108.94,34.29,2024-10-20 00:16
CN-AG-202409-10575,花生,辽宁省,黑山县,122.128646,41.72631,2024-05-31,2024-05-31 [清棵蹲苗] -> 2024-06-24 [培土迎葑] -> 2024-07-18 [钙镁肥补充] -> 2024-08-11 [下针期控旺] -> 2024-09-04 [地下虫害防治],2024-09-26 12:05,33359.08,黑山县第5深加工基地,"122.11587,41.690253",剥壳分选->烘炒->压榨提取->物理精炼,2024-09-29 16:05,2024-09-29 23:27,WH-CN-112,避光库房,2024-09-30 09:27,2024-10-12 09:27,避光控温控制,LOG-CN-49188597662,厢式货车,避光防潮,2024-10-12 19:27,2024-10-17 07:43,成都市,龙泉驿区,104.27,30.55,2024-10-20 07:43
CN-AG-202405-10576,油菜籽,湖南省,安乡县,112.157642,29.46181,2023-10-29,2023-10-29 [育苗移栽] -> 2023-12-20 [越冬防冻肥] -> 2024-02-10 [薹期水肥调节] -> 2024-04-02 [菌核病无人机防治],2024-05-28 10:28,25284.96,安乡县第1深加工基地,"112.172341,29.401742",多级筛选->炒籽->螺旋压榨->精制过滤,2024-05-29 15:28,2024-05-29 18:02,WH-CN-383,恒温罐区,2024-05-30 05:02,2024-06-11 05:02,避光控温控制,LOG-CN-95457154484,罐式车,"避光, 防氧化",2024-06-11 19:02,2024-06-13 22:28,武汉市,江岸区,114.3,30.59,2024-06-14 22:28
CN-AG-202409-10577,水稻,湖北省,钟祥市,112.561427,31.123661,2024-04-29,2024-04-29 [播种育秧] -> 2024-05-22 [田间底肥] -> 2024-06-14 [插秧作业] -> 2024-07-07 [分蘖期灌溉] -> 2024-07-30 [除草控虫] -> 2024-08-22 [晒田补肥],2024-09-15 10:16,9005.63,钟祥市第1深加工基地,"112.587484,31.170148",清理去石->砻谷脱壳->糙米碾白->抛光->色选->包装,2024-09-18 15:16,2024-09-18 18:51,WH-CN-288,平房仓(准低温),2024-09-19 01:51,2024-11-08 01:51,准低温低氧控制,LOG-CN-81659130105,散粮车,"防潮, 湿度<14%",2024-11-08 16:51,2024-11-13 03:54,广州市,天河区,113.33,23.13,2024-11-14 03:54
CN-AG-202408-10578,花生,江苏省,东海县,118.794271,34.539226,2024-04-21,2024-04-21 [清棵蹲苗] -> 2024-05-15 [培土迎葑] -> 2024-06-08 [钙镁肥补充] -> 2024-07-02 [下针期控旺] -> 2024-07-26 [地下虫害防治],2024-08-18 11:03,22742.83,东海县第1深加工基地,"118.76263,34.549856",剥壳分选->烘炒->压榨提取->物理精炼,2024-08-21 13:03,2024-08-21 21:20,WH-CN-623,避光库房,2024-08-22 06:20,2024-10-05 06:20,避光控温控制,LOG-CN-40397417254,厢式货车,避光防潮,2024-10-05 15:20,2024-10-08 11:26,北京市,丰台区,116.28,39.85,2024-10-09 11:26
CN-AG-202410-10579,玉米,内蒙古自治区,五原县,108.247349,41.072968,2024-07-04,2024-07-04 [免耕直播] -> 2024-07-26 [苗期中耕] -> 2024-08-17 [喇叭口期追肥] -> 2024-09-08 [大斑病防治] -> 2024-09-30 [人工授粉辅助],2024-10-27 14:04,37986.78,五原县第3深加工基地,"108.25822,41.098437",物理清理->脱粒烘干->破碎加工->筛理分级,2024-10-31 18:04,2024-10-31 21:47,WH-CN-736,现代化圆筒仓,2024-11-01 01:47,2024-12-01 01:47,避光控温控制,LOG-CN-31608656519,重型散粮卡车,"通风良好, 严控高温",2024-12-01 13:47,2024-12-06 01:10,武汉市,江岸区,114.3,30.59,2024-12-08 01:10
CN-AG-202410-10580,玉米,山东省,汶上县,116.505684,35.778913,2024-06-21,2024-06-21 [免耕直播] -> 2024-07-13 [苗期中耕] -> 2024-08-04 [喇叭口期追肥] -> 2024-08-26 [大斑病防治] -> 2024-09-17 [人工授粉辅助],2024-10-05 17:01,27997.08,汶上县第2深加工基地,"116.476187,35.732158",物理清理->脱粒烘干->破碎加工->筛理分级,2024-10-07 21:01,2024-10-08 03:52,WH-CN-490,现代化圆筒仓,2024-10-08 15:52,2024-11-24 15:52,避光控温控制,LOG-CN-21378279248,重型散粮卡车,"通风良好, 严控高温",2024-11-25 03:52,2024-11-30 14:29,武汉市,洪山区,114.34,30.5,2024-12-01 14:29
CN-AG-202410-10581,玉米,吉林省,公主岭市,124.874607,43.558855,2024-06-27,2024-06-27 [免耕直播] -> 2024-07-19 [苗期中耕] -> 2024-08-10 [喇叭口期追肥] -> 2024-09-01 [大斑病防治] -> 2024-09-23 [人工授粉辅助],2024-10-18 09:54,15257.29,公主岭市第2深加工基地,"124.810031,43.526424",物理清理->脱粒烘干->破碎加工->筛理分级,2024-10-19 15:54,2024-10-19 22:25,WH-CN-436,现代化圆筒仓,2024-10-20 10:25,2024-12-02 10:25,避光控温控制,LOG-CN-41619398739,重型散粮卡车,"通风良好, 严控高温",2024-12-02 20:25,2024-12-04 21:18,西安市,未央区,108.94,34.29,2024-12-07 21:18
CN-AG-202409-10582,水稻,江苏省,射阳县,120.196136,33.766368,2024-05-05,2024-05-05 [播种育秧] -> 2024-05-28 [田间底肥] -> 2024-06-20 [插秧作业] -> 2024-07-13 [分蘖期灌溉] -> 2024-08-05 [除草控虫] -> 2024-08-28 [晒田补肥],2024-09-23 11:28,32520.64,射阳县第2深加工基地,"120.24119,33.745152",清理去石->砻谷脱壳->糙米碾白->抛光->色选->包装,2024-09-26 13:28,2024-09-26 18:58,WH-CN-683,平房仓(准低温),2024-09-27 06:58,2024-11-08 06:58,准低温低氧控制,LOG-CN-31417906586,散粮车,"防潮, 湿度<14%",2024-11-08 19:58,2024-11-13 01:12,上海市,闵行区,121.38,31.11,2024-11-15 01:12
CN-AG-202406-10583,小麦,湖北省,枣阳市,112.772391,32.142455,2023-11-08,2023-11-08 [深耕整地] -> 2023-12-16 [秋播种子处理] -> 2024-01-23 [越冬水灌溉] -> 2024-03-01 [拔节期追肥] -> 2024-04-08 [条锈病防治] -> 2024-05-16 [干热风防护],2024-06-22 17:42,22297.01,枣阳市第2深加工基地,"112.747677,32.12229",磁选除杂->着水润麦->多级研磨->高方筛理->包装,2024-06-25 21:42,2024-06-26 03:06,WH-CN-284,钢板筒仓,2024-06-26 12:06,2024-07-13 12:06,准低温低氧控制,LOG-CN-73893675961,全封闭货车,"干燥, 禁止异味混载",2024-07-14 00:06,2024-07-17 16:15,上海市,闵行区,121.38,31.11,2024-07-20 16:15
CN-AG-202409-10584,水稻,黑龙江省,五常市,127.134286,44.924748,2024-04-24,2024-04-24 [播种育秧] -> 2024-05-17 [田间底肥] -> 2024-06-09 [插秧作业] -> 2024-07-02 [分蘖期灌溉] -> 2024-07-25 [除草控虫] -> 2024-08-17 [晒田补肥],2024-09-14 12:48,35340.8,五常市第4深加工基地,"127.148379,44.922421",清理去石->砻谷脱壳->糙米碾白->抛光->色选->包装,2024-09-18 14:48,2024-09-18 18:22,WH-CN-532,平房仓(准低温),2024-09-18 22:22,2024-10-25 22:22,准低温低氧控制,LOG-CN-28701867186,散粮车,"防潮, 湿度<14%",2024-10-26 06:22,2024-10-27 15:30,北京市,丰台区,116.28,39.85,2024-10-30 15:30
CN-AG-202406-10585,小麦,河北省,宁晋县,114.868521,37.650141,2023-10-18,2023-10-18 [深耕整地] -> 2023-11-25 [秋播种子处理] -> 2024-01-02 [越冬水灌溉] -> 2024-02-09 [拔节期追肥] -> 2024-03-18 [条锈病防治] -> 2024-04-25 [干热风防护],2024-06-04 13:57,15125.19,宁晋县第4深加工基地,"114.917095,37.611604",磁选除杂->着水润麦->多级研磨->高方筛理->包装,2024-06-05 15:57,2024-06-05 19:04,WH-CN-816,钢板筒仓,2024-06-06 04:04,2024-07-14 04:04,准低温低氧控制,LOG-CN-90599166067,全封闭货车,"干燥, 禁止异味混载",2024-07-14 17:04,2024-07-19 15:57,南京市,南京浦口区,118.62,32.05,2024-07-21 15:57
CN-AG-202409-10586,水稻,安徽省,怀远县,117.220229,33.023007,2024-04-14,2024-04-14 [播种育秧] -> 2024-05-07 [田间底肥] -> 2024-05-30 [插秧作业] -> 2024-06-22 [分蘖期灌溉] -> 2024-07-15 [除草控虫] -> 2024-08-07 [晒田补肥],2024-09-01 17:37,6690.08,怀远县第5深加工基地,"117.197238,32.973573",清理去石->砻谷脱壳->糙米碾白->抛光->色选->包装,2024-09-05 22:37,2024-09-06 03:51,WH-CN-637,平房仓(准低温),2024-09-06 14:51,2024-09-27 14:51,准低温低氧控制,LOG-CN-81209819911,散粮车,"防潮, 湿度<14%",2024-09-27 23:51,2024-09-30 14:22,成都市,武侯区,104.04,30.64,2024-10-02 14:22
CN-AG-202406-10587,小麦,江苏省,兴化市,119.791216,32.941239,2023-10-30,2023-10-30 [深耕整地] -> 2023-12-07 [秋播种子处理] -> 2024-01-14 [越冬水灌溉] -> 2024-02-21 [拔节期追肥] -> 2024-03-30 [条锈病防治] -> 2024-05-07 [干热风防护],2024-06-13 13:48,14967.68,兴化市第1深加工基地,"119.858266,32.932722",磁选除杂->着水润麦->多级研磨->高方筛理->包装,2024-06-15 15:48,2024-06-16 01:14,WH-CN-394,钢板筒仓,2024-06-16 08:14,2024-07-23 08:14,准低温低氧控制,LOG-CN-75600679779,全封闭货车,"干燥, 禁止异味混载",2024-07-23 23:14,2024-07-26 15:20,成都市,新都区,104.15,30.82,2024-07-28 15:20
CN-AG-202409-10588,水稻,江苏省,东海县,118.814844,34.553509,2024-04-27,2024-04-27 [播种育秧] -> 2024-05-20 [田间底肥] -> 2024-06-12 [插秧作业] -> 2024-07-05 [分蘖期灌溉] -> 2024-07-28 [除草控虫] -> 2024-08-20 [晒田补肥],2024-09-10 12:38,23827.06,东海县第2深加工基地,"118.762411,34.544479",清理去石->砻谷脱壳->糙米碾白->抛光->色选->包装,2024-09-12 16:38,2024-09-12 20:20,WH-CN-106,平房仓(准低温),2024-09-13 01:20,2024-10-06 01:20,准低温低氧控制,LOG-CN-13532173418,散粮车,"防潮, 湿度<14%",2024-10-06 16:20,2024-10-07 22:17,广州市,天河区,113.33,23.13,2024-10-10 22:17
CN-AG-202410-10589,玉米,山东省,汶上县,116.427973,35.778294,2024-06-29,2024-06-29 [免耕直播] -> 2024-07-21 [苗期中耕] -> 2024-08-12 [喇叭口期追肥] -> 2024-09-03 [大斑病防治] -> 2024-09-25 [人工授粉辅助],2024-10-19 14:46,39757.7,汶上县第1深加工基地,"116.472843,35.730679",物理清理->脱粒烘干->破碎加工->筛理分级,2024-10-21 19:46,2024-10-22 00:47,WH-CN-462,现代化圆筒仓,2024-10-22 05:47,2024-11-08 05:47,避光控温控制,LOG-CN-22041546783,重型散粮卡车,"通风良好, 严控高温",2024-11-08 18:47,2024-11-11 03:52,西安市,未央区,108.94,34.29,2024-11-12 03:52
CN-AG-202410-10590,玉米,内蒙古自治区,突泉县,121.560644,46.271405,2024-06-19,2024-06-19 [免耕直播] -> 2024-07-11 [苗期中耕] -> 2024-08-02 [喇叭口期追肥] -> 2024-08-24 [大斑病防治] -> 2024-09-15 [人工授粉辅助],2024-10-06 16:21,16113.45,突泉县第5深加工基地,"121.56972,46.325901",物理清理->脱粒烘干->破碎加工->筛理分级,2024-10-10 22:21,2024-10-11 06:35,WH-CN-776,现代化圆筒仓,2024-10-11 11:35,2024-11-10 11:35,避光控温控制,LOG-CN-16983963859,重型散粮卡车,"通风良好, 严控高温",2024-11-10 18:35,2024-11-15 13:25,北京市,海淀区,116.3,39.96,2024-11-18 13:25
CN-AG-202406-10591,小麦,四川省,安岳县,105.275249,30.109264,2023-10-21,2023-10-21 [深耕整地] -> 2023-11-28 [秋播种子处理] -> 2024-01-05 [越冬水灌溉] -> 2024-02-12 [拔节期追肥] -> 2024-03-21 [条锈病防治] -> 2024-04-28 [干热风防护],2024-06-05 17:24,27217.05,安岳县第1深加工基地,"105.331173,30.09246",磁选除杂->着水润麦->多级研磨->高方筛理->包装,2024-06-07 21:24,2024-06-08 03:54,WH-CN-628,钢板筒仓,2024-06-08 09:54,2024-07-19 09:54,准低温低氧控制,LOG-CN-38988649739,全封闭货车,"干燥, 禁止异味混载",2024-07-19 22:54,2024-07-22 11:02,广州市,番禺区,113.38,22.93,2024-07-23 11:02
CN-AG-202409-10592,大豆,黑龙江省,五常市,127.177501,44.91118,2024-05-16,2024-05-16 [拌种包衣] -> 2024-06-10 [等距点播] -> 2024-07-05 [结荚期根外追肥] -> 2024-07-30 [食心虫绿色防控] -> 2024-08-24 [除草中耕],2024-09-16 16:39,21948.16,五常市第2深加工基地,"127.156912,44.933046",磁选->破碎压胚->高温压榨->物理过滤->精炼,2024-09-18 18:39,2024-09-19 00:43,WH-CN-998,不锈钢储油罐区,2024-09-19 08:43,2024-11-07 08:43,准低温低氧控制,LOG-CN-76507826053,罐式车,"避光, 控温25℃下",2024-11-07 23:43,2024-11-10 06:23,南京市,南京浦口区,118.62,32.05,2024-11-12 06:23
CN-AG-202405-10593,油菜籽,四川省,安岳县,105.321592,30.123099,2023-10-25,2023-10-25 [育苗移栽] -> 2023-12-16 [越冬防冻肥] -> 2024-02-06 [薹期水肥调节] -> 2024-03-29 [菌核病无人机防治],2024-05-18 15:18,11166.81,安岳县第3深加工基地,"105.325508,30.103459",多级筛选->炒籽->螺旋压榨->精制过滤,2024-05-20 17:18,2024-05-21 02:14,WH-CN-776,恒温罐区,2024-05-21 10:14,2024-06-26 10:14,避光控温控制,LOG-CN-57732274934,罐式车,"避光, 防氧化",2024-06-26 19:14,2024-07-01 07:41,西安市,未央区,108.94,34.29,2024-07-02 07:41
CN-AG-202409-10594,玉米,广西壮族自治区,武宣县,109.694678,23.566758,2024-06-05,2024-06-05 [免耕直播] -> 2024-06-27 [苗期中耕] -> 2024-07-19 [喇叭口期追肥] -> 2024-08-10 [大斑病防治] -> 2024-09-01 [人工授粉辅助],2024-09-25 15:53,14156.18,武宣县第3深加工基地,"109.665968,23.588928",物理清理->脱粒烘干->破碎加工->筛理分级,2024-09-29 18:53,2024-09-29 21:37,WH-CN-521,现代化圆筒仓,2024-09-30 05:37,2024-10-27 05:37,避光控温控制,LOG-CN-67732742294,重型散粮卡车,"通风良好, 严控高温",2024-10-27 11:37,2024-10-31 11:26,深圳市,南山区,113.93,22.54,2024-11-02 11:26
CN-AG-202409-10595,玉米,河北省,宁晋县,114.962907,37.658691,2024-05-24,2024-05-24 [免耕直播] -> 2024-06-15 [苗期中耕] -> 2024-07-07 [喇叭口期追肥] -> 2024-07-29 [大斑病防治] -> 2024-08-20 [人工授粉辅助],2024-09-09 15:46,8861.05,宁晋县第5深加工基地,"114.91862,37.628333",物理清理->脱粒烘干->破碎加工->筛理分级,2024-09-12 17:46,2024-09-12 22:53,WH-CN-725,现代化圆筒仓,2024-09-13 09:53,2024-10-19 09:53,避光控温控制,LOG-CN-28595851945,重型散粮卡车,"通风良好, 严控高温",2024-10-19 17:53,2024-10-23 14:06,深圳市,宝安区,113.88,22.55,2024-10-26 14:06
CN-AG-202409-10596,水稻,湖南省,桃源县,111.489864,28.878264,2024-05-09,2024-05-09 [播种育秧] -> 2024-06-01 [田间底肥] -> 2024-06-24 [插秧作业] -> 2024-07-17 [分蘖期灌溉] -> 2024-08-09 [除草控虫] -> 2024-09-01 [晒田补肥],2024-09-26 14:05,18843.42,桃源县第2深加工基地,"111.482021,28.897423",清理去石->砻谷脱壳->糙米碾白->抛光->色选->包装,2024-09-29 20:05,2024-09-29 23:07,WH-CN-397,平房仓(准低温),2024-09-30 03:07,2024-11-12 03:07,准低温低氧控制,LOG-CN-34916331060,散粮车,"防潮, 湿度<14%",2024-11-12 17:07,2024-11-14 18:17,深圳市,南山区,113.93,22.54,2024-11-17 18:17
CN-AG-202406-10597,小麦,山东省,汶上县,116.502609,35.75467,2023-10-23,2023-10-23 [深耕整地] -> 2023-11-30 [秋播种子处理] -> 2024-01-07 [越冬水灌溉] -> 2024-02-14 [拔节期追肥] -> 2024-03-23 [条锈病防治] -> 2024-04-30 [干热风防护],2024-06-07 16:46,10493.09,汶上县第3深加工基地,"116.473337,35.727491",磁选除杂->着水润麦->多级研磨->高方筛理->包装,2024-06-08 18:46,2024-06-09 04:28,WH-CN-124,钢板筒仓,2024-06-09 08:28,2024-07-22 08:28,准低温低氧控制,LOG-CN-96887210908,全封闭货车,"干燥, 禁止异味混载",2024-07-22 20:28,2024-07-28 01:59,上海市,宝山区,121.48,31.4,2024-07-29 01:59
CN-AG-202409-10598,水稻,广西壮族自治区,武宣县,109.617111,23.581664,2024-04-21,2024-04-21 [播种育秧] -> 2024-05-14 [田间底肥] -> 2024-06-06 [插秧作业] -> 2024-06-29 [分蘖期灌溉] -> 2024-07-22 [除草控虫] -> 2024-08-14 [晒田补肥],2024-09-09 09:52,19538.3,武宣县第1深加工基地,"109.656918,23.597802",清理去石->砻谷脱壳->糙米碾白->抛光->色选->包装,2024-09-13 12:52,2024-09-13 22:20,WH-CN-860,平房仓(准低温),2024-09-14 06:20,2024-09-29 06:20,准低温低氧控制,LOG-CN-86580347149,散粮车,"防潮, 湿度<14%",2024-09-29 20:20,2024-10-04 17:05,上海市,浦东新区,121.54,31.22,2024-10-07 17:05
CN-AG-202409-10599,水稻,湖南省,桃源县,111.423054,28.858535,2024-05-06,2024-05-06 [播种育秧] -> 2024-05-29 [田间底肥] -> 2024-06-21 [插秧作业] -> 2024-07-14 [分蘖期灌溉] -> 2024-08-06 [除草控虫] -> 2024-08-29 [晒田补肥],2024-09-24 17:50,12093.33,桃源县第3深加工基地,"111.482738,28.902916",清理去石->砻谷脱壳->糙米碾白->抛光->色选->包装,2024-09-26 23:50,2024-09-27 09:39,WH-CN-771,平房仓(准低温),2024-09-27 17:39,2024-10-27 17:39,准低温低氧控制,LOG-CN-76899274675,散粮车,"防潮, 湿度<14%",2024-10-27 23:39,2024-10-30 13:56,南京市,南京浦口区,118.62,32.05,2024-11-01 13:56
CN-AG-202410-10600,玉米,河北省,藁城区,114.788605,38.010872,2024-06-12,2024-06-12 [免耕直播] -> 2024-07-04 [苗期中耕] -> 2024-07-26 [喇叭口期追肥] -> 2024-08-17 [大斑病防治] -> 2024-09-08 [人工授粉辅助],2024-10-03 11:26,38301.01,藁城区第5深加工基地,"114.836224,38.028193",物理清理->脱粒烘干->破碎加工->筛理分级,2024-10-06 16:26,2024-10-06 21:21,WH-CN-831,现代化圆筒仓,2024-10-07 09:21,2024-11-18 09:21,避光控温控制,LOG-CN-70594705561,重型散粮卡车,"通风良好, 严控高温",2024-11-18 15:21,2024-11-22 07:07,深圳市,南山区,113.93,22.54,2024-11-24 07:07
CN-AG-202410-10601,玉米,内蒙古自治区,突泉县,121.582694,46.351254,2024-07-07,2024-07-07 [免耕直播] -> 2024-07-29 [苗期中耕] -> 2024-08-20 [喇叭口期追肥] -> 2024-09-11 [大斑病防治] -> 2024-10-03 [人工授粉辅助],2024-10-25 11:28,12268.86,突泉县第4深加工基地,"121.564358,46.327292",物理清理->脱粒烘干->破碎加工->筛理分级,2024-10-29 17:28,2024-10-29 20:53,WH-CN-707,现代化圆筒仓,2024-10-30 04:53,2024-11-30 04:53,避光控温控制,LOG-CN-19663543537,重型散粮卡车,"通风良好, 严控高温",2024-11-30 11:53,2024-12-02 00:28,广州市,番禺区,113.38,22.93,2024-12-03 00:28
CN-AG-202411-10602,棉花,新疆维吾尔自治区,沙雅县,82.77448,41.278564,2024-05-23,2024-05-23 [覆膜播种] -> 2024-06-28 [人工打顶] -> 2024-08-03 [叶面喷施补硼] -> 2024-09-08 [枯萎病监测] -> 2024-10-14 [喷施脱叶剂],2024-11-17 17:48,25955.55,沙雅县第1深加工基地,"82.772811,41.223765",皮棉清理->锯齿轧花->纤维分级->压力打包,2024-11-18 22:48,2024-11-19 03:27,WH-CN-374,专业纤维库,2024-11-19 13:27,2024-12-18 13:27,避光控温控制,LOG-CN-38735037775,高栏平板车,"严禁烟火, 防静电, 干燥",2024-12-18 19:27,2024-12-21 13:11,武汉市,洪山区,114.34,30.5,2024-12-24 13:11
CN-AG-202410-10603,水稻,湖北省,钟祥市,112.523304,31.168271,2024-05-22,2024-05-22 [播种育秧] -> 2024-06-14 [田间底肥] -> 2024-07-07 [插秧作业] -> 2024-07-30 [分蘖期灌溉] -> 2024-08-22 [除草控虫] -> 2024-09-14 [晒田补肥],2024-10-11 11:20,10673.26,钟祥市第1深加工基地,"112.58928,31.170109",清理去石->砻谷脱壳->糙米碾白->抛光->色选->包装,2024-10-15 17:20,2024-10-16 00:34,WH-CN-270,平房仓(准低温),2024-10-16 05:34,2024-11-01 05:34,准低温低氧控制,LOG-CN-70977229568,散粮车,"防潮, 湿度<14%",2024-11-01 12:34,2024-11-04 12:42,南京市,南京浦口区,118.62,32.05,2024-11-05 12:42
CN-AG-202410-10604,水稻,辽宁省,盘山县,121.98468,41.226105,2024-05-26,2024-05-26 [播种育秧] -> 2024-06-18 [田间底肥] -> 2024-07-11 [插秧作业] -> 2024-08-03 [分蘖期灌溉] -> 2024-08-26 [除草控虫] -> 2024-09-18 [晒田补肥],2024-10-16 10:40,30198.0,盘山县第3深加工基地,"122.03776,41.230619",清理去石->砻谷脱壳->糙米碾白->抛光->色选->包装,2024-10-20 13:40,2024-10-20 22:33,WH-CN-635,平房仓(准低温),2024-10-21 10:33,2024-11-26 10:33,准低温低氧控制,LOG-CN-92989016564,散粮车,"防潮, 湿度<14%",2024-11-26 20:33,2024-11-28 12:00,南京市,玄武区,118.79,32.06,2024-11-30 12:00
CN-AG-202409-10605,玉米,山东省,汶上县,116.422802,35.689203,2024-05-25,2024-05-25 [免耕直播] -> 2024-06-16 [苗期中耕] -> 2024-07-08 [喇叭口期追肥] -> 2024-07-30 [大斑病防治] -> 2024-08-21 [人工授粉辅助],2024-09-10 16:43,10748.34,汶上县第4深加工基地,"116.47917,35.735124",物理清理->脱粒烘干->破碎加工->筛理分级,2024-09-13 22:43,2024-09-14 06:22,WH-CN-110,现代化圆筒仓,2024-09-14 14:22,2024-10-24 14:22,避光控温控制,LOG-CN-67199034534,重型散粮卡车,"通风良好, 严控高温",2024-10-25 01:22,2024-10-30 01:08,西安市,雁塔区,108.94,34.21,2024-10-31 01:08
CN-AG-202406-10606,小麦,新疆维吾尔自治区,奇台县,89.63801,43.994709,2023-10-19,2023-10-19 [深耕整地] -> 2023-11-26 [秋播种子处理] -> 2024-01-03 [越冬水灌溉] -> 2024-02-10 [拔节期追肥] -> 2024-03-19 [条锈病防治] -> 2024-04-26 [干热风防护],2024-06-03 08:19,7337.02,奇台县第5深加工基地,"89.599118,44.012323",磁选除杂->着水润麦->多级研磨->高方筛理->包装,2024-06-05 10:19,2024-06-05 17:24,WH-CN-331,钢板筒仓,2024-06-06 04:24,2024-07-07 04:24,准低温低氧控制,LOG-CN-97380926858,全封闭货车,"干燥, 禁止异味混载",2024-07-07 19:24,2024-07-11 07:02,上海市,浦东新区,121.54,31.22,2024-07-12 07:02
CN-AG-202410-10607,水稻,黑龙江省,五常市,127.196608,44.907676,2024-05-24,2024-05-24 [播种育秧] -> 2024-06-16 [田间底肥] -> 2024-07-09 [插秧作业] -> 2024-08-01 [分蘖期灌溉] -> 2024-08-24 [除草控虫] -> 2024-09-16 [晒田补肥],2024-10-10 14:37,12575.45,五常市第2深加工基地,"127.156534,44.932059",清理去石->砻谷脱壳->糙米碾白->抛光->色选->包装,2024-10-13 20:37,2024-10-14 05:39,WH-CN-369,平房仓(准低温),2024-10-14 15:39,2024-11-09 15:39,准低温低氧控制,LOG-CN-25305802145,散粮车,"防潮, 湿度<14%",2024-11-10 06:39,2024-11-12 01:45,深圳市,福田区,114.05,22.54,2024-11-15 01:45
CN-AG-202410-10608,玉米,辽宁省,黑山县,122.094609,41.748082,2024-07-02,2024-07-02 [免耕直播] -> 2024-07-24 [苗期中耕] -> 2024-08-15 [喇叭口期追肥] -> 2024-09-06 [大斑病防治] -> 2024-09-28 [人工授粉辅助],2024-10-19 17:38,21641.24,黑山县第1深加工基地,"122.11779,41.699223",物理清理->脱粒烘干->破碎加工->筛理分级,2024-10-23 20:38,2024-10-24 00:34,WH-CN-431,现代化圆筒仓,2024-10-24 04:34,2024-11-17 04:34,避光控温控制,LOG-CN-18460407264,重型散粮卡车,"通风良好, 严控高温",2024-11-17 19:34,2024-11-19 13:43,深圳市,福田区,114.05,22.54,2024-11-20 13:43
CN-AG-202410-10609,玉米,辽宁省,黑山县,122.100846,41.676261,2024-07-05,2024-07-05 [免耕直播] -> 2024-07-27 [苗期中耕] -> 2024-08-18 [喇叭口期追肥] -> 2024-09-09 [大斑病防治] -> 2024-10-01 [人工授粉辅助],2024-10-22 15:20,16094.02,黑山县第1深加工基地,"122.113083,41.690828",物理清理->脱粒烘干->破碎加工->筛理分级,2024-10-23 18:20,2024-10-24 01:36,WH-CN-719,现代化圆筒仓,2024-10-24 11:36,2024-11-27 11:36,避光控温控制,LOG-CN-39386987533,重型散粮卡车,"通风良好, 严控高温",2024-11-28 00:36,2024-11-30 21:55,南京市,南京浦口区,118.62,32.05,2024-12-03 21:55
CN-AG-202406-10610,小麦,新疆维吾尔自治区,玛纳斯县,86.215005,44.306445,2023-11-08,2023-11-08 [深耕整地] -> 2023-12-16 [秋播种子处理] -> 2024-01-23 [越冬水灌溉] -> 2024-03-01 [拔节期追肥] -> 2024-04-08 [条锈病防治] -> 2024-05-16 [干热风防护],2024-06-27 14:35,34938.03,玛纳斯县第3深加工基地,"86.216673,44.305238",磁选除杂->着水润麦->多级研磨->高方筛理->包装,2024-07-01 18:35,2024-07-02 02:55,WH-CN-845,钢板筒仓,2024-07-02 07:55,2024-08-16 07:55,准低温低氧控制,LOG-CN-37591204627,全封闭货车,"干燥, 禁止异味混载",2024-08-16 18:55,2024-08-18 16:56,南京市,南京浦口区,118.62,32.05,2024-08-20 16:56
CN-AG-202405-10611,油菜籽,四川省,中江县,104.64628,31.022853,2023-10-20,2023-10-20 [育苗移栽] -> 2023-12-11 [越冬防冻肥] -> 2024-02-01 [薹期水肥调节] -> 2024-03-24 [菌核病无人机防治],2024-05-12 10:59,37053.25,中江县第5深加工基地,"104.663892,31.025187",多级筛选->炒籽->螺旋压榨->精制过滤,2024-05-14 15:59,2024-05-14 21:33,WH-CN-113,恒温罐区,2024-05-15 09:33,2024-06-06 09:33,避光控温控制,LOG-CN-46965814648,罐式车,"避光, 防氧化",2024-06-06 19:33,2024-06-09 13:39,北京市,丰台区,116.28,39.85,2024-06-11 13:39
CN-AG-202406-10612,小麦,黑龙江省,嫩江市,125.201094,49.116918,2023-10-28,2023-10-28 [深耕整地] -> 2023-12-05 [秋播种子处理] -> 2024-01-12 [越冬水灌溉] -> 2024-02-19 [拔节期追肥] -> 2024-03-28 [条锈病防治] -> 2024-05-05 [干热风防护],2024-06-13 08:44,31270.52,嫩江市第1深加工基地,"125.229328,49.165405",磁选除杂->着水润麦->多级研磨->高方筛理->包装,2024-06-16 10:44,2024-06-16 18:06,WH-CN-139,钢板筒仓,2024-06-16 22:06,2024-07-26 22:06,准低温低氧控制,LOG-CN-11587135848,全封闭货车,"干燥, 禁止异味混载",2024-07-27 06:06,2024-07-30 18:53,西安市,未央区,108.94,34.29,2024-08-02 18:53
CN-AG-202405-10613,油菜籽,四川省,中江县,104.651673,31.036925,2023-10-30,2023-10-30 [育苗移栽] -> 2023-12-21 [越冬防冻肥] -> 2024-02-11 [薹期水肥调节] -> 2024-04-03 [菌核病无人机防治],2024-05-28 10:05,30810.88,中江县第3深加工基地,"104.662784,31.031609",多级筛选->炒籽->螺旋压榨->精制过滤,2024-05-29 12:05,2024-05-29 18:22,WH-CN-957,恒温罐区,2024-05-29 22:22,2024-06-28 22:22,避光控温控制,LOG-CN-56813711092,罐式车,"避光, 防氧化",2024-06-29 08:22,2024-07-01 09:03,上海市,宝山区,121.48,31.4,2024-07-04 09:03
CN-AG-202406-10614,小麦,新疆维吾尔自治区,玛纳斯县,86.225148,44.293285,2023-10-31,2023-10-31 [深耕整地] -> 2023-12-08 [秋播种子处理] -> 2024-01-15 [越冬水灌溉] -> 2024-02-22 [拔节期追肥] -> 2024-03-31 [条锈病防治] -> 2024-05-08 [干热风防护],2024-06-22 14:26,26298.52,玛纳斯县第5深加工基地,"86.208036,44.299778",磁选除杂->着水润麦->多级研磨->高方筛理->包装,2024-06-23 16:26,2024-06-23 20:34,WH-CN-519,钢板筒仓,2024-06-24 08:34,2024-07-13 08:34,准低温低氧控制,LOG-CN-96642238751,全封闭货车,"干燥, 禁止异味混载",2024-07-13 16:34,2024-07-17 00:36,成都市,武侯区,104.04,30.64,2024-07-19 00:36
CN-AG-202409-10615,大豆,黑龙江省,五常市,127.195638,44.989262,2024-05-16,2024-05-16 [拌种包衣] -> 2024-06-10 [等距点播] -> 2024-07-05 [结荚期根外追肥] -> 2024-07-30 [食心虫绿色防控] -> 2024-08-24 [除草中耕],2024-09-18 13:07,8024.62,五常市第3深加工基地,"127.151388,44.932468",磁选->破碎压胚->高温压榨->物理过滤->精炼,2024-09-22 19:07,2024-09-23 04:45,WH-CN-705,不锈钢储油罐区,2024-09-23 09:45,2024-11-08 09:45,准低温低氧控制,LOG-CN-35814637665,罐式车,"避光, 控温25℃下",2024-11-08 16:45,2024-11-10 03:56,西安市,雁塔区,108.94,34.21,2024-11-13 03:56
CN-AG-202405-10616,油菜籽,四川省,安岳县,105.294157,30.114479,2023-10-01,2023-10-01 [育苗移栽] -> 2023-11-22 [越冬防冻肥] -> 2024-01-13 [薹期水肥调节] -> 2024-03-05 [菌核病无人机防治],2024-05-03 11:19,19489.4,安岳县第2深加工基地,"105.320789,30.097903",多级筛选->炒籽->螺旋压榨->精制过滤,2024-05-05 14:19,2024-05-05 19:27,WH-CN-379,恒温罐区,2024-05-05 23:27,2024-06-08 23:27,避光控温控制,LOG-CN-39564701926,罐式车,"避光, 防氧化",2024-06-09 09:27,2024-06-11 03:03,成都市,武侯区,104.04,30.64,2024-06-13 03:03
CN-AG-202407-10617,大麦,新疆维吾尔自治区,奇台县,89.595163,44.017066,2024-04-18,2024-04-18 [翻耕播种] -> 2024-05-13 [分蘖期施氮] -> 2024-06-07 [化学除草] -> 2024-07-02 [灌浆期监控],2024-07-23 15:16,18498.82,奇台县第5深加工基地,"89.599281,44.014555",杂质清理->脱壳处理->分级磨皮->包装,2024-07-27 19:16,2024-07-28 02:42,WH-CN-682,平房仓,2024-07-28 11:42,2024-08-29 11:42,避光控温控制,LOG-CN-68850447045,散装车,防霉通风,2024-08-29 19:42,2024-08-31 00:35,西安市,长安区,108.87,34.15,2024-09-03 00:35
CN-AG-202409-10618,大豆,山东省,莒南县,118.856657,35.219135,2024-05-10,2024-05-10 [拌种包衣] -> 2024-06-04 [等距点播] -> 2024-06-29 [结荚期根外追肥] -> 2024-07-24 [食心虫绿色防控] -> 2024-08-18 [除草中耕],2024-09-11 16:35,23096.04,莒南县第2深加工基地,"118.837399,35.170668",磁选->破碎压胚->高温压榨->物理过滤->精炼,2024-09-12 22:35,2024-09-13 07:40,WH-CN-586,不锈钢储油罐区,2024-09-13 14:40,2024-10-09 14:40,准低温低氧控制,LOG-CN-70730044207,罐式车,"避光, 控温25℃下",2024-10-10 00:40,2024-10-11 05:39,深圳市,南山区,113.93,22.54,2024-10-12 05:39
CN-AG-202410-10619,水稻,湖南省,南县,112.434861,29.315678,2024-05-28,2024-05-28 [播种育秧] -> 2024-06-20 [田间底肥] -> 2024-07-13 [插秧作业] -> 2024-08-05 [分蘖期灌溉] -> 2024-08-28 [除草控虫] -> 2024-09-20 [晒田补肥],2024-10-19 14:42,16783.51,南县第1深加工基地,"112.405884,29.352496",清理去石->砻谷脱壳->糙米碾白->抛光->色选->包装,2024-10-20 18:42,2024-10-21 03:11,WH-CN-291,平房仓(准低温),2024-10-21 08:11,2024-12-10 08:11,准低温低氧控制,LOG-CN-61166584589,散粮车,"防潮, 湿度<14%",2024-12-10 16:11,2024-12-13 21:41,武汉市,洪山区,114.34,30.5,2024-12-15 21:41
CN-AG-202409-10620,花生,河南省,正阳县,114.425251,32.573092,2024-05-26,2024-05-26 [清棵蹲苗] -> 2024-06-19 [培土迎葑] -> 2024-07-13 [钙镁肥补充] -> 2024-08-06 [下针期控旺] -> 2024-08-30 [地下虫害防治],2024-09-18 10:48,16825.74,正阳县第4深加工基地,"114.372976,32.608881",剥壳分选->烘炒->压榨提取->物理精炼,2024-09-22 16:48,2024-09-22 23:11,WH-CN-407,避光库房,2024-09-23 09:11,2024-10-28 09:11,避光控温控制,LOG-CN-82700423578,厢式货车,避光防潮,2024-10-28 19:11,2024-11-02 15:34,西安市,雁塔区,108.94,34.21,2024-11-05 15:34
CN-AG-202409-10621,大豆,辽宁省,昌图县,124.167718,42.775521,2024-05-22,2024-05-22 [拌种包衣] -> 2024-06-16 [等距点播] -> 2024-07-11 [结荚期根外追肥] -> 2024-08-05 [食心虫绿色防控] -> 2024-08-30 [除草中耕],2024-09-25 12:36,32599.93,昌图县第1深加工基地,"124.117271,42.779668",磁选->破碎压胚->高温压榨->物理过滤->精炼,2024-09-26 15:36,2024-09-26 22:28,WH-CN-192,不锈钢储油罐区,2024-09-27 04:28,2024-10-26 04:28,准低温低氧控制,LOG-CN-30469054430,罐式车,"避光, 控温25℃下",2024-10-26 12:28,2024-10-28 05:10,深圳市,宝安区,113.88,22.55,2024-10-30 05:10
CN-AG-202409-10622,大豆,山东省,莒南县,118.81504,35.180648,2024-04-29,2024-04-29 [拌种包衣] -> 2024-05-24 [等距点播] -> 2024-06-18 [结荚期根外追肥] -> 2024-07-13 [食心虫绿色防控] -> 2024-08-07 [除草中耕],2024-09-06 15:00,30344.7,莒南县第2深加工基地,"118.824064,35.165716",磁选->破碎压胚->高温压榨->物理过滤->精炼,2024-09-08 18:00,2024-09-08 21:58,WH-CN-801,不锈钢储油罐区,2024-09-09 05:58,2024-10-08 05:58,准低温低氧控制,LOG-CN-60575853488,罐式车,"避光, 控温25℃下",2024-10-08 14:58,2024-10-10 17:25,上海市,浦东新区,121.54,31.22,2024-10-11 17:25
CN-AG-202409-10623,大豆,黑龙江省,五常市,127.136385,44.961416,2024-05-07,2024-05-07 [拌种包衣] -> 2024-06-01 [等距点播] -> 2024-06-26 [结荚期根外追肥] -> 2024-07-21 [食心虫绿色防控] -> 2024-08-15 [除草中耕],2024-09-12 09:30,18995.92,五常市第3深加工基地,"127.149847,44.930226",磁选->破碎压胚->高温压榨->物理过滤->精炼,2024-09-16 12:30,2024-09-16 19:01,WH-CN-389,不锈钢储油罐区,2024-09-17 05:01,2024-10-26 05:01,准低温低氧控制,LOG-CN-93427989259,罐式车,"避光, 控温25℃下",2024-10-26 17:01,2024-10-28 09:21,深圳市,福田区,114.05,22.54,2024-10-29 09:21
CN-AG-202406-10624,小麦,河北省,宁晋县,114.963869,37.629273,2023-11-01,2023-11-01 [深耕整地] -> 2023-12-09 [秋播种子处理] -> 2024-01-16 [越冬水灌溉] -> 2024-02-23 [拔节期追肥] -> 2024-04-01 [条锈病防治] -> 2024-05-09 [干热风防护],2024-06-16 17:01,27595.2,宁晋县第2深加工基地,"114.918152,37.629615",磁选除杂->着水润麦->多级研磨->高方筛理->包装,2024-06-18 20:01,2024-06-19 01:39,WH-CN-611,钢板筒仓,2024-06-19 10:39,2024-07-20 10:39,准低温低氧控制,LOG-CN-15102294665,全封闭货车,"干燥, 禁止异味混载",2024-07-21 01:39,2024-07-26 02:04,北京市,丰台区,116.28,39.85,2024-07-27 02:04
CN-AG-202410-10625,玉米,内蒙古自治区,五原县,108.291743,41.139302,2024-06-10,2024-06-10 [免耕直播] -> 2024-07-02 [苗期中耕] -> 2024-07-24 [喇叭口期追肥] -> 2024-08-15 [大斑病防治] -> 2024-09-06 [人工授粉辅助],2024-10-03 13:24,11283.13,五原县第4深加工基地,"108.269121,41.101471",物理清理->脱粒烘干->破碎加工->筛理分级,2024-10-05 18:24,2024-10-05 22:11,WH-CN-798,现代化圆筒仓,2024-10-06 06:11,2024-11-04 06:11,避光控温控制,LOG-CN-70586657894,重型散粮卡车,"通风良好, 严控高温",2024-11-04 19:11,2024-11-05 23:27,南京市,南京浦口区,118.62,32.05,2024-11-07 23:27
CN-AG-202406-10626,大麦,吉林省,前郭县,124.763112,45.074057,2024-03-18,2024-03-18 [翻耕播种] -> 2024-04-12 [分蘖期施氮] -> 2024-05-07 [化学除草] -> 2024-06-01 [灌浆期监控],2024-06-21 14:51,19786.0,前郭县第1深加工基地,"124.808783,45.117079",杂质清理->脱壳处理->分级磨皮->包装,2024-06-23 18:51,2024-06-23 22:26,WH-CN-410,平房仓,2024-06-24 10:26,2024-07-28 10:26,避光控温控制,LOG-CN-46185018723,散装车,防霉通风,2024-07-28 23:26,2024-08-02 11:08,西安市,雁塔区,108.94,34.21,2024-08-04 11:08
CN-AG-202406-10627,小麦,四川省,安岳县,105.377171,30.141636,2023-10-29,2023-10-29 [深耕整地] -> 2023-12-06 [秋播种子处理] -> 2024-01-13 [越冬水灌溉] -> 2024-02-20 [拔节期追肥] -> 2024-03-29 [条锈病防治] -> 2024-05-06 [干热风防护],2024-06-17 13:49,5243.49,安岳县第5深加工基地,"105.337669,30.091249",磁选除杂->着水润麦->多级研磨->高方筛理->包装,2024-06-20 19:49,2024-06-21 01:25,WH-CN-364,钢板筒仓,2024-06-21 06:25,2024-07-12 06:25,准低温低氧控制,LOG-CN-79568218304,全封闭货车,"干燥, 禁止异味混载",2024-07-12 18:25,2024-07-17 08:30,南京市,南京浦口区,118.62,32.05,2024-07-18 08:30
CN-AG-202410-10628,玉米,四川省,中江县,104.671252,31.023798,2024-06-19,2024-06-19 [免耕直播] -> 2024-07-11 [苗期中耕] -> 2024-08-02 [喇叭口期追肥] -> 2024-08-24 [大斑病防治] -> 2024-09-15 [人工授粉辅助],2024-10-02 15:18,31839.18,中江县第1深加工基地,"104.678528,31.032532",物理清理->脱粒烘干->破碎加工->筛理分级,2024-10-03 20:18,2024-10-04 02:43,WH-CN-655,现代化圆筒仓,2024-10-04 11:43,2024-10-17 11:43,避光控温控制,LOG-CN-32622604292,重型散粮卡车,"通风良好, 严控高温",2024-10-17 23:43,2024-10-20 19:26,武汉市,江岸区,114.3,30.59,2024-10-22 19:26
CN-AG-202410-10629,玉米,河南省,滑县,114.517221,35.512294,2024-06-14,2024-06-14 [免耕直播] -> 2024-07-06 [苗期中耕] -> 2024-07-28 [喇叭口期追肥] -> 2024-08-19 [大斑病防治] -> 2024-09-10 [人工授粉辅助],2024-10-01 15:20,9411.91,滑县第2深加工基地,"114.524454,35.573754",物理清理->脱粒烘干->破碎加工->筛理分级,2024-10-02 21:20,2024-10-03 00:47,WH-CN-748,现代化圆筒仓,2024-10-03 09:47,2024-10-15 09:47,避光控温控制,LOG-CN-67953927724,重型散粮卡车,"通风良好, 严控高温",2024-10-15 17:47,2024-10-17 04:21,南京市,玄武区,118.79,32.06,2024-10-18 04:21
CN-AG-202411-10630,棉花,甘肃省,瓜州县,95.726132,40.533104,2024-05-24,2024-05-24 [覆膜播种] -> 2024-06-29 [人工打顶] -> 2024-08-04 [叶面喷施补硼] -> 2024-09-09 [枯萎病监测] -> 2024-10-15 [喷施脱叶剂],2024-11-23 17:15,18366.95,瓜州县第1深加工基地,"95.767174,40.505988",皮棉清理->锯齿轧花->纤维分级->压力打包,2024-11-27 19:15,2024-11-27 22:24,WH-CN-445,专业纤维库,2024-11-28 07:24,2024-12-31 07:24,避光控温控制,LOG-CN-99882672761,高栏平板车,"严禁烟火, 防静电, 干燥",2024-12-31 22:24,2025-01-05 19:04,北京市,朝阳区,116.48,39.92,2025-01-06 19:04
CN-AG-202406-10631,小麦,河南省,正阳县,114.353451,32.636532,2023-10-16,2023-10-16 [深耕整地] -> 2023-11-23 [秋播种子处理] -> 2023-12-31 [越冬水灌溉] -> 2024-02-07 [拔节期追肥] -> 2024-03-16 [条锈病防治] -> 2024-04-23 [干热风防护],2024-06-01 10:47,29299.0,正阳县第1深加工基地,"114.389149,32.594214",磁选除杂->着水润麦->多级研磨->高方筛理->包装,2024-06-02 15:47,2024-06-02 19:16,WH-CN-483,钢板筒仓,2024-06-03 02:16,2024-07-19 02:16,准低温低氧控制,LOG-CN-76886968880,全封闭货车,"干燥, 禁止异味混载",2024-07-19 17:16,2024-07-23 10:50,成都市,龙泉驿区,104.27,30.55,2024-07-24 10:50
CN-AG-202410-10632,玉米,内蒙古自治区,五原县,108.319739,41.041064,2024-07-03,2024-07-03 [免耕直播] -> 2024-07-25 [苗期中耕] -> 2024-08-16 [喇叭口期追肥] -> 2024-09-07 [大斑病防治] -> 2024-09-29 [人工授粉辅助],2024-10-24 10:17,28002.45,五原县第3深加工基地,"108.266569,41.103536",物理清理->脱粒烘干->破碎加工->筛理分级,2024-10-25 16:17,2024-10-25 22:11,WH-CN-373,现代化圆筒仓,2024-10-26 04:11,2024-11-23 04:11,避光控温控制,LOG-CN-93590548558,重型散粮卡车,"通风良好, 严控高温",2024-11-23 16:11,2024-11-25 18:12,成都市,武侯区,104.04,30.64,2024-11-27 18:12
CN-AG-202405-10633,油菜籽,四川省,安岳县,105.271718,30.075354,2023-10-11,2023-10-11 [育苗移栽] -> 2023-12-02 [越冬防冻肥] -> 2024-01-23 [薹期水肥调节] -> 2024-03-15 [菌核病无人机防治],2024-05-08 11:01,23951.03,安岳县第4深加工基地,"105.336683,30.104757",多级筛选->炒籽->螺旋压榨->精制过滤,2024-05-10 13:01,2024-05-10 20:44,WH-CN-671,恒温罐区,2024-05-11 04:44,2024-06-28 04:44,避光控温控制,LOG-CN-53003648779,罐式车,"避光, 防氧化",2024-06-28 16:44,2024-07-03 02:22,西安市,长安区,108.87,34.15,2024-07-05 02:22
CN-AG-202409-10634,花生,山东省,平度市,119.907142,36.808857,2024-05-28,2024-05-28 [清棵蹲苗] -> 2024-06-21 [培土迎葑] -> 2024-07-15 [钙镁肥补充] -> 2024-08-08 [下针期控旺] -> 2024-09-01 [地下虫害防治],2024-09-27 15:09,38870.33,平度市第4深加工基地,"119.955378,36.785069",剥壳分选->烘炒->压榨提取->物理精炼,2024-10-01 18:09,2024-10-02 01:11,WH-CN-674,避光库房,2024-10-02 07:11,2024-11-05 07:11,避光控温控制,LOG-CN-61474956273,厢式货车,避光防潮,2024-11-05 13:11,2024-11-10 02:05,成都市,龙泉驿区,104.27,30.55,2024-11-13 02:05
CN-AG-202410-10635,水稻,吉林省,前郭县,124.841934,45.129025,2024-05-23,2024-05-23 [播种育秧] -> 2024-06-15 [田间底肥] -> 2024-07-08 [插秧作业] -> 2024-07-31 [分蘖期灌溉] -> 2024-08-23 [除草控虫] -> 2024-09-15 [晒田补肥],2024-10-10 12:48,39853.9,前郭县第1深加工基地,"124.812272,45.116918",清理去石->砻谷脱壳->糙米碾白->抛光->色选->包装,2024-10-14 17:48,2024-10-14 20:33,WH-CN-869,平房仓(准低温),2024-10-15 02:33,2024-12-03 02:33,准低温低氧控制,LOG-CN-52835242445,散粮车,"防潮, 湿度<14%",2024-12-03 13:33,2024-12-07 14:00,广州市,番禺区,113.38,22.93,2024-12-09 14:00
CN-AG-202409-10636,水稻,湖北省,钟祥市,112.578515,31.120633,2024-04-25,2024-04-25 [播种育秧] -> 2024-05-18 [田间底肥] -> 2024-06-10 [插秧作业] -> 2024-07-03 [分蘖期灌溉] -> 2024-07-26 [除草控虫] -> 2024-08-18 [晒田补肥],2024-09-13 16:08,31840.61,钟祥市第4深加工基地,"112.578151,31.161553",清理去石->砻谷脱壳->糙米碾白->抛光->色选->包装,2024-09-14 18:08,2024-09-15 00:00,WH-CN-663,平房仓(准低温),2024-09-15 07:00,2024-10-08 07:00,准低温低氧控制,LOG-CN-58999203919,散粮车,"防潮, 湿度<14%",2024-10-08 17:00,2024-10-10 15:55,上海市,宝山区,121.48,31.4,2024-10-11 15:55
CN-AG-202410-10637,玉米,内蒙古自治区,五原县,108.207921,41.088853,2024-06-27,2024-06-27 [免耕直播] -> 2024-07-19 [苗期中耕] -> 2024-08-10 [喇叭口期追肥] -> 2024-09-01 [大斑病防治] -> 2024-09-23 [人工授粉辅助],2024-10-11 13:40,33914.85,五原县第4深加工基地,"108.25222,41.096976",物理清理->脱粒烘干->破碎加工->筛理分级,2024-10-14 19:40,2024-10-15 02:44,WH-CN-260,现代化圆筒仓,2024-10-15 14:44,2024-11-19 14:44,避光控温控制,LOG-CN-62302508107,重型散粮卡车,"通风良好, 严控高温",2024-11-20 03:44,2024-11-25 04:13,深圳市,南山区,113.93,22.54,2024-11-27 04:13
CN-AG-202406-10638,小麦,河南省,滑县,114.573723,35.606988,2023-11-11,2023-11-11 [深耕整地] -> 2023-12-19 [秋播种子处理] -> 2024-01-26 [越冬水灌溉] -> 2024-03-04 [拔节期追肥] -> 2024-04-11 [条锈病防治] -> 2024-05-19 [干热风防护],2024-06-25 15:41,26339.71,滑县第5深加工基地,"114.529102,35.561446",磁选除杂->着水润麦->多级研磨->高方筛理->包装,2024-06-26 20:41,2024-06-27 04:08,WH-CN-182,钢板筒仓,2024-06-27 14:08,2024-08-02 14:08,准低温低氧控制,LOG-CN-89884537001,全封闭货车,"干燥, 禁止异味混载",2024-08-02 20:08,2024-08-07 03:22,南京市,玄武区,118.79,32.06,2024-08-08 03:22
CN-AG-202409-10639,花生,河北省,大名县,115.125948,36.282709,2024-05-19,2024-05-19 [清棵蹲苗] -> 2024-06-12 [培土迎葑] -> 2024-07-06 [钙镁肥补充] -> 2024-07-30 [下针期控旺] -> 2024-08-23 [地下虫害防治],2024-09-20 11:10,21021.91,大名县第2深加工基地,"115.150012,36.271537",剥壳分选->烘炒->压榨提取->物理精炼,2024-09-24 13:10,2024-09-24 18:49,WH-CN-279,避光库房,2024-09-24 22:49,2024-11-11 22:49,避光控温控制,LOG-CN-53807744308,厢式货车,避光防潮,2024-11-12 12:49,2024-11-14 13:43,南京市,南京浦口区,118.62,32.05,2024-11-15 13:43
CN-AG-202409-10640,玉米,辽宁省,黑山县,122.14485,41.725342,2024-05-12,2024-05-12 [免耕直播] -> 2024-06-03 [苗期中耕] -> 2024-06-25 [喇叭口期追肥] -> 2024-07-17 [大斑病防治] -> 2024-08-08 [人工授粉辅助],2024-09-01 11:36,34325.64,黑山县第2深加工基地,"122.111458,41.681005",物理清理->脱粒烘干->破碎加工->筛理分级,2024-09-05 14:36,2024-09-05 22:56,WH-CN-350,现代化圆筒仓,2024-09-06 09:56,2024-10-01 09:56,避光控温控制,LOG-CN-22723729081,重型散粮卡车,"通风良好, 严控高温",2024-10-01 23:56,2024-10-06 10:03,广州市,白云区,113.27,23.15,2024-10-09 10:03
CN-AG-202410-10641,水稻,黑龙江省,五常市,127.125435,44.918345,2024-06-09,2024-06-09 [播种育秧] -> 2024-07-02 [田间底肥] -> 2024-07-25 [插秧作业] -> 2024-08-17 [分蘖期灌溉] -> 2024-09-09 [除草控虫] -> 2024-10-02 [晒田补肥],2024-10-28 16:30,15253.71,五常市第4深加工基地,"127.14562,44.924648",清理去石->砻谷脱壳->糙米碾白->抛光->色选->包装,2024-10-29 21:30,2024-10-30 02:13,WH-CN-948,平房仓(准低温),2024-10-30 14:13,2024-11-16 14:13,准低温低氧控制,LOG-CN-17596772889,散粮车,"防潮, 湿度<14%",2024-11-17 03:13,2024-11-22 12:59,北京市,海淀区,116.3,39.96,2024-11-23 12:59
CN-AG-202406-10642,小麦,山东省,汶上县,116.531507,35.766418,2023-10-31,2023-10-31 [深耕整地] -> 2023-12-08 [秋播种子处理] -> 2024-01-15 [越冬水灌溉] -> 2024-02-22 [拔节期追肥] -> 2024-03-31 [条锈病防治] -> 2024-05-08 [干热风防护],2024-06-14 09:06,32844.36,汶上县第2深加工基地,"116.488122,35.728102",磁选除杂->着水润麦->多级研磨->高方筛理->包装,2024-06-17 15:06,2024-06-18 00:01,WH-CN-370,钢板筒仓,2024-06-18 05:01,2024-07-08 05:01,准低温低氧控制,LOG-CN-53366824682,全封闭货车,"干燥, 禁止异味混载",2024-07-08 16:01,2024-07-10 10:59,武汉市,江岸区,114.3,30.59,2024-07-11 10:59
CN-AG-202410-10643,水稻,四川省,三台县,105.087172,31.068579,2024-06-07,2024-06-07 [播种育秧] -> 2024-06-30 [田间底肥] -> 2024-07-23 [插秧作业] -> 2024-08-15 [分蘖期灌溉] -> 2024-09-07 [除草控虫] -> 2024-09-30 [晒田补肥],2024-10-23 15:48,6251.06,三台县第2深加工基地,"105.09281,31.084521",清理去石->砻谷脱壳->糙米碾白->抛光->色选->包装,2024-10-26 19:48,2024-10-27 00:49,WH-CN-251,平房仓(准低温),2024-10-27 11:49,2024-11-27 11:49,准低温低氧控制,LOG-CN-50895730682,散粮车,"防潮, 湿度<14%",2024-11-27 21:49,2024-12-01 22:06,西安市,长安区,108.87,34.15,2024-12-04 22:06
CN-AG-202410-10644,玉米,黑龙江省,富锦市,132.042419,47.307478,2024-07-02,2024-07-02 [免耕直播] -> 2024-07-24 [苗期中耕] -> 2024-08-15 [喇叭口期追肥] -> 2024-09-06 [大斑病防治] -> 2024-09-28 [人工授粉辅助],2024-10-19 13:45,9499.36,富锦市第5深加工基地,"132.032956,47.247156",物理清理->脱粒烘干->破碎加工->筛理分级,2024-10-22 16:45,2024-10-23 00:05,WH-CN-399,现代化圆筒仓,2024-10-23 08:05,2024-12-02 08:05,避光控温控制,LOG-CN-65229618497,重型散粮卡车,"通风良好, 严控高温",2024-12-02 18:05,2024-12-04 13:52,西安市,长安区,108.87,34.15,2024-12-07 13:52
CN-AG-202405-10645,油菜籽,甘肃省,民乐县,100.856639,38.38475,2023-11-01,2023-11-01 [育苗移栽] -> 2023-12-23 [越冬防冻肥] -> 2024-02-13 [薹期水肥调节] -> 2024-04-05 [菌核病无人机防治],2024-05-28 11:37,10455.69,民乐县第5深加工基地,"100.808987,38.430062",多级筛选->炒籽->螺旋压榨->精制过滤,2024-05-30 17:37,2024-05-30 20:13,WH-CN-421,恒温罐区,2024-05-31 04:13,2024-07-03 04:13,避光控温控制,LOG-CN-59492357367,罐式车,"避光, 防氧化",2024-07-03 19:13,2024-07-05 16:35,南京市,江宁区,118.83,31.95,2024-07-08 16:35
CN-AG-202409-10646,玉米,河北省,藁城区,114.854974,38.040304,2024-06-13,2024-06-13 [免耕直播] -> 2024-07-05 [苗期中耕] -> 2024-07-27 [喇叭口期追肥] -> 2024-08-18 [大斑病防治] -> 2024-09-09 [人工授粉辅助],2024-09-28 16:30,26302.44,藁城区第1深加工基地,"114.843652,38.021436",物理清理->脱粒烘干->破碎加工->筛理分级,2024-10-02 21:30,2024-10-03 00:07,WH-CN-765,现代化圆筒仓,2024-10-03 05:07,2024-11-03 05:07,避光控温控制,LOG-CN-58090500586,重型散粮卡车,"通风良好, 严控高温",2024-11-03 14:07,2024-11-05 18:16,深圳市,南山区,113.93,22.54,2024-11-07 18:16
CN-AG-202409-10647,玉米,安徽省,蒙城县,116.585674,33.229032,2024-06-11,2024-06-11 [免耕直播] -> 2024-07-03 [苗期中耕] -> 2024-07-25 [喇叭口期追肥] -> 2024-08-16 [大斑病防治] -> 2024-09-07 [人工授粉辅助],2024-09-27 16:57,38657.97,蒙城县第5深加工基地,"116.566079,33.266451",物理清理->脱粒烘干->破碎加工->筛理分级,2024-09-29 20:57,2024-09-30 05:07,WH-CN-993,现代化圆筒仓,2024-09-30 09:07,2024-11-04 09:07,避光控温控制,LOG-CN-17721998200,重型散粮卡车,"通风良好, 严控高温",2024-11-04 23:07,2024-11-06 07:24,上海市,闵行区,121.38,31.11,2024-11-09 07:24
CN-AG-202409-10648,水稻,江苏省,东海县,118.77242,34.5463,2024-04-17,2024-04-17 [播种育秧] -> 2024-05-10 [田间底肥] -> 2024-06-02 [插秧作业] -> 2024-06-25 [分蘖期灌溉] -> 2024-07-18 [除草控虫] -> 2024-08-10 [晒田补肥],2024-09-09 10:44,31008.87,东海县第1深加工基地,"118.775507,34.532858",清理去石->砻谷脱壳->糙米碾白->抛光->色选->包装,2024-09-11 13:44,2024-09-11 22:07,WH-CN-235,平房仓(准低温),2024-09-12 09:07,2024-10-03 09:07,准低温低氧控制,LOG-CN-50899073892,散粮车,"防潮, 湿度<14%",2024-10-03 19:07,2024-10-07 17:24,北京市,丰台区,116.28,39.85,2024-10-08 17:24
CN-AG-202409-10649,玉米,吉林省,榆树市,126.549603,44.792569,2024-05-17,2024-05-17 [免耕直播] -> 2024-06-08 [苗期中耕] -> 2024-06-30 [喇叭口期追肥] -> 2024-07-22 [大斑病防治] -> 2024-08-13 [人工授粉辅助],2024-09-08 17:48,20466.43,榆树市第4深加工基地,"126.542677,44.815685",物理清理->脱粒烘干->破碎加工->筛理分级,2024-09-12 22:48,2024-09-13 02:08,WH-CN-302,现代化圆筒仓,2024-09-13 14:08,2024-09-26 14:08,避光控温控制,LOG-CN-83443407801,重型散粮卡车,"通风良好, 严控高温",2024-09-26 21:08,2024-09-28 22:38,武汉市,东西湖区,114.13,30.62,2024-09-29 22:38
CN-AG-202410-10650,水稻,湖南省,南县,112.34652,29.375547,2024-05-19,2024-05-19 [播种育秧] -> 2024-06-11 [田间底肥] -> 2024-07-04 [插秧作业] -> 2024-07-27 [分蘖期灌溉] -> 2024-08-19 [除草控虫] -> 2024-09-11 [晒田补肥],2024-10-10 17:00,14476.01,南县第2深加工基地,"112.396352,29.364973",清理去石->砻谷脱壳->糙米碾白->抛光->色选->包装,2024-10-14 19:00,2024-10-15 03:38,WH-CN-436,平房仓(准低温),2024-10-15 14:38,2024-11-06 14:38,准低温低氧控制,LOG-CN-76603316202,散粮车,"防潮, 湿度<14%",2024-11-07 00:38,2024-11-12 01:04,西安市,雁塔区,108.94,34.21,2024-11-15 01:04
CN-AG-202409-10651,大豆,安徽省,怀远县,117.201335,32.910016,2024-05-07,2024-05-07 [拌种包衣] -> 2024-06-01 [等距点播] -> 2024-06-26 [结荚期根外追肥] -> 2024-07-21 [食心虫绿色防控] -> 2024-08-15 [除草中耕],2024-09-09 16:15,36267.85,怀远县第5深加工基地,"117.195523,32.960937",磁选->破碎压胚->高温压榨->物理过滤->精炼,2024-09-12 22:15,2024-09-13 05:02,WH-CN-581,不锈钢储油罐区,2024-09-13 13:02,2024-11-02 13:02,准低温低氧控制,LOG-CN-33604229433,罐式车,"避光, 控温25℃下",2024-11-02 21:02,2024-11-06 11:02,西安市,雁塔区,108.94,34.21,2024-11-08 11:02
CN-AG-202406-10652,小麦,新疆维吾尔自治区,奇台县,89.537523,44.044837,2023-11-03,2023-11-03 [深耕整地] -> 2023-12-11 [秋播种子处理] -> 2024-01-18 [越冬水灌溉] -> 2024-02-25 [拔节期追肥] -> 2024-04-03 [条锈病防治] -> 2024-05-11 [干热风防护],2024-06-22 12:06,16200.56,奇台县第5深加工基地,"89.580076,44.026787",磁选除杂->着水润麦->多级研磨->高方筛理->包装,2024-06-25 18:06,2024-06-26 03:37,WH-CN-583,钢板筒仓,2024-06-26 09:37,2024-07-18 09:37,准低温低氧控制,LOG-CN-38387700990,全封闭货车,"干燥, 禁止异味混载",2024-07-18 18:37,2024-07-21 10:09,上海市,浦东新区,121.54,31.22,2024-07-23 10:09
CN-AG-202410-10653,水稻,湖南省,安乡县,112.198908,29.379619,2024-05-18,2024-05-18 [播种育秧] -> 2024-06-10 [田间底肥] -> 2024-07-03 [插秧作业] -> 2024-07-26 [分蘖期灌溉] -> 2024-08-18 [除草控虫] -> 2024-09-10 [晒田补肥],2024-10-06 11:49,14428.41,安乡县第3深加工基地,"112.162038,29.406325",清理去石->砻谷脱壳->糙米碾白->抛光->色选->包装,2024-10-08 14:49,2024-10-08 22:31,WH-CN-583,平房仓(准低温),2024-10-09 04:31,2024-11-08 04:31,准低温低氧控制,LOG-CN-52238594042,散粮车,"防潮, 湿度<14%",2024-11-08 19:31,2024-11-13 23:57,西安市,长安区,108.87,34.15,2024-11-16 23:57
CN-AG-202410-10654,玉米,山东省,汶上县,116.452447,35.713228,2024-06-23,2024-06-23 [免耕直播] -> 2024-07-15 [苗期中耕] -> 2024-08-06 [喇叭口期追肥] -> 2024-08-28 [大斑病防治] -> 2024-09-19 [人工授粉辅助],2024-10-11 13:53,33187.98,汶上县第4深加工基地,"116.476267,35.736854",物理清理->脱粒烘干->破碎加工->筛理分级,2024-10-15 17:53,2024-10-16 00:00,WH-CN-885,现代化圆筒仓,2024-10-16 10:00,2024-11-21 10:00,避光控温控制,LOG-CN-11177711456,重型散粮卡车,"通风良好, 严控高温",2024-11-21 16:00,2024-11-24 20:22,北京市,海淀区,116.3,39.96,2024-11-27 20:22
CN-AG-202409-10655,大豆,内蒙古自治区,阿荣旗,123.557025,48.154672,2024-05-08,2024-05-08 [拌种包衣] -> 2024-06-02 [等距点播] -> 2024-06-27 [结荚期根外追肥] -> 2024-07-22 [食心虫绿色防控] -> 2024-08-16 [除草中耕],2024-09-10 13:01,8739.21,阿荣旗第2深加工基地,"123.518199,48.118676",磁选->破碎压胚->高温压榨->物理过滤->精炼,2024-09-14 18:01,2024-09-14 23:17,WH-CN-264,不锈钢储油罐区,2024-09-15 11:17,2024-10-30 11:17,准低温低氧控制,LOG-CN-90407216543,罐式车,"避光, 控温25℃下",2024-10-31 02:17,2024-11-03 18:45,深圳市,福田区,114.05,22.54,2024-11-05 18:45
CN-AG-202410-10656,水稻,安徽省,寿县,116.835689,32.555278,2024-06-06,2024-06-06 [播种育秧] -> 2024-06-29 [田间底肥] -> 2024-07-22 [插秧作业] -> 2024-08-14 [分蘖期灌溉] -> 2024-09-06 [除草控虫] -> 2024-09-29 [晒田补肥],2024-10-23 15:15,8886.08,寿县第2深加工基地,"116.78374,32.561786",清理去石->砻谷脱壳->糙米碾白->抛光->色选->包装,2024-10-27 17:15,2024-10-27 20:36,WH-CN-867,平房仓(准低温),2024-10-28 00:36,2024-12-17 00:36,准低温低氧控制,LOG-CN-53267452285,散粮车,"防潮, 湿度<14%",2024-12-17 14:36,2024-12-20 14:04,武汉市,江岸区,114.3,30.59,2024-12-22 14:04
CN-AG-202408-10657,花生,河北省,大名县,115.136518,36.279258,2024-04-23,2024-04-23 [清棵蹲苗] -> 2024-05-17 [培土迎葑] -> 2024-06-10 [钙镁肥补充] -> 2024-07-04 [下针期控旺] -> 2024-07-28 [地下虫害防治],2024-08-19 12:36,5764.81,大名县第1深加工基地,"115.154077,36.282654",剥壳分选->烘炒->压榨提取->物理精炼,2024-08-20 17:36,2024-08-20 22:11,WH-CN-991,避光库房,2024-08-21 07:11,2024-10-06 07:11,避光控温控制,LOG-CN-60910108495,厢式货车,避光防潮,2024-10-06 21:11,2024-10-12 05:29,成都市,新都区,104.15,30.82,2024-10-15 05:29
CN-AG-202409-10658,水稻,江苏省,东海县,118.730034,34.480524,2024-04-22,2024-04-22 [播种育秧] -> 2024-05-15 [田间底肥] -> 2024-06-07 [插秧作业] -> 2024-06-30 [分蘖期灌溉] -> 2024-07-23 [除草控虫] -> 2024-08-15 [晒田补肥],2024-09-11 15:14,18870.78,东海县第4深加工基地,"118.773328,34.544261",清理去石->砻谷脱壳->糙米碾白->抛光->色选->包装,2024-09-14 19:14,2024-09-14 23:25,WH-CN-917,平房仓(准低温),2024-09-15 07:25,2024-10-11 07:25,准低温低氧控制,LOG-CN-16564416773,散粮车,"防潮, 湿度<14%",2024-10-11 14:25,2024-10-16 00:51,北京市,朝阳区,116.48,39.92,2024-10-18 00:51
CN-AG-202409-10659,大豆,安徽省,怀远县,117.231325,33.025926,2024-05-14,2024-05-14 [拌种包衣] -> 2024-06-08 [等距点播] -> 2024-07-03 [结荚期根外追肥] -> 2024-07-28 [食心虫绿色防控] -> 2024-08-22 [除草中耕],2024-09-19 14:02,8225.02,怀远县第5深加工基地,"117.204051,32.979015",磁选->破碎压胚->高温压榨->物理过滤->精炼,2024-09-22 20:02,2024-09-23 02:43,WH-CN-899,不锈钢储油罐区,2024-09-23 10:43,2024-11-08 10:43,准低温低氧控制,LOG-CN-83496918878,罐式车,"避光, 控温25℃下",2024-11-08 17:43,2024-11-13 15:47,武汉市,东西湖区,114.13,30.62,2024-11-16 15:47
CN-AG-202411-10660,棉花,新疆维吾尔自治区,玛纳斯县,86.162644,44.275766,2024-05-28,2024-05-28 [覆膜播种] -> 2024-07-03 [人工打顶] -> 2024-08-08 [叶面喷施补硼] -> 2024-09-13 [枯萎病监测] -> 2024-10-19 [喷施脱叶剂],2024-11-20 11:48,20891.65,玛纳斯县第4深加工基地,"86.212883,44.305636",皮棉清理->锯齿轧花->纤维分级->压力打包,2024-11-24 15:48,2024-11-24 22:16,WH-CN-121,专业纤维库,2024-11-25 09:16,2024-12-14 09:16,避光控温控制,LOG-CN-89033694970,高栏平板车,"严禁烟火, 防静电, 干燥",2024-12-14 17:16,2024-12-19 03:52,武汉市,洪山区,114.34,30.5,2024-12-21 03:52
CN-AG-202406-10661,小麦,河南省,滑县,114.503206,35.515782,2023-10-15,2023-10-15 [深耕整地] -> 2023-11-22 [秋播种子处理] -> 2023-12-30 [越冬水灌溉] -> 2024-02-06 [拔节期追肥] -> 2024-03-15 [条锈病防治] -> 2024-04-22 [干热风防护],2024-06-01 08:14,31947.47,滑县第5深加工基地,"114.520008,35.579136",磁选除杂->着水润麦->多级研磨->高方筛理->包装,2024-06-05 11:14,2024-06-05 15:56,WH-CN-463,钢板筒仓,2024-06-05 22:56,2024-07-22 22:56,准低温低氧控制,LOG-CN-29657447195,全封闭货车,"干燥, 禁止异味混载",2024-07-23 11:56,2024-07-27 23:38,武汉市,东西湖区,114.13,30.62,2024-07-28 23:38
CN-AG-202409-10662,大豆,内蒙古自治区,阿荣旗,123.504924,48.111927,2024-05-13,2024-05-13 [拌种包衣] -> 2024-06-07 [等距点播] -> 2024-07-02 [结荚期根外追肥] -> 2024-07-27 [食心虫绿色防控] -> 2024-08-21 [除草中耕],2024-09-10 10:06,15602.53,阿荣旗第4深加工基地,"123.507374,48.114178",磁选->破碎压胚->高温压榨->物理过滤->精炼,2024-09-11 13:06,2024-09-11 20:12,WH-CN-377,不锈钢储油罐区,2024-09-12 05:12,2024-09-26 05:12,准低温低氧控制,LOG-CN-39720650824,罐式车,"避光, 控温25℃下",2024-09-26 14:12,2024-10-01 02:25,武汉市,江岸区,114.3,30.59,2024-10-02 02:25
CN-AG-202408-10663,花生,山东省,莒南县,118.776283,35.154378,2024-04-16,2024-04-16 [清棵蹲苗] -> 2024-05-10 [培土迎葑] -> 2024-06-03 [钙镁肥补充] -> 2024-06-27 [下针期控旺] -> 2024-07-21 [地下虫害防治],2024-08-15 09:53,31984.43,莒南县第5深加工基地,"118.82833,35.175351",剥壳分选->烘炒->压榨提取->物理精炼,2024-08-16 14:53,2024-08-17 00:47,WH-CN-934,避光库房,2024-08-17 07:47,2024-09-20 07:47,避光控温控制,LOG-CN-19125299341,厢式货车,避光防潮,2024-09-20 20:47,2024-09-23 23:59,北京市,海淀区,116.3,39.96,2024-09-24 23:59
CN-AG-202406-10664,小麦,新疆维吾尔自治区,奇台县,89.632042,44.058662,2023-11-06,2023-11-06 [深耕整地] -> 2023-12-14 [秋播种子处理] -> 2024-01-21 [越冬水灌溉] -> 2024-02-28 [拔节期追肥] -> 2024-04-06 [条锈病防治] -> 2024-05-14 [干热风防护],2024-06-25 11:07,8919.73,奇台县第4深加工基地,"89.593147,44.01424",磁选除杂->着水润麦->多级研磨->高方筛理->包装,2024-06-28 15:07,2024-06-28 21:09,WH-CN-116,钢板筒仓,2024-06-29 04:09,2024-07-22 04:09,准低温低氧控制,LOG-CN-61570770100,全封闭货车,"干燥, 禁止异味混载",2024-07-22 15:09,2024-07-26 04:25,上海市,宝山区,121.48,31.4,2024-07-29 04:25
CN-AG-202406-10665,小麦,河北省,大名县,115.195619,36.276674,2023-10-30,2023-10-30 [深耕整地] -> 2023-12-07 [秋播种子处理] -> 2024-01-14 [越冬水灌溉] -> 2024-02-21 [拔节期追肥] -> 2024-03-30 [条锈病防治] -> 2024-05-07 [干热风防护],2024-06-12 13:19,6587.93,大名县第2深加工基地,"115.153556,36.274315",磁选除杂->着水润麦->多级研磨->高方筛理->包装,2024-06-16 17:19,2024-06-16 21:46,WH-CN-281,钢板筒仓,2024-06-17 02:46,2024-07-21 02:46,准低温低氧控制,LOG-CN-12424849408,全封闭货车,"干燥, 禁止异味混载",2024-07-21 12:46,2024-07-26 10:27,西安市,雁塔区,108.94,34.21,2024-07-28 10:27
CN-AG-202408-10666,花生,辽宁省,黑山县,122.095436,41.70293,2024-04-30,2024-04-30 [清棵蹲苗] -> 2024-05-24 [培土迎葑] -> 2024-06-17 [钙镁肥补充] -> 2024-07-11 [下针期控旺] -> 2024-08-04 [地下虫害防治],2024-08-23 15:48,11034.7,黑山县第5深加工基地,"122.123033,41.682732",剥壳分选->烘炒->压榨提取->物理精炼,2024-08-24 21:48,2024-08-25 07:08,WH-CN-255,避光库房,2024-08-25 14:08,2024-09-22 14:08,避光控温控制,LOG-CN-58024669423,厢式货车,避光防潮,2024-09-23 02:08,2024-09-28 11:18,武汉市,东西湖区,114.13,30.62,2024-09-30 11:18
CN-AG-202409-10667,水稻,辽宁省,盘山县,122.017875,41.268632,2024-04-28,2024-04-28 [播种育秧] -> 2024-05-21 [田间底肥] -> 2024-06-13 [插秧作业] -> 2024-07-06 [分蘖期灌溉] -> 2024-07-29 [除草控虫] -> 2024-08-21 [晒田补肥],2024-09-16 11:19,35520.99,盘山县第4深加工基地,"122.037903,41.242897",清理去石->砻谷脱壳->糙米碾白->抛光->色选->包装,2024-09-19 15:19,2024-09-19 23:07,WH-CN-147,平房仓(准低温),2024-09-20 08:07,2024-10-01 08:07,准低温低氧控制,LOG-CN-63856634692,散粮车,"防潮, 湿度<14%",2024-10-01 14:07,2024-10-05 02:09,北京市,海淀区,116.3,39.96,2024-10-08 02:09
CN-AG-202409-10668,水稻,湖南省,桃源县,111.443906,28.925585,2024-04-19,2024-04-19 [播种育秧] -> 2024-05-12 [田间底肥] -> 2024-06-04 [插秧作业] -> 2024-06-27 [分蘖期灌溉] -> 2024-07-20 [除草控虫] -> 2024-08-12 [晒田补肥],2024-09-04 08:22,33329.88,桃源县第1深加工基地,"111.475748,28.907804",清理去石->砻谷脱壳->糙米碾白->抛光->色选->包装,2024-09-05 13:22,2024-09-05 16:25,WH-CN-418,平房仓(准低温),2024-09-05 21:25,2024-10-15 21:25,准低温低氧控制,LOG-CN-76469959575,散粮车,"防潮, 湿度<14%",2024-10-16 11:25,2024-10-19 19:33,西安市,未央区,108.94,34.29,2024-10-22 19:33
CN-AG-202405-10669,油菜籽,甘肃省,民乐县,100.756971,38.414134,2023-10-21,2023-10-21 [育苗移栽] -> 2023-12-12 [越冬防冻肥] -> 2024-02-02 [薹期水肥调节] -> 2024-03-25 [菌核病无人机防治],2024-05-22 16:23,28072.35,民乐县第1深加工基地,"100.810317,38.42223",多级筛选->炒籽->螺旋压榨->精制过滤,2024-05-23 21:23,2024-05-24 04:05,WH-CN-834,恒温罐区,2024-05-24 11:05,2024-06-11 11:05,避光控温控制,LOG-CN-50389178958,罐式车,"避光, 防氧化",2024-06-11 19:05,2024-06-17 02:14,深圳市,宝安区,113.88,22.55,2024-06-18 02:14
CN-AG-202405-10670,油菜籽,四川省,中江县,104.710258,31.002111,2023-10-06,2023-10-06 [育苗移栽] -> 2023-11-27 [越冬防冻肥] -> 2024-01-18 [薹期水肥调节] -> 2024-03-10 [菌核病无人机防治],2024-05-08 12:11,10082.73,中江县第1深加工基地,"104.667582,31.020294",多级筛选->炒籽->螺旋压榨->精制过滤,2024-05-11 16:11,2024-05-12 00:44,WH-CN-865,恒温罐区,2024-05-12 11:44,2024-06-28 11:44,避光控温控制,LOG-CN-97553037247,罐式车,"避光, 防氧化",2024-06-28 22:44,2024-07-02 05:07,成都市,武侯区,104.04,30.64,2024-07-05 05:07
CN-AG-202409-10671,玉米,吉林省,榆树市,126.492319,44.800481,2024-05-19,2024-05-19 [免耕直播] -> 2024-06-10 [苗期中耕] -> 2024-07-02 [喇叭口期追肥] -> 2024-07-24 [大斑病防治] -> 2024-08-15 [人工授粉辅助],2024-09-01 10:40,19197.99,榆树市第2深加工基地,"126.548273,44.812487",物理清理->脱粒烘干->破碎加工->筛理分级,2024-09-03 13:40,2024-09-03 19:33,WH-CN-564,现代化圆筒仓,2024-09-04 04:33,2024-09-14 04:33,避光控温控制,LOG-CN-47028255499,重型散粮卡车,"通风良好, 严控高温",2024-09-14 15:33,2024-09-16 16:13,西安市,未央区,108.94,34.29,2024-09-19 16:13
CN-AG-202409-10672,水稻,湖北省,枣阳市,112.738515,32.129144,2024-05-04,2024-05-04 [播种育秧] -> 2024-05-27 [田间底肥] -> 2024-06-19 [插秧作业] -> 2024-07-12 [分蘖期灌溉] -> 2024-08-04 [除草控虫] -> 2024-08-27 [晒田补肥],2024-09-24 12:41,34967.5,枣阳市第5深加工基地,"112.751903,32.130619",清理去石->砻谷脱壳->糙米碾白->抛光->色选->包装,2024-09-27 16:41,2024-09-27 20:46,WH-CN-369,平房仓(准低温),2024-09-28 04:46,2024-10-29 04:46,准低温低氧控制,LOG-CN-67404051434,散粮车,"防潮, 湿度<14%",2024-10-29 17:46,2024-11-03 05:52,西安市,长安区,108.87,34.15,2024-11-06 05:52
CN-AG-202409-10673,水稻,四川省,三台县,105.085691,31.031191,2024-04-21,2024-04-21 [播种育秧] -> 2024-05-14 [田间底肥] -> 2024-06-06 [插秧作业] -> 2024-06-29 [分蘖期灌溉] -> 2024-07-22 [除草控虫] -> 2024-08-14 [晒田补肥],2024-09-04 11:29,38820.24,三台县第5深加工基地,"105.090381,31.09927",清理去石->砻谷脱壳->糙米碾白->抛光->色选->包装,2024-09-05 17:29,2024-09-06 02:03,WH-CN-286,平房仓(准低温),2024-09-06 10:03,2024-09-24 10:03,准低温低氧控制,LOG-CN-83008193967,散粮车,"防潮, 湿度<14%",2024-09-24 23:03,2024-09-28 06:38,武汉市,江岸区,114.3,30.59,2024-09-29 06:38
CN-AG-202409-10674,大豆,内蒙古自治区,阿荣旗,123.487424,48.141305,2024-05-23,2024-05-23 [拌种包衣] -> 2024-06-17 [等距点播] -> 2024-07-12 [结荚期根外追肥] -> 2024-08-06 [食心虫绿色防控] -> 2024-08-31 [除草中耕],2024-09-25 08:12,38150.72,阿荣旗第5深加工基地,"123.515458,48.12548",磁选->破碎压胚->高温压榨->物理过滤->精炼,2024-09-27 14:12,2024-09-28 00:02,WH-CN-270,不锈钢储油罐区,2024-09-28 12:02,2024-11-10 12:02,准低温低氧控制,LOG-CN-33083182011,罐式车,"避光, 控温25℃下",2024-11-10 23:02,2024-11-14 20:16,北京市,丰台区,116.28,39.85,2024-11-17 20:16
CN-AG-202409-10675,玉米,辽宁省,昌图县,124.167122,42.782556,2024-06-05,2024-06-05 [免耕直播] -> 2024-06-27 [苗期中耕] -> 2024-07-19 [喇叭口期追肥] -> 2024-08-10 [大斑病防治] -> 2024-09-01 [人工授粉辅助],2024-09-27 10:34,21380.15,昌图县第2深加工基地,"124.100339,42.772511",物理清理->脱粒烘干->破碎加工->筛理分级,2024-10-01 13:34,2024-10-01 18:26,WH-CN-838,现代化圆筒仓,2024-10-01 22:26,2024-11-05 22:26,避光控温控制,LOG-CN-52684000598,重型散粮卡车,"通风良好, 严控高温",2024-11-06 12:26,2024-11-09 18:23,成都市,龙泉驿区,104.27,30.55,2024-11-11 18:23
CN-AG-202410-10676,水稻,黑龙江省,五常市,127.186859,44.962419,2024-06-06,2024-06-06 [播种育秧] -> 2024-06-29 [田间底肥] -> 2024-07-22 [插秧作业] -> 2024-08-14 [分蘖期灌溉] -> 2024-09-06 [除草控虫] -> 2024-09-29 [晒田补肥],2024-10-23 16:42,31760.75,五常市第2深加工基地,"127.145312,44.922404",清理去石->砻谷脱壳->糙米碾白->抛光->色选->包装,2024-10-25 22:42,2024-10-26 06:16,WH-CN-500,平房仓(准低温),2024-10-26 11:16,2024-11-08 11:16,准低温低氧控制,LOG-CN-34852024473,散粮车,"防潮, 湿度<14%",2024-11-08 19:16,2024-11-12 09:08,南京市,玄武区,118.79,32.06,2024-11-13 09:08
CN-AG-202410-10677,玉米,四川省,三台县,105.065197,31.032106,2024-07-01,2024-07-01 [免耕直播] -> 2024-07-23 [苗期中耕] -> 2024-08-14 [喇叭口期追肥] -> 2024-09-05 [大斑病防治] -> 2024-09-27 [人工授粉辅助],2024-10-19 11:15,20518.35,三台县第3深加工基地,"105.090359,31.095463",物理清理->脱粒烘干->破碎加工->筛理分级,2024-10-20 14:15,2024-10-20 19:06,WH-CN-878,现代化圆筒仓,2024-10-21 01:06,2024-11-25 01:06,避光控温控制,LOG-CN-11406470575,重型散粮卡车,"通风良好, 严控高温",2024-11-25 16:06,2024-11-30 06:15,上海市,宝山区,121.48,31.4,2024-12-01 06:15
CN-AG-202406-10678,小麦,四川省,安岳县,105.314609,30.081771,2023-10-26,2023-10-26 [深耕整地] -> 2023-12-03 [秋播种子处理] -> 2024-01-10 [越冬水灌溉] -> 2024-02-17 [拔节期追肥] -> 2024-03-26 [条锈病防治] -> 2024-05-03 [干热风防护],2024-06-17 09:49,35807.94,安岳县第3深加工基地,"105.325996,30.090027",磁选除杂->着水润麦->多级研磨->高方筛理->包装,2024-06-21 12:49,2024-06-21 20:57,WH-CN-996,钢板筒仓,2024-06-22 07:57,2024-07-21 07:57,准低温低氧控制,LOG-CN-18538220651,全封闭货车,"干燥, 禁止异味混载",2024-07-21 22:57,2024-07-25 09:06,上海市,宝山区,121.48,31.4,2024-07-26 09:06
CN-AG-202409-10679,玉米,河北省,藁城区,114.896903,38.047575,2024-05-30,2024-05-30 [免耕直播] -> 2024-06-21 [苗期中耕] -> 2024-07-13 [喇叭口期追肥] -> 2024-08-04 [大斑病防治] -> 2024-08-26 [人工授粉辅助],2024-09-21 15:27,13445.24,藁城区第4深加工基地,"114.830472,38.036941",物理清理->脱粒烘干->破碎加工->筛理分级,2024-09-23 20:27,2024-09-24 05:25,WH-CN-956,现代化圆筒仓,2024-09-24 13:25,2024-10-18 13:25,避光控温控制,LOG-CN-67692050763,重型散粮卡车,"通风良好, 严控高温",2024-10-19 04:25,2024-10-23 09:20,上海市,浦东新区,121.54,31.22,2024-10-25 09:20
CN-AG-202410-10680,玉米,吉林省,榆树市,126.583984,44.867827,2024-07-10,2024-07-10 [免耕直播] -> 2024-08-01 [苗期中耕] -> 2024-08-23 [喇叭口期追肥] -> 2024-09-14 [大斑病防治] -> 2024-10-06 [人工授粉辅助],2024-10-27 12:57,13496.05,榆树市第4深加工基地,"126.54916,44.825608",物理清理->脱粒烘干->破碎加工->筛理分级,2024-10-30 17:57,2024-10-31 02:08,WH-CN-326,现代化圆筒仓,2024-10-31 10:08,2024-12-02 10:08,避光控温控制,LOG-CN-68373263177,重型散粮卡车,"通风良好, 严控高温",2024-12-02 17:08,2024-12-07 12:59,上海市,浦东新区,121.54,31.22,2024-12-09 12:59
CN-AG-202409-10681,玉米,广西壮族自治区,宾阳县,108.78635,23.197761,2024-06-03,2024-06-03 [免耕直播] -> 2024-06-25 [苗期中耕] -> 2024-07-17 [喇叭口期追肥] -> 2024-08-08 [大斑病防治] -> 2024-08-30 [人工授粉辅助],2024-09-25 15:35,38835.54,宾阳县第2深加工基地,"108.804565,23.201314",物理清理->脱粒烘干->破碎加工->筛理分级,2024-09-29 21:35,2024-09-30 04:30,WH-CN-469,现代化圆筒仓,2024-09-30 14:30,2024-10-12 14:30,避光控温控制,LOG-CN-68427900906,重型散粮卡车,"通风良好, 严控高温",2024-10-12 21:30,2024-10-16 22:36,上海市,宝山区,121.48,31.4,2024-10-17 22:36
CN-AG-202406-10682,小麦,河北省,宁晋县,114.918089,37.589592,2023-11-02,2023-11-02 [深耕整地] -> 2023-12-10 [秋播种子处理] -> 2024-01-17 [越冬水灌溉] -> 2024-02-24 [拔节期追肥] -> 2024-04-02 [条锈病防治] -> 2024-05-10 [干热风防护],2024-06-21 15:54,8458.15,宁晋县第4深加工基地,"114.919476,37.624949",磁选除杂->着水润麦->多级研磨->高方筛理->包装,2024-06-22 20:54,2024-06-23 06:20,WH-CN-921,钢板筒仓,2024-06-23 16:20,2024-07-04 16:20,准低温低氧控制,LOG-CN-48186316485,全封闭货车,"干燥, 禁止异味混载",2024-07-05 00:20,2024-07-06 04:00,深圳市,宝安区,113.88,22.55,2024-07-08 04:00
CN-AG-202409-10683,大豆,山东省,莒南县,118.884935,35.116941,2024-05-11,2024-05-11 [拌种包衣] -> 2024-06-05 [等距点播] -> 2024-06-30 [结荚期根外追肥] -> 2024-07-25 [食心虫绿色防控] -> 2024-08-19 [除草中耕],2024-09-08 12:28,19046.23,莒南县第3深加工基地,"118.835704,35.178854",磁选->破碎压胚->高温压榨->物理过滤->精炼,2024-09-11 17:28,2024-09-12 01:55,WH-CN-899,不锈钢储油罐区,2024-09-12 09:55,2024-10-02 09:55,准低温低氧控制,LOG-CN-34977251108,罐式车,"避光, 控温25℃下",2024-10-02 23:55,2024-10-07 10:15,深圳市,宝安区,113.88,22.55,2024-10-10 10:15
CN-AG-202406-10684,小麦,安徽省,蒙城县,116.565338,33.318959,2023-10-28,2023-10-28 [深耕整地] -> 2023-12-05 [秋播种子处理] -> 2024-01-12 [越冬水灌溉] -> 2024-02-19 [拔节期追肥] -> 2024-03-28 [条锈病防治] -> 2024-05-05 [干热风防护],2024-06-12 17:34,31479.76,蒙城县第2深加工基地,"116.551512,33.269255",磁选除杂->着水润麦->多级研磨->高方筛理->包装,2024-06-15 21:34,2024-06-16 00:55,WH-CN-371,钢板筒仓,2024-06-16 05:55,2024-08-05 05:55,准低温低氧控制,LOG-CN-59329591901,全封闭货车,"干燥, 禁止异味混载",2024-08-05 20:55,2024-08-09 12:35,南京市,江宁区,118.83,31.95,2024-08-10 12:35
CN-AG-202409-10685,花生,山东省,平度市,119.917046,36.763882,2024-05-28,2024-05-28 [清棵蹲苗] -> 2024-06-21 [培土迎葑] -> 2024-07-15 [钙镁肥补充] -> 2024-08-08 [下针期控旺] -> 2024-09-01 [地下虫害防治],2024-09-25 10:10,29347.26,平度市第2深加工基地,"119.942816,36.773917",剥壳分选->烘炒->压榨提取->物理精炼,2024-09-26 12:10,2024-09-26 16:17,WH-CN-195,避光库房,2024-09-27 00:17,2024-11-08 00:17,避光控温控制,LOG-CN-28311034919,厢式货车,避光防潮,2024-11-08 14:17,2024-11-10 12:42,成都市,新都区,104.15,30.82,2024-11-13 12:42
CN-AG-202409-10686,花生,山东省,平度市,119.983759,36.79469,2024-05-09,2024-05-09 [清棵蹲苗] -> 2024-06-02 [培土迎葑] -> 2024-06-26 [钙镁肥补充] -> 2024-07-20 [下针期控旺] -> 2024-08-13 [地下虫害防治],2024-09-05 14:06,22307.25,平度市第2深加工基地,"119.942939,36.781566",剥壳分选->烘炒->压榨提取->物理精炼,2024-09-06 18:06,2024-09-06 22:31,WH-CN-351,避光库房,2024-09-07 09:31,2024-09-19 09:31,避光控温控制,LOG-CN-43823451373,厢式货车,避光防潮,2024-09-19 17:31,2024-09-24 06:48,深圳市,宝安区,113.88,22.55,2024-09-25 06:48
CN-AG-202409-10687,水稻,江苏省,东海县,118.786315,34.577335,2024-04-19,2024-04-19 [播种育秧] -> 2024-05-12 [田间底肥] -> 2024-06-04 [插秧作业] -> 2024-06-27 [分蘖期灌溉] -> 2024-07-20 [除草控虫] -> 2024-08-12 [晒田补肥],2024-09-01 12:15,26953.93,东海县第4深加工基地,"118.773483,34.537763",清理去石->砻谷脱壳->糙米碾白->抛光->色选->包装,2024-09-05 17:15,2024-09-05 23:17,WH-CN-864,平房仓(准低温),2024-09-06 11:17,2024-10-21 11:17,准低温低氧控制,LOG-CN-47803122403,散粮车,"防潮, 湿度<14%",2024-10-21 19:17,2024-10-25 13:54,深圳市,南山区,113.93,22.54,2024-10-27 13:54
CN-AG-202406-10688,小麦,江苏省,兴化市,119.831423,32.901189,2023-10-22,2023-10-22 [深耕整地] -> 2023-11-29 [秋播种子处理] -> 2024-01-06 [越冬水灌溉] -> 2024-02-13 [拔节期追肥] -> 2024-03-22 [条锈病防治] -> 2024-04-29 [干热风防护],2024-06-08 13:34,15971.97,兴化市第5深加工基地,"119.84581,32.93835",磁选除杂->着水润麦->多级研磨->高方筛理->包装,2024-06-09 16:34,2024-06-09 21:48,WH-CN-333,钢板筒仓,2024-06-10 04:48,2024-07-24 04:48,准低温低氧控制,LOG-CN-60337473027,全封闭货车,"干燥, 禁止异味混载",2024-07-24 18:48,2024-07-29 13:18,广州市,天河区,113.33,23.13,2024-08-01 13:18
CN-AG-202410-10689,水稻,广西壮族自治区,武宣县,109.706817,23.586399,2024-05-27,2024-05-27 [播种育秧] -> 2024-06-19 [田间底肥] -> 2024-07-12 [插秧作业] -> 2024-08-04 [分蘖期灌溉] -> 2024-08-27 [除草控虫] -> 2024-09-19 [晒田补肥],2024-10-09 17:53,24564.86,武宣县第1深加工基地,"109.651244,23.594154",清理去石->砻谷脱壳->糙米碾白->抛光->色选->包装,2024-10-13 23:53,2024-10-14 06:07,WH-CN-455,平房仓(准低温),2024-10-14 17:07,2024-11-30 17:07,准低温低氧控制,LOG-CN-30213443306,散粮车,"防潮, 湿度<14%",2024-12-01 01:07,2024-12-02 03:42,南京市,玄武区,118.79,32.06,2024-12-04 03:42
CN-AG-202409-10690,大豆,吉林省,公主岭市,124.760941,43.477676,2024-05-23,2024-05-23 [拌种包衣] -> 2024-06-17 [等距点播] -> 2024-07-12 [结荚期根外追肥] -> 2024-08-06 [食心虫绿色防控] -> 2024-08-31 [除草中耕],2024-09-24 12:36,28613.37,公主岭市第3深加工基地,"124.818953,43.522618",磁选->破碎压胚->高温压榨->物理过滤->精炼,2024-09-25 18:36,2024-09-26 01:17,WH-CN-338,不锈钢储油罐区,2024-09-26 11:17,2024-10-14 11:17,准低温低氧控制,LOG-CN-82481733655,罐式车,"避光, 控温25℃下",2024-10-15 00:17,2024-10-17 15:51,南京市,玄武区,118.79,32.06,2024-10-20 15:51
CN-AG-202409-10691,花生,河北省,大名县,115.204952,36.236113,2024-06-05,2024-06-05 [清棵蹲苗] -> 2024-06-29 [培土迎葑] -> 2024-07-23 [钙镁肥补充] -> 2024-08-16 [下针期控旺] -> 2024-09-09 [地下虫害防治],2024-09-28 08:39,11811.66,大名县第5深加工基地,"115.144838,36.280593",剥壳分选->烘炒->压榨提取->物理精炼,2024-10-01 14:39,2024-10-01 18:10,WH-CN-892,避光库房,2024-10-01 23:10,2024-11-19 23:10,避光控温控制,LOG-CN-10778411697,厢式货车,避光防潮,2024-11-20 11:10,2024-11-25 08:20,上海市,宝山区,121.48,31.4,2024-11-28 08:20
CN-AG-202409-10692,玉米,四川省,三台县,105.111554,31.090072,2024-05-23,2024-05-23 [免耕直播] -> 2024-06-14 [苗期中耕] -> 2024-07-06 [喇叭口期追肥] -> 2024-07-28 [大斑病防治] -> 2024-08-19 [人工授粉辅助],2024-09-11 09:06,29754.2,三台县第3深加工基地,"105.085494,31.081525",物理清理->脱粒烘干->破碎加工->筛理分级,2024-09-15 14:06,2024-09-15 19:51,WH-CN-611,现代化圆筒仓,2024-09-16 06:51,2024-10-04 06:51,避光控温控制,LOG-CN-31864538173,重型散粮卡车,"通风良好, 严控高温",2024-10-04 13:51,2024-10-07 05:13,武汉市,洪山区,114.34,30.5,2024-10-08 05:13
CN-AG-202406-10693,大麦,甘肃省,民乐县,100.80516,38.466836,2024-02-24,2024-02-24 [翻耕播种] -> 2024-03-20 [分蘖期施氮] -> 2024-04-14 [化学除草] -> 2024-05-09 [灌浆期监控],2024-06-08 13:41,28894.85,民乐县第1深加工基地,"100.808656,38.430932",杂质清理->脱壳处理->分级磨皮->包装,2024-06-09 17:41,2024-06-10 00:02,WH-CN-272,平房仓,2024-06-10 05:02,2024-07-23 05:02,避光控温控制,LOG-CN-82950572365,散装车,防霉通风,2024-07-23 20:02,2024-07-25 03:37,成都市,武侯区,104.04,30.64,2024-07-26 03:37
CN-AG-202410-10694,水稻,黑龙江省,五常市,127.10989,44.875268,2024-05-22,2024-05-22 [播种育秧] -> 2024-06-14 [田间底肥] -> 2024-07-07 [插秧作业] -> 2024-07-30 [分蘖期灌溉] -> 2024-08-22 [除草控虫] -> 2024-09-14 [晒田补肥],2024-10-13 12:01,35523.4,五常市第2深加工基地,"127.144184,44.928911",清理去石->砻谷脱壳->糙米碾白->抛光->色选->包装,2024-10-16 14:01,2024-10-16 17:59,WH-CN-714,平房仓(准低温),2024-10-17 00:59,2024-12-06 00:59,准低温低氧控制,LOG-CN-88916451940,散粮车,"防潮, 湿度<14%",2024-12-06 14:59,2024-12-08 18:21,西安市,雁塔区,108.94,34.21,2024-12-09 18:21
CN-AG-202406-10695,大麦,新疆维吾尔自治区,奇台县,89.631238,43.965997,2024-03-07,2024-03-07 [翻耕播种] -> 2024-04-01 [分蘖期施氮] -> 2024-04-26 [化学除草] -> 2024-05-21 [灌浆期监控],2024-06-17 10:52,25653.72,奇台县第2深加工基地,"89.595863,44.029624",杂质清理->脱壳处理->分级磨皮->包装,2024-06-18 16:52,2024-06-18 19:41,WH-CN-202,平房仓,2024-06-19 07:41,2024-07-06 07:41,避光控温控制,LOG-CN-37907198756,散装车,防霉通风,2024-07-06 14:41,2024-07-09 11:24,成都市,龙泉驿区,104.27,30.55,2024-07-10 11:24
CN-AG-202410-10696,水稻,湖南省,桃源县,111.449037,28.942454,2024-05-27,2024-05-27 [播种育秧] -> 2024-06-19 [田间底肥] -> 2024-07-12 [插秧作业] -> 2024-08-04 [分蘖期灌溉] -> 2024-08-27 [除草控虫] -> 2024-09-19 [晒田补肥],2024-10-15 16:53,11591.91,桃源县第4深加工基地,"111.473939,28.909213",清理去石->砻谷脱壳->糙米碾白->抛光->色选->包装,2024-10-19 18:53,2024-10-20 03:05,WH-CN-142,平房仓(准低温),2024-10-20 15:05,2024-11-03 15:05,准低温低氧控制,LOG-CN-15833946028,散粮车,"防潮, 湿度<14%",2024-11-04 02:05,2024-11-05 20:20,武汉市,洪山区,114.34,30.5,2024-11-07 20:20
CN-AG-202409-10697,水稻,安徽省,寿县,116.839378,32.624172,2024-05-02,2024-05-02 [播种育秧] -> 2024-05-25 [田间底肥] -> 2024-06-17 [插秧作业] -> 2024-07-10 [分蘖期灌溉] -> 2024-08-02 [除草控虫] -> 2024-08-25 [晒田补肥],2024-09-22 13:58,38048.65,寿县第4深加工基地,"116.789623,32.574234",清理去石->砻谷脱壳->糙米碾白->抛光->色选->包装,2024-09-26 19:58,2024-09-27 03:57,WH-CN-513,平房仓(准低温),2024-09-27 10:57,2024-10-25 10:57,准低温低氧控制,LOG-CN-63408514561,散粮车,"防潮, 湿度<14%",2024-10-25 23:57,2024-10-31 01:09,武汉市,洪山区,114.34,30.5,2024-11-02 01:09
CN-AG-202406-10698,大麦,吉林省,前郭县,124.781145,45.118345,2024-03-05,2024-03-05 [翻耕播种] -> 2024-03-30 [分蘖期施氮] -> 2024-04-24 [化学除草] -> 2024-05-19 [灌浆期监控],2024-06-16 09:20,11582.76,前郭县第1深加工基地,"124.811871,45.10874",杂质清理->脱壳处理->分级磨皮->包装,2024-06-20 15:20,2024-06-20 21:09,WH-CN-414,平房仓,2024-06-21 05:09,2024-08-01 05:09,避光控温控制,LOG-CN-91140919601,散装车,防霉通风,2024-08-01 11:09,2024-08-05 07:02,成都市,新都区,104.15,30.82,2024-08-06 07:02
CN-AG-202410-10699,水稻,湖南省,安乡县,112.184681,29.35877,2024-06-11,2024-06-11 [播种育秧] -> 2024-07-04 [田间底肥] -> 2024-07-27 [插秧作业] -> 2024-08-19 [分蘖期灌溉] -> 2024-09-11 [除草控虫] -> 2024-10-04 [晒田补肥],2024-10-24 08:34,34722.73,安乡县第5深加工基地,"112.163802,29.419624",清理去石->砻谷脱壳->糙米碾白->抛光->色选->包装,2024-10-25 12:34,2024-10-25 18:21,WH-CN-479,平房仓(准低温),2024-10-26 01:21,2024-11-27 01:21,准低温低氧控制,LOG-CN-23806143031,散粮车,"防潮, 湿度<14%",2024-11-27 13:21,2024-12-02 11:53,北京市,丰台区,116.28,39.85,2024-12-05 11:53
CN-AG-202410-10700,棉花,江苏省,射阳县,120.298948,33.785111,2024-04-28,2024-04-28 [覆膜播种] -> 2024-06-03 [人工打顶] -> 2024-07-09 [叶面喷施补硼] -> 2024-08-14 [枯萎病监测] -> 2024-09-19 [喷施脱叶剂],2024-10-23 13:04,28085.8,射阳县第3深加工基地,"120.259203,33.758874",皮棉清理->锯齿轧花->纤维分级->压力打包,2024-10-27 16:04,2024-10-27 23:26,WH-CN-281,专业纤维库,2024-10-28 03:26,2024-11-09 03:26,避光控温控制,LOG-CN-65779107457,高栏平板车,"严禁烟火, 防静电, 干燥",2024-11-09 10:26,2024-11-11 23:26,南京市,玄武区,118.79,32.06,2024-11-12 23:26
CN-AG-202409-10701,大豆,内蒙古自治区,突泉县,121.627277,46.332575,2024-04-26,2024-04-26 [拌种包衣] -> 2024-05-21 [等距点播] -> 2024-06-15 [结荚期根外追肥] -> 2024-07-10 [食心虫绿色防控] -> 2024-08-04 [除草中耕],2024-09-02 10:09,19556.06,突泉县第4深加工基地,"121.563233,46.335146",磁选->破碎压胚->高温压榨->物理过滤->精炼,2024-09-04 16:09,2024-09-05 00:21,WH-CN-486,不锈钢储油罐区,2024-09-05 08:21,2024-10-12 08:21,准低温低氧控制,LOG-CN-39639894904,罐式车,"避光, 控温25℃下",2024-10-12 18:21,2024-10-15 23:05,成都市,武侯区,104.04,30.64,2024-10-16 23:05
CN-AG-202409-10702,玉米,安徽省,蒙城县,116.5862,33.257228,2024-06-01,2024-06-01 [免耕直播] -> 2024-06-23 [苗期中耕] -> 2024-07-15 [喇叭口期追肥] -> 2024-08-06 [大斑病防治] -> 2024-08-28 [人工授粉辅助],2024-09-21 14:02,10857.84,蒙城县第3深加工基地,"116.562812,33.254947",物理清理->脱粒烘干->破碎加工->筛理分级,2024-09-23 17:02,2024-09-23 20:08,WH-CN-797,现代化圆筒仓,2024-09-24 01:08,2024-10-11 01:08,避光控温控制,LOG-CN-64524692418,重型散粮卡车,"通风良好, 严控高温",2024-10-11 08:08,2024-10-13 07:42,广州市,白云区,113.27,23.15,2024-10-15 07:42
CN-AG-202410-10703,玉米,河南省,滑县,114.479524,35.589992,2024-07-14,2024-07-14 [免耕直播] -> 2024-08-05 [苗期中耕] -> 2024-08-27 [喇叭口期追肥] -> 2024-09-18 [大斑病防治] -> 2024-10-10 [人工授粉辅助],2024-10-28 17:16,21758.69,滑县第1深加工基地,"114.525433,35.571302",物理清理->脱粒烘干->破碎加工->筛理分级,2024-10-29 22:16,2024-10-30 07:47,WH-CN-334,现代化圆筒仓,2024-10-30 14:47,2024-11-14 14:47,避光控温控制,LOG-CN-33141558022,重型散粮卡车,"通风良好, 严控高温",2024-11-14 22:47,2024-11-18 16:49,西安市,雁塔区,108.94,34.21,2024-11-20 16:49
CN-AG-202409-10704,水稻,吉林省,前郭县,124.751452,45.109867,2024-04-25,2024-04-25 [播种育秧] -> 2024-05-18 [田间底肥] -> 2024-06-10 [插秧作业] -> 2024-07-03 [分蘖期灌溉] -> 2024-07-26 [除草控虫] -> 2024-08-18 [晒田补肥],2024-09-14 17:23,38200.63,前郭县第3深加工基地,"124.807141,45.100181",清理去石->砻谷脱壳->糙米碾白->抛光->色选->包装,2024-09-16 22:23,2024-09-17 05:58,WH-CN-980,平房仓(准低温),2024-09-17 09:58,2024-10-29 09:58,准低温低氧控制,LOG-CN-48441737121,散粮车,"防潮, 湿度<14%",2024-10-29 20:58,2024-10-31 02:34,深圳市,福田区,114.05,22.54,2024-11-01 02:34
CN-AG-202407-10705,大麦,新疆维吾尔自治区,奇台县,89.557441,44.071143,2024-03-28,2024-03-28 [翻耕播种] -> 2024-04-22 [分蘖期施氮] -> 2024-05-17 [化学除草] -> 2024-06-11 [灌浆期监控],2024-07-07 08:25,20360.51,奇台县第4深加工基地,"89.584442,44.022687",杂质清理->脱壳处理->分级磨皮->包装,2024-07-09 12:25,2024-07-09 19:13,WH-CN-171,平房仓,2024-07-10 00:13,2024-08-03 00:13,避光控温控制,LOG-CN-43687242277,散装车,防霉通风,2024-08-03 09:13,2024-08-06 03:55,广州市,番禺区,113.38,22.93,2024-08-09 03:55
CN-AG-202405-10706,油菜籽,湖南省,桃源县,111.521765,28.8786,2023-10-13,2023-10-13 [育苗移栽] -> 2023-12-04 [越冬防冻肥] -> 2024-01-25 [薹期水肥调节] -> 2024-03-17 [菌核病无人机防治],2024-05-05 16:20,17963.03,桃源县第2深加工基地,"111.471908,28.904577",多级筛选->炒籽->螺旋压榨->精制过滤,2024-05-06 18:20,2024-05-07 00:19,WH-CN-206,恒温罐区,2024-05-07 12:19,2024-06-20 12:19,避光控温控制,LOG-CN-43003888523,罐式车,"避光, 防氧化",2024-06-20 20:19,2024-06-25 17:18,北京市,丰台区,116.28,39.85,2024-06-27 17:18
CN-AG-202409-10707,大豆,黑龙江省,五常市,127.0935,44.921444,2024-05-16,2024-05-16 [拌种包衣] -> 2024-06-10 [等距点播] -> 2024-07-05 [结荚期根外追肥] -> 2024-07-30 [食心虫绿色防控] -> 2024-08-24 [除草中耕],2024-09-19 08:52,14886.4,五常市第5深加工基地,"127.153249,44.929618",磁选->破碎压胚->高温压榨->物理过滤->精炼,2024-09-20 11:52,2024-09-20 20:52,WH-CN-496,不锈钢储油罐区,2024-09-21 00:52,2024-11-06 00:52,准低温低氧控制,LOG-CN-43277704727,罐式车,"避光, 控温25℃下",2024-11-06 13:52,2024-11-10 15:33,上海市,浦东新区,121.54,31.22,2024-11-12 15:33
CN-AG-202410-10708,水稻,广西壮族自治区,桂平市,110.054666,23.34422,2024-05-28,2024-05-28 [播种育秧] -> 2024-06-20 [田间底肥] -> 2024-07-13 [插秧作业] -> 2024-08-05 [分蘖期灌溉] -> 2024-08-28 [除草控虫] -> 2024-09-20 [晒田补肥],2024-10-12 15:30,17882.73,桂平市第1深加工基地,"110.088391,23.387957",清理去石->砻谷脱壳->糙米碾白->抛光->色选->包装,2024-10-16 21:30,2024-10-17 07:30,WH-CN-542,平房仓(准低温),2024-10-17 16:30,2024-11-10 16:30,准低温低氧控制,LOG-CN-52114089135,散粮车,"防潮, 湿度<14%",2024-11-11 00:30,2024-11-14 01:46,广州市,白云区,113.27,23.15,2024-11-15 01:46
CN-AG-202411-10709,棉花,新疆维吾尔自治区,沙雅县,82.725389,41.279191,2024-05-20,2024-05-20 [覆膜播种] -> 2024-06-25 [人工打顶] -> 2024-07-31 [叶面喷施补硼] -> 2024-09-05 [枯萎病监测] -> 2024-10-11 [喷施脱叶剂],2024-11-14 16:54,20536.25,沙雅县第4深加工基地,"82.777434,41.22522",皮棉清理->锯齿轧花->纤维分级->压力打包,2024-11-18 19:54,2024-11-19 05:34,WH-CN-574,专业纤维库,2024-11-19 14:34,2024-12-12 14:34,避光控温控制,LOG-CN-54511152398,高栏平板车,"严禁烟火, 防静电, 干燥",2024-12-13 02:34,2024-12-16 13:20,南京市,江宁区,118.83,31.95,2024-12-18 13:20
CN-AG-202408-10710,花生,河南省,唐河县,112.860512,32.667095,2024-04-28,2024-04-28 [清棵蹲苗] -> 2024-05-22 [培土迎葑] -> 2024-06-15 [钙镁肥补充] -> 2024-07-09 [下针期控旺] -> 2024-08-02 [地下虫害防治],2024-08-24 16:13,18118.58,唐河县第3深加工基地,"112.839019,32.688369",剥壳分选->烘炒->压榨提取->物理精炼,2024-08-26 19:13,2024-08-27 02:34,WH-CN-318,避光库房,2024-08-27 09:34,2024-10-15 09:34,避光控温控制,LOG-CN-28867059299,厢式货车,避光防潮,2024-10-15 23:34,2024-10-21 01:24,武汉市,江岸区,114.3,30.59,2024-10-23 01:24
CN-AG-202410-10711,水稻,安徽省,寿县,116.762855,32.579255,2024-05-28,2024-05-28 [播种育秧] -> 2024-06-20 [田间底肥] -> 2024-07-13 [插秧作业] -> 2024-08-05 [分蘖期灌溉] -> 2024-08-28 [除草控虫] -> 2024-09-20 [晒田补肥],2024-10-10 17:26,29288.94,寿县第4深加工基地,"116.77502,32.575751",清理去石->砻谷脱壳->糙米碾白->抛光->色选->包装,2024-10-12 20:26,2024-10-13 01:48,WH-CN-681,平房仓(准低温),2024-10-13 13:48,2024-11-02 13:48,准低温低氧控制,LOG-CN-34339551933,散粮车,"防潮, 湿度<14%",2024-11-03 01:48,2024-11-05 01:16,南京市,南京浦口区,118.62,32.05,2024-11-06 01:16
CN-AG-202411-10712,棉花,甘肃省,瓜州县,95.753029,40.517689,2024-05-22,2024-05-22 [覆膜播种] -> 2024-06-27 [人工打顶] -> 2024-08-02 [叶面喷施补硼] -> 2024-09-07 [枯萎病监测] -> 2024-10-13 [喷施脱叶剂],2024-11-19 11:09,35657.08,瓜州县第1深加工基地,"95.764808,40.513133",皮棉清理->锯齿轧花->纤维分级->压力打包,2024-11-22 16:09,2024-11-22 20:44,WH-CN-905,专业纤维库,2024-11-23 02:44,2025-01-03 02:44,避光控温控制,LOG-CN-18870649555,高栏平板车,"严禁烟火, 防静电, 干燥",2025-01-03 17:44,2025-01-07 13:31,武汉市,东西湖区,114.13,30.62,2025-01-10 13:31
CN-AG-202409-10713,玉米,黑龙江省,富锦市,132.080189,47.212991,2024-05-24,2024-05-24 [免耕直播] -> 2024-06-15 [苗期中耕] -> 2024-07-07 [喇叭口期追肥] -> 2024-07-29 [大斑病防治] -> 2024-08-20 [人工授粉辅助],2024-09-11 09:20,21628.06,富锦市第2深加工基地,"132.030119,47.242036",物理清理->脱粒烘干->破碎加工->筛理分级,2024-09-13 12:20,2024-09-13 16:39,WH-CN-396,现代化圆筒仓,2024-09-14 00:39,2024-09-28 00:39,避光控温控制,LOG-CN-24187309826,重型散粮卡车,"通风良好, 严控高温",2024-09-28 11:39,2024-10-02 14:36,武汉市,东西湖区,114.13,30.62,2024-10-04 14:36
CN-AG-202405-10714,油菜籽,湖北省,钟祥市,112.524672,31.136502,2023-10-06,2023-10-06 [育苗移栽] -> 2023-11-27 [越冬防冻肥] -> 2024-01-18 [薹期水肥调节] -> 2024-03-10 [菌核病无人机防治],2024-05-06 14:07,39164.37,钟祥市第2深加工基地,"112.573504,31.16072",多级筛选->炒籽->螺旋压榨->精制过滤,2024-05-10 17:07,2024-05-11 00:24,WH-CN-555,恒温罐区,2024-05-11 12:24,2024-06-30 12:24,避光控温控制,LOG-CN-27348997897,罐式车,"避光, 防氧化",2024-06-30 22:24,2024-07-05 15:18,西安市,长安区,108.87,34.15,2024-07-06 15:18
CN-AG-202410-10715,玉米,河北省,藁城区,114.813897,38.074012,2024-07-03,2024-07-03 [免耕直播] -> 2024-07-25 [苗期中耕] -> 2024-08-16 [喇叭口期追肥] -> 2024-09-07 [大斑病防治] -> 2024-09-29 [人工授粉辅助],2024-10-16 10:49,39573.54,藁城区第3深加工基地,"114.841632,38.039009",物理清理->脱粒烘干->破碎加工->筛理分级,2024-10-19 15:49,2024-10-19 23:18,WH-CN-170,现代化圆筒仓,2024-10-20 05:18,2024-11-27 05:18,避光控温控制,LOG-CN-27941089747,重型散粮卡车,"通风良好, 严控高温",2024-11-27 20:18,2024-11-30 17:14,北京市,海淀区,116.3,39.96,2024-12-02 17:14
CN-AG-202410-10716,玉米,四川省,中江县,104.679611,31.022394,2024-06-12,2024-06-12 [免耕直播] -> 2024-07-04 [苗期中耕] -> 2024-07-26 [喇叭口期追肥] -> 2024-08-17 [大斑病防治] -> 2024-09-08 [人工授粉辅助],2024-10-05 09:59,17782.56,中江县第3深加工基地,"104.675176,31.030334",物理清理->脱粒烘干->破碎加工->筛理分级,2024-10-07 13:59,2024-10-07 18:58,WH-CN-296,现代化圆筒仓,2024-10-07 23:58,2024-11-08 23:58,避光控温控制,LOG-CN-46564872504,重型散粮卡车,"通风良好, 严控高温",2024-11-09 14:58,2024-11-13 18:24,西安市,雁塔区,108.94,34.21,2024-11-14 18:24
CN-AG-202410-10717,水稻,湖北省,监利市,112.882366,29.8039,2024-05-19,2024-05-19 [播种育秧] -> 2024-06-11 [田间底肥] -> 2024-07-04 [插秧作业] -> 2024-07-27 [分蘖期灌溉] -> 2024-08-19 [除草控虫] -> 2024-09-11 [晒田补肥],2024-10-11 10:03,21033.06,监利市第1深加工基地,"112.908929,29.837882",清理去石->砻谷脱壳->糙米碾白->抛光->色选->包装,2024-10-13 14:03,2024-10-13 18:47,WH-CN-440,平房仓(准低温),2024-10-14 05:47,2024-11-20 05:47,准低温低氧控制,LOG-CN-16662671606,散粮车,"防潮, 湿度<14%",2024-11-20 15:47,2024-11-25 15:35,武汉市,洪山区,114.34,30.5,2024-11-28 15:35
CN-AG-202408-10718,花生,辽宁省,黑山县,122.110334,41.737107,2024-04-10,2024-04-10 [清棵蹲苗] -> 2024-05-04 [培土迎葑] -> 2024-05-28 [钙镁肥补充] -> 2024-06-21 [下针期控旺] -> 2024-07-15 [地下虫害防治],2024-08-10 14:12,29754.82,黑山县第2深加工基地,"122.119527,41.695607",剥壳分选->烘炒->压榨提取->物理精炼,2024-08-14 19:12,2024-08-14 22:00,WH-CN-454,避光库房,2024-08-15 06:00,2024-09-18 06:00,避光控温控制,LOG-CN-47448322844,厢式货车,避光防潮,2024-09-18 20:00,2024-09-24 00:27,武汉市,江岸区,114.3,30.59,2024-09-26 00:27
CN-AG-202405-10719,油菜籽,湖北省,钟祥市,112.544562,31.169705,2023-10-11,2023-10-11 [育苗移栽] -> 2023-12-02 [越冬防冻肥] -> 2024-01-23 [薹期水肥调节] -> 2024-03-15 [菌核病无人机防治],2024-05-10 12:05,18068.59,钟祥市第2深加工基地,"112.573723,31.171823",多级筛选->炒籽->螺旋压榨->精制过滤,2024-05-11 16:05,2024-05-12 01:56,WH-CN-685,恒温罐区,2024-05-12 13:56,2024-05-29 13:56,避光控温控制,LOG-CN-43507002928,罐式车,"避光, 防氧化",2024-05-29 20:56,2024-06-01 04:00,北京市,朝阳区,116.48,39.92,2024-06-02 04:00
CN-AG-202409-10720,水稻,吉林省,前郭县,124.852604,45.089788,2024-05-07,2024-05-07 [播种育秧] -> 2024-05-30 [田间底肥] -> 2024-06-22 [插秧作业] -> 2024-07-15 [分蘖期灌溉] -> 2024-08-07 [除草控虫] -> 2024-08-30 [晒田补肥],2024-09-24 08:47,29645.17,前郭县第2深加工基地,"124.801423,45.104142",清理去石->砻谷脱壳->糙米碾白->抛光->色选->包装,2024-09-25 11:47,2024-09-25 19:15,WH-CN-863,平房仓(准低温),2024-09-26 06:15,2024-11-15 06:15,准低温低氧控制,LOG-CN-22569487799,散粮车,"防潮, 湿度<14%",2024-11-15 13:15,2024-11-19 19:22,武汉市,东西湖区,114.13,30.62,2024-11-20 19:22
CN-AG-202406-10721,小麦,新疆维吾尔自治区,奇台县,89.642894,43.968281,2023-10-10,2023-10-10 [深耕整地] -> 2023-11-17 [秋播种子处理] -> 2023-12-25 [越冬水灌溉] -> 2024-02-01 [拔节期追肥] -> 2024-03-10 [条锈病防治] -> 2024-04-17 [干热风防护],2024-06-01 14:50,29788.32,奇台县第4深加工基地,"89.588188,44.020138",磁选除杂->着水润麦->多级研磨->高方筛理->包装,2024-06-03 17:50,2024-06-03 20:45,WH-CN-719,钢板筒仓,2024-06-04 01:45,2024-07-08 01:45,准低温低氧控制,LOG-CN-34508260145,全封闭货车,"干燥, 禁止异味混载",2024-07-08 15:45,2024-07-10 16:15,武汉市,东西湖区,114.13,30.62,2024-07-11 16:15
CN-AG-202406-10722,小麦,安徽省,寿县,116.820299,32.607305,2023-11-03,2023-11-03 [深耕整地] -> 2023-12-11 [秋播种子处理] -> 2024-01-18 [越冬水灌溉] -> 2024-02-25 [拔节期追肥] -> 2024-04-03 [条锈病防治] -> 2024-05-11 [干热风防护],2024-06-15 10:32,11586.95,寿县第3深加工基地,"116.783872,32.566644",磁选除杂->着水润麦->多级研磨->高方筛理->包装,2024-06-16 13:32,2024-06-16 17:43,WH-CN-874,钢板筒仓,2024-06-17 01:43,2024-07-06 01:43,准低温低氧控制,LOG-CN-44325294511,全封闭货车,"干燥, 禁止异味混载",2024-07-06 08:43,2024-07-11 02:31,深圳市,宝安区,113.88,22.55,2024-07-12 02:31
CN-AG-202406-10723,小麦,新疆维吾尔自治区,玛纳斯县,86.228558,44.332535,2023-10-29,2023-10-29 [深耕整地] -> 2023-12-06 [秋播种子处理] -> 2024-01-13 [越冬水灌溉] -> 2024-02-20 [拔节期追肥] -> 2024-03-29 [条锈病防治] -> 2024-05-06 [干热风防护],2024-06-20 14:32,13808.39,玛纳斯县第2深加工基地,"86.217518,44.293032",磁选除杂->着水润麦->多级研磨->高方筛理->包装,2024-06-23 17:32,2024-06-23 23:40,WH-CN-166,钢板筒仓,2024-06-24 07:40,2024-07-26 07:40,准低温低氧控制,LOG-CN-18854588656,全封闭货车,"干燥, 禁止异味混载",2024-07-26 13:40,2024-07-31 01:36,深圳市,宝安区,113.88,22.55,2024-08-03 01:36
CN-AG-202409-10724,玉米,安徽省,蒙城县,116.533897,33.264691,2024-05-28,2024-05-28 [免耕直播] -> 2024-06-19 [苗期中耕] -> 2024-07-11 [喇叭口期追肥] -> 2024-08-02 [大斑病防治] -> 2024-08-24 [人工授粉辅助],2024-09-20 14:05,14185.31,蒙城县第3深加工基地,"116.550751,33.258505",物理清理->脱粒烘干->破碎加工->筛理分级,2024-09-24 16:05,2024-09-25 00:56,WH-CN-561,现代化圆筒仓,2024-09-25 05:56,2024-10-25 05:56,避光控温控制,LOG-CN-77907579187,重型散粮卡车,"通风良好, 严控高温",2024-10-25 20:56,2024-10-30 11:00,武汉市,东西湖区,114.13,30.62,2024-11-02 11:00
CN-AG-202406-10725,小麦,山东省,汶上县,116.511866,35.685344,2023-11-05,2023-11-05 [深耕整地] -> 2023-12-13 [秋播种子处理] -> 2024-01-20 [越冬水灌溉] -> 2024-02-27 [拔节期追肥] -> 2024-04-05 [条锈病防治] -> 2024-05-13 [干热风防护],2024-06-25 15:20,21226.84,汶上县第4深加工基地,"116.478331,35.72",磁选除杂->着水润麦->多级研磨->高方筛理->包装,2024-06-27 18:20,2024-06-28 01:50,WH-CN-563,钢板筒仓,2024-06-28 07:50,2024-07-10 07:50,准低温低氧控制,LOG-CN-27835645622,全封闭货车,"干燥, 禁止异味混载",2024-07-10 20:50,2024-07-14 08:10,武汉市,江岸区,114.3,30.59,2024-07-16 08:10
CN-AG-202409-10726,玉米,河北省,藁城区,114.786556,38.032701,2024-06-10,2024-06-10 [免耕直播] -> 2024-07-02 [苗期中耕] -> 2024-07-24 [喇叭口期追肥] -> 2024-08-15 [大斑病防治] -> 2024-09-06 [人工授粉辅助],2024-09-28 10:50,12594.78,藁城区第1深加工基地,"114.834523,38.039462",物理清理->脱粒烘干->破碎加工->筛理分级,2024-10-02 13:50,2024-10-02 19:44,WH-CN-500,现代化圆筒仓,2024-10-03 04:44,2024-10-13 04:44,避光控温控制,LOG-CN-29208331664,重型散粮卡车,"通风良好, 严控高温",2024-10-13 12:44,2024-10-15 08:21,南京市,南京浦口区,118.62,32.05,2024-10-16 08:21
CN-AG-202410-10727,棉花,甘肃省,瓜州县,95.746473,40.486504,2024-04-07,2024-04-07 [覆膜播种] -> 2024-05-13 [人工打顶] -> 2024-06-18 [叶面喷施补硼] -> 2024-07-24 [枯萎病监测] -> 2024-08-29 [喷施脱叶剂],2024-10-01 15:25,22056.97,瓜州县第1深加工基地,"95.760029,40.504608",皮棉清理->锯齿轧花->纤维分级->压力打包,2024-10-04 21:25,2024-10-05 02:17,WH-CN-461,专业纤维库,2024-10-05 09:17,2024-10-27 09:17,避光控温控制,LOG-CN-27014252736,高栏平板车,"严禁烟火, 防静电, 干燥",2024-10-27 22:17,2024-10-31 05:44,西安市,长安区,108.87,34.15,2024-11-01 05:44
CN-AG-202409-10728,大豆,吉林省,公主岭市,124.876021,43.547521,2024-05-20,2024-05-20 [拌种包衣] -> 2024-06-14 [等距点播] -> 2024-07-09 [结荚期根外追肥] -> 2024-08-03 [食心虫绿色防控] -> 2024-08-28 [除草中耕],2024-09-20 12:09,28942.01,公主岭市第4深加工基地,"124.823261,43.514486",磁选->破碎压胚->高温压榨->物理过滤->精炼,2024-09-24 15:09,2024-09-24 21:12,WH-CN-726,不锈钢储油罐区,2024-09-25 08:12,2024-10-05 08:12,准低温低氧控制,LOG-CN-92127709178,罐式车,"避光, 控温25℃下",2024-10-05 16:12,2024-10-08 11:52,成都市,新都区,104.15,30.82,2024-10-10 11:52
CN-AG-202410-10729,玉米,辽宁省,黑山县,122.161811,41.719028,2024-07-09,2024-07-09 [免耕直播] -> 2024-07-31 [苗期中耕] -> 2024-08-22 [喇叭口期追肥] -> 2024-09-13 [大斑病防治] -> 2024-10-05 [人工授粉辅助],2024-10-24 13:51,29089.86,黑山县第3深加工基地,"122.116059,41.688453",物理清理->脱粒烘干->破碎加工->筛理分级,2024-10-27 19:51,2024-10-28 02:23,WH-CN-749,现代化圆筒仓,2024-10-28 07:23,2024-11-08 07:23,避光控温控制,LOG-CN-78601484857,重型散粮卡车,"通风良好, 严控高温",2024-11-08 19:23,2024-11-11 02:36,西安市,未央区,108.94,34.29,2024-11-13 02:36
CN-AG-202411-10730,棉花,甘肃省,瓜州县,95.795515,40.489035,2024-05-30,2024-05-30 [覆膜播种] -> 2024-07-05 [人工打顶] -> 2024-08-10 [叶面喷施补硼] -> 2024-09-15 [枯萎病监测] -> 2024-10-21 [喷施脱叶剂],2024-11-23 11:57,35825.49,瓜州县第4深加工基地,"95.763632,40.516336",皮棉清理->锯齿轧花->纤维分级->压力打包,2024-11-26 17:57,2024-11-26 22:24,WH-CN-868,专业纤维库,2024-11-27 05:24,2024-12-22 05:24,避光控温控制,LOG-CN-92241560461,高栏平板车,"严禁烟火, 防静电, 干燥",2024-12-22 18:24,2024-12-23 20:44,西安市,长安区,108.87,34.15,2024-12-26 20:44
CN-AG-202406-10731,小麦,河南省,唐河县,112.878233,32.664513,2023-10-30,2023-10-30 [深耕整地] -> 2023-12-07 [秋播种子处理] -> 2024-01-14 [越冬水灌溉] -> 2024-02-21 [拔节期追肥] -> 2024-03-30 [条锈病防治] -> 2024-05-07 [干热风防护],2024-06-15 17:57,27157.44,唐河县第3深加工基地,"112.839697,32.686134",磁选除杂->着水润麦->多级研磨->高方筛理->包装,2024-06-16 22:57,2024-06-17 04:46,WH-CN-464,钢板筒仓,2024-06-17 11:46,2024-07-14 11:46,准低温低氧控制,LOG-CN-95147025607,全封闭货车,"干燥, 禁止异味混载",2024-07-14 17:46,2024-07-18 06:01,广州市,白云区,113.27,23.15,2024-07-19 06:01
CN-AG-202410-10732,水稻,安徽省,寿县,116.767183,32.60051,2024-05-20,2024-05-20 [播种育秧] -> 2024-06-12 [田间底肥] -> 2024-07-05 [插秧作业] -> 2024-07-28 [分蘖期灌溉] -> 2024-08-20 [除草控虫] -> 2024-09-12 [晒田补肥],2024-10-11 15:20,14885.97,寿县第4深加工基地,"116.78322,32.571813",清理去石->砻谷脱壳->糙米碾白->抛光->色选->包装,2024-10-13 18:20,2024-10-14 01:55,WH-CN-533,平房仓(准低温),2024-10-14 06:55,2024-11-11 06:55,准低温低氧控制,LOG-CN-13662322955,散粮车,"防潮, 湿度<14%",2024-11-11 15:55,2024-11-15 11:46,北京市,丰台区,116.28,39.85,2024-11-18 11:46
CN-AG-202406-10733,小麦,河南省,正阳县,114.38534,32.549415,2023-10-24,2023-10-24 [深耕整地] -> 2023-12-01 [秋播种子处理] -> 2024-01-08 [越冬水灌溉] -> 2024-02-15 [拔节期追肥] -> 2024-03-24 [条锈病防治] -> 2024-05-01 [干热风防护],2024-06-05 12:01,20544.87,正阳县第3深加工基地,"114.373346,32.604186",磁选除杂->着水润麦->多级研磨->高方筛理->包装,2024-06-09 14:01,2024-06-09 19:39,WH-CN-210,钢板筒仓,2024-06-10 06:39,2024-06-29 06:39,准低温低氧控制,LOG-CN-48383706025,全封闭货车,"干燥, 禁止异味混载",2024-06-29 18:39,2024-07-03 17:49,西安市,长安区,108.87,34.15,2024-07-06 17:49
CN-AG-202409-10734,水稻,江苏省,射阳县,120.260053,33.783676,2024-05-07,2024-05-07 [播种育秧] -> 2024-05-30 [田间底肥] -> 2024-06-22 [插秧作业] -> 2024-07-15 [分蘖期灌溉] -> 2024-08-07 [除草控虫] -> 2024-08-30 [晒田补肥],2024-09-23 17:29,9961.35,射阳县第4深加工基地,"120.240848,33.759044",清理去石->砻谷脱壳->糙米碾白->抛光->色选->包装,2024-09-25 23:29,2024-09-26 03:04,WH-CN-663,平房仓(准低温),2024-09-26 12:04,2024-10-07 12:04,准低温低氧控制,LOG-CN-96008718392,散粮车,"防潮, 湿度<14%",2024-10-07 23:04,2024-10-11 21:34,上海市,浦东新区,121.54,31.22,2024-10-13 21:34
CN-AG-202406-10735,小麦,江苏省,兴化市,119.862186,32.901839,2023-10-25,2023-10-25 [深耕整地] -> 2023-12-02 [秋播种子处理] -> 2024-01-09 [越冬水灌溉] -> 2024-02-16 [拔节期追肥] -> 2024-03-25 [条锈病防治] -> 2024-05-02 [干热风防护],2024-06-06 13:39,9896.9,兴化市第1深加工基地,"119.854288,32.925931",磁选除杂->着水润麦->多级研磨->高方筛理->包装,2024-06-09 17:39,2024-06-10 00:58,WH-CN-635,钢板筒仓,2024-06-10 04:58,2024-07-22 04:58,准低温低氧控制,LOG-CN-43130749777,全封闭货车,"干燥, 禁止异味混载",2024-07-22 12:58,2024-07-26 04:02,北京市,丰台区,116.28,39.85,2024-07-27 04:02
CN-AG-202407-10736,大麦,吉林省,前郭县,124.762302,45.141081,2024-04-02,2024-04-02 [翻耕播种] -> 2024-04-27 [分蘖期施氮] -> 2024-05-22 [化学除草] -> 2024-06-16 [灌浆期监控],2024-07-11 09:26,33799.61,前郭县第2深加工基地,"124.810178,45.110277",杂质清理->脱壳处理->分级磨皮->包装,2024-07-12 14:26,2024-07-12 20:21,WH-CN-559,平房仓,2024-07-13 08:21,2024-07-26 08:21,避光控温控制,LOG-CN-23568061345,散装车,防霉通风,2024-07-26 20:21,2024-07-31 12:30,南京市,南京浦口区,118.62,32.05,2024-08-03 12:30
CN-AG-202405-10737,油菜籽,甘肃省,民乐县,100.861951,38.414314,2023-10-10,2023-10-10 [育苗移栽] -> 2023-12-01 [越冬防冻肥] -> 2024-01-22 [薹期水肥调节] -> 2024-03-14 [菌核病无人机防治],2024-05-02 16:01,18563.38,民乐县第4深加工基地,"100.813944,38.43655",多级筛选->炒籽->螺旋压榨->精制过滤,2024-05-04 21:01,2024-05-04 23:52,WH-CN-119,恒温罐区,2024-05-05 03:52,2024-05-29 03:52,避光控温控制,LOG-CN-75668501192,罐式车,"避光, 防氧化",2024-05-29 11:52,2024-06-02 04:12,深圳市,福田区,114.05,22.54,2024-06-04 04:12
CN-AG-202409-10738,大豆,黑龙江省,富锦市,132.025406,47.275719,2024-05-05,2024-05-05 [拌种包衣] -> 2024-05-30 [等距点播] -> 2024-06-24 [结荚期根外追肥] -> 2024-07-19 [食心虫绿色防控] -> 2024-08-13 [除草中耕],2024-09-02 11:37,22820.2,富锦市第2深加工基地,"132.033892,47.25842",磁选->破碎压胚->高温压榨->物理过滤->精炼,2024-09-04 14:37,2024-09-04 22:05,WH-CN-506,不锈钢储油罐区,2024-09-05 09:05,2024-09-15 09:05,准低温低氧控制,LOG-CN-28093745178,罐式车,"避光, 控温25℃下",2024-09-15 16:05,2024-09-19 19:01,武汉市,东西湖区,114.13,30.62,2024-09-21 19:01
CN-AG-202406-10739,小麦,湖北省,枣阳市,112.793403,32.157478,2023-10-20,2023-10-20 [深耕整地] -> 2023-11-27 [秋播种子处理] -> 2024-01-04 [越冬水灌溉] -> 2024-02-11 [拔节期追肥] -> 2024-03-20 [条锈病防治] -> 2024-04-27 [干热风防护],2024-06-09 16:23,18742.14,枣阳市第3深加工基地,"112.756141,32.125481",磁选除杂->着水润麦->多级研磨->高方筛理->包装,2024-06-13 19:23,2024-06-14 05:00,WH-CN-562,钢板筒仓,2024-06-14 12:00,2024-08-01 12:00,准低温低氧控制,LOG-CN-70253312258,全封闭货车,"干燥, 禁止异味混载",2024-08-01 21:00,2024-08-04 14:57,成都市,龙泉驿区,104.27,30.55,2024-08-06 14:57
CN-AG-202405-10740,油菜籽,湖南省,桃源县,111.461441,28.863429,2023-10-08,2023-10-08 [育苗移栽] -> 2023-11-29 [越冬防冻肥] -> 2024-01-20 [薹期水肥调节] -> 2024-03-12 [菌核病无人机防治],2024-05-06 09:02,13043.35,桃源县第3深加工基地,"111.489571,28.896712",多级筛选->炒籽->螺旋压榨->精制过滤,2024-05-07 12:02,2024-05-07 16:14,WH-CN-322,恒温罐区,2024-05-08 00:14,2024-05-31 00:14,避光控温控制,LOG-CN-12195155142,罐式车,"避光, 防氧化",2024-05-31 13:14,2024-06-01 19:55,成都市,龙泉驿区,104.27,30.55,2024-06-04 19:55
CN-AG-202408-10741,花生,河南省,正阳县,114.40414,32.642784,2024-04-29,2024-04-29 [清棵蹲苗] -> 2024-05-23 [培土迎葑] -> 2024-06-16 [钙镁肥补充] -> 2024-07-10 [下针期控旺] -> 2024-08-03 [地下虫害防治],2024-08-27 10:55,21806.15,正阳县第5深加工基地,"114.381241,32.604541",剥壳分选->烘炒->压榨提取->物理精炼,2024-08-29 15:55,2024-08-30 00:33,WH-CN-392,避光库房,2024-08-30 10:33,2024-09-29 10:33,避光控温控制,LOG-CN-44092699536,厢式货车,避光防潮,2024-09-30 01:33,2024-10-05 01:43,西安市,未央区,108.94,34.29,2024-10-07 01:43
CN-AG-202409-10742,玉米,吉林省,公主岭市,124.819551,43.573651,2024-06-15,2024-06-15 [免耕直播] -> 2024-07-07 [苗期中耕] -> 2024-07-29 [喇叭口期追肥] -> 2024-08-20 [大斑病防治] -> 2024-09-11 [人工授粉辅助],2024-09-28 08:39,17881.74,公主岭市第2深加工基地,"124.813261,43.51761",物理清理->脱粒烘干->破碎加工->筛理分级,2024-09-29 12:39,2024-09-29 15:09,WH-CN-533,现代化圆筒仓,2024-09-29 23:09,2024-11-06 23:09,避光控温控制,LOG-CN-20191188449,重型散粮卡车,"通风良好, 严控高温",2024-11-07 14:09,2024-11-09 10:15,南京市,南京浦口区,118.62,32.05,2024-11-10 10:15
CN-AG-202410-10743,棉花,甘肃省,瓜州县,95.798133,40.544345,2024-04-17,2024-04-17 [覆膜播种] -> 2024-05-23 [人工打顶] -> 2024-06-28 [叶面喷施补硼] -> 2024-08-03 [枯萎病监测] -> 2024-09-08 [喷施脱叶剂],2024-10-10 08:57,8940.54,瓜州县第2深加工基地,"95.760504,40.507687",皮棉清理->锯齿轧花->纤维分级->压力打包,2024-10-13 11:57,2024-10-13 16:41,WH-CN-566,专业纤维库,2024-10-14 03:41,2024-11-06 03:41,避光控温控制,LOG-CN-46753945614,高栏平板车,"严禁烟火, 防静电, 干燥",2024-11-06 09:41,2024-11-09 21:52,上海市,宝山区,121.48,31.4,2024-11-10 21:52
CN-AG-202411-10744,棉花,甘肃省,瓜州县,95.71137,40.55068,2024-05-11,2024-05-11 [覆膜播种] -> 2024-06-16 [人工打顶] -> 2024-07-22 [叶面喷施补硼] -> 2024-08-27 [枯萎病监测] -> 2024-10-02 [喷施脱叶剂],2024-11-03 10:13,36409.28,瓜州县第1深加工基地,"95.779405,40.514074",皮棉清理->锯齿轧花->纤维分级->压力打包,2024-11-07 15:13,2024-11-07 17:58,WH-CN-888,专业纤维库,2024-11-07 21:58,2024-12-18 21:58,避光控温控制,LOG-CN-48123743882,高栏平板车,"严禁烟火, 防静电, 干燥",2024-12-19 09:58,2024-12-21 07:58,南京市,江宁区,118.83,31.95,2024-12-24 07:58
CN-AG-202409-10745,玉米,河南省,滑县,114.488197,35.562519,2024-06-03,2024-06-03 [免耕直播] -> 2024-06-25 [苗期中耕] -> 2024-07-17 [喇叭口期追肥] -> 2024-08-08 [大斑病防治] -> 2024-08-30 [人工授粉辅助],2024-09-26 12:01,32718.73,滑县第1深加工基地,"114.526343,35.574097",物理清理->脱粒烘干->破碎加工->筛理分级,2024-09-29 15:01,2024-09-29 19:31,WH-CN-393,现代化圆筒仓,2024-09-30 06:31,2024-10-10 06:31,避光控温控制,LOG-CN-20153452131,重型散粮卡车,"通风良好, 严控高温",2024-10-10 18:31,2024-10-14 18:15,北京市,丰台区,116.28,39.85,2024-10-16 18:15
CN-AG-202405-10746,油菜籽,湖南省,桃源县,111.536044,28.905572,2023-11-02,2023-11-02 [育苗移栽] -> 2023-12-24 [越冬防冻肥] -> 2024-02-14 [薹期水肥调节] -> 2024-04-06 [菌核病无人机防治],2024-05-27 15:34,19062.27,桃源县第4深加工基地,"111.480096,28.891033",多级筛选->炒籽->螺旋压榨->精制过滤,2024-05-30 19:34,2024-05-31 04:15,WH-CN-455,恒温罐区,2024-05-31 16:15,2024-07-14 16:15,避光控温控制,LOG-CN-51950291149,罐式车,"避光, 防氧化",2024-07-15 03:15,2024-07-18 07:26,广州市,白云区,113.27,23.15,2024-07-21 07:26
CN-AG-202411-10747,棉花,新疆维吾尔自治区,沙雅县,82.823517,41.246214,2024-05-12,2024-05-12 [覆膜播种] -> 2024-06-17 [人工打顶] -> 2024-07-23 [叶面喷施补硼] -> 2024-08-28 [枯萎病监测] -> 2024-10-03 [喷施脱叶剂],2024-11-12 14:05,37140.45,沙雅县第2深加工基地,"82.786,41.213585",皮棉清理->锯齿轧花->纤维分级->压力打包,2024-11-15 17:05,2024-11-15 22:25,WH-CN-713,专业纤维库,2024-11-16 07:25,2024-12-25 07:25,避光控温控制,LOG-CN-84481819078,高栏平板车,"严禁烟火, 防静电, 干燥",2024-12-25 15:25,2024-12-26 20:46,西安市,长安区,108.87,34.15,2024-12-29 20:46
CN-AG-202406-10748,小麦,四川省,安岳县,105.317586,30.106325,2023-11-09,2023-11-09 [深耕整地] -> 2023-12-17 [秋播种子处理] -> 2024-01-24 [越冬水灌溉] -> 2024-03-02 [拔节期追肥] -> 2024-04-09 [条锈病防治] -> 2024-05-17 [干热风防护],2024-06-27 11:52,37707.68,安岳县第2深加工基地,"105.337306,30.092634",磁选除杂->着水润麦->多级研磨->高方筛理->包装,2024-06-28 16:52,2024-06-29 02:52,WH-CN-857,钢板筒仓,2024-06-29 07:52,2024-08-10 07:52,准低温低氧控制,LOG-CN-75862892834,全封闭货车,"干燥, 禁止异味混载",2024-08-10 14:52,2024-08-14 15:52,北京市,丰台区,116.28,39.85,2024-08-16 15:52
CN-AG-202410-10749,水稻,辽宁省,盘山县,122.017175,41.198873,2024-05-26,2024-05-26 [播种育秧] -> 2024-06-18 [田间底肥] -> 2024-07-11 [插秧作业] -> 2024-08-03 [分蘖期灌溉] -> 2024-08-26 [除草控虫] -> 2024-09-18 [晒田补肥],2024-10-18 14:33,36333.2,盘山县第2深加工基地,"122.047428,41.235801",清理去石->砻谷脱壳->糙米碾白->抛光->色选->包装,2024-10-22 17:33,2024-10-23 00:58,WH-CN-833,平房仓(准低温),2024-10-23 09:58,2024-11-28 09:58,准低温低氧控制,LOG-CN-74887510654,散粮车,"防潮, 湿度<14%",2024-11-28 22:58,2024-11-30 18:51,上海市,浦东新区,121.54,31.22,2024-12-03 18:51
CN-AG-202411-10750,棉花,新疆维吾尔自治区,沙雅县,82.815602,41.240724,2024-05-14,2024-05-14 [覆膜播种] -> 2024-06-19 [人工打顶] -> 2024-07-25 [叶面喷施补硼] -> 2024-08-30 [枯萎病监测] -> 2024-10-05 [喷施脱叶剂],2024-11-08 14:19,7496.77,沙雅县第3深加工基地,"82.782497,41.215009",皮棉清理->锯齿轧花->纤维分级->压力打包,2024-11-09 17:19,2024-11-09 20:01,WH-CN-563,专业纤维库,2024-11-10 00:01,2024-11-21 00:01,避光控温控制,LOG-CN-26969470163,高栏平板车,"严禁烟火, 防静电, 干燥",2024-11-21 09:01,2024-11-23 08:53,成都市,武侯区,104.04,30.64,2024-11-26 08:53
CN-AG-202406-10751,小麦,江苏省,兴化市,119.88994,32.93861,2023-10-15,2023-10-15 [深耕整地] -> 2023-11-22 [秋播种子处理] -> 2023-12-30 [越冬水灌溉] -> 2024-02-06 [拔节期追肥] -> 2024-03-15 [条锈病防治] -> 2024-04-22 [干热风防护],2024-06-01 17:19,22196.67,兴化市第1深加工基地,"119.840243,32.938122",磁选除杂->着水润麦->多级研磨->高方筛理->包装,2024-06-05 21:19,2024-06-06 01:35,WH-CN-611,钢板筒仓,2024-06-06 09:35,2024-07-13 09:35,准低温低氧控制,LOG-CN-58617448604,全封闭货车,"干燥, 禁止异味混载",2024-07-14 00:35,2024-07-18 03:37,西安市,长安区,108.87,34.15,2024-07-21 03:37
CN-AG-202409-10752,大豆,黑龙江省,富锦市,131.97622,47.270882,2024-05-23,2024-05-23 [拌种包衣] -> 2024-06-17 [等距点播] -> 2024-07-12 [结荚期根外追肥] -> 2024-08-06 [食心虫绿色防控] -> 2024-08-31 [除草中耕],2024-09-28 14:48,21620.51,富锦市第5深加工基地,"132.025753,47.250977",磁选->破碎压胚->高温压榨->物理过滤->精炼,2024-09-29 19:48,2024-09-30 04:10,WH-CN-194,不锈钢储油罐区,2024-09-30 13:10,2024-11-10 13:10,准低温低氧控制,LOG-CN-40421101675,罐式车,"避光, 控温25℃下",2024-11-10 19:10,2024-11-14 09:58,北京市,海淀区,116.3,39.96,2024-11-15 09:58
CN-AG-202406-10753,小麦,四川省,安岳县,105.312355,30.076813,2023-10-23,2023-10-23 [深耕整地] -> 2023-11-30 [秋播种子处理] -> 2024-01-07 [越冬水灌溉] -> 2024-02-14 [拔节期追肥] -> 2024-03-23 [条锈病防治] -> 2024-04-30 [干热风防护],2024-06-13 13:15,28933.83,安岳县第5深加工基地,"105.326681,30.102426",磁选除杂->着水润麦->多级研磨->高方筛理->包装,2024-06-17 15:15,2024-06-17 20:30,WH-CN-983,钢板筒仓,2024-06-18 04:30,2024-08-02 04:30,准低温低氧控制,LOG-CN-72304060612,全封闭货车,"干燥, 禁止异味混载",2024-08-02 19:30,2024-08-05 23:36,西安市,雁塔区,108.94,34.21,2024-08-06 23:36
CN-AG-202410-10754,玉米,吉林省,公主岭市,124.808543,43.547924,2024-06-18,2024-06-18 [免耕直播] -> 2024-07-10 [苗期中耕] -> 2024-08-01 [喇叭口期追肥] -> 2024-08-23 [大斑病防治] -> 2024-09-14 [人工授粉辅助],2024-10-09 17:24,6393.58,公主岭市第5深加工基地,"124.825675,43.511367",物理清理->脱粒烘干->破碎加工->筛理分级,2024-10-10 21:24,2024-10-11 04:53,WH-CN-439,现代化圆筒仓,2024-10-11 09:53,2024-11-23 09:53,避光控温控制,LOG-CN-24717700168,重型散粮卡车,"通风良好, 严控高温",2024-11-23 22:53,2024-11-26 12:47,西安市,雁塔区,108.94,34.21,2024-11-27 12:47
CN-AG-202409-10755,水稻,广西壮族自治区,桂平市,110.071932,23.364291,2024-04-22,2024-04-22 [播种育秧] -> 2024-05-15 [田间底肥] -> 2024-06-07 [插秧作业] -> 2024-06-30 [分蘖期灌溉] -> 2024-07-23 [除草控虫] -> 2024-08-15 [晒田补肥],2024-09-07 15:31,25424.94,桂平市第4深加工基地,"110.076649,23.393709",清理去石->砻谷脱壳->糙米碾白->抛光->色选->包装,2024-09-08 20:31,2024-09-09 05:38,WH-CN-334,平房仓(准低温),2024-09-09 11:38,2024-10-13 11:38,准低温低氧控制,LOG-CN-73195409854,散粮车,"防潮, 湿度<14%",2024-10-13 19:38,2024-10-15 23:59,北京市,海淀区,116.3,39.96,2024-10-18 23:59
CN-AG-202409-10756,水稻,广西壮族自治区,武宣县,109.644871,23.53679,2024-04-15,2024-04-15 [播种育秧] -> 2024-05-08 [田间底肥] -> 2024-05-31 [插秧作业] -> 2024-06-23 [分蘖期灌溉] -> 2024-07-16 [除草控虫] -> 2024-08-08 [晒田补肥],2024-09-06 10:08,24021.96,武宣县第4深加工基地,"109.662835,23.598889",清理去石->砻谷脱壳->糙米碾白->抛光->色选->包装,2024-09-07 15:08,2024-09-07 21:52,WH-CN-585,平房仓(准低温),2024-09-08 06:52,2024-10-15 06:52,准低温低氧控制,LOG-CN-44503778108,散粮车,"防潮, 湿度<14%",2024-10-15 20:52,2024-10-20 13:15,北京市,丰台区,116.28,39.85,2024-10-23 13:15
CN-AG-202406-10757,小麦,江苏省,兴化市,119.865874,32.950577,2023-10-12,2023-10-12 [深耕整地] -> 2023-11-19 [秋播种子处理] -> 2023-12-27 [越冬水灌溉] -> 2024-02-03 [拔节期追肥] -> 2024-03-12 [条锈病防治] -> 2024-04-19 [干热风防护],2024-06-03 09:16,11537.68,兴化市第2深加工基地,"119.848367,32.92398",磁选除杂->着水润麦->多级研磨->高方筛理->包装,2024-06-06 14:16,2024-06-06 20:11,WH-CN-556,钢板筒仓,2024-06-07 08:11,2024-07-02 08:11,准低温低氧控制,LOG-CN-59589344056,全封闭货车,"干燥, 禁止异味混载",2024-07-02 14:11,2024-07-04 10:16,广州市,天河区,113.33,23.13,2024-07-07 10:16
CN-AG-202410-10758,水稻,湖北省,钟祥市,112.532165,31.200113,2024-05-15,2024-05-15 [播种育秧] -> 2024-06-07 [田间底肥] -> 2024-06-30 [插秧作业] -> 2024-07-23 [分蘖期灌溉] -> 2024-08-15 [除草控虫] -> 2024-09-07 [晒田补肥],2024-10-03 10:37,5391.78,钟祥市第1深加工基地,"112.575526,31.165557",清理去石->砻谷脱壳->糙米碾白->抛光->色选->包装,2024-10-04 16:37,2024-10-04 19:27,WH-CN-622,平房仓(准低温),2024-10-05 02:27,2024-10-27 02:27,准低温低氧控制,LOG-CN-13384808313,散粮车,"防潮, 湿度<14%",2024-10-27 10:27,2024-11-01 10:11,广州市,白云区,113.27,23.15,2024-11-03 10:11
CN-AG-202409-10759,水稻,辽宁省,盘山县,122.097644,41.231842,2024-04-25,2024-04-25 [播种育秧] -> 2024-05-18 [田间底肥] -> 2024-06-10 [插秧作业] -> 2024-07-03 [分蘖期灌溉] -> 2024-07-26 [除草控虫] -> 2024-08-18 [晒田补肥],2024-09-10 10:20,27168.88,盘山县第5深加工基地,"122.040374,41.23135",清理去石->砻谷脱壳->糙米碾白->抛光->色选->包装,2024-09-14 13:20,2024-09-14 17:26,WH-CN-979,平房仓(准低温),2024-09-15 04:26,2024-10-25 04:26,准低温低氧控制,LOG-CN-22042529775,散粮车,"防潮, 湿度<14%",2024-10-25 11:26,2024-10-27 09:50,西安市,雁塔区,108.94,34.21,2024-10-30 09:50
CN-AG-202410-10760,棉花,新疆维吾尔自治区,沙雅县,82.836481,41.181524,2024-04-28,2024-04-28 [覆膜播种] -> 2024-06-03 [人工打顶] -> 2024-07-09 [叶面喷施补硼] -> 2024-08-14 [枯萎病监测] -> 2024-09-19 [喷施脱叶剂],2024-10-28 09:30,19223.7,沙雅县第4深加工基地,"82.778072,41.212266",皮棉清理->锯齿轧花->纤维分级->压力打包,2024-10-29 15:30,2024-10-29 19:24,WH-CN-143,专业纤维库,2024-10-30 02:24,2024-12-19 02:24,避光控温控制,LOG-CN-56689166667,高栏平板车,"严禁烟火, 防静电, 干燥",2024-12-19 13:24,2024-12-21 18:16,南京市,南京浦口区,118.62,32.05,2024-12-23 18:16
CN-AG-202406-10761,小麦,河北省,宁晋县,114.944547,37.648546,2023-11-03,2023-11-03 [深耕整地] -> 2023-12-11 [秋播种子处理] -> 2024-01-18 [越冬水灌溉] -> 2024-02-25 [拔节期追肥] -> 2024-04-03 [条锈病防治] -> 2024-05-11 [干热风防护],2024-06-22 13:25,32058.47,宁晋县第4深加工基地,"114.91693,37.618455",磁选除杂->着水润麦->多级研磨->高方筛理->包装,2024-06-24 16:25,2024-06-24 23:00,WH-CN-714,钢板筒仓,2024-06-25 11:00,2024-07-31 11:00,准低温低氧控制,LOG-CN-65967349515,全封闭货车,"干燥, 禁止异味混载",2024-08-01 02:00,2024-08-04 20:18,广州市,天河区,113.33,23.13,2024-08-06 20:18
CN-AG-202409-10762,玉米,吉林省,公主岭市,124.791713,43.507713,2024-06-08,2024-06-08 [免耕直播] -> 2024-06-30 [苗期中耕] -> 2024-07-22 [喇叭口期追肥] -> 2024-08-13 [大斑病防治] -> 2024-09-04 [人工授粉辅助],2024-09-25 08:23,31509.62,公主岭市第5深加工基地,"124.819661,43.514107",物理清理->脱粒烘干->破碎加工->筛理分级,2024-09-29 12:23,2024-09-29 18:50,WH-CN-811,现代化圆筒仓,2024-09-30 03:50,2024-10-29 03:50,避光控温控制,LOG-CN-94534335686,重型散粮卡车,"通风良好, 严控高温",2024-10-29 16:50,2024-11-02 10:21,武汉市,江岸区,114.3,30.59,2024-11-04 10:21
CN-AG-202410-10763,水稻,湖南省,桃源县,111.454495,28.872224,2024-05-22,2024-05-22 [播种育秧] -> 2024-06-14 [田间底肥] -> 2024-07-07 [插秧作业] -> 2024-07-30 [分蘖期灌溉] -> 2024-08-22 [除草控虫] -> 2024-09-14 [晒田补肥],2024-10-11 09:44,15956.81,桃源县第3深加工基地,"111.489371,28.903135",清理去石->砻谷脱壳->糙米碾白->抛光->色选->包装,2024-10-14 15:44,2024-10-14 22:38,WH-CN-345,平房仓(准低温),2024-10-15 03:38,2024-11-10 03:38,准低温低氧控制,LOG-CN-38200819364,散粮车,"防潮, 湿度<14%",2024-11-10 13:38,2024-11-14 18:10,成都市,龙泉驿区,104.27,30.55,2024-11-15 18:10
CN-AG-202409-10764,大豆,山东省,莒南县,118.779238,35.182436,2024-05-20,2024-05-20 [拌种包衣] -> 2024-06-14 [等距点播] -> 2024-07-09 [结荚期根外追肥] -> 2024-08-03 [食心虫绿色防控] -> 2024-08-28 [除草中耕],2024-09-27 13:33,17652.04,莒南县第5深加工基地,"118.839028,35.161512",磁选->破碎压胚->高温压榨->物理过滤->精炼,2024-10-01 17:33,2024-10-01 22:18,WH-CN-666,不锈钢储油罐区,2024-10-02 08:18,2024-10-24 08:18,准低温低氧控制,LOG-CN-37149100271,罐式车,"避光, 控温25℃下",2024-10-24 18:18,2024-10-26 19:01,广州市,番禺区,113.38,22.93,2024-10-29 19:01
CN-AG-202410-10765,棉花,江苏省,射阳县,120.201048,33.725675,2024-04-29,2024-04-29 [覆膜播种] -> 2024-06-04 [人工打顶] -> 2024-07-10 [叶面喷施补硼] -> 2024-08-15 [枯萎病监测] -> 2024-09-20 [喷施脱叶剂],2024-10-24 12:40,14475.92,射阳县第5深加工基地,"120.252473,33.751981",皮棉清理->锯齿轧花->纤维分级->压力打包,2024-10-26 18:40,2024-10-27 03:54,WH-CN-570,专业纤维库,2024-10-27 12:54,2024-11-17 12:54,避光控温控制,LOG-CN-55257825390,高栏平板车,"严禁烟火, 防静电, 干燥",2024-11-17 21:54,2024-11-21 00:24,西安市,未央区,108.94,34.29,2024-11-24 00:24
CN-AG-202410-10766,棉花,新疆维吾尔自治区,沙雅县,82.752088,41.237821,2024-04-09,2024-04-09 [覆膜播种] -> 2024-05-15 [人工打顶] -> 2024-06-20 [叶面喷施补硼] -> 2024-07-26 [枯萎病监测] -> 2024-08-31 [喷施脱叶剂],2024-10-09 09:24,22889.14,沙雅县第4深加工基地,"82.7893,41.210302",皮棉清理->锯齿轧花->纤维分级->压力打包,2024-10-13 11:24,2024-10-13 14:28,WH-CN-303,专业纤维库,2024-10-13 21:28,2024-11-08 21:28,避光控温控制,LOG-CN-15436145306,高栏平板车,"严禁烟火, 防静电, 干燥",2024-11-09 11:28,2024-11-13 14:20,西安市,未央区,108.94,34.29,2024-11-15 14:20
CN-AG-202406-10767,小麦,江苏省,兴化市,119.871123,32.900107,2023-10-30,2023-10-30 [深耕整地] -> 2023-12-07 [秋播种子处理] -> 2024-01-14 [越冬水灌溉] -> 2024-02-21 [拔节期追肥] -> 2024-03-30 [条锈病防治] -> 2024-05-07 [干热风防护],2024-06-16 14:24,23732.79,兴化市第2深加工基地,"119.8522,32.934133",磁选除杂->着水润麦->多级研磨->高方筛理->包装,2024-06-17 17:24,2024-06-17 21:26,WH-CN-902,钢板筒仓,2024-06-18 02:26,2024-07-21 02:26,准低温低氧控制,LOG-CN-37587708314,全封闭货车,"干燥, 禁止异味混载",2024-07-21 09:26,2024-07-23 20:32,北京市,朝阳区,116.48,39.92,2024-07-26 20:32
CN-AG-202409-10768,大豆,黑龙江省,嫩江市,125.192532,49.147549,2024-05-03,2024-05-03 [拌种包衣] -> 2024-05-28 [等距点播] -> 2024-06-22 [结荚期根外追肥] -> 2024-07-17 [食心虫绿色防控] -> 2024-08-11 [除草中耕],2024-09-04 13:39,24379.86,嫩江市第3深加工基地,"125.227322,49.171953",磁选->破碎压胚->高温压榨->物理过滤->精炼,2024-09-07 18:39,2024-09-07 23:12,WH-CN-880,不锈钢储油罐区,2024-09-08 06:12,2024-10-02 06:12,准低温低氧控制,LOG-CN-32419180853,罐式车,"避光, 控温25℃下",2024-10-02 17:12,2024-10-04 23:21,成都市,新都区,104.15,30.82,2024-10-05 23:21
CN-AG-202406-10769,小麦,河北省,藁城区,114.792709,38.083608,2023-10-16,2023-10-16 [深耕整地] -> 2023-11-23 [秋播种子处理] -> 2023-12-31 [越冬水灌溉] -> 2024-02-07 [拔节期追肥] -> 2024-03-16 [条锈病防治] -> 2024-04-23 [干热风防护],2024-06-06 09:36,36215.98,藁城区第2深加工基地,"114.848895,38.023097",磁选除杂->着水润麦->多级研磨->高方筛理->包装,2024-06-09 14:36,2024-06-09 18:09,WH-CN-386,钢板筒仓,2024-06-09 23:09,2024-07-04 23:09,准低温低氧控制,LOG-CN-10461223270,全封闭货车,"干燥, 禁止异味混载",2024-07-05 08:09,2024-07-08 18:48,南京市,玄武区,118.79,32.06,2024-07-09 18:48
CN-AG-202406-10770,小麦,甘肃省,永昌县,102.015959,38.268384,2023-11-01,2023-11-01 [深耕整地] -> 2023-12-09 [秋播种子处理] -> 2024-01-16 [越冬水灌溉] -> 2024-02-23 [拔节期追肥] -> 2024-04-01 [条锈病防治] -> 2024-05-09 [干热风防护],2024-06-19 17:54,36084.14,永昌县第5深加工基地,"101.971752,38.234053",磁选除杂->着水润麦->多级研磨->高方筛理->包装,2024-06-23 20:54,2024-06-24 01:22,WH-CN-868,钢板筒仓,2024-06-24 06:22,2024-07-09 06:22,准低温低氧控制,LOG-CN-11632786090,全封闭货车,"干燥, 禁止异味混载",2024-07-09 19:22,2024-07-13 03:31,南京市,南京浦口区,118.62,32.05,2024-07-16 03:31
CN-AG-202409-10771,水稻,湖北省,枣阳市,112.771613,32.154137,2024-05-02,2024-05-02 [播种育秧] -> 2024-05-25 [田间底肥] -> 2024-06-17 [插秧作业] -> 2024-07-10 [分蘖期灌溉] -> 2024-08-02 [除草控虫] -> 2024-08-25 [晒田补肥],2024-09-22 15:27,29620.97,枣阳市第5深加工基地,"112.740308,32.128163",清理去石->砻谷脱壳->糙米碾白->抛光->色选->包装,2024-09-25 19:27,2024-09-25 22:07,WH-CN-957,平房仓(准低温),2024-09-26 09:07,2024-11-07 09:07,准低温低氧控制,LOG-CN-33096892169,散粮车,"防潮, 湿度<14%",2024-11-08 00:07,2024-11-10 02:30,南京市,江宁区,118.83,31.95,2024-11-11 02:30
CN-AG-202406-10772,小麦,河北省,宁晋县,114.890372,37.629951,2023-10-26,2023-10-26 [深耕整地] -> 2023-12-03 [秋播种子处理] -> 2024-01-10 [越冬水灌溉] -> 2024-02-17 [拔节期追肥] -> 2024-03-26 [条锈病防治] -> 2024-05-03 [干热风防护],2024-06-11 13:25,7264.32,宁晋县第1深加工基地,"114.929152,37.619005",磁选除杂->着水润麦->多级研磨->高方筛理->包装,2024-06-13 17:25,2024-06-13 21:53,WH-CN-498,钢板筒仓,2024-06-14 07:53,2024-08-01 07:53,准低温低氧控制,LOG-CN-59699886297,全封闭货车,"干燥, 禁止异味混载",2024-08-01 22:53,2024-08-04 06:34,西安市,雁塔区,108.94,34.21,2024-08-07 06:34
CN-AG-202406-10773,小麦,山东省,汶上县,116.520776,35.717884,2023-10-28,2023-10-28 [深耕整地] -> 2023-12-05 [秋播种子处理] -> 2024-01-12 [越冬水灌溉] -> 2024-02-19 [拔节期追肥] -> 2024-03-28 [条锈病防治] -> 2024-05-05 [干热风防护],2024-06-16 14:46,10898.96,汶上县第5深加工基地,"116.483449,35.723771",磁选除杂->着水润麦->多级研磨->高方筛理->包装,2024-06-20 16:46,2024-06-20 22:59,WH-CN-760,钢板筒仓,2024-06-21 06:59,2024-07-23 06:59,准低温低氧控制,LOG-CN-93825605983,全封闭货车,"干燥, 禁止异味混载",2024-07-23 17:59,2024-07-26 03:29,深圳市,南山区,113.93,22.54,2024-07-27 03:29
CN-AG-202409-10774,水稻,湖北省,监利市,112.852227,29.887241,2024-04-28,2024-04-28 [播种育秧] -> 2024-05-21 [田间底肥] -> 2024-06-13 [插秧作业] -> 2024-07-06 [分蘖期灌溉] -> 2024-07-29 [除草控虫] -> 2024-08-21 [晒田补肥],2024-09-13 13:03,15260.35,监利市第4深加工基地,"112.898672,29.820166",清理去石->砻谷脱壳->糙米碾白->抛光->色选->包装,2024-09-14 16:03,2024-09-14 19:20,WH-CN-385,平房仓(准低温),2024-09-15 07:20,2024-09-28 07:20,准低温低氧控制,LOG-CN-40863721189,散粮车,"防潮, 湿度<14%",2024-09-28 21:20,2024-10-01 05:48,成都市,武侯区,104.04,30.64,2024-10-02 05:48
CN-AG-202406-10775,小麦,河北省,大名县,115.179806,36.231115,2023-11-04,2023-11-04 [深耕整地] -> 2023-12-12 [秋播种子处理] -> 2024-01-19 [越冬水灌溉] -> 2024-02-26 [拔节期追肥] -> 2024-04-04 [条锈病防治] -> 2024-05-12 [干热风防护],2024-06-17 09:14,26092.2,大名县第1深加工基地,"115.14868,36.288291",磁选除杂->着水润麦->多级研磨->高方筛理->包装,2024-06-18 15:14,2024-06-18 23:19,WH-CN-168,钢板筒仓,2024-06-19 05:19,2024-07-17 05:19,准低温低氧控制,LOG-CN-26204208607,全封闭货车,"干燥, 禁止异味混载",2024-07-17 13:19,2024-07-19 19:20,西安市,未央区,108.94,34.29,2024-07-20 19:20
CN-AG-202410-10776,棉花,甘肃省,瓜州县,95.762128,40.481045,2024-04-28,2024-04-28 [覆膜播种] -> 2024-06-03 [人工打顶] -> 2024-07-09 [叶面喷施补硼] -> 2024-08-14 [枯萎病监测] -> 2024-09-19 [喷施脱叶剂],2024-10-25 15:35,33465.7,瓜州县第5深加工基地,"95.760181,40.514469",皮棉清理->锯齿轧花->纤维分级->压力打包,2024-10-27 18:35,2024-10-28 01:38,WH-CN-616,专业纤维库,2024-10-28 07:38,2024-11-22 07:38,避光控温控制,LOG-CN-18138268049,高栏平板车,"严禁烟火, 防静电, 干燥",2024-11-22 15:38,2024-11-27 17:55,北京市,海淀区,116.3,39.96,2024-11-30 17:55
CN-AG-202406-10777,小麦,河北省,宁晋县,114.933595,37.630734,2023-10-19,2023-10-19 [深耕整地] -> 2023-11-26 [秋播种子处理] -> 2024-01-03 [越冬水灌溉] -> 2024-02-10 [拔节期追肥] -> 2024-03-19 [条锈病防治] -> 2024-04-26 [干热风防护],2024-06-02 15:09,8845.67,宁晋县第2深加工基地,"114.91484,37.622754",磁选除杂->着水润麦->多级研磨->高方筛理->包装,2024-06-04 21:09,2024-06-05 06:46,WH-CN-265,钢板筒仓,2024-06-05 15:46,2024-07-21 15:46,准低温低氧控制,LOG-CN-94353742320,全封闭货车,"干燥, 禁止异味混载",2024-07-22 00:46,2024-07-25 10:57,成都市,龙泉驿区,104.27,30.55,2024-07-28 10:57
CN-AG-202409-10778,大豆,黑龙江省,嫩江市,125.170967,49.195686,2024-05-01,2024-05-01 [拌种包衣] -> 2024-05-26 [等距点播] -> 2024-06-20 [结荚期根外追肥] -> 2024-07-15 [食心虫绿色防控] -> 2024-08-09 [除草中耕],2024-09-05 08:18,25211.52,嫩江市第4深加工基地,"125.227549,49.163985",磁选->破碎压胚->高温压榨->物理过滤->精炼,2024-09-09 13:18,2024-09-09 20:29,WH-CN-869,不锈钢储油罐区,2024-09-10 08:29,2024-10-15 08:29,准低温低氧控制,LOG-CN-79799359561,罐式车,"避光, 控温25℃下",2024-10-15 22:29,2024-10-18 20:19,西安市,长安区,108.87,34.15,2024-10-21 20:19
CN-AG-202409-10779,花生,河北省,大名县,115.091649,36.308647,2024-05-12,2024-05-12 [清棵蹲苗] -> 2024-06-05 [培土迎葑] -> 2024-06-29 [钙镁肥补充] -> 2024-07-23 [下针期控旺] -> 2024-08-16 [地下虫害防治],2024-09-05 08:13,11954.6,大名县第1深加工基地,"115.144288,36.274968",剥壳分选->烘炒->压榨提取->物理精炼,2024-09-08 12:13,2024-09-08 15:42,WH-CN-320,避光库房,2024-09-09 01:42,2024-10-13 01:42,避光控温控制,LOG-CN-70761633206,厢式货车,避光防潮,2024-10-13 12:42,2024-10-14 16:02,南京市,江宁区,118.83,31.95,2024-10-16 16:02
CN-AG-202410-10780,水稻,湖南省,南县,112.369707,29.332497,2024-05-31,2024-05-31 [播种育秧] -> 2024-06-23 [田间底肥] -> 2024-07-16 [插秧作业] -> 2024-08-08 [分蘖期灌溉] -> 2024-08-31 [除草控虫] -> 2024-09-23 [晒田补肥],2024-10-13 11:09,21215.48,南县第4深加工基地,"112.399179,29.351251",清理去石->砻谷脱壳->糙米碾白->抛光->色选->包装,2024-10-15 16:09,2024-10-15 20:48,WH-CN-152,平房仓(准低温),2024-10-16 07:48,2024-11-20 07:48,准低温低氧控制,LOG-CN-49089720764,散粮车,"防潮, 湿度<14%",2024-11-20 20:48,2024-11-23 20:44,西安市,长安区,108.87,34.15,2024-11-24 20:44
CN-AG-202410-10781,玉米,山东省,汶上县,116.492808,35.757928,2024-06-22,2024-06-22 [免耕直播] -> 2024-07-14 [苗期中耕] -> 2024-08-05 [喇叭口期追肥] -> 2024-08-27 [大斑病防治] -> 2024-09-18 [人工授粉辅助],2024-10-15 14:56,11771.78,汶上县第5深加工基地,"116.471623,35.733457",物理清理->脱粒烘干->破碎加工->筛理分级,2024-10-19 16:56,2024-10-20 00:32,WH-CN-269,现代化圆筒仓,2024-10-20 08:32,2024-11-21 08:32,避光控温控制,LOG-CN-27614961110,重型散粮卡车,"通风良好, 严控高温",2024-11-21 21:32,2024-11-23 05:54,西安市,雁塔区,108.94,34.21,2024-11-25 05:54
CN-AG-202409-10782,水稻,湖北省,钟祥市,112.620619,31.224179,2024-04-09,2024-04-09 [播种育秧] -> 2024-05-02 [田间底肥] -> 2024-05-25 [插秧作业] -> 2024-06-17 [分蘖期灌溉] -> 2024-07-10 [除草控虫] -> 2024-08-02 [晒田补肥],2024-09-01 16:13,6782.07,钟祥市第5深加工基地,"112.58646,31.176102",清理去石->砻谷脱壳->糙米碾白->抛光->色选->包装,2024-09-04 18:13,2024-09-05 00:32,WH-CN-699,平房仓(准低温),2024-09-05 10:32,2024-10-06 10:32,准低温低氧控制,LOG-CN-67928443678,散粮车,"防潮, 湿度<14%",2024-10-07 01:32,2024-10-09 18:50,西安市,未央区,108.94,34.29,2024-10-11 18:50
CN-AG-202409-10783,水稻,安徽省,怀远县,117.20531,33.021925,2024-04-13,2024-04-13 [播种育秧] -> 2024-05-06 [田间底肥] -> 2024-05-29 [插秧作业] -> 2024-06-21 [分蘖期灌溉] -> 2024-07-14 [除草控虫] -> 2024-08-06 [晒田补肥],2024-09-05 14:21,6466.21,怀远县第3深加工基地,"117.202336,32.964006",清理去石->砻谷脱壳->糙米碾白->抛光->色选->包装,2024-09-09 18:21,2024-09-09 22:04,WH-CN-112,平房仓(准低温),2024-09-10 04:04,2024-10-02 04:04,准低温低氧控制,LOG-CN-31275376765,散粮车,"防潮, 湿度<14%",2024-10-02 16:04,2024-10-05 03:29,上海市,宝山区,121.48,31.4,2024-10-06 03:29
CN-AG-202409-10784,玉米,内蒙古自治区,阿荣旗,123.53855,48.149146,2024-05-24,2024-05-24 [免耕直播] -> 2024-06-15 [苗期中耕] -> 2024-07-07 [喇叭口期追肥] -> 2024-07-29 [大斑病防治] -> 2024-08-20 [人工授粉辅助],2024-09-14 10:27,21390.73,阿荣旗第2深加工基地,"123.501369,48.120429",物理清理->脱粒烘干->破碎加工->筛理分级,2024-09-17 13:27,2024-09-17 15:57,WH-CN-788,现代化圆筒仓,2024-09-17 20:57,2024-10-07 20:57,避光控温控制,LOG-CN-25004391966,重型散粮卡车,"通风良好, 严控高温",2024-10-08 09:57,2024-10-13 14:01,北京市,海淀区,116.3,39.96,2024-10-14 14:01
CN-AG-202407-10785,大麦,吉林省,前郭县,124.860492,45.094534,2024-04-09,2024-04-09 [翻耕播种] -> 2024-05-04 [分蘖期施氮] -> 2024-05-29 [化学除草] -> 2024-06-23 [灌浆期监控],2024-07-20 13:54,25642.29,前郭县第3深加工基地,"124.810767,45.111689",杂质清理->脱壳处理->分级磨皮->包装,2024-07-23 19:54,2024-07-24 03:09,WH-CN-925,平房仓,2024-07-24 15:09,2024-08-24 15:09,避光控温控制,LOG-CN-43915596320,散装车,防霉通风,2024-08-24 23:09,2024-08-29 12:52,武汉市,东西湖区,114.13,30.62,2024-09-01 12:52
CN-AG-202410-10786,玉米,内蒙古自治区,突泉县,121.554214,46.302262,2024-06-25,2024-06-25 [免耕直播] -> 2024-07-17 [苗期中耕] -> 2024-08-08 [喇叭口期追肥] -> 2024-08-30 [大斑病防治] -> 2024-09-21 [人工授粉辅助],2024-10-16 12:21,12826.88,突泉县第2深加工基地,"121.573329,46.337907",物理清理->脱粒烘干->破碎加工->筛理分级,2024-10-19 17:21,2024-10-20 02:01,WH-CN-354,现代化圆筒仓,2024-10-20 12:01,2024-11-02 12:01,避光控温控制,LOG-CN-81048247824,重型散粮卡车,"通风良好, 严控高温",2024-11-02 19:01,2024-11-08 04:10,成都市,龙泉驿区,104.27,30.55,2024-11-11 04:10
CN-AG-202406-10787,小麦,山东省,汶上县,116.474521,35.764486,2023-10-29,2023-10-29 [深耕整地] -> 2023-12-06 [秋播种子处理] -> 2024-01-13 [越冬水灌溉] -> 2024-02-20 [拔节期追肥] -> 2024-03-29 [条锈病防治] -> 2024-05-06 [干热风防护],2024-06-14 17:21,10391.61,汶上县第4深加工基地,"116.474968,35.732605",磁选除杂->着水润麦->多级研磨->高方筛理->包装,2024-06-15 20:21,2024-06-16 00:14,WH-CN-131,钢板筒仓,2024-06-16 11:14,2024-06-30 11:14,准低温低氧控制,LOG-CN-24475672318,全封闭货车,"干燥, 禁止异味混载",2024-06-30 23:14,2024-07-04 03:06,武汉市,洪山区,114.34,30.5,2024-07-06 03:06
CN-AG-202409-10788,花生,河南省,正阳县,114.371312,32.624655,2024-05-21,2024-05-21 [清棵蹲苗] -> 2024-06-14 [培土迎葑] -> 2024-07-08 [钙镁肥补充] -> 2024-08-01 [下针期控旺] -> 2024-08-25 [地下虫害防治],2024-09-16 14:37,16450.0,正阳县第4深加工基地,"114.382986,32.598851",剥壳分选->烘炒->压榨提取->物理精炼,2024-09-20 19:37,2024-09-21 05:21,WH-CN-973,避光库房,2024-09-21 12:21,2024-10-19 12:21,避光控温控制,LOG-CN-23240861804,厢式货车,避光防潮,2024-10-19 20:21,2024-10-22 15:31,深圳市,宝安区,113.88,22.55,2024-10-25 15:31
CN-AG-202409-10789,水稻,吉林省,前郭县,124.757681,45.162354,2024-04-16,2024-04-16 [播种育秧] -> 2024-05-09 [田间底肥] -> 2024-06-01 [插秧作业] -> 2024-06-24 [分蘖期灌溉] -> 2024-07-17 [除草控虫] -> 2024-08-09 [晒田补肥],2024-09-05 16:27,28755.89,前郭县第3深加工基地,"124.805848,45.116495",清理去石->砻谷脱壳->糙米碾白->抛光->色选->包装,2024-09-06 19:27,2024-09-06 22:23,WH-CN-782,平房仓(准低温),2024-09-07 02:23,2024-10-17 02:23,准低温低氧控制,LOG-CN-21046644113,散粮车,"防潮, 湿度<14%",2024-10-17 10:23,2024-10-20 00:16,广州市,天河区,113.33,23.13,2024-10-22 00:16
CN-AG-202409-10790,大豆,黑龙江省,嫩江市,125.16263,49.16327,2024-05-05,2024-05-05 [拌种包衣] -> 2024-05-30 [等距点播] -> 2024-06-24 [结荚期根外追肥] -> 2024-07-19 [食心虫绿色防控] -> 2024-08-13 [除草中耕],2024-09-11 09:02,15200.0,嫩江市第5深加工基地,"125.220053,49.166021",磁选->破碎压胚->高温压榨->物理过滤->精炼,2024-09-12 11:02,2024-09-12 18:46,WH-CN-173,不锈钢储油罐区,2024-09-12 22:46,2024-10-04 22:46,准低温低氧控制,LOG-CN-95176941923,罐式车,"避光, 控温25℃下",2024-10-05 11:46,2024-10-07 01:03,广州市,白云区,113.27,23.15,2024-10-10 01:03
CN-AG-202406-10791,小麦,河南省,滑县,114.518931,35.516741,2023-10-30,2023-10-30 [深耕整地] -> 2023-12-07 [秋播种子处理] -> 2024-01-14 [越冬水灌溉] -> 2024-02-21 [拔节期追肥] -> 2024-03-30 [条锈病防治] -> 2024-05-07 [干热风防护],2024-06-15 17:54,28275.3,滑县第4深加工基地,"114.512108,35.578542",磁选除杂->着水润麦->多级研磨->高方筛理->包装,2024-06-17 23:54,2024-06-18 03:13,WH-CN-929,钢板筒仓,2024-06-18 14:13,2024-08-05 14:13,准低温低氧控制,LOG-CN-59188149257,全封闭货车,"干燥, 禁止异味混载",2024-08-06 00:13,2024-08-07 04:38,深圳市,宝安区,113.88,22.55,2024-08-09 04:38
CN-AG-202409-10792,大豆,安徽省,怀远县,117.189161,33.001733,2024-05-21,2024-05-21 [拌种包衣] -> 2024-06-15 [等距点播] -> 2024-07-10 [结荚期根外追肥] -> 2024-08-04 [食心虫绿色防控] -> 2024-08-29 [除草中耕],2024-09-21 14:26,25568.91,怀远县第1深加工基地,"117.195205,32.973103",磁选->破碎压胚->高温压榨->物理过滤->精炼,2024-09-24 18:26,2024-09-24 22:43,WH-CN-251,不锈钢储油罐区,2024-09-25 05:43,2024-11-03 05:43,准低温低氧控制,LOG-CN-29107966724,罐式车,"避光, 控温25℃下",2024-11-03 13:43,2024-11-04 17:48,广州市,番禺区,113.38,22.93,2024-11-05 17:48
CN-AG-202411-10793,棉花,新疆维吾尔自治区,沙雅县,82.739256,41.179139,2024-05-29,2024-05-29 [覆膜播种] -> 2024-07-04 [人工打顶] -> 2024-08-09 [叶面喷施补硼] -> 2024-09-14 [枯萎病监测] -> 2024-10-20 [喷施脱叶剂],2024-11-25 13:44,17747.33,沙雅县第4深加工基地,"82.773713,41.21141",皮棉清理->锯齿轧花->纤维分级->压力打包,2024-11-27 18:44,2024-11-28 00:56,WH-CN-296,专业纤维库,2024-11-28 10:56,2024-12-15 10:56,避光控温控制,LOG-CN-20072066146,高栏平板车,"严禁烟火, 防静电, 干燥",2024-12-15 19:56,2024-12-19 08:37,成都市,新都区,104.15,30.82,2024-12-20 08:37
CN-AG-202410-10794,玉米,吉林省,榆树市,126.595803,44.839706,2024-06-23,2024-06-23 [免耕直播] -> 2024-07-15 [苗期中耕] -> 2024-08-06 [喇叭口期追肥] -> 2024-08-28 [大斑病防治] -> 2024-09-19 [人工授粉辅助],2024-10-13 10:52,35384.69,榆树市第2深加工基地,"126.553703,44.826283",物理清理->脱粒烘干->破碎加工->筛理分级,2024-10-17 15:52,2024-10-18 01:03,WH-CN-107,现代化圆筒仓,2024-10-18 10:03,2024-11-25 10:03,避光控温控制,LOG-CN-66910895282,重型散粮卡车,"通风良好, 严控高温",2024-11-25 22:03,2024-11-30 10:23,广州市,白云区,113.27,23.15,2024-12-03 10:23
CN-AG-202407-10795,大麦,吉林省,前郭县,124.784702,45.063252,2024-03-30,2024-03-30 [翻耕播种] -> 2024-04-24 [分蘖期施氮] -> 2024-05-19 [化学除草] -> 2024-06-13 [灌浆期监控],2024-07-05 08:56,27103.83,前郭县第3深加工基地,"124.804999,45.106196",杂质清理->脱壳处理->分级磨皮->包装,2024-07-07 14:56,2024-07-07 22:35,WH-CN-919,平房仓,2024-07-08 09:35,2024-08-04 09:35,避光控温控制,LOG-CN-59885516565,散装车,防霉通风,2024-08-04 17:35,2024-08-07 22:37,深圳市,宝安区,113.88,22.55,2024-08-08 22:37
CN-AG-202406-10796,小麦,山东省,平度市,119.954266,36.781801,2023-11-01,2023-11-01 [深耕整地] -> 2023-12-09 [秋播种子处理] -> 2024-01-16 [越冬水灌溉] -> 2024-02-23 [拔节期追肥] -> 2024-04-01 [条锈病防治] -> 2024-05-09 [干热风防护],2024-06-16 16:12,11883.14,平度市第1深加工基地,"119.947076,36.777138",磁选除杂->着水润麦->多级研磨->高方筛理->包装,2024-06-18 20:12,2024-06-19 04:30,WH-CN-565,钢板筒仓,2024-06-19 16:30,2024-07-16 16:30,准低温低氧控制,LOG-CN-85552662944,全封闭货车,"干燥, 禁止异味混载",2024-07-17 07:30,2024-07-21 14:29,南京市,南京浦口区,118.62,32.05,2024-07-24 14:29
CN-AG-202409-10797,玉米,河南省,滑县,114.554715,35.609427,2024-05-22,2024-05-22 [免耕直播] -> 2024-06-13 [苗期中耕] -> 2024-07-05 [喇叭口期追肥] -> 2024-07-27 [大斑病防治] -> 2024-08-18 [人工授粉辅助],2024-09-10 13:01,15509.89,滑县第1深加工基地,"114.528276,35.566156",物理清理->脱粒烘干->破碎加工->筛理分级,2024-09-11 18:01,2024-09-12 03:35,WH-CN-936,现代化圆筒仓,2024-09-12 13:35,2024-10-21 13:35,避光控温控制,LOG-CN-91193695698,重型散粮卡车,"通风良好, 严控高温",2024-10-22 04:35,2024-10-24 09:03,深圳市,南山区,113.93,22.54,2024-10-26 09:03
CN-AG-202407-10798,大麦,甘肃省,民乐县,100.789209,38.484338,2024-03-28,2024-03-28 [翻耕播种] -> 2024-04-22 [分蘖期施氮] -> 2024-05-17 [化学除草] -> 2024-06-11 [灌浆期监控],2024-07-01 16:14,23734.02,民乐县第5深加工基地,"100.810113,38.427088",杂质清理->脱壳处理->分级磨皮->包装,2024-07-03 21:14,2024-07-04 01:46,WH-CN-526,平房仓,2024-07-04 11:46,2024-07-14 11:46,避光控温控制,LOG-CN-78789671135,散装车,防霉通风,2024-07-14 18:46,2024-07-20 01:37,南京市,玄武区,118.79,32.06,2024-07-22 01:37
CN-AG-202405-10799,油菜籽,四川省,安岳县,105.375158,30.152934,2023-10-16,2023-10-16 [育苗移栽] -> 2023-12-07 [越冬防冻肥] -> 2024-01-28 [薹期水肥调节] -> 2024-03-20 [菌核病无人机防治],2024-05-16 17:13,28977.94,安岳县第1深加工基地,"105.327855,30.092051",多级筛选->炒籽->螺旋压榨->精制过滤,2024-05-19 19:13,2024-05-20 05:00,WH-CN-436,恒温罐区,2024-05-20 12:00,2024-06-23 12:00,避光控温控制,LOG-CN-42842940516,罐式车,"避光, 防氧化",2024-06-24 02:00,2024-06-28 13:12,武汉市,洪山区,114.34,30.5,2024-06-29 13:12
CN-AG-202409-10800,水稻,安徽省,寿县,116.780376,32.576405,2024-04-13,2024-04-13 [播种育秧] -> 2024-05-06 [田间底肥] -> 2024-05-29 [插秧作业] -> 2024-06-21 [分蘖期灌溉] -> 2024-07-14 [除草控虫] -> 2024-08-06 [晒田补肥],2024-09-05 12:10,15832.23,寿县第5深加工基地,"116.787176,32.563877",清理去石->砻谷脱壳->糙米碾白->抛光->色选->包装,2024-09-08 16:10,2024-09-08 22:12,WH-CN-808,平房仓(准低温),2024-09-09 04:12,2024-10-16 04:12,准低温低氧控制,LOG-CN-98255911439,散粮车,"防潮, 湿度<14%",2024-10-16 12:12,2024-10-19 10:18,深圳市,宝安区,113.88,22.55,2024-10-21 10:18
CN-AG-202409-10801,玉米,吉林省,公主岭市,124.860549,43.541233,2024-06-15,2024-06-15 [免耕直播] -> 2024-07-07 [苗期中耕] -> 2024-07-29 [喇叭口期追肥] -> 2024-08-20 [大斑病防治] -> 2024-09-11 [人工授粉辅助],2024-09-28 09:54,21285.4,公主岭市第1深加工基地,"124.824967,43.527175",物理清理->脱粒烘干->破碎加工->筛理分级,2024-09-30 11:54,2024-09-30 21:02,WH-CN-592,现代化圆筒仓,2024-10-01 05:02,2024-10-22 05:02,避光控温控制,LOG-CN-94473409793,重型散粮卡车,"通风良好, 严控高温",2024-10-22 16:02,2024-10-24 07:34,上海市,闵行区,121.38,31.11,2024-10-27 07:34
CN-AG-202411-10802,棉花,甘肃省,瓜州县,95.783266,40.502705,2024-06-02,2024-06-02 [覆膜播种] -> 2024-07-08 [人工打顶] -> 2024-08-13 [叶面喷施补硼] -> 2024-09-18 [枯萎病监测] -> 2024-10-24 [喷施脱叶剂],2024-11-26 09:22,23273.03,瓜州县第5深加工基地,"95.773473,40.503207",皮棉清理->锯齿轧花->纤维分级->压力打包,2024-11-30 12:22,2024-11-30 19:31,WH-CN-298,专业纤维库,2024-12-01 03:31,2024-12-12 03:31,避光控温控制,LOG-CN-59957213856,高栏平板车,"严禁烟火, 防静电, 干燥",2024-12-12 11:31,2024-12-14 05:52,上海市,浦东新区,121.54,31.22,2024-12-15 05:52
CN-AG-202409-10803,大豆,黑龙江省,富锦市,132.053274,47.21151,2024-05-21,2024-05-21 [拌种包衣] -> 2024-06-15 [等距点播] -> 2024-07-10 [结荚期根外追肥] -> 2024-08-04 [食心虫绿色防控] -> 2024-08-29 [除草中耕],2024-09-26 14:06,37682.87,富锦市第4深加工基地,"132.022351,47.244592",磁选->破碎压胚->高温压榨->物理过滤->精炼,2024-09-30 17:06,2024-09-30 21:01,WH-CN-670,不锈钢储油罐区,2024-10-01 04:01,2024-11-19 04:01,准低温低氧控制,LOG-CN-73440270517,罐式车,"避光, 控温25℃下",2024-11-19 11:01,2024-11-24 10:15,西安市,长安区,108.87,34.15,2024-11-27 10:15
CN-AG-202410-10804,玉米,河北省,藁城区,114.780239,37.989834,2024-06-17,2024-06-17 [免耕直播] -> 2024-07-09 [苗期中耕] -> 2024-07-31 [喇叭口期追肥] -> 2024-08-22 [大斑病防治] -> 2024-09-13 [人工授粉辅助],2024-10-07 08:02,38935.43,藁城区第4深加工基地,"114.844648,38.034375",物理清理->脱粒烘干->破碎加工->筛理分级,2024-10-09 10:02,2024-10-09 17:24,WH-CN-187,现代化圆筒仓,2024-10-10 02:24,2024-10-21 02:24,避光控温控制,LOG-CN-92016598223,重型散粮卡车,"通风良好, 严控高温",2024-10-21 13:24,2024-10-24 19:11,武汉市,东西湖区,114.13,30.62,2024-10-25 19:11
CN-AG-202409-10805,水稻,湖北省,监利市,112.859364,29.831792,2024-04-26,2024-04-26 [播种育秧] -> 2024-05-19 [田间底肥] -> 2024-06-11 [插秧作业] -> 2024-07-04 [分蘖期灌溉] -> 2024-07-27 [除草控虫] -> 2024-08-19 [晒田补肥],2024-09-16 15:35,15270.8,监利市第1深加工基地,"112.890383,29.821671",清理去石->砻谷脱壳->糙米碾白->抛光->色选->包装,2024-09-19 17:35,2024-09-20 01:24,WH-CN-156,平房仓(准低温),2024-09-20 05:24,2024-11-09 05:24,准低温低氧控制,LOG-CN-52687888755,散粮车,"防潮, 湿度<14%",2024-11-09 15:24,2024-11-13 12:16,武汉市,洪山区,114.34,30.5,2024-11-15 12:16
CN-AG-202410-10806,水稻,广西壮族自治区,宾阳县,108.856903,23.16989,2024-06-10,2024-06-10 [播种育秧] -> 2024-07-03 [田间底肥] -> 2024-07-26 [插秧作业] -> 2024-08-18 [分蘖期灌溉] -> 2024-09-10 [除草控虫] -> 2024-10-03 [晒田补肥],2024-10-27 14:09,5795.63,宾阳县第3深加工基地,"108.807085,23.204831",清理去石->砻谷脱壳->糙米碾白->抛光->色选->包装,2024-10-30 19:09,2024-10-30 22:17,WH-CN-435,平房仓(准低温),2024-10-31 10:17,2024-12-03 10:17,准低温低氧控制,LOG-CN-93859040366,散粮车,"防潮, 湿度<14%",2024-12-03 20:17,2024-12-08 18:36,上海市,闵行区,121.38,31.11,2024-12-10 18:36
CN-AG-202410-10807,水稻,湖南省,桃源县,111.446683,28.852641,2024-05-17,2024-05-17 [播种育秧] -> 2024-06-09 [田间底肥] -> 2024-07-02 [插秧作业] -> 2024-07-25 [分蘖期灌溉] -> 2024-08-17 [除草控虫] -> 2024-09-09 [晒田补肥],2024-10-04 09:16,31419.42,桃源县第1深加工基地,"111.482155,28.900384",清理去石->砻谷脱壳->糙米碾白->抛光->色选->包装,2024-10-07 11:16,2024-10-07 15:19,WH-CN-931,平房仓(准低温),2024-10-07 22:19,2024-11-23 22:19,准低温低氧控制,LOG-CN-86075956325,散粮车,"防潮, 湿度<14%",2024-11-24 04:19,2024-11-26 15:38,上海市,浦东新区,121.54,31.22,2024-11-29 15:38
CN-AG-202405-10808,油菜籽,湖南省,安乡县,112.116928,29.379442,2023-10-12,2023-10-12 [育苗移栽] -> 2023-12-03 [越冬防冻肥] -> 2024-01-24 [薹期水肥调节] -> 2024-03-16 [菌核病无人机防治],2024-05-04 14:48,8739.0,安乡县第4深加工基地,"112.164684,29.407821",多级筛选->炒籽->螺旋压榨->精制过滤,2024-05-07 19:48,2024-05-07 23:05,WH-CN-143,恒温罐区,2024-05-08 08:05,2024-06-04 08:05,避光控温控制,LOG-CN-63090641354,罐式车,"避光, 防氧化",2024-06-04 15:05,2024-06-06 03:42,北京市,朝阳区,116.48,39.92,2024-06-07 03:42
CN-AG-202406-10809,小麦,湖北省,枣阳市,112.805184,32.096346,2023-10-22,2023-10-22 [深耕整地] -> 2023-11-29 [秋播种子处理] -> 2024-01-06 [越冬水灌溉] -> 2024-02-13 [拔节期追肥] -> 2024-03-22 [条锈病防治] -> 2024-04-29 [干热风防护],2024-06-06 17:35,29785.65,枣阳市第2深加工基地,"112.751138,32.132326",磁选除杂->着水润麦->多级研磨->高方筛理->包装,2024-06-07 21:35,2024-06-08 01:31,WH-CN-855,钢板筒仓,2024-06-08 07:31,2024-07-24 07:31,准低温低氧控制,LOG-CN-42253849132,全封闭货车,"干燥, 禁止异味混载",2024-07-24 13:31,2024-07-28 01:44,上海市,宝山区,121.48,31.4,2024-07-31 01:44
CN-AG-202409-10810,花生,河北省,大名县,115.141473,36.269893,2024-05-19,2024-05-19 [清棵蹲苗] -> 2024-06-12 [培土迎葑] -> 2024-07-06 [钙镁肥补充] -> 2024-07-30 [下针期控旺] -> 2024-08-23 [地下虫害防治],2024-09-19 11:31,19158.22,大名县第5深加工基地,"115.153929,36.280818",剥壳分选->烘炒->压榨提取->物理精炼,2024-09-21 13:31,2024-09-21 19:41,WH-CN-521,避光库房,2024-09-22 02:41,2024-11-10 02:41,避光控温控制,LOG-CN-91221036630,厢式货车,避光防潮,2024-11-10 16:41,2024-11-13 06:03,南京市,玄武区,118.79,32.06,2024-11-14 06:03
CN-AG-202409-10811,玉米,河南省,滑县,114.480603,35.594258,2024-06-01,2024-06-01 [免耕直播] -> 2024-06-23 [苗期中耕] -> 2024-07-15 [喇叭口期追肥] -> 2024-08-06 [大斑病防治] -> 2024-08-28 [人工授粉辅助],2024-09-20 09:45,9486.69,滑县第2深加工基地,"114.518239,35.570002",物理清理->脱粒烘干->破碎加工->筛理分级,2024-09-23 15:45,2024-09-23 22:29,WH-CN-933,现代化圆筒仓,2024-09-24 02:29,2024-10-11 02:29,避光控温控制,LOG-CN-90061714670,重型散粮卡车,"通风良好, 严控高温",2024-10-11 11:29,2024-10-16 10:45,南京市,南京浦口区,118.62,32.05,2024-10-19 10:45
CN-AG-202409-10812,水稻,辽宁省,盘山县,122.05577,41.284463,2024-05-08,2024-05-08 [播种育秧] -> 2024-05-31 [田间底肥] -> 2024-06-23 [插秧作业] -> 2024-07-16 [分蘖期灌溉] -> 2024-08-08 [除草控虫] -> 2024-08-31 [晒田补肥],2024-09-23 08:14,12357.17,盘山县第1深加工基地,"122.032308,41.24065",清理去石->砻谷脱壳->糙米碾白->抛光->色选->包装,2024-09-24 10:14,2024-09-24 18:34,WH-CN-949,平房仓(准低温),2024-09-25 04:34,2024-10-13 04:34,准低温低氧控制,LOG-CN-12990259848,散粮车,"防潮, 湿度<14%",2024-10-13 11:34,2024-10-17 12:34,深圳市,南山区,113.93,22.54,2024-10-20 12:34
CN-AG-202409-10813,花生,河北省,大名县,115.104064,36.292677,2024-05-13,2024-05-13 [清棵蹲苗] -> 2024-06-06 [培土迎葑] -> 2024-06-30 [钙镁肥补充] -> 2024-07-24 [下针期控旺] -> 2024-08-17 [地下虫害防治],2024-09-07 15:09,18622.39,大名县第2深加工基地,"115.142857,36.276744",剥壳分选->烘炒->压榨提取->物理精炼,2024-09-08 19:09,2024-09-09 00:25,WH-CN-990,避光库房,2024-09-09 10:25,2024-10-13 10:25,避光控温控制,LOG-CN-75467192235,厢式货车,避光防潮,2024-10-13 19:25,2024-10-18 04:34,成都市,龙泉驿区,104.27,30.55,2024-10-19 04:34
CN-AG-202410-10814,玉米,安徽省,蒙城县,116.52475,33.283049,2024-06-13,2024-06-13 [免耕直播] -> 2024-07-05 [苗期中耕] -> 2024-07-27 [喇叭口期追肥] -> 2024-08-18 [大斑病防治] -> 2024-09-09 [人工授粉辅助],2024-10-02 12:00,9924.43,蒙城县第3深加工基地,"116.567913,33.257837",物理清理->脱粒烘干->破碎加工->筛理分级,2024-10-06 15:00,2024-10-06 18:01,WH-CN-281,现代化圆筒仓,2024-10-06 22:01,2024-11-14 22:01,避光控温控制,LOG-CN-74483640905,重型散粮卡车,"通风良好, 严控高温",2024-11-15 10:01,2024-11-17 00:57,成都市,武侯区,104.04,30.64,2024-11-19 00:57
CN-AG-202410-10815,水稻,湖北省,监利市,112.900937,29.794518,2024-05-27,2024-05-27 [播种育秧] -> 2024-06-19 [田间底肥] -> 2024-07-12 [插秧作业] -> 2024-08-04 [分蘖期灌溉] -> 2024-08-27 [除草控虫] -> 2024-09-19 [晒田补肥],2024-10-12 12:41,36668.23,监利市第1深加工基地,"112.890362,29.828385",清理去石->砻谷脱壳->糙米碾白->抛光->色选->包装,2024-10-16 15:41,2024-10-17 00:03,WH-CN-899,平房仓(准低温),2024-10-17 08:03,2024-11-26 08:03,准低温低氧控制,LOG-CN-96906176300,散粮车,"防潮, 湿度<14%",2024-11-26 16:03,2024-11-30 05:17,南京市,江宁区,118.83,31.95,2024-12-02 05:17
CN-AG-202409-10816,玉米,安徽省,蒙城县,116.508286,33.295131,2024-06-03,2024-06-03 [免耕直播] -> 2024-06-25 [苗期中耕] -> 2024-07-17 [喇叭口期追肥] -> 2024-08-08 [大斑病防治] -> 2024-08-30 [人工授粉辅助],2024-09-18 16:41,23076.82,蒙城县第3深加工基地,"116.561214,33.259485",物理清理->脱粒烘干->破碎加工->筛理分级,2024-09-19 20:41,2024-09-20 05:20,WH-CN-864,现代化圆筒仓,2024-09-20 14:20,2024-11-02 14:20,避光控温控制,LOG-CN-11733941624,重型散粮卡车,"通风良好, 严控高温",2024-11-02 21:20,2024-11-05 08:15,成都市,新都区,104.15,30.82,2024-11-08 08:15
CN-AG-202409-10817,玉米,吉林省,公主岭市,124.842636,43.535411,2024-05-25,2024-05-25 [免耕直播] -> 2024-06-16 [苗期中耕] -> 2024-07-08 [喇叭口期追肥] -> 2024-07-30 [大斑病防治] -> 2024-08-21 [人工授粉辅助],2024-09-10 12:51,5051.12,公主岭市第2深加工基地,"124.8102,43.515065",物理清理->脱粒烘干->破碎加工->筛理分级,2024-09-12 17:51,2024-09-13 00:51,WH-CN-291,现代化圆筒仓,2024-09-13 04:51,2024-10-02 04:51,避光控温控制,LOG-CN-69116626569,重型散粮卡车,"通风良好, 严控高温",2024-10-02 18:51,2024-10-06 00:27,北京市,海淀区,116.3,39.96,2024-10-08 00:27
CN-AG-202406-10818,大麦,甘肃省,民乐县,100.814279,38.456813,2024-03-09,2024-03-09 [翻耕播种] -> 2024-04-03 [分蘖期施氮] -> 2024-04-28 [化学除草] -> 2024-05-23 [灌浆期监控],2024-06-21 14:42,17490.82,民乐县第2深加工基地,"100.816428,38.436722",杂质清理->脱壳处理->分级磨皮->包装,2024-06-24 16:42,2024-06-24 22:26,WH-CN-645,平房仓,2024-06-25 09:26,2024-08-13 09:26,避光控温控制,LOG-CN-75856576864,散装车,防霉通风,2024-08-13 20:26,2024-08-15 02:20,深圳市,福田区,114.05,22.54,2024-08-17 02:20
CN-AG-202409-10819,大豆,内蒙古自治区,突泉县,121.568211,46.371199,2024-05-17,2024-05-17 [拌种包衣] -> 2024-06-11 [等距点播] -> 2024-07-06 [结荚期根外追肥] -> 2024-07-31 [食心虫绿色防控] -> 2024-08-25 [除草中耕],2024-09-23 09:06,28833.63,突泉县第5深加工基地,"121.575831,46.326673",磁选->破碎压胚->高温压榨->物理过滤->精炼,2024-09-25 12:06,2024-09-25 18:06,WH-CN-551,不锈钢储油罐区,2024-09-25 22:06,2024-10-18 22:06,准低温低氧控制,LOG-CN-30265506694,罐式车,"避光, 控温25℃下",2024-10-19 12:06,2024-10-24 10:10,西安市,未央区,108.94,34.29,2024-10-25 10:10
CN-AG-202409-10820,玉米,内蒙古自治区,突泉县,121.532013,46.324155,2024-05-26,2024-05-26 [免耕直播] -> 2024-06-17 [苗期中耕] -> 2024-07-09 [喇叭口期追肥] -> 2024-07-31 [大斑病防治] -> 2024-08-22 [人工授粉辅助],2024-09-12 09:02,26412.09,突泉县第1深加工基地,"121.577651,46.337099",物理清理->脱粒烘干->破碎加工->筛理分级,2024-09-13 15:02,2024-09-13 21:01,WH-CN-924,现代化圆筒仓,2024-09-14 02:01,2024-10-11 02:01,避光控温控制,LOG-CN-85584223758,重型散粮卡车,"通风良好, 严控高温",2024-10-11 09:01,2024-10-14 05:00,西安市,雁塔区,108.94,34.21,2024-10-15 05:00
CN-AG-202406-10821,小麦,四川省,安岳县,105.279084,30.095957,2023-11-02,2023-11-02 [深耕整地] -> 2023-12-10 [秋播种子处理] -> 2024-01-17 [越冬水灌溉] -> 2024-02-24 [拔节期追肥] -> 2024-04-02 [条锈病防治] -> 2024-05-10 [干热风防护],2024-06-16 12:34,37368.39,安岳县第3深加工基地,"105.336071,30.097757",磁选除杂->着水润麦->多级研磨->高方筛理->包装,2024-06-17 17:34,2024-06-18 03:02,WH-CN-100,钢板筒仓,2024-06-18 10:02,2024-07-24 10:02,准低温低氧控制,LOG-CN-84957297417,全封闭货车,"干燥, 禁止异味混载",2024-07-24 17:02,2024-07-28 09:39,武汉市,洪山区,114.34,30.5,2024-07-29 09:39
CN-AG-202409-10822,水稻,广西壮族自治区,武宣县,109.624417,23.638213,2024-05-03,2024-05-03 [播种育秧] -> 2024-05-26 [田间底肥] -> 2024-06-18 [插秧作业] -> 2024-07-11 [分蘖期灌溉] -> 2024-08-03 [除草控虫] -> 2024-08-26 [晒田补肥],2024-09-24 09:40,33954.71,武宣县第2深加工基地,"109.667547,23.581339",清理去石->砻谷脱壳->糙米碾白->抛光->色选->包装,2024-09-25 13:40,2024-09-25 17:48,WH-CN-235,平房仓(准低温),2024-09-25 23:48,2024-10-15 23:48,准低温低氧控制,LOG-CN-71396557350,散粮车,"防潮, 湿度<14%",2024-10-16 05:48,2024-10-21 02:59,深圳市,宝安区,113.88,22.55,2024-10-22 02:59
CN-AG-202409-10823,水稻,吉林省,榆树市,126.555011,44.806729,2024-05-07,2024-05-07 [播种育秧] -> 2024-05-30 [田间底肥] -> 2024-06-22 [插秧作业] -> 2024-07-15 [分蘖期灌溉] -> 2024-08-07 [除草控虫] -> 2024-08-30 [晒田补肥],2024-09-20 10:02,21580.55,榆树市第1深加工基地,"126.541331,44.829361",清理去石->砻谷脱壳->糙米碾白->抛光->色选->包装,2024-09-22 14:02,2024-09-22 21:53,WH-CN-275,平房仓(准低温),2024-09-23 05:53,2024-10-30 05:53,准低温低氧控制,LOG-CN-15903585651,散粮车,"防潮, 湿度<14%",2024-10-30 12:53,2024-11-04 23:50,广州市,番禺区,113.38,22.93,2024-11-05 23:50
CN-AG-202406-10824,小麦,湖北省,枣阳市,112.698893,32.147798,2023-10-21,2023-10-21 [深耕整地] -> 2023-11-28 [秋播种子处理] -> 2024-01-05 [越冬水灌溉] -> 2024-02-12 [拔节期追肥] -> 2024-03-21 [条锈病防治] -> 2024-04-28 [干热风防护],2024-06-04 09:48,29980.28,枣阳市第5深加工基地,"112.756076,32.127509",磁选除杂->着水润麦->多级研磨->高方筛理->包装,2024-06-06 11:48,2024-06-06 15:36,WH-CN-705,钢板筒仓,2024-06-07 01:36,2024-06-23 01:36,准低温低氧控制,LOG-CN-91248488472,全封闭货车,"干燥, 禁止异味混载",2024-06-23 09:36,2024-06-25 20:21,南京市,玄武区,118.79,32.06,2024-06-28 20:21
CN-AG-202408-10825,花生,山东省,平度市,120.009662,36.772017,2024-04-24,2024-04-24 [清棵蹲苗] -> 2024-05-18 [培土迎葑] -> 2024-06-11 [钙镁肥补充] -> 2024-07-05 [下针期控旺] -> 2024-07-29 [地下虫害防治],2024-08-27 17:34,37417.46,平度市第1深加工基地,"119.946423,36.781181",剥壳分选->烘炒->压榨提取->物理精炼,2024-08-29 22:34,2024-08-30 04:41,WH-CN-300,避光库房,2024-08-30 10:41,2024-10-18 10:41,避光控温控制,LOG-CN-50397672806,厢式货车,避光防潮,2024-10-18 21:41,2024-10-21 07:19,西安市,未央区,108.94,34.29,2024-10-22 07:19
CN-AG-202409-10826,玉米,河北省,藁城区,114.822062,37.996413,2024-06-13,2024-06-13 [免耕直播] -> 2024-07-05 [苗期中耕] -> 2024-07-27 [喇叭口期追肥] -> 2024-08-18 [大斑病防治] -> 2024-09-09 [人工授粉辅助],2024-09-28 17:07,6849.11,藁城区第2深加工基地,"114.831374,38.027451",物理清理->脱粒烘干->破碎加工->筛理分级,2024-09-29 20:07,2024-09-30 04:54,WH-CN-651,现代化圆筒仓,2024-09-30 16:54,2024-10-17 16:54,避光控温控制,LOG-CN-43826299496,重型散粮卡车,"通风良好, 严控高温",2024-10-18 07:54,2024-10-23 03:41,西安市,未央区,108.94,34.29,2024-10-24 03:41
CN-AG-202408-10827,花生,辽宁省,黑山县,122.115709,41.674349,2024-04-23,2024-04-23 [清棵蹲苗] -> 2024-05-17 [培土迎葑] -> 2024-06-10 [钙镁肥补充] -> 2024-07-04 [下针期控旺] -> 2024-07-28 [地下虫害防治],2024-08-17 17:34,33983.85,黑山县第1深加工基地,"122.123135,41.694455",剥壳分选->烘炒->压榨提取->物理精炼,2024-08-19 23:34,2024-08-20 06:46,WH-CN-537,避光库房,2024-08-20 11:46,2024-09-20 11:46,避光控温控制,LOG-CN-39368563009,厢式货车,避光防潮,2024-09-20 21:46,2024-09-23 16:21,上海市,闵行区,121.38,31.11,2024-09-24 16:21
CN-AG-202408-10828,花生,辽宁省,黑山县,122.061004,41.715052,2024-04-17,2024-04-17 [清棵蹲苗] -> 2024-05-11 [培土迎葑] -> 2024-06-04 [钙镁肥补充] -> 2024-06-28 [下针期控旺] -> 2024-07-22 [地下虫害防治],2024-08-17 10:39,6048.6,黑山县第1深加工基地,"122.123234,41.684353",剥壳分选->烘炒->压榨提取->物理精炼,2024-08-18 15:39,2024-08-19 00:18,WH-CN-898,避光库房,2024-08-19 12:18,2024-09-03 12:18,避光控温控制,LOG-CN-18720275736,厢式货车,避光防潮,2024-09-03 20:18,2024-09-08 11:35,武汉市,江岸区,114.3,30.59,2024-09-10 11:35
CN-AG-202406-10829,小麦,河南省,唐河县,112.770638,32.678079,2023-10-21,2023-10-21 [深耕整地] -> 2023-11-28 [秋播种子处理] -> 2024-01-05 [越冬水灌溉] -> 2024-02-12 [拔节期追肥] -> 2024-03-21 [条锈病防治] -> 2024-04-28 [干热风防护],2024-06-03 11:30,28526.25,唐河县第5深加工基地,"112.835456,32.68609",磁选除杂->着水润麦->多级研磨->高方筛理->包装,2024-06-07 17:30,2024-06-08 01:31,WH-CN-761,钢板筒仓,2024-06-08 10:31,2024-06-21 10:31,准低温低氧控制,LOG-CN-45614461219,全封闭货车,"干燥, 禁止异味混载",2024-06-21 18:31,2024-06-24 15:51,北京市,丰台区,116.28,39.85,2024-06-26 15:51
CN-AG-202410-10830,棉花,新疆维吾尔自治区,玛纳斯县,86.157976,44.30581,2024-04-21,2024-04-21 [覆膜播种] -> 2024-05-27 [人工打顶] -> 2024-07-02 [叶面喷施补硼] -> 2024-08-07 [枯萎病监测] -> 2024-09-12 [喷施脱叶剂],2024-10-20 17:34,15993.98,玛纳斯县第4深加工基地,"86.211674,44.30533",皮棉清理->锯齿轧花->纤维分级->压力打包,2024-10-23 22:34,2024-10-24 05:31,WH-CN-141,专业纤维库,2024-10-24 10:31,2024-11-12 10:31,避光控温控制,LOG-CN-68012740399,高栏平板车,"严禁烟火, 防静电, 干燥",2024-11-13 00:31,2024-11-17 08:21,广州市,白云区,113.27,23.15,2024-11-18 08:21
CN-AG-202410-10831,棉花,江苏省,射阳县,120.28021,33.783835,2024-04-18,2024-04-18 [覆膜播种] -> 2024-05-24 [人工打顶] -> 2024-06-29 [叶面喷施补硼] -> 2024-08-04 [枯萎病监测] -> 2024-09-09 [喷施脱叶剂],2024-10-20 08:00,23551.23,射阳县第4深加工基地,"120.25036,33.75606",皮棉清理->锯齿轧花->纤维分级->压力打包,2024-10-23 11:00,2024-10-23 16:43,WH-CN-486,专业纤维库,2024-10-24 01:43,2024-12-13 01:43,避光控温控制,LOG-CN-25302974946,高栏平板车,"严禁烟火, 防静电, 干燥",2024-12-13 12:43,2024-12-18 09:16,武汉市,洪山区,114.34,30.5,2024-12-20 09:16
CN-AG-202406-10832,小麦,甘肃省,永昌县,101.990539,38.196839,2023-11-11,2023-11-11 [深耕整地] -> 2023-12-19 [秋播种子处理] -> 2024-01-26 [越冬水灌溉] -> 2024-03-04 [拔节期追肥] -> 2024-04-11 [条锈病防治] -> 2024-05-19 [干热风防护],2024-06-26 12:32,24339.02,永昌县第1深加工基地,"101.974845,38.242409",磁选除杂->着水润麦->多级研磨->高方筛理->包装,2024-06-29 16:32,2024-06-30 00:40,WH-CN-740,钢板筒仓,2024-06-30 04:40,2024-08-02 04:40,准低温低氧控制,LOG-CN-16312610758,全封闭货车,"干燥, 禁止异味混载",2024-08-02 19:40,2024-08-05 20:26,成都市,武侯区,104.04,30.64,2024-08-06 20:26
CN-AG-202408-10833,花生,河北省,大名县,115.113397,36.240386,2024-04-12,2024-04-12 [清棵蹲苗] -> 2024-05-06 [培土迎葑] -> 2024-05-30 [钙镁肥补充] -> 2024-06-23 [下针期控旺] -> 2024-07-17 [地下虫害防治],2024-08-14 17:54,37484.85,大名县第4深加工基地,"115.155,36.287808",剥壳分选->烘炒->压榨提取->物理精炼,2024-08-18 23:54,2024-08-19 05:25,WH-CN-358,避光库房,2024-08-19 09:25,2024-10-07 09:25,避光控温控制,LOG-CN-82305337252,厢式货车,避光防潮,2024-10-07 16:25,2024-10-08 23:42,广州市,天河区,113.33,23.13,2024-10-09 23:42
CN-AG-202410-10834,水稻,辽宁省,盘山县,122.071046,41.288987,2024-05-29,2024-05-29 [播种育秧] -> 2024-06-21 [田间底肥] -> 2024-07-14 [插秧作业] -> 2024-08-06 [分蘖期灌溉] -> 2024-08-29 [除草控虫] -> 2024-09-21 [晒田补肥],2024-10-21 12:54,18989.8,盘山县第2深加工基地,"122.043083,41.241943",清理去石->砻谷脱壳->糙米碾白->抛光->色选->包装,2024-10-23 18:54,2024-10-24 01:26,WH-CN-258,平房仓(准低温),2024-10-24 12:26,2024-11-18 12:26,准低温低氧控制,LOG-CN-21480446690,散粮车,"防潮, 湿度<14%",2024-11-18 21:26,2024-11-22 17:07,深圳市,南山区,113.93,22.54,2024-11-23 17:07
CN-AG-202411-10835,棉花,新疆维吾尔自治区,沙雅县,82.789457,41.266695,2024-05-24,2024-05-24 [覆膜播种] -> 2024-06-29 [人工打顶] -> 2024-08-04 [叶面喷施补硼] -> 2024-09-09 [枯萎病监测] -> 2024-10-15 [喷施脱叶剂],2024-11-24 10:33,34576.39,沙雅县第4深加工基地,"82.77313,41.222648",皮棉清理->锯齿轧花->纤维分级->压力打包,2024-11-27 15:33,2024-11-27 20:35,WH-CN-319,专业纤维库,2024-11-28 02:35,2024-12-09 02:35,避光控温控制,LOG-CN-49101781218,高栏平板车,"严禁烟火, 防静电, 干燥",2024-12-09 10:35,2024-12-12 10:21,深圳市,南山区,113.93,22.54,2024-12-15 10:21
CN-AG-202405-10836,油菜籽,甘肃省,民乐县,100.835968,38.426871,2023-10-30,2023-10-30 [育苗移栽] -> 2023-12-21 [越冬防冻肥] -> 2024-02-11 [薹期水肥调节] -> 2024-04-03 [菌核病无人机防治],2024-05-28 08:52,30239.34,民乐县第3深加工基地,"100.804045,38.425419",多级筛选->炒籽->螺旋压榨->精制过滤,2024-05-31 13:52,2024-05-31 17:42,WH-CN-448,恒温罐区,2024-06-01 02:42,2024-07-04 02:42,避光控温控制,LOG-CN-49457672611,罐式车,"避光, 防氧化",2024-07-04 10:42,2024-07-07 14:32,成都市,武侯区,104.04,30.64,2024-07-08 14:32
CN-AG-202409-10837,大豆,内蒙古自治区,阿荣旗,123.47898,48.097659,2024-05-13,2024-05-13 [拌种包衣] -> 2024-06-07 [等距点播] -> 2024-07-02 [结荚期根外追肥] -> 2024-07-27 [食心虫绿色防控] -> 2024-08-21 [除草中耕],2024-09-16 14:19,29409.22,阿荣旗第5深加工基地,"123.508497,48.114298",磁选->破碎压胚->高温压榨->物理过滤->精炼,2024-09-19 18:19,2024-09-20 01:11,WH-CN-282,不锈钢储油罐区,2024-09-20 13:11,2024-11-01 13:11,准低温低氧控制,LOG-CN-54132649528,罐式车,"避光, 控温25℃下",2024-11-01 20:11,2024-11-04 19:26,北京市,朝阳区,116.48,39.92,2024-11-07 19:26
CN-AG-202409-10838,玉米,辽宁省,黑山县,122.120847,41.738941,2024-06-05,2024-06-05 [免耕直播] -> 2024-06-27 [苗期中耕] -> 2024-07-19 [喇叭口期追肥] -> 2024-08-10 [大斑病防治] -> 2024-09-01 [人工授粉辅助],2024-09-22 13:02,25549.25,黑山县第1深加工基地,"122.111539,41.683758",物理清理->脱粒烘干->破碎加工->筛理分级,2024-09-23 17:02,2024-09-23 21:34,WH-CN-504,现代化圆筒仓,2024-09-24 04:34,2024-10-17 04:34,避光控温控制,LOG-CN-43193444356,重型散粮卡车,"通风良好, 严控高温",2024-10-17 13:34,2024-10-23 00:07,深圳市,南山区,113.93,22.54,2024-10-25 00:07
CN-AG-202410-10839,棉花,新疆维吾尔自治区,沙雅县,82.765936,41.243539,2024-04-04,2024-04-04 [覆膜播种] -> 2024-05-10 [人工打顶] -> 2024-06-15 [叶面喷施补硼] -> 2024-07-21 [枯萎病监测] -> 2024-08-26 [喷施脱叶剂],2024-10-04 17:29,11929.66,沙雅县第2深加工基地,"82.78319,41.226437",皮棉清理->锯齿轧花->纤维分级->压力打包,2024-10-08 19:29,2024-10-09 02:37,WH-CN-237,专业纤维库,2024-10-09 06:37,2024-11-26 06:37,避光控温控制,LOG-CN-97638784065,高栏平板车,"严禁烟火, 防静电, 干燥",2024-11-26 21:37,2024-11-28 09:17,深圳市,福田区,114.05,22.54,2024-12-01 09:17
CN-AG-202406-10840,小麦,河南省,唐河县,112.802634,32.715549,2023-11-01,2023-11-01 [深耕整地] -> 2023-12-09 [秋播种子处理] -> 2024-01-16 [越冬水灌溉] -> 2024-02-23 [拔节期追肥] -> 2024-04-01 [条锈病防治] -> 2024-05-09 [干热风防护],2024-06-14 08:46,32261.97,唐河县第5深加工基地,"112.825281,32.683847",磁选除杂->着水润麦->多级研磨->高方筛理->包装,2024-06-15 14:46,2024-06-15 23:45,WH-CN-108,钢板筒仓,2024-06-16 11:45,2024-07-27 11:45,准低温低氧控制,LOG-CN-36563637499,全封闭货车,"干燥, 禁止异味混载",2024-07-27 18:45,2024-07-31 06:17,武汉市,江岸区,114.3,30.59,2024-08-02 06:17
CN-AG-202409-10841,玉米,黑龙江省,富锦市,132.046365,47.302688,2024-05-21,2024-05-21 [免耕直播] -> 2024-06-12 [苗期中耕] -> 2024-07-04 [喇叭口期追肥] -> 2024-07-26 [大斑病防治] -> 2024-08-17 [人工授粉辅助],2024-09-11 14:07,14236.05,富锦市第3深加工基地,"132.02539,47.24649",物理清理->脱粒烘干->破碎加工->筛理分级,2024-09-13 20:07,2024-09-14 03:05,WH-CN-942,现代化圆筒仓,2024-09-14 07:05,2024-10-09 07:05,避光控温控制,LOG-CN-95809159091,重型散粮卡车,"通风良好, 严控高温",2024-10-09 20:05,2024-10-14 05:49,南京市,江宁区,118.83,31.95,2024-10-16 05:49
CN-AG-202409-10842,水稻,辽宁省,盘山县,122.063357,41.202911,2024-05-03,2024-05-03 [播种育秧] -> 2024-05-26 [田间底肥] -> 2024-06-18 [插秧作业] -> 2024-07-11 [分蘖期灌溉] -> 2024-08-03 [除草控虫] -> 2024-08-26 [晒田补肥],2024-09-20 11:25,15039.27,盘山县第5深加工基地,"122.041906,41.234374",清理去石->砻谷脱壳->糙米碾白->抛光->色选->包装,2024-09-23 14:25,2024-09-23 17:24,WH-CN-399,平房仓(准低温),2024-09-23 22:24,2024-10-22 22:24,准低温低氧控制,LOG-CN-41034764033,散粮车,"防潮, 湿度<14%",2024-10-23 12:24,2024-10-27 22:13,上海市,浦东新区,121.54,31.22,2024-10-30 22:13
CN-AG-202410-10843,玉米,河北省,宁晋县,114.939436,37.591756,2024-07-12,2024-07-12 [免耕直播] -> 2024-08-03 [苗期中耕] -> 2024-08-25 [喇叭口期追肥] -> 2024-09-16 [大斑病防治] -> 2024-10-08 [人工授粉辅助],2024-10-27 08:37,16819.31,宁晋县第1深加工基地,"114.925561,37.626299",物理清理->脱粒烘干->破碎加工->筛理分级,2024-10-31 11:37,2024-10-31 15:34,WH-CN-194,现代化圆筒仓,2024-10-31 21:34,2024-11-23 21:34,避光控温控制,LOG-CN-51793155262,重型散粮卡车,"通风良好, 严控高温",2024-11-24 06:34,2024-11-27 15:51,广州市,天河区,113.33,23.13,2024-11-29 15:51
CN-AG-202409-10844,玉米,辽宁省,黑山县,122.082527,41.721302,2024-06-14,2024-06-14 [免耕直播] -> 2024-07-06 [苗期中耕] -> 2024-07-28 [喇叭口期追肥] -> 2024-08-19 [大斑病防治] -> 2024-09-10 [人工授粉辅助],2024-09-27 13:40,9077.94,黑山县第2深加工基地,"122.123979,41.681768",物理清理->脱粒烘干->破碎加工->筛理分级,2024-09-30 16:40,2024-09-30 23:22,WH-CN-536,现代化圆筒仓,2024-10-01 09:22,2024-11-07 09:22,避光控温控制,LOG-CN-18548094152,重型散粮卡车,"通风良好, 严控高温",2024-11-07 15:22,2024-11-11 10:06,南京市,南京浦口区,118.62,32.05,2024-11-12 10:06
CN-AG-202410-10845,水稻,湖北省,监利市,112.891882,29.814202,2024-05-22,2024-05-22 [播种育秧] -> 2024-06-14 [田间底肥] -> 2024-07-07 [插秧作业] -> 2024-07-30 [分蘖期灌溉] -> 2024-08-22 [除草控虫] -> 2024-09-14 [晒田补肥],2024-10-13 14:56,13890.94,监利市第3深加工基地,"112.895192,29.820623",清理去石->砻谷脱壳->糙米碾白->抛光->色选->包装,2024-10-14 16:56,2024-10-14 22:43,WH-CN-464,平房仓(准低温),2024-10-15 04:43,2024-11-23 04:43,准低温低氧控制,LOG-CN-80565425526,散粮车,"防潮, 湿度<14%",2024-11-23 13:43,2024-11-25 01:54,上海市,闵行区,121.38,31.11,2024-11-26 01:54
CN-AG-202405-10846,油菜籽,湖北省,钟祥市,112.625502,31.114041,2023-10-17,2023-10-17 [育苗移栽] -> 2023-12-08 [越冬防冻肥] -> 2024-01-29 [薹期水肥调节] -> 2024-03-21 [菌核病无人机防治],2024-05-19 09:31,9054.0,钟祥市第3深加工基地,"112.581147,31.164868",多级筛选->炒籽->螺旋压榨->精制过滤,2024-05-23 14:31,2024-05-23 23:31,WH-CN-667,恒温罐区,2024-05-24 11:31,2024-06-12 11:31,避光控温控制,LOG-CN-53783193790,罐式车,"避光, 防氧化",2024-06-12 21:31,2024-06-15 11:18,深圳市,宝安区,113.88,22.55,2024-06-16 11:18
CN-AG-202409-10847,花生,河南省,正阳县,114.400022,32.544678,2024-05-28,2024-05-28 [清棵蹲苗] -> 2024-06-21 [培土迎葑] -> 2024-07-15 [钙镁肥补充] -> 2024-08-08 [下针期控旺] -> 2024-09-01 [地下虫害防治],2024-09-28 16:47,17969.7,正阳县第1深加工基地,"114.387958,32.596461",剥壳分选->烘炒->压榨提取->物理精炼,2024-09-30 21:47,2024-10-01 00:40,WH-CN-720,避光库房,2024-10-01 07:40,2024-10-25 07:40,避光控温控制,LOG-CN-17826533663,厢式货车,避光防潮,2024-10-25 14:40,2024-10-26 20:46,武汉市,东西湖区,114.13,30.62,2024-10-29 20:46
CN-AG-202409-10848,大豆,安徽省,怀远县,117.179035,33.016574,2024-05-20,2024-05-20 [拌种包衣] -> 2024-06-14 [等距点播] -> 2024-07-09 [结荚期根外追肥] -> 2024-08-03 [食心虫绿色防控] -> 2024-08-28 [除草中耕],2024-09-26 12:18,37990.68,怀远县第4深加工基地,"117.209923,32.978019",磁选->破碎压胚->高温压榨->物理过滤->精炼,2024-09-28 14:18,2024-09-28 22:53,WH-CN-885,不锈钢储油罐区,2024-09-29 09:53,2024-10-25 09:53,准低温低氧控制,LOG-CN-89991549279,罐式车,"避光, 控温25℃下",2024-10-26 00:53,2024-10-30 19:29,广州市,白云区,113.27,23.15,2024-11-02 19:29
CN-AG-202410-10849,玉米,河北省,藁城区,114.881385,38.06905,2024-06-18,2024-06-18 [免耕直播] -> 2024-07-10 [苗期中耕] -> 2024-08-01 [喇叭口期追肥] -> 2024-08-23 [大斑病防治] -> 2024-09-14 [人工授粉辅助],2024-10-03 16:18,36056.84,藁城区第5深加工基地,"114.841534,38.02498",物理清理->脱粒烘干->破碎加工->筛理分级,2024-10-06 22:18,2024-10-07 04:04,WH-CN-733,现代化圆筒仓,2024-10-07 11:04,2024-10-26 11:04,避光控温控制,LOG-CN-39449880531,重型散粮卡车,"通风良好, 严控高温",2024-10-26 18:04,2024-10-29 07:05,武汉市,东西湖区,114.13,30.62,2024-11-01 07:05
CN-AG-202406-10850,小麦,新疆维吾尔自治区,奇台县,89.54139,43.968071,2023-10-23,2023-10-23 [深耕整地] -> 2023-11-30 [秋播种子处理] -> 2024-01-07 [越冬水灌溉] -> 2024-02-14 [拔节期追肥] -> 2024-03-23 [条锈病防治] -> 2024-04-30 [干热风防护],2024-06-06 11:18,18929.78,奇台县第1深加工基地,"89.586533,44.029978",磁选除杂->着水润麦->多级研磨->高方筛理->包装,2024-06-10 16:18,2024-06-10 23:36,WH-CN-568,钢板筒仓,2024-06-11 11:36,2024-06-24 11:36,准低温低氧控制,LOG-CN-69115034859,全封闭货车,"干燥, 禁止异味混载",2024-06-24 17:36,2024-06-28 17:06,南京市,南京浦口区,118.62,32.05,2024-06-29 17:06
CN-AG-202409-10851,大豆,黑龙江省,富锦市,132.0668,47.279782,2024-05-19,2024-05-19 [拌种包衣] -> 2024-06-13 [等距点播] -> 2024-07-08 [结荚期根外追肥] -> 2024-08-02 [食心虫绿色防控] -> 2024-08-27 [除草中耕],2024-09-24 11:19,36397.3,富锦市第1深加工基地,"132.039953,47.25716",磁选->破碎压胚->高温压榨->物理过滤->精炼,2024-09-26 17:19,2024-09-27 00:59,WH-CN-956,不锈钢储油罐区,2024-09-27 07:59,2024-10-27 07:59,准低温低氧控制,LOG-CN-25734968703,罐式车,"避光, 控温25℃下",2024-10-27 16:59,2024-10-31 11:07,武汉市,东西湖区,114.13,30.62,2024-11-03 11:07
CN-AG-202411-10852,棉花,新疆维吾尔自治区,沙雅县,82.724842,41.18898,2024-05-08,2024-05-08 [覆膜播种] -> 2024-06-13 [人工打顶] -> 2024-07-19 [叶面喷施补硼] -> 2024-08-24 [枯萎病监测] -> 2024-09-29 [喷施脱叶剂],2024-11-01 16:51,18385.19,沙雅县第4深加工基地,"82.772602,41.218224",皮棉清理->锯齿轧花->纤维分级->压力打包,2024-11-05 22:51,2024-11-06 07:51,WH-CN-452,专业纤维库,2024-11-06 16:51,2024-12-20 16:51,避光控温控制,LOG-CN-97647075250,高栏平板车,"严禁烟火, 防静电, 干燥",2024-12-21 02:51,2024-12-22 14:41,广州市,白云区,113.27,23.15,2024-12-25 14:41
CN-AG-202409-10853,玉米,吉林省,公主岭市,124.803251,43.462691,2024-05-30,2024-05-30 [免耕直播] -> 2024-06-21 [苗期中耕] -> 2024-07-13 [喇叭口期追肥] -> 2024-08-04 [大斑病防治] -> 2024-08-26 [人工授粉辅助],2024-09-18 15:51,34515.77,公主岭市第3深加工基地,"124.821324,43.525675",物理清理->脱粒烘干->破碎加工->筛理分级,2024-09-19 18:51,2024-09-20 03:53,WH-CN-508,现代化圆筒仓,2024-09-20 10:53,2024-11-02 10:53,避光控温控制,LOG-CN-29505456898,重型散粮卡车,"通风良好, 严控高温",2024-11-02 21:53,2024-11-07 22:00,武汉市,东西湖区,114.13,30.62,2024-11-09 22:00
CN-AG-202406-10854,小麦,甘肃省,永昌县,101.988521,38.217533,2023-11-09,2023-11-09 [深耕整地] -> 2023-12-17 [秋播种子处理] -> 2024-01-24 [越冬水灌溉] -> 2024-03-02 [拔节期追肥] -> 2024-04-09 [条锈病防治] -> 2024-05-17 [干热风防护],2024-06-21 08:54,36756.87,永昌县第4深加工基地,"101.960288,38.23464",磁选除杂->着水润麦->多级研磨->高方筛理->包装,2024-06-23 13:54,2024-06-23 22:49,WH-CN-164,钢板筒仓,2024-06-24 05:49,2024-07-04 05:49,准低温低氧控制,LOG-CN-18583249457,全封闭货车,"干燥, 禁止异味混载",2024-07-04 19:49,2024-07-08 03:27,北京市,丰台区,116.28,39.85,2024-07-10 03:27
CN-AG-202409-10855,水稻,辽宁省,盘山县,122.054849,41.271722,2024-04-18,2024-04-18 [播种育秧] -> 2024-05-11 [田间底肥] -> 2024-06-03 [插秧作业] -> 2024-06-26 [分蘖期灌溉] -> 2024-07-19 [除草控虫] -> 2024-08-11 [晒田补肥],2024-09-03 09:42,26228.68,盘山县第3深加工基地,"122.030779,41.245246",清理去石->砻谷脱壳->糙米碾白->抛光->色选->包装,2024-09-06 11:42,2024-09-06 14:36,WH-CN-155,平房仓(准低温),2024-09-06 19:36,2024-10-10 19:36,准低温低氧控制,LOG-CN-67780783009,散粮车,"防潮, 湿度<14%",2024-10-11 05:36,2024-10-12 15:54,北京市,丰台区,116.28,39.85,2024-10-15 15:54
CN-AG-202406-10856,小麦,新疆维吾尔自治区,奇台县,89.604343,44.060454,2023-11-07,2023-11-07 [深耕整地] -> 2023-12-15 [秋播种子处理] -> 2024-01-22 [越冬水灌溉] -> 2024-02-29 [拔节期追肥] -> 2024-04-07 [条锈病防治] -> 2024-05-15 [干热风防护],2024-06-21 14:40,18675.83,奇台县第1深加工基地,"89.592492,44.021268",磁选除杂->着水润麦->多级研磨->高方筛理->包装,2024-06-22 18:40,2024-06-22 23:02,WH-CN-831,钢板筒仓,2024-06-23 07:02,2024-07-20 07:02,准低温低氧控制,LOG-CN-74179399649,全封闭货车,"干燥, 禁止异味混载",2024-07-20 20:02,2024-07-24 04:40,北京市,海淀区,116.3,39.96,2024-07-26 04:40
CN-AG-202410-10857,玉米,辽宁省,黑山县,122.130432,41.733732,2024-07-07,2024-07-07 [免耕直播] -> 2024-07-29 [苗期中耕] -> 2024-08-20 [喇叭口期追肥] -> 2024-09-11 [大斑病防治] -> 2024-10-03 [人工授粉辅助],2024-10-22 10:38,37636.98,黑山县第1深加工基地,"122.129814,41.691619",物理清理->脱粒烘干->破碎加工->筛理分级,2024-10-25 12:38,2024-10-25 19:52,WH-CN-887,现代化圆筒仓,2024-10-26 00:52,2024-12-06 00:52,避光控温控制,LOG-CN-47700105706,重型散粮卡车,"通风良好, 严控高温",2024-12-06 06:52,2024-12-08 03:28,西安市,未央区,108.94,34.29,2024-12-11 03:28
CN-AG-202409-10858,大豆,黑龙江省,富锦市,132.023075,47.280808,2024-05-03,2024-05-03 [拌种包衣] -> 2024-05-28 [等距点播] -> 2024-06-22 [结荚期根外追肥] -> 2024-07-17 [食心虫绿色防控] -> 2024-08-11 [除草中耕],2024-09-03 11:12,8804.97,富锦市第5深加工基地,"132.027785,47.254148",磁选->破碎压胚->高温压榨->物理过滤->精炼,2024-09-07 14:12,2024-09-07 17:27,WH-CN-181,不锈钢储油罐区,2024-09-07 23:27,2024-10-07 23:27,准低温低氧控制,LOG-CN-11993960210,罐式车,"避光, 控温25℃下",2024-10-08 07:27,2024-10-10 08:49,武汉市,东西湖区,114.13,30.62,2024-10-12 08:49
CN-AG-202406-10859,小麦,内蒙古自治区,五原县,108.271622,41.067465,2023-10-22,2023-10-22 [深耕整地] -> 2023-11-29 [秋播种子处理] -> 2024-01-06 [越冬水灌溉] -> 2024-02-13 [拔节期追肥] -> 2024-03-22 [条锈病防治] -> 2024-04-29 [干热风防护],2024-06-03 17:10,39175.16,五原县第4深加工基地,"108.268583,41.108564",磁选除杂->着水润麦->多级研磨->高方筛理->包装,2024-06-07 19:10,2024-06-07 23:32,WH-CN-224,钢板筒仓,2024-06-08 09:32,2024-07-03 09:32,准低温低氧控制,LOG-CN-36587510586,全封闭货车,"干燥, 禁止异味混载",2024-07-03 22:32,2024-07-07 14:06,武汉市,洪山区,114.34,30.5,2024-07-10 14:06
CN-AG-202410-10860,水稻,江苏省,东海县,118.773321,34.521029,2024-05-28,2024-05-28 [播种育秧] -> 2024-06-20 [田间底肥] -> 2024-07-13 [插秧作业] -> 2024-08-05 [分蘖期灌溉] -> 2024-08-28 [除草控虫] -> 2024-09-20 [晒田补肥],2024-10-10 12:37,20090.59,东海县第3深加工基地,"118.779913,34.534233",清理去石->砻谷脱壳->糙米碾白->抛光->色选->包装,2024-10-12 18:37,2024-10-12 23:52,WH-CN-154,平房仓(准低温),2024-10-13 03:52,2024-11-01 03:52,准低温低氧控制,LOG-CN-71145334153,散粮车,"防潮, 湿度<14%",2024-11-01 17:52,2024-11-02 23:44,南京市,江宁区,118.83,31.95,2024-11-03 23:44
CN-AG-202409-10861,玉米,内蒙古自治区,五原县,108.277941,41.157734,2024-05-30,2024-05-30 [免耕直播] -> 2024-06-21 [苗期中耕] -> 2024-07-13 [喇叭口期追肥] -> 2024-08-04 [大斑病防治] -> 2024-08-26 [人工授粉辅助],2024-09-13 15:34,27367.19,五原县第4深加工基地,"108.264302,41.106088",物理清理->脱粒烘干->破碎加工->筛理分级,2024-09-15 20:34,2024-09-16 05:23,WH-CN-940,现代化圆筒仓,2024-09-16 16:23,2024-10-28 16:23,避光控温控制,LOG-CN-85544150018,重型散粮卡车,"通风良好, 严控高温",2024-10-28 23:23,2024-10-30 01:16,广州市,天河区,113.33,23.13,2024-10-31 01:16
CN-AG-202406-10862,小麦,新疆维吾尔自治区,奇台县,89.536402,44.031179,2023-10-22,2023-10-22 [深耕整地] -> 2023-11-29 [秋播种子处理] -> 2024-01-06 [越冬水灌溉] -> 2024-02-13 [拔节期追肥] -> 2024-03-22 [条锈病防治] -> 2024-04-29 [干热风防护],2024-06-09 16:59,13506.03,奇台县第1深加工基地,"89.593496,44.019095",磁选除杂->着水润麦->多级研磨->高方筛理->包装,2024-06-11 22:59,2024-06-12 06:08,WH-CN-968,钢板筒仓,2024-06-12 15:08,2024-07-23 15:08,准低温低氧控制,LOG-CN-33688034485,全封闭货车,"干燥, 禁止异味混载",2024-07-24 03:08,2024-07-29 12:22,西安市,雁塔区,108.94,34.21,2024-08-01 12:22
CN-AG-202410-10863,水稻,湖北省,枣阳市,112.734775,32.151304,2024-05-10,2024-05-10 [播种育秧] -> 2024-06-02 [田间底肥] -> 2024-06-25 [插秧作业] -> 2024-07-18 [分蘖期灌溉] -> 2024-08-10 [除草控虫] -> 2024-09-02 [晒田补肥],2024-10-01 13:14,7138.11,枣阳市第4深加工基地,"112.743347,32.138834",清理去石->砻谷脱壳->糙米碾白->抛光->色选->包装,2024-10-05 15:14,2024-10-05 21:56,WH-CN-341,平房仓(准低温),2024-10-06 09:56,2024-11-25 09:56,准低温低氧控制,LOG-CN-65406420378,散粮车,"防潮, 湿度<14%",2024-11-25 16:56,2024-11-29 03:26,南京市,江宁区,118.83,31.95,2024-12-02 03:26
CN-AG-202409-10864,水稻,湖北省,监利市,112.922906,29.830043,2024-04-22,2024-04-22 [播种育秧] -> 2024-05-15 [田间底肥] -> 2024-06-07 [插秧作业] -> 2024-06-30 [分蘖期灌溉] -> 2024-07-23 [除草控虫] -> 2024-08-15 [晒田补肥],2024-09-12 08:24,8016.62,监利市第4深加工基地,"112.902973,29.833943",清理去石->砻谷脱壳->糙米碾白->抛光->色选->包装,2024-09-14 10:24,2024-09-14 18:31,WH-CN-795,平房仓(准低温),2024-09-15 00:31,2024-10-06 00:31,准低温低氧控制,LOG-CN-11572131990,散粮车,"防潮, 湿度<14%",2024-10-06 11:31,2024-10-09 05:14,深圳市,宝安区,113.88,22.55,2024-10-10 05:14
CN-AG-202408-10865,花生,山东省,平度市,119.908745,36.753035,2024-04-20,2024-04-20 [清棵蹲苗] -> 2024-05-14 [培土迎葑] -> 2024-06-07 [钙镁肥补充] -> 2024-07-01 [下针期控旺] -> 2024-07-25 [地下虫害防治],2024-08-22 12:25,38421.19,平度市第5深加工基地,"119.951986,36.782719",剥壳分选->烘炒->压榨提取->物理精炼,2024-08-24 14:25,2024-08-24 21:22,WH-CN-704,避光库房,2024-08-25 03:22,2024-09-08 03:22,避光控温控制,LOG-CN-47288313344,厢式货车,避光防潮,2024-09-08 18:22,2024-09-11 20:51,广州市,白云区,113.27,23.15,2024-09-14 20:51
CN-AG-202406-10866,小麦,甘肃省,永昌县,101.994617,38.201523,2023-11-14,2023-11-14 [深耕整地] -> 2023-12-22 [秋播种子处理] -> 2024-01-29 [越冬水灌溉] -> 2024-03-07 [拔节期追肥] -> 2024-04-14 [条锈病防治] -> 2024-05-22 [干热风防护],2024-06-26 16:55,30086.29,永昌县第3深加工基地,"101.973355,38.239103",磁选除杂->着水润麦->多级研磨->高方筛理->包装,2024-06-28 19:55,2024-06-28 22:44,WH-CN-619,钢板筒仓,2024-06-29 07:44,2024-07-11 07:44,准低温低氧控制,LOG-CN-52816810798,全封闭货车,"干燥, 禁止异味混载",2024-07-11 21:44,2024-07-15 05:30,深圳市,宝安区,113.88,22.55,2024-07-18 05:30
CN-AG-202410-10867,水稻,四川省,三台县,105.050367,31.130484,2024-05-29,2024-05-29 [播种育秧] -> 2024-06-21 [田间底肥] -> 2024-07-14 [插秧作业] -> 2024-08-06 [分蘖期灌溉] -> 2024-08-29 [除草控虫] -> 2024-09-21 [晒田补肥],2024-10-20 13:54,13234.83,三台县第5深加工基地,"105.095582,31.080383",清理去石->砻谷脱壳->糙米碾白->抛光->色选->包装,2024-10-21 15:54,2024-10-21 20:49,WH-CN-511,平房仓(准低温),2024-10-22 05:49,2024-11-29 05:49,准低温低氧控制,LOG-CN-63461945444,散粮车,"防潮, 湿度<14%",2024-11-29 18:49,2024-12-01 06:11,西安市,雁塔区,108.94,34.21,2024-12-02 06:11
CN-AG-202409-10868,水稻,安徽省,寿县,116.803957,32.583164,2024-04-15,2024-04-15 [播种育秧] -> 2024-05-08 [田间底肥] -> 2024-05-31 [插秧作业] -> 2024-06-23 [分蘖期灌溉] -> 2024-07-16 [除草控虫] -> 2024-08-08 [晒田补肥],2024-09-01 17:28,23969.19,寿县第5深加工基地,"116.786056,32.576763",清理去石->砻谷脱壳->糙米碾白->抛光->色选->包装,2024-09-05 19:28,2024-09-06 03:12,WH-CN-688,平房仓(准低温),2024-09-06 08:12,2024-10-26 08:12,准低温低氧控制,LOG-CN-69765836905,散粮车,"防潮, 湿度<14%",2024-10-26 23:12,2024-10-30 19:43,西安市,未央区,108.94,34.29,2024-11-01 19:43
CN-AG-202409-10869,大豆,安徽省,怀远县,117.204312,33.02531,2024-05-22,2024-05-22 [拌种包衣] -> 2024-06-16 [等距点播] -> 2024-07-11 [结荚期根外追肥] -> 2024-08-05 [食心虫绿色防控] -> 2024-08-30 [除草中耕],2024-09-27 10:20,11518.3,怀远县第2深加工基地,"117.198038,32.96977",磁选->破碎压胚->高温压榨->物理过滤->精炼,2024-09-29 15:20,2024-09-30 00:13,WH-CN-477,不锈钢储油罐区,2024-09-30 04:13,2024-11-13 04:13,准低温低氧控制,LOG-CN-65810836681,罐式车,"避光, 控温25℃下",2024-11-13 18:13,2024-11-14 18:38,武汉市,东西湖区,114.13,30.62,2024-11-17 18:38
CN-AG-202410-10870,玉米,河北省,藁城区,114.848713,37.988443,2024-06-26,2024-06-26 [免耕直播] -> 2024-07-18 [苗期中耕] -> 2024-08-09 [喇叭口期追肥] -> 2024-08-31 [大斑病防治] -> 2024-09-22 [人工授粉辅助],2024-10-19 08:01,18761.07,藁城区第5深加工基地,"114.848426,38.02554",物理清理->脱粒烘干->破碎加工->筛理分级,2024-10-20 11:01,2024-10-20 15:54,WH-CN-503,现代化圆筒仓,2024-10-21 03:54,2024-11-11 03:54,避光控温控制,LOG-CN-28022143409,重型散粮卡车,"通风良好, 严控高温",2024-11-11 13:54,2024-11-13 22:05,武汉市,江岸区,114.3,30.59,2024-11-16 22:05
CN-AG-202409-10871,大豆,山东省,莒南县,118.841141,35.179983,2024-05-22,2024-05-22 [拌种包衣] -> 2024-06-16 [等距点播] -> 2024-07-11 [结荚期根外追肥] -> 2024-08-05 [食心虫绿色防控] -> 2024-08-30 [除草中耕],2024-09-21 11:40,28956.42,莒南县第3深加工基地,"118.82104,35.167098",磁选->破碎压胚->高温压榨->物理过滤->精炼,2024-09-24 16:40,2024-09-25 02:15,WH-CN-291,不锈钢储油罐区,2024-09-25 09:15,2024-10-17 09:15,准低温低氧控制,LOG-CN-33550606368,罐式车,"避光, 控温25℃下",2024-10-17 21:15,2024-10-19 18:31,上海市,闵行区,121.38,31.11,2024-10-20 18:31
CN-AG-202408-10872,花生,山东省,平度市,119.9408,36.723809,2024-04-17,2024-04-17 [清棵蹲苗] -> 2024-05-11 [培土迎葑] -> 2024-06-04 [钙镁肥补充] -> 2024-06-28 [下针期控旺] -> 2024-07-22 [地下虫害防治],2024-08-19 10:25,29871.54,平度市第3深加工基地,"119.952137,36.771691",剥壳分选->烘炒->压榨提取->物理精炼,2024-08-21 13:25,2024-08-21 18:50,WH-CN-474,避光库房,2024-08-22 06:50,2024-10-09 06:50,避光控温控制,LOG-CN-77198288788,厢式货车,避光防潮,2024-10-09 15:50,2024-10-13 07:56,武汉市,洪山区,114.34,30.5,2024-10-16 07:56
CN-AG-202405-10873,油菜籽,湖北省,监利市,112.94595,29.875717,2023-11-05,2023-11-05 [育苗移栽] -> 2023-12-27 [越冬防冻肥] -> 2024-02-17 [薹期水肥调节] -> 2024-04-09 [菌核病无人机防治],2024-05-28 16:20,9199.22,监利市第5深加工基地,"112.894225,29.833181",多级筛选->炒籽->螺旋压榨->精制过滤,2024-05-31 21:20,2024-06-01 06:25,WH-CN-944,恒温罐区,2024-06-01 14:25,2024-06-27 14:25,避光控温控制,LOG-CN-21067978595,罐式车,"避光, 防氧化",2024-06-27 23:25,2024-06-30 15:05,深圳市,福田区,114.05,22.54,2024-07-03 15:05
CN-AG-202410-10874,水稻,辽宁省,盘山县,122.086331,41.28356,2024-05-16,2024-05-16 [播种育秧] -> 2024-06-08 [田间底肥] -> 2024-07-01 [插秧作业] -> 2024-07-24 [分蘖期灌溉] -> 2024-08-16 [除草控虫] -> 2024-09-08 [晒田补肥],2024-10-06 08:12,16383.61,盘山县第4深加工基地,"122.044749,41.233933",清理去石->砻谷脱壳->糙米碾白->抛光->色选->包装,2024-10-09 14:12,2024-10-09 18:42,WH-CN-210,平房仓(准低温),2024-10-10 02:42,2024-10-22 02:42,准低温低氧控制,LOG-CN-37177548665,散粮车,"防潮, 湿度<14%",2024-10-22 11:42,2024-10-25 14:01,上海市,闵行区,121.38,31.11,2024-10-26 14:01
CN-AG-202409-10875,玉米,辽宁省,昌图县,124.146317,42.754382,2024-05-27,2024-05-27 [免耕直播] -> 2024-06-18 [苗期中耕] -> 2024-07-10 [喇叭口期追肥] -> 2024-08-01 [大斑病防治] -> 2024-08-23 [人工授粉辅助],2024-09-12 17:56,38593.01,昌图县第3深加工基地,"124.100601,42.789945",物理清理->脱粒烘干->破碎加工->筛理分级,2024-09-16 22:56,2024-09-17 07:38,WH-CN-966,现代化圆筒仓,2024-09-17 19:38,2024-10-03 19:38,避光控温控制,LOG-CN-99611309338,重型散粮卡车,"通风良好, 严控高温",2024-10-04 08:38,2024-10-07 00:40,深圳市,南山区,113.93,22.54,2024-10-08 00:40
CN-AG-202409-10876,大豆,辽宁省,昌图县,124.124716,42.827684,2024-04-28,2024-04-28 [拌种包衣] -> 2024-05-23 [等距点播] -> 2024-06-17 [结荚期根外追肥] -> 2024-07-12 [食心虫绿色防控] -> 2024-08-06 [除草中耕],2024-09-02 13:11,31521.77,昌图县第1深加工基地,"124.1093,42.789468",磁选->破碎压胚->高温压榨->物理过滤->精炼,2024-09-06 19:11,2024-09-07 02:11,WH-CN-378,不锈钢储油罐区,2024-09-07 07:11,2024-10-24 07:11,准低温低氧控制,LOG-CN-28730294815,罐式车,"避光, 控温25℃下",2024-10-24 13:11,2024-10-28 18:57,西安市,长安区,108.87,34.15,2024-10-29 18:57
CN-AG-202406-10877,小麦,甘肃省,永昌县,101.917487,38.281687,2023-10-20,2023-10-20 [深耕整地] -> 2023-11-27 [秋播种子处理] -> 2024-01-04 [越冬水灌溉] -> 2024-02-11 [拔节期追肥] -> 2024-03-20 [条锈病防治] -> 2024-04-27 [干热风防护],2024-06-06 10:59,35190.74,永昌县第2深加工基地,"101.96134,38.236706",磁选除杂->着水润麦->多级研磨->高方筛理->包装,2024-06-10 15:59,2024-06-10 18:58,WH-CN-604,钢板筒仓,2024-06-11 03:58,2024-07-28 03:58,准低温低氧控制,LOG-CN-55982356459,全封闭货车,"干燥, 禁止异味混载",2024-07-28 17:58,2024-08-01 02:15,南京市,江宁区,118.83,31.95,2024-08-03 02:15
CN-AG-202409-10878,大豆,安徽省,怀远县,117.238037,33.027041,2024-05-12,2024-05-12 [拌种包衣] -> 2024-06-06 [等距点播] -> 2024-07-01 [结荚期根外追肥] -> 2024-07-26 [食心虫绿色防控] -> 2024-08-20 [除草中耕],2024-09-18 13:46,36867.04,怀远县第1深加工基地,"117.208759,32.977051",磁选->破碎压胚->高温压榨->物理过滤->精炼,2024-09-22 17:46,2024-09-23 03:03,WH-CN-931,不锈钢储油罐区,2024-09-23 12:03,2024-11-11 12:03,准低温低氧控制,LOG-CN-68811761308,罐式车,"避光, 控温25℃下",2024-11-12 02:03,2024-11-13 18:22,成都市,武侯区,104.04,30.64,2024-11-16 18:22
CN-AG-202406-10879,小麦,山东省,平度市,119.936272,36.730212,2023-11-16,2023-11-16 [深耕整地] -> 2023-12-24 [秋播种子处理] -> 2024-01-31 [越冬水灌溉] -> 2024-03-09 [拔节期追肥] -> 2024-04-16 [条锈病防治] -> 2024-05-24 [干热风防护],2024-06-28 08:56,27492.77,平度市第1深加工基地,"119.944216,36.771421",磁选除杂->着水润麦->多级研磨->高方筛理->包装,2024-06-29 11:56,2024-06-29 21:16,WH-CN-918,钢板筒仓,2024-06-30 05:16,2024-08-02 05:16,准低温低氧控制,LOG-CN-19953058063,全封闭货车,"干燥, 禁止异味混载",2024-08-02 14:16,2024-08-03 23:31,深圳市,宝安区,113.88,22.55,2024-08-04 23:31
CN-AG-202406-10880,小麦,内蒙古自治区,五原县,108.256293,41.067524,2023-10-22,2023-10-22 [深耕整地] -> 2023-11-29 [秋播种子处理] -> 2024-01-06 [越冬水灌溉] -> 2024-02-13 [拔节期追肥] -> 2024-03-22 [条锈病防治] -> 2024-04-29 [干热风防护],2024-06-11 15:02,18407.36,五原县第5深加工基地,"108.25202,41.095371",磁选除杂->着水润麦->多级研磨->高方筛理->包装,2024-06-13 20:02,2024-06-14 03:16,WH-CN-734,钢板筒仓,2024-06-14 09:16,2024-06-30 09:16,准低温低氧控制,LOG-CN-29287106438,全封闭货车,"干燥, 禁止异味混载",2024-06-30 19:16,2024-07-04 13:49,成都市,龙泉驿区,104.27,30.55,2024-07-07 13:49
CN-AG-202406-10881,小麦,安徽省,蒙城县,116.517673,33.220099,2023-10-30,2023-10-30 [深耕整地] -> 2023-12-07 [秋播种子处理] -> 2024-01-14 [越冬水灌溉] -> 2024-02-21 [拔节期追肥] -> 2024-03-30 [条锈病防治] -> 2024-05-07 [干热风防护],2024-06-15 15:46,38239.61,蒙城县第1深加工基地,"116.565186,33.269462",磁选除杂->着水润麦->多级研磨->高方筛理->包装,2024-06-19 18:46,2024-06-20 03:38,WH-CN-638,钢板筒仓,2024-06-20 07:38,2024-07-08 07:38,准低温低氧控制,LOG-CN-34969081214,全封闭货车,"干燥, 禁止异味混载",2024-07-08 15:38,2024-07-11 14:56,武汉市,东西湖区,114.13,30.62,2024-07-12 14:56
CN-AG-202406-10882,小麦,湖北省,枣阳市,112.742769,32.186131,2023-10-23,2023-10-23 [深耕整地] -> 2023-11-30 [秋播种子处理] -> 2024-01-07 [越冬水灌溉] -> 2024-02-14 [拔节期追肥] -> 2024-03-23 [条锈病防治] -> 2024-04-30 [干热风防护],2024-06-07 09:08,23185.67,枣阳市第4深加工基地,"112.755966,32.125567",磁选除杂->着水润麦->多级研磨->高方筛理->包装,2024-06-09 11:08,2024-06-09 18:58,WH-CN-368,钢板筒仓,2024-06-10 02:58,2024-07-29 02:58,准低温低氧控制,LOG-CN-33577385550,全封闭货车,"干燥, 禁止异味混载",2024-07-29 14:58,2024-08-03 12:58,上海市,浦东新区,121.54,31.22,2024-08-04 12:58
CN-AG-202410-10883,玉米,内蒙古自治区,五原县,108.235926,41.07915,2024-06-11,2024-06-11 [免耕直播] -> 2024-07-03 [苗期中耕] -> 2024-07-25 [喇叭口期追肥] -> 2024-08-16 [大斑病防治] -> 2024-09-07 [人工授粉辅助],2024-10-01 16:10,14111.92,五原县第3深加工基地,"108.252594,41.09465",物理清理->脱粒烘干->破碎加工->筛理分级,2024-10-05 22:10,2024-10-06 06:41,WH-CN-675,现代化圆筒仓,2024-10-06 11:41,2024-11-14 11:41,避光控温控制,LOG-CN-47055837639,重型散粮卡车,"通风良好, 严控高温",2024-11-14 22:41,2024-11-18 12:10,广州市,天河区,113.33,23.13,2024-11-20 12:10
CN-AG-202410-10884,水稻,安徽省,寿县,116.762638,32.540776,2024-05-18,2024-05-18 [播种育秧] -> 2024-06-10 [田间底肥] -> 2024-07-03 [插秧作业] -> 2024-07-26 [分蘖期灌溉] -> 2024-08-18 [除草控虫] -> 2024-09-10 [晒田补肥],2024-10-05 17:02,18737.34,寿县第5深加工基地,"116.771251,32.57348",清理去石->砻谷脱壳->糙米碾白->抛光->色选->包装,2024-10-07 23:02,2024-10-08 02:18,WH-CN-989,平房仓(准低温),2024-10-08 14:18,2024-11-16 14:18,准低温低氧控制,LOG-CN-96418735318,散粮车,"防潮, 湿度<14%",2024-11-17 04:18,2024-11-19 11:04,南京市,南京浦口区,118.62,32.05,2024-11-20 11:04
CN-AG-202409-10885,水稻,安徽省,寿县,116.817083,32.535261,2024-04-26,2024-04-26 [播种育秧] -> 2024-05-19 [田间底肥] -> 2024-06-11 [插秧作业] -> 2024-07-04 [分蘖期灌溉] -> 2024-07-27 [除草控虫] -> 2024-08-19 [晒田补肥],2024-09-15 11:12,36837.45,寿县第2深加工基地,"116.776853,32.562938",清理去石->砻谷脱壳->糙米碾白->抛光->色选->包装,2024-09-17 17:12,2024-09-18 01:17,WH-CN-858,平房仓(准低温),2024-09-18 07:17,2024-09-29 07:17,准低温低氧控制,LOG-CN-90976744155,散粮车,"防潮, 湿度<14%",2024-09-29 15:17,2024-10-01 10:53,武汉市,洪山区,114.34,30.5,2024-10-04 10:53
CN-AG-202409-10886,大豆,吉林省,公主岭市,124.778591,43.563759,2024-05-18,2024-05-18 [拌种包衣] -> 2024-06-12 [等距点播] -> 2024-07-07 [结荚期根外追肥] -> 2024-08-01 [食心虫绿色防控] -> 2024-08-26 [除草中耕],2024-09-18 16:09,9275.48,公主岭市第4深加工基地,"124.819691,43.511655",磁选->破碎压胚->高温压榨->物理过滤->精炼,2024-09-20 20:09,2024-09-21 04:13,WH-CN-854,不锈钢储油罐区,2024-09-21 13:13,2024-10-16 13:13,准低温低氧控制,LOG-CN-42182627125,罐式车,"避光, 控温25℃下",2024-10-17 03:13,2024-10-19 18:30,深圳市,南山区,113.93,22.54,2024-10-21 18:30
CN-AG-202406-10887,小麦,新疆维吾尔自治区,玛纳斯县,86.217609,44.27629,2023-10-22,2023-10-22 [深耕整地] -> 2023-11-29 [秋播种子处理] -> 2024-01-06 [越冬水灌溉] -> 2024-02-13 [拔节期追肥] -> 2024-03-22 [条锈病防治] -> 2024-04-29 [干热风防护],2024-06-08 08:36,20357.86,玛纳斯县第2深加工基地,"86.202743,44.306076",磁选除杂->着水润麦->多级研磨->高方筛理->包装,2024-06-11 12:36,2024-06-11 20:01,WH-CN-684,钢板筒仓,2024-06-12 07:01,2024-07-31 07:01,准低温低氧控制,LOG-CN-70878286231,全封闭货车,"干燥, 禁止异味混载",2024-07-31 20:01,2024-08-05 01:53,上海市,浦东新区,121.54,31.22,2024-08-08 01:53
CN-AG-202409-10888,玉米,吉林省,公主岭市,124.820661,43.529684,2024-05-20,2024-05-20 [免耕直播] -> 2024-06-11 [苗期中耕] -> 2024-07-03 [喇叭口期追肥] -> 2024-07-25 [大斑病防治] -> 2024-08-16 [人工授粉辅助],2024-09-11 11:42,38103.15,公主岭市第5深加工基地,"124.82248,43.512882",物理清理->脱粒烘干->破碎加工->筛理分级,2024-09-15 17:42,2024-09-16 00:26,WH-CN-348,现代化圆筒仓,2024-09-16 05:26,2024-10-09 05:26,避光控温控制,LOG-CN-27741085389,重型散粮卡车,"通风良好, 严控高温",2024-10-09 16:26,2024-10-11 10:03,西安市,长安区,108.87,34.15,2024-10-14 10:03
CN-AG-202409-10889,玉米,黑龙江省,富锦市,132.02854,47.222837,2024-06-13,2024-06-13 [免耕直播] -> 2024-07-05 [苗期中耕] -> 2024-07-27 [喇叭口期追肥] -> 2024-08-18 [大斑病防治] -> 2024-09-09 [人工授粉辅助],2024-09-26 13:25,35226.81,富锦市第4深加工基地,"132.029192,47.241645",物理清理->脱粒烘干->破碎加工->筛理分级,2024-09-28 16:25,2024-09-28 19:14,WH-CN-457,现代化圆筒仓,2024-09-28 23:14,2024-10-24 23:14,避光控温控制,LOG-CN-38705831828,重型散粮卡车,"通风良好, 严控高温",2024-10-25 12:14,2024-10-29 06:46,西安市,长安区,108.87,34.15,2024-11-01 06:46
CN-AG-202410-10890,玉米,广西壮族自治区,武宣县,109.698686,23.566776,2024-06-15,2024-06-15 [免耕直播] -> 2024-07-07 [苗期中耕] -> 2024-07-29 [喇叭口期追肥] -> 2024-08-20 [大斑病防治] -> 2024-09-11 [人工授粉辅助],2024-10-06 11:40,27589.24,武宣县第5深加工基地,"109.658372,23.58114",物理清理->脱粒烘干->破碎加工->筛理分级,2024-10-10 13:40,2024-10-10 22:58,WH-CN-975,现代化圆筒仓,2024-10-11 02:58,2024-11-02 02:58,避光控温控制,LOG-CN-90720683438,重型散粮卡车,"通风良好, 严控高温",2024-11-02 12:58,2024-11-04 19:57,北京市,海淀区,116.3,39.96,2024-11-06 19:57
CN-AG-202406-10891,小麦,河南省,唐河县,112.857001,32.675012,2023-10-20,2023-10-20 [深耕整地] -> 2023-11-27 [秋播种子处理] -> 2024-01-04 [越冬水灌溉] -> 2024-02-11 [拔节期追肥] -> 2024-03-20 [条锈病防治] -> 2024-04-27 [干热风防护],2024-06-03 13:53,37963.96,唐河县第3深加工基地,"112.833344,32.681486",磁选除杂->着水润麦->多级研磨->高方筛理->包装,2024-06-05 19:53,2024-06-06 05:47,WH-CN-779,钢板筒仓,2024-06-06 10:47,2024-06-17 10:47,准低温低氧控制,LOG-CN-18693142462,全封闭货车,"干燥, 禁止异味混载",2024-06-18 01:47,2024-06-19 23:36,广州市,番禺区,113.38,22.93,2024-06-22 23:36
CN-AG-202409-10892,花生,河南省,正阳县,114.423464,32.633246,2024-05-17,2024-05-17 [清棵蹲苗] -> 2024-06-10 [培土迎葑] -> 2024-07-04 [钙镁肥补充] -> 2024-07-28 [下针期控旺] -> 2024-08-21 [地下虫害防治],2024-09-09 16:12,38859.51,正阳县第2深加工基地,"114.38076,32.596278",剥壳分选->烘炒->压榨提取->物理精炼,2024-09-11 18:12,2024-09-12 01:37,WH-CN-507,避光库房,2024-09-12 11:37,2024-10-22 11:37,避光控温控制,LOG-CN-96107293046,厢式货车,避光防潮,2024-10-23 02:37,2024-10-26 17:42,上海市,浦东新区,121.54,31.22,2024-10-29 17:42
CN-AG-202410-10893,棉花,新疆维吾尔自治区,沙雅县,82.838734,41.260813,2024-04-05,2024-04-05 [覆膜播种] -> 2024-05-11 [人工打顶] -> 2024-06-16 [叶面喷施补硼] -> 2024-07-22 [枯萎病监测] -> 2024-08-27 [喷施脱叶剂],2024-10-07 10:07,19094.37,沙雅县第2深加工基地,"82.777429,41.22779",皮棉清理->锯齿轧花->纤维分级->压力打包,2024-10-11 15:07,2024-10-11 21:35,WH-CN-285,专业纤维库,2024-10-12 03:35,2024-10-25 03:35,避光控温控制,LOG-CN-23064651093,高栏平板车,"严禁烟火, 防静电, 干燥",2024-10-25 10:35,2024-10-27 00:42,上海市,宝山区,121.48,31.4,2024-10-29 00:42
CN-AG-202405-10894,油菜籽,四川省,中江县,104.668727,30.99342,2023-10-05,2023-10-05 [育苗移栽] -> 2023-11-26 [越冬防冻肥] -> 2024-01-17 [薹期水肥调节] -> 2024-03-09 [菌核病无人机防治],2024-05-05 13:42,12294.07,中江县第1深加工基地,"104.669851,31.034833",多级筛选->炒籽->螺旋压榨->精制过滤,2024-05-09 16:42,2024-05-09 20:53,WH-CN-776,恒温罐区,2024-05-10 03:53,2024-05-22 03:53,避光控温控制,LOG-CN-70897644160,罐式车,"避光, 防氧化",2024-05-22 12:53,2024-05-25 20:17,成都市,新都区,104.15,30.82,2024-05-27 20:17
CN-AG-202409-10895,玉米,四川省,三台县,105.130588,31.087982,2024-05-22,2024-05-22 [免耕直播] -> 2024-06-13 [苗期中耕] -> 2024-07-05 [喇叭口期追肥] -> 2024-07-27 [大斑病防治] -> 2024-08-18 [人工授粉辅助],2024-09-05 12:11,39369.43,三台县第2深加工基地,"105.097196,31.087228",物理清理->脱粒烘干->破碎加工->筛理分级,2024-09-06 16:11,2024-09-06 18:52,WH-CN-710,现代化圆筒仓,2024-09-07 06:52,2024-10-12 06:52,避光控温控制,LOG-CN-62771030366,重型散粮卡车,"通风良好, 严控高温",2024-10-12 12:52,2024-10-16 14:34,广州市,白云区,113.27,23.15,2024-10-18 14:34
CN-AG-202408-10896,花生,辽宁省,黑山县,122.099388,41.678817,2024-04-24,2024-04-24 [清棵蹲苗] -> 2024-05-18 [培土迎葑] -> 2024-06-11 [钙镁肥补充] -> 2024-07-05 [下针期控旺] -> 2024-07-29 [地下虫害防治],2024-08-23 13:22,32172.7,黑山县第2深加工基地,"122.125249,41.68908",剥壳分选->烘炒->压榨提取->物理精炼,2024-08-24 15:22,2024-08-25 00:44,WH-CN-564,避光库房,2024-08-25 07:44,2024-10-10 07:44,避光控温控制,LOG-CN-27689468504,厢式货车,避光防潮,2024-10-10 22:44,2024-10-14 14:36,武汉市,洪山区,114.34,30.5,2024-10-15 14:36
CN-AG-202411-10897,棉花,甘肃省,瓜州县,95.73357,40.46512,2024-05-13,2024-05-13 [覆膜播种] -> 2024-06-18 [人工打顶] -> 2024-07-24 [叶面喷施补硼] -> 2024-08-29 [枯萎病监测] -> 2024-10-04 [喷施脱叶剂],2024-11-12 16:20,5897.59,瓜州县第4深加工基地,"95.76351,40.519029",皮棉清理->锯齿轧花->纤维分级->压力打包,2024-11-15 21:20,2024-11-16 02:27,WH-CN-155,专业纤维库,2024-11-16 08:27,2024-12-09 08:27,避光控温控制,LOG-CN-24699352870,高栏平板车,"严禁烟火, 防静电, 干燥",2024-12-09 15:27,2024-12-14 15:16,北京市,海淀区,116.3,39.96,2024-12-15 15:16
CN-AG-202410-10898,玉米,山东省,汶上县,116.489518,35.738127,2024-06-21,2024-06-21 [免耕直播] -> 2024-07-13 [苗期中耕] -> 2024-08-04 [喇叭口期追肥] -> 2024-08-26 [大斑病防治] -> 2024-09-17 [人工授粉辅助],2024-10-08 16:31,12987.04,汶上县第2深加工基地,"116.482895,35.729792",物理清理->脱粒烘干->破碎加工->筛理分级,2024-10-09 19:31,2024-10-10 03:07,WH-CN-980,现代化圆筒仓,2024-10-10 07:07,2024-11-17 07:07,避光控温控制,LOG-CN-79928075302,重型散粮卡车,"通风良好, 严控高温",2024-11-17 19:07,2024-11-21 22:08,上海市,闵行区,121.38,31.11,2024-11-23 22:08
CN-AG-202410-10899,水稻,四川省,三台县,105.096319,31.057579,2024-05-27,2024-05-27 [播种育秧] -> 2024-06-19 [田间底肥] -> 2024-07-12 [插秧作业] -> 2024-08-04 [分蘖期灌溉] -> 2024-08-27 [除草控虫] -> 2024-09-19 [晒田补肥],2024-10-11 12:55,36779.32,三台县第4深加工基地,"105.093233,31.087443",清理去石->砻谷脱壳->糙米碾白->抛光->色选->包装,2024-10-12 15:55,2024-10-13 00:24,WH-CN-608,平房仓(准低温),2024-10-13 08:24,2024-10-25 08:24,准低温低氧控制,LOG-CN-99199652423,散粮车,"防潮, 湿度<14%",2024-10-25 15:24,2024-10-26 18:03,深圳市,福田区,114.05,22.54,2024-10-28 18:03
CN-AG-202409-10900,花生,江苏省,东海县,118.778505,34.496947,2024-06-02,2024-06-02 [清棵蹲苗] -> 2024-06-26 [培土迎葑] -> 2024-07-20 [钙镁肥补充] -> 2024-08-13 [下针期控旺] -> 2024-09-06 [地下虫害防治],2024-09-26 12:39,34455.26,东海县第2深加工基地,"118.765573,34.533705",剥壳分选->烘炒->压榨提取->物理精炼,2024-09-29 17:39,2024-09-30 01:11,WH-CN-956,避光库房,2024-09-30 10:11,2024-11-02 10:11,避光控温控制,LOG-CN-47839039029,厢式货车,避光防潮,2024-11-02 18:11,2024-11-05 01:27,成都市,龙泉驿区,104.27,30.55,2024-11-07 01:27
CN-AG-202409-10901,水稻,江苏省,射阳县,120.211941,33.716245,2024-04-22,2024-04-22 [播种育秧] -> 2024-05-15 [田间底肥] -> 2024-06-07 [插秧作业] -> 2024-06-30 [分蘖期灌溉] -> 2024-07-23 [除草控虫] -> 2024-08-15 [晒田补肥],2024-09-04 08:35,20726.4,射阳县第3深加工基地,"120.245714,33.756514",清理去石->砻谷脱壳->糙米碾白->抛光->色选->包装,2024-09-05 14:35,2024-09-05 18:07,WH-CN-881,平房仓(准低温),2024-09-05 22:07,2024-09-28 22:07,准低温低氧控制,LOG-CN-22640989117,散粮车,"防潮, 湿度<14%",2024-09-29 10:07,2024-10-03 08:21,北京市,丰台区,116.28,39.85,2024-10-04 08:21
CN-AG-202406-10902,小麦,安徽省,蒙城县,116.616391,33.311255,2023-11-05,2023-11-05 [深耕整地] -> 2023-12-13 [秋播种子处理] -> 2024-01-20 [越冬水灌溉] -> 2024-02-27 [拔节期追肥] -> 2024-04-05 [条锈病防治] -> 2024-05-13 [干热风防护],2024-06-17 08:34,21220.94,蒙城县第2深加工基地,"116.55286,33.261425",磁选除杂->着水润麦->多级研磨->高方筛理->包装,2024-06-18 12:34,2024-06-18 18:53,WH-CN-620,钢板筒仓,2024-06-18 23:53,2024-07-07 23:53,准低温低氧控制,LOG-CN-66016898881,全封闭货车,"干燥, 禁止异味混载",2024-07-08 06:53,2024-07-11 02:38,北京市,丰台区,116.28,39.85,2024-07-12 02:38
CN-AG-202409-10903,水稻,江苏省,东海县,118.805728,34.524946,2024-04-17,2024-04-17 [播种育秧] -> 2024-05-10 [田间底肥] -> 2024-06-02 [插秧作业] -> 2024-06-25 [分蘖期灌溉] -> 2024-07-18 [除草控虫] -> 2024-08-10 [晒田补肥],2024-09-02 15:45,11124.32,东海县第2深加工基地,"118.76174,34.537348",清理去石->砻谷脱壳->糙米碾白->抛光->色选->包装,2024-09-05 17:45,2024-09-05 20:39,WH-CN-125,平房仓(准低温),2024-09-06 04:39,2024-10-09 04:39,准低温低氧控制,LOG-CN-87384270925,散粮车,"防潮, 湿度<14%",2024-10-09 14:39,2024-10-11 16:30,成都市,龙泉驿区,104.27,30.55,2024-10-13 16:30
CN-AG-202410-10904,水稻,江苏省,兴化市,119.891415,32.936814,2024-05-31,2024-05-31 [播种育秧] -> 2024-06-23 [田间底肥] -> 2024-07-16 [插秧作业] -> 2024-08-08 [分蘖期灌溉] -> 2024-08-31 [除草控虫] -> 2024-09-23 [晒田补肥],2024-10-18 16:43,5191.33,兴化市第2深加工基地,"119.843502,32.935919",清理去石->砻谷脱壳->糙米碾白->抛光->色选->包装,2024-10-22 21:43,2024-10-23 06:13,WH-CN-787,平房仓(准低温),2024-10-23 16:13,2024-12-10 16:13,准低温低氧控制,LOG-CN-39107014084,散粮车,"防潮, 湿度<14%",2024-12-10 22:13,2024-12-13 00:20,成都市,龙泉驿区,104.27,30.55,2024-12-16 00:20
CN-AG-202405-10905,油菜籽,湖南省,桃源县,111.446461,28.920732,2023-10-31,2023-10-31 [育苗移栽] -> 2023-12-22 [越冬防冻肥] -> 2024-02-12 [薹期水肥调节] -> 2024-04-04 [菌核病无人机防治],2024-05-27 15:59,29481.7,桃源县第4深加工基地,"111.487481,28.894364",多级筛选->炒籽->螺旋压榨->精制过滤,2024-05-31 20:59,2024-06-01 03:12,WH-CN-119,恒温罐区,2024-06-01 09:12,2024-06-16 09:12,避光控温控制,LOG-CN-14432769745,罐式车,"避光, 防氧化",2024-06-16 16:12,2024-06-20 11:27,武汉市,东西湖区,114.13,30.62,2024-06-21 11:27
CN-AG-202411-10906,棉花,甘肃省,瓜州县,95.74159,40.47996,2024-05-18,2024-05-18 [覆膜播种] -> 2024-06-23 [人工打顶] -> 2024-07-29 [叶面喷施补硼] -> 2024-09-03 [枯萎病监测] -> 2024-10-09 [喷施脱叶剂],2024-11-14 09:19,36987.53,瓜州县第1深加工基地,"95.777413,40.500013",皮棉清理->锯齿轧花->纤维分级->压力打包,2024-11-15 11:19,2024-11-15 20:36,WH-CN-120,专业纤维库,2024-11-16 01:36,2024-11-29 01:36,避光控温控制,LOG-CN-99116373781,高栏平板车,"严禁烟火, 防静电, 干燥",2024-11-29 14:36,2024-12-04 04:05,西安市,长安区,108.87,34.15,2024-12-05 04:05
CN-AG-202405-10907,油菜籽,甘肃省,民乐县,100.825279,38.465111,2023-10-25,2023-10-25 [育苗移栽] -> 2023-12-16 [越冬防冻肥] -> 2024-02-06 [薹期水肥调节] -> 2024-03-29 [菌核病无人机防治],2024-05-27 17:48,26309.72,民乐县第1深加工基地,"100.803041,38.435005",多级筛选->炒籽->螺旋压榨->精制过滤,2024-05-30 23:48,2024-05-31 02:19,WH-CN-927,恒温罐区,2024-05-31 11:19,2024-06-25 11:19,避光控温控制,LOG-CN-51187214807,罐式车,"避光, 防氧化",2024-06-25 19:19,2024-06-27 00:35,上海市,闵行区,121.38,31.11,2024-06-30 00:35
CN-AG-202410-10908,玉米,四川省,三台县,105.072146,31.084999,2024-07-06,2024-07-06 [免耕直播] -> 2024-07-28 [苗期中耕] -> 2024-08-19 [喇叭口期追肥] -> 2024-09-10 [大斑病防治] -> 2024-10-02 [人工授粉辅助],2024-10-26 17:33,26104.54,三台县第3深加工基地,"105.089723,31.081876",物理清理->脱粒烘干->破碎加工->筛理分级,2024-10-28 19:33,2024-10-28 23:44,WH-CN-204,现代化圆筒仓,2024-10-29 10:44,2024-12-15 10:44,避光控温控制,LOG-CN-27607548139,重型散粮卡车,"通风良好, 严控高温",2024-12-15 17:44,2024-12-21 02:10,西安市,长安区,108.87,34.15,2024-12-23 02:10
CN-AG-202410-10909,玉米,内蒙古自治区,五原县,108.204807,41.150489,2024-06-10,2024-06-10 [免耕直播] -> 2024-07-02 [苗期中耕] -> 2024-07-24 [喇叭口期追肥] -> 2024-08-15 [大斑病防治] -> 2024-09-06 [人工授粉辅助],2024-10-02 15:30,28440.6,五原县第5深加工基地,"108.254151,41.095829",物理清理->脱粒烘干->破碎加工->筛理分级,2024-10-05 18:30,2024-10-05 22:59,WH-CN-396,现代化圆筒仓,2024-10-06 04:59,2024-11-05 04:59,避光控温控制,LOG-CN-89812792878,重型散粮卡车,"通风良好, 严控高温",2024-11-05 13:59,2024-11-10 12:43,南京市,玄武区,118.79,32.06,2024-11-13 12:43
CN-AG-202409-10910,水稻,辽宁省,盘山县,122.089012,41.208578,2024-04-15,2024-04-15 [播种育秧] -> 2024-05-08 [田间底肥] -> 2024-05-31 [插秧作业] -> 2024-06-23 [分蘖期灌溉] -> 2024-07-16 [除草控虫] -> 2024-08-08 [晒田补肥],2024-09-03 12:10,6922.29,盘山县第2深加工基地,"122.039326,41.239361",清理去石->砻谷脱壳->糙米碾白->抛光->色选->包装,2024-09-05 14:10,2024-09-05 18:29,WH-CN-776,平房仓(准低温),2024-09-06 05:29,2024-09-19 05:29,准低温低氧控制,LOG-CN-96017154325,散粮车,"防潮, 湿度<14%",2024-09-19 13:29,2024-09-21 02:34,西安市,长安区,108.87,34.15,2024-09-23 02:34
CN-AG-202409-10911,玉米,广西壮族自治区,宾阳县,108.768539,23.241269,2024-06-14,2024-06-14 [免耕直播] -> 2024-07-06 [苗期中耕] -> 2024-07-28 [喇叭口期追肥] -> 2024-08-19 [大斑病防治] -> 2024-09-10 [人工授粉辅助],2024-09-28 16:51,30583.49,宾阳县第5深加工基地,"108.8086,23.209745",物理清理->脱粒烘干->破碎加工->筛理分级,2024-09-30 20:51,2024-10-01 05:11,WH-CN-615,现代化圆筒仓,2024-10-01 17:11,2024-11-18 17:11,避光控温控制,LOG-CN-89997891946,重型散粮卡车,"通风良好, 严控高温",2024-11-19 00:11,2024-11-20 10:39,西安市,雁塔区,108.94,34.21,2024-11-21 10:39
CN-AG-202406-10912,小麦,河南省,滑县,114.579947,35.581629,2023-11-02,2023-11-02 [深耕整地] -> 2023-12-10 [秋播种子处理] -> 2024-01-17 [越冬水灌溉] -> 2024-02-24 [拔节期追肥] -> 2024-04-02 [条锈病防治] -> 2024-05-10 [干热风防护],2024-06-18 14:57,24988.07,滑县第4深加工基地,"114.517957,35.575389",磁选除杂->着水润麦->多级研磨->高方筛理->包装,2024-06-21 20:57,2024-06-22 00:37,WH-CN-619,钢板筒仓,2024-06-22 06:37,2024-07-09 06:37,准低温低氧控制,LOG-CN-71734997851,全封闭货车,"干燥, 禁止异味混载",2024-07-09 20:37,2024-07-13 14:24,西安市,未央区,108.94,34.29,2024-07-14 14:24
CN-AG-202409-10913,水稻,黑龙江省,五常市,127.110485,44.969306,2024-05-06,2024-05-06 [播种育秧] -> 2024-05-29 [田间底肥] -> 2024-06-21 [插秧作业] -> 2024-07-14 [分蘖期灌溉] -> 2024-08-06 [除草控虫] -> 2024-08-29 [晒田补肥],2024-09-26 08:16,15484.45,五常市第4深加工基地,"127.144089,44.920609",清理去石->砻谷脱壳->糙米碾白->抛光->色选->包装,2024-09-27 13:16,2024-09-27 19:48,WH-CN-193,平房仓(准低温),2024-09-28 04:48,2024-11-07 04:48,准低温低氧控制,LOG-CN-99183318916,散粮车,"防潮, 湿度<14%",2024-11-07 13:48,2024-11-10 14:24,上海市,浦东新区,121.54,31.22,2024-11-11 14:24
CN-AG-202409-10914,水稻,广西壮族自治区,宾阳县,108.81127,23.190849,2024-04-26,2024-04-26 [播种育秧] -> 2024-05-19 [田间底肥] -> 2024-06-11 [插秧作业] -> 2024-07-04 [分蘖期灌溉] -> 2024-07-27 [除草控虫] -> 2024-08-19 [晒田补肥],2024-09-17 15:43,28260.42,宾阳县第1深加工基地,"108.818212,23.212303",清理去石->砻谷脱壳->糙米碾白->抛光->色选->包装,2024-09-20 18:43,2024-09-21 02:20,WH-CN-373,平房仓(准低温),2024-09-21 12:20,2024-11-05 12:20,准低温低氧控制,LOG-CN-87494673423,散粮车,"防潮, 湿度<14%",2024-11-06 00:20,2024-11-10 03:02,广州市,白云区,113.27,23.15,2024-11-12 03:02
CN-AG-202408-10915,花生,山东省,莒南县,118.830153,35.171182,2024-04-07,2024-04-07 [清棵蹲苗] -> 2024-05-01 [培土迎葑] -> 2024-05-25 [钙镁肥补充] -> 2024-06-18 [下针期控旺] -> 2024-07-12 [地下虫害防治],2024-08-09 09:50,28596.74,莒南县第5深加工基地,"118.820698,35.161005",剥壳分选->烘炒->压榨提取->物理精炼,2024-08-13 11:50,2024-08-13 17:21,WH-CN-671,避光库房,2024-08-14 03:21,2024-08-26 03:21,避光控温控制,LOG-CN-53912306958,厢式货车,避光防潮,2024-08-26 12:21,2024-08-28 10:52,西安市,长安区,108.87,34.15,2024-08-30 10:52
CN-AG-202409-10916,玉米,河北省,藁城区,114.832581,38.036139,2024-06-02,2024-06-02 [免耕直播] -> 2024-06-24 [苗期中耕] -> 2024-07-16 [喇叭口期追肥] -> 2024-08-07 [大斑病防治] -> 2024-08-29 [人工授粉辅助],2024-09-25 15:37,18430.57,藁城区第2深加工基地,"114.833214,38.036784",物理清理->脱粒烘干->破碎加工->筛理分级,2024-09-29 18:37,2024-09-29 23:36,WH-CN-837,现代化圆筒仓,2024-09-30 03:36,2024-11-17 03:36,避光控温控制,LOG-CN-68462252736,重型散粮卡车,"通风良好, 严控高温",2024-11-17 13:36,2024-11-23 00:15,南京市,南京浦口区,118.62,32.05,2024-11-25 00:15
CN-AG-202409-10917,大豆,黑龙江省,富锦市,132.023885,47.192997,2024-05-19,2024-05-19 [拌种包衣] -> 2024-06-13 [等距点播] -> 2024-07-08 [结荚期根外追肥] -> 2024-08-02 [食心虫绿色防控] -> 2024-08-27 [除草中耕],2024-09-17 12:09,25299.91,富锦市第2深加工基地,"132.020992,47.24475",磁选->破碎压胚->高温压榨->物理过滤->精炼,2024-09-21 14:09,2024-09-21 17:57,WH-CN-945,不锈钢储油罐区,2024-09-22 05:57,2024-10-23 05:57,准低温低氧控制,LOG-CN-68541762120,罐式车,"避光, 控温25℃下",2024-10-23 13:57,2024-10-25 10:56,上海市,闵行区,121.38,31.11,2024-10-27 10:56
CN-AG-202410-10918,棉花,甘肃省,瓜州县,95.723391,40.536952,2024-04-22,2024-04-22 [覆膜播种] -> 2024-05-28 [人工打顶] -> 2024-07-03 [叶面喷施补硼] -> 2024-08-08 [枯萎病监测] -> 2024-09-13 [喷施脱叶剂],2024-10-17 17:50,18831.6,瓜州县第2深加工基地,"95.765621,40.512166",皮棉清理->锯齿轧花->纤维分级->压力打包,2024-10-20 23:50,2024-10-21 05:44,WH-CN-870,专业纤维库,2024-10-21 17:44,2024-12-02 17:44,避光控温控制,LOG-CN-72393888839,高栏平板车,"严禁烟火, 防静电, 干燥",2024-12-02 23:44,2024-12-06 06:52,深圳市,宝安区,113.88,22.55,2024-12-08 06:52
CN-AG-202410-10919,水稻,湖南省,桃源县,111.46557,28.86082,2024-05-18,2024-05-18 [播种育秧] -> 2024-06-10 [田间底肥] -> 2024-07-03 [插秧作业] -> 2024-07-26 [分蘖期灌溉] -> 2024-08-18 [除草控虫] -> 2024-09-10 [晒田补肥],2024-10-01 17:53,39950.26,桃源县第2深加工基地,"111.477842,28.906029",清理去石->砻谷脱壳->糙米碾白->抛光->色选->包装,2024-10-02 21:53,2024-10-03 01:00,WH-CN-831,平房仓(准低温),2024-10-03 08:00,2024-10-20 08:00,准低温低氧控制,LOG-CN-24634583504,散粮车,"防潮, 湿度<14%",2024-10-20 23:00,2024-10-25 08:52,深圳市,南山区,113.93,22.54,2024-10-26 08:52
CN-AG-202410-10920,玉米,内蒙古自治区,突泉县,121.525058,46.360092,2024-07-11,2024-07-11 [免耕直播] -> 2024-08-02 [苗期中耕] -> 2024-08-24 [喇叭口期追肥] -> 2024-09-15 [大斑病防治] -> 2024-10-07 [人工授粉辅助],2024-10-24 14:57,32291.56,突泉县第1深加工基地,"121.564739,46.335455",物理清理->脱粒烘干->破碎加工->筛理分级,2024-10-27 17:57,2024-10-27 22:34,WH-CN-269,现代化圆筒仓,2024-10-28 02:34,2024-11-23 02:34,避光控温控制,LOG-CN-48466363887,重型散粮卡车,"通风良好, 严控高温",2024-11-23 16:34,2024-11-25 04:59,武汉市,东西湖区,114.13,30.62,2024-11-27 04:59
CN-AG-202406-10921,小麦,河南省,正阳县,114.387894,32.621287,2023-10-27,2023-10-27 [深耕整地] -> 2023-12-04 [秋播种子处理] -> 2024-01-11 [越冬水灌溉] -> 2024-02-18 [拔节期追肥] -> 2024-03-27 [条锈病防治] -> 2024-05-04 [干热风防护],2024-06-09 09:39,19072.27,正阳县第1深加工基地,"114.377746,32.608583",磁选除杂->着水润麦->多级研磨->高方筛理->包装,2024-06-13 13:39,2024-06-13 21:41,WH-CN-581,钢板筒仓,2024-06-14 01:41,2024-07-06 01:41,准低温低氧控制,LOG-CN-21800516310,全封闭货车,"干燥, 禁止异味混载",2024-07-06 07:41,2024-07-11 12:17,成都市,龙泉驿区,104.27,30.55,2024-07-13 12:17
CN-AG-202410-10922,水稻,湖北省,监利市,112.842299,29.77794,2024-05-30,2024-05-30 [播种育秧] -> 2024-06-22 [田间底肥] -> 2024-07-15 [插秧作业] -> 2024-08-07 [分蘖期灌溉] -> 2024-08-30 [除草控虫] -> 2024-09-22 [晒田补肥],2024-10-20 16:36,20499.78,监利市第4深加工基地,"112.900495,29.836537",清理去石->砻谷脱壳->糙米碾白->抛光->色选->包装,2024-10-21 22:36,2024-10-22 05:43,WH-CN-629,平房仓(准低温),2024-10-22 09:43,2024-11-26 09:43,准低温低氧控制,LOG-CN-93006462261,散粮车,"防潮, 湿度<14%",2024-11-26 17:43,2024-11-28 06:00,西安市,长安区,108.87,34.15,2024-11-29 06:00
CN-AG-202407-10923,大麦,新疆维吾尔自治区,奇台县,89.558131,44.053029,2024-03-27,2024-03-27 [翻耕播种] -> 2024-04-21 [分蘖期施氮] -> 2024-05-16 [化学除草] -> 2024-06-10 [灌浆期监控],2024-07-09 16:27,36238.31,奇台县第1深加工基地,"89.580602,44.016902",杂质清理->脱壳处理->分级磨皮->包装,2024-07-11 22:27,2024-07-12 04:19,WH-CN-435,平房仓,2024-07-12 16:19,2024-08-19 16:19,避光控温控制,LOG-CN-88770924235,散装车,防霉通风,2024-08-20 04:19,2024-08-24 04:38,成都市,新都区,104.15,30.82,2024-08-27 04:38
CN-AG-202406-10924,大麦,甘肃省,民乐县,100.830144,38.485379,2024-02-28,2024-02-28 [翻耕播种] -> 2024-03-24 [分蘖期施氮] -> 2024-04-18 [化学除草] -> 2024-05-13 [灌浆期监控],2024-06-04 09:39,8968.6,民乐县第4深加工基地,"100.80531,38.438664",杂质清理->脱壳处理->分级磨皮->包装,2024-06-06 11:39,2024-06-06 21:21,WH-CN-180,平房仓,2024-06-07 08:21,2024-07-10 08:21,避光控温控制,LOG-CN-17422552412,散装车,防霉通风,2024-07-10 20:21,2024-07-15 12:23,深圳市,宝安区,113.88,22.55,2024-07-17 12:23
CN-AG-202409-10925,大豆,内蒙古自治区,突泉县,121.59142,46.343376,2024-05-11,2024-05-11 [拌种包衣] -> 2024-06-05 [等距点播] -> 2024-06-30 [结荚期根外追肥] -> 2024-07-25 [食心虫绿色防控] -> 2024-08-19 [除草中耕],2024-09-14 13:15,6720.31,突泉县第5深加工基地,"121.576962,46.326351",磁选->破碎压胚->高温压榨->物理过滤->精炼,2024-09-16 15:15,2024-09-16 22:08,WH-CN-771,不锈钢储油罐区,2024-09-17 06:08,2024-10-17 06:08,准低温低氧控制,LOG-CN-90106840996,罐式车,"避光, 控温25℃下",2024-10-17 12:08,2024-10-20 12:39,武汉市,东西湖区,114.13,30.62,2024-10-21 12:39
CN-AG-202409-10926,花生,河南省,正阳县,114.426183,32.653659,2024-05-23,2024-05-23 [清棵蹲苗] -> 2024-06-16 [培土迎葑] -> 2024-07-10 [钙镁肥补充] -> 2024-08-03 [下针期控旺] -> 2024-08-27 [地下虫害防治],2024-09-17 17:16,32621.23,正阳县第3深加工基地,"114.375549,32.604781",剥壳分选->烘炒->压榨提取->物理精炼,2024-09-18 21:16,2024-09-19 02:58,WH-CN-265,避光库房,2024-09-19 12:58,2024-10-16 12:58,避光控温控制,LOG-CN-54284300043,厢式货车,避光防潮,2024-10-17 01:58,2024-10-20 06:01,南京市,江宁区,118.83,31.95,2024-10-22 06:01
CN-AG-202406-10927,小麦,江苏省,兴化市,119.905603,32.903794,2023-11-05,2023-11-05 [深耕整地] -> 2023-12-13 [秋播种子处理] -> 2024-01-20 [越冬水灌溉] -> 2024-02-27 [拔节期追肥] -> 2024-04-05 [条锈病防治] -> 2024-05-13 [干热风防护],2024-06-25 15:21,19880.3,兴化市第2深加工基地,"119.854321,32.920206",磁选除杂->着水润麦->多级研磨->高方筛理->包装,2024-06-26 21:21,2024-06-27 03:41,WH-CN-977,钢板筒仓,2024-06-27 11:41,2024-07-27 11:41,准低温低氧控制,LOG-CN-60604294905,全封闭货车,"干燥, 禁止异味混载",2024-07-28 01:41,2024-08-02 09:19,深圳市,福田区,114.05,22.54,2024-08-03 09:19
CN-AG-202407-10928,大麦,甘肃省,民乐县,100.824723,38.45475,2024-04-12,2024-04-12 [翻耕播种] -> 2024-05-07 [分蘖期施氮] -> 2024-06-01 [化学除草] -> 2024-06-26 [灌浆期监控],2024-07-26 10:54,13011.57,民乐县第1深加工基地,"100.806238,38.439802",杂质清理->脱壳处理->分级磨皮->包装,2024-07-28 15:54,2024-07-28 21:16,WH-CN-109,平房仓,2024-07-29 05:16,2024-08-11 05:16,避光控温控制,LOG-CN-68734826888,散装车,防霉通风,2024-08-11 16:16,2024-08-15 21:54,上海市,闵行区,121.38,31.11,2024-08-17 21:54
CN-AG-202410-10929,棉花,新疆维吾尔自治区,玛纳斯县,86.159473,44.280797,2024-04-12,2024-04-12 [覆膜播种] -> 2024-05-18 [人工打顶] -> 2024-06-23 [叶面喷施补硼] -> 2024-07-29 [枯萎病监测] -> 2024-09-03 [喷施脱叶剂],2024-10-06 10:18,5971.21,玛纳斯县第1深加工基地,"86.205221,44.298856",皮棉清理->锯齿轧花->纤维分级->压力打包,2024-10-10 15:18,2024-10-10 21:52,WH-CN-281,专业纤维库,2024-10-11 08:52,2024-11-09 08:52,避光控温控制,LOG-CN-27108976190,高栏平板车,"严禁烟火, 防静电, 干燥",2024-11-09 19:52,2024-11-14 01:56,南京市,玄武区,118.79,32.06,2024-11-16 01:56
CN-AG-202407-10930,大麦,吉林省,前郭县,124.850149,45.091206,2024-04-08,2024-04-08 [翻耕播种] -> 2024-05-03 [分蘖期施氮] -> 2024-05-28 [化学除草] -> 2024-06-22 [灌浆期监控],2024-07-18 16:40,29883.85,前郭县第5深加工基地,"124.803715,45.11871",杂质清理->脱壳处理->分级磨皮->包装,2024-07-19 18:40,2024-07-20 03:39,WH-CN-230,平房仓,2024-07-20 15:39,2024-07-30 15:39,避光控温控制,LOG-CN-31814706452,散装车,防霉通风,2024-07-31 06:39,2024-08-04 01:04,上海市,闵行区,121.38,31.11,2024-08-06 01:04
CN-AG-202405-10931,油菜籽,湖南省,安乡县,112.221436,29.394701,2023-10-30,2023-10-30 [育苗移栽] -> 2023-12-21 [越冬防冻肥] -> 2024-02-11 [薹期水肥调节] -> 2024-04-03 [菌核病无人机防治],2024-05-26 08:59,8881.77,安乡县第2深加工基地,"112.161847,29.401236",多级筛选->炒籽->螺旋压榨->精制过滤,2024-05-30 11:59,2024-05-30 20:36,WH-CN-154,恒温罐区,2024-05-31 06:36,2024-06-26 06:36,避光控温控制,LOG-CN-79595181695,罐式车,"避光, 防氧化",2024-06-26 18:36,2024-06-28 03:45,广州市,番禺区,113.38,22.93,2024-07-01 03:45
CN-AG-202405-10932,油菜籽,甘肃省,民乐县,100.821426,38.389535,2023-10-14,2023-10-14 [育苗移栽] -> 2023-12-05 [越冬防冻肥] -> 2024-01-26 [薹期水肥调节] -> 2024-03-18 [菌核病无人机防治],2024-05-11 11:27,11118.99,民乐县第2深加工基地,"100.819362,38.423009",多级筛选->炒籽->螺旋压榨->精制过滤,2024-05-15 17:27,2024-05-15 20:21,WH-CN-226,恒温罐区,2024-05-16 07:21,2024-06-30 07:21,避光控温控制,LOG-CN-85899584552,罐式车,"避光, 防氧化",2024-06-30 15:21,2024-07-03 14:37,武汉市,东西湖区,114.13,30.62,2024-07-06 14:37
CN-AG-202410-10933,水稻,广西壮族自治区,武宣县,109.660182,23.583606,2024-05-23,2024-05-23 [播种育秧] -> 2024-06-15 [田间底肥] -> 2024-07-08 [插秧作业] -> 2024-07-31 [分蘖期灌溉] -> 2024-08-23 [除草控虫] -> 2024-09-15 [晒田补肥],2024-10-09 13:51,16848.87,武宣县第2深加工基地,"109.659419,23.584933",清理去石->砻谷脱壳->糙米碾白->抛光->色选->包装,2024-10-10 15:51,2024-10-11 00:07,WH-CN-990,平房仓(准低温),2024-10-11 10:07,2024-11-06 10:07,准低温低氧控制,LOG-CN-22369739791,散粮车,"防潮, 湿度<14%",2024-11-06 21:07,2024-11-09 09:48,成都市,新都区,104.15,30.82,2024-11-11 09:48
CN-AG-202409-10934,水稻,辽宁省,盘山县,122.070141,41.25943,2024-04-15,2024-04-15 [播种育秧] -> 2024-05-08 [田间底肥] -> 2024-05-31 [插秧作业] -> 2024-06-23 [分蘖期灌溉] -> 2024-07-16 [除草控虫] -> 2024-08-08 [晒田补肥],2024-09-05 15:18,27577.27,盘山县第2深加工基地,"122.041558,41.245077",清理去石->砻谷脱壳->糙米碾白->抛光->色选->包装,2024-09-09 21:18,2024-09-10 06:03,WH-CN-601,平房仓(准低温),2024-09-10 11:03,2024-10-18 11:03,准低温低氧控制,LOG-CN-10728946324,散粮车,"防潮, 湿度<14%",2024-10-18 20:03,2024-10-21 03:45,西安市,未央区,108.94,34.29,2024-10-23 03:45
CN-AG-202409-10935,玉米,内蒙古自治区,阿荣旗,123.548089,48.168523,2024-06-07,2024-06-07 [免耕直播] -> 2024-06-29 [苗期中耕] -> 2024-07-21 [喇叭口期追肥] -> 2024-08-12 [大斑病防治] -> 2024-09-03 [人工授粉辅助],2024-09-27 09:57,13922.55,阿荣旗第2深加工基地,"123.501112,48.125141",物理清理->脱粒烘干->破碎加工->筛理分级,2024-09-30 11:57,2024-09-30 20:02,WH-CN-133,现代化圆筒仓,2024-10-01 08:02,2024-10-14 08:02,避光控温控制,LOG-CN-93264868830,重型散粮卡车,"通风良好, 严控高温",2024-10-14 20:02,2024-10-17 03:54,上海市,宝山区,121.48,31.4,2024-10-18 03:54
CN-AG-202409-10936,大豆,内蒙古自治区,突泉县,121.535494,46.270825,2024-05-09,2024-05-09 [拌种包衣] -> 2024-06-03 [等距点播] -> 2024-06-28 [结荚期根外追肥] -> 2024-07-23 [食心虫绿色防控] -> 2024-08-17 [除草中耕],2024-09-09 17:57,20418.96,突泉县第5深加工基地,"121.568224,46.33327",磁选->破碎压胚->高温压榨->物理过滤->精炼,2024-09-12 20:57,2024-09-13 02:03,WH-CN-393,不锈钢储油罐区,2024-09-13 06:03,2024-09-25 06:03,准低温低氧控制,LOG-CN-59069935425,罐式车,"避光, 控温25℃下",2024-09-25 13:03,2024-09-30 08:58,上海市,宝山区,121.48,31.4,2024-10-02 08:58
CN-AG-202407-10937,大麦,新疆维吾尔自治区,奇台县,89.63615,44.008289,2024-04-01,2024-04-01 [翻耕播种] -> 2024-04-26 [分蘖期施氮] -> 2024-05-21 [化学除草] -> 2024-06-15 [灌浆期监控],2024-07-09 13:16,12610.49,奇台县第5深加工基地,"89.598184,44.027911",杂质清理->脱壳处理->分级磨皮->包装,2024-07-13 15:16,2024-07-14 00:48,WH-CN-209,平房仓,2024-07-14 12:48,2024-08-06 12:48,避光控温控制,LOG-CN-95966216812,散装车,防霉通风,2024-08-06 19:48,2024-08-10 08:26,武汉市,东西湖区,114.13,30.62,2024-08-13 08:26
CN-AG-202409-10938,水稻,广西壮族自治区,桂平市,110.102927,23.367665,2024-05-07,2024-05-07 [播种育秧] -> 2024-05-30 [田间底肥] -> 2024-06-22 [插秧作业] -> 2024-07-15 [分蘖期灌溉] -> 2024-08-07 [除草控虫] -> 2024-08-30 [晒田补肥],2024-09-21 17:07,23469.28,桂平市第2深加工基地,"110.073812,23.385433",清理去石->砻谷脱壳->糙米碾白->抛光->色选->包装,2024-09-25 23:07,2024-09-26 05:59,WH-CN-882,平房仓(准低温),2024-09-26 13:59,2024-11-09 13:59,准低温低氧控制,LOG-CN-94570482675,散粮车,"防潮, 湿度<14%",2024-11-10 04:59,2024-11-14 07:26,南京市,南京浦口区,118.62,32.05,2024-11-17 07:26
CN-AG-202410-10939,水稻,吉林省,榆树市,126.531053,44.782156,2024-06-01,2024-06-01 [播种育秧] -> 2024-06-24 [田间底肥] -> 2024-07-17 [插秧作业] -> 2024-08-09 [分蘖期灌溉] -> 2024-09-01 [除草控虫] -> 2024-09-24 [晒田补肥],2024-10-16 17:44,35164.68,榆树市第5深加工基地,"126.556619,44.818599",清理去石->砻谷脱壳->糙米碾白->抛光->色选->包装,2024-10-20 19:44,2024-10-21 00:34,WH-CN-653,平房仓(准低温),2024-10-21 11:34,2024-11-08 11:34,准低温低氧控制,LOG-CN-32559887939,散粮车,"防潮, 湿度<14%",2024-11-08 20:34,2024-11-10 01:25,成都市,龙泉驿区,104.27,30.55,2024-11-11 01:25
CN-AG-202410-10940,棉花,甘肃省,瓜州县,95.798191,40.464387,2024-05-02,2024-05-02 [覆膜播种] -> 2024-06-07 [人工打顶] -> 2024-07-13 [叶面喷施补硼] -> 2024-08-18 [枯萎病监测] -> 2024-09-23 [喷施脱叶剂],2024-10-27 16:41,22498.92,瓜州县第4深加工基地,"95.765759,40.510629",皮棉清理->锯齿轧花->纤维分级->压力打包,2024-10-31 19:41,2024-11-01 02:37,WH-CN-936,专业纤维库,2024-11-01 09:37,2024-11-26 09:37,避光控温控制,LOG-CN-91095697830,高栏平板车,"严禁烟火, 防静电, 干燥",2024-11-26 16:37,2024-12-01 03:19,上海市,浦东新区,121.54,31.22,2024-12-04 03:19
CN-AG-202406-10941,小麦,内蒙古自治区,五原县,108.235993,41.099138,2023-11-08,2023-11-08 [深耕整地] -> 2023-12-16 [秋播种子处理] -> 2024-01-23 [越冬水灌溉] -> 2024-03-01 [拔节期追肥] -> 2024-04-08 [条锈病防治] -> 2024-05-16 [干热风防护],2024-06-23 17:35,5569.71,五原县第5深加工基地,"108.258677,41.101922",磁选除杂->着水润麦->多级研磨->高方筛理->包装,2024-06-25 20:35,2024-06-26 00:07,WH-CN-495,钢板筒仓,2024-06-26 04:07,2024-07-13 04:07,准低温低氧控制,LOG-CN-67815882478,全封闭货车,"干燥, 禁止异味混载",2024-07-13 13:07,2024-07-15 12:03,北京市,朝阳区,116.48,39.92,2024-07-16 12:03
CN-AG-202406-10942,小麦,河北省,藁城区,114.79399,37.989729,2023-10-10,2023-10-10 [深耕整地] -> 2023-11-17 [秋播种子处理] -> 2023-12-25 [越冬水灌溉] -> 2024-02-01 [拔节期追肥] -> 2024-03-10 [条锈病防治] -> 2024-04-17 [干热风防护],2024-06-01 16:53,15106.74,藁城区第2深加工基地,"114.848048,38.030934",磁选除杂->着水润麦->多级研磨->高方筛理->包装,2024-06-05 21:53,2024-06-06 01:25,WH-CN-666,钢板筒仓,2024-06-06 05:25,2024-07-21 05:25,准低温低氧控制,LOG-CN-97270835041,全封闭货车,"干燥, 禁止异味混载",2024-07-21 14:25,2024-07-24 13:49,上海市,闵行区,121.38,31.11,2024-07-25 13:49
CN-AG-202406-10943,大麦,甘肃省,永昌县,101.99796,38.221275,2024-03-17,2024-03-17 [翻耕播种] -> 2024-04-11 [分蘖期施氮] -> 2024-05-06 [化学除草] -> 2024-05-31 [灌浆期监控],2024-06-26 15:17,30666.73,永昌县第1深加工基地,"101.978631,38.243173",杂质清理->脱壳处理->分级磨皮->包装,2024-06-28 18:17,2024-06-28 23:28,WH-CN-568,平房仓,2024-06-29 07:28,2024-08-04 07:28,避光控温控制,LOG-CN-10783313694,散装车,防霉通风,2024-08-04 14:28,2024-08-05 18:28,武汉市,东西湖区,114.13,30.62,2024-08-06 18:28
CN-AG-202406-10944,小麦,山东省,汶上县,116.487993,35.768518,2023-11-05,2023-11-05 [深耕整地] -> 2023-12-13 [秋播种子处理] -> 2024-01-20 [越冬水灌溉] -> 2024-02-27 [拔节期追肥] -> 2024-04-05 [条锈病防治] -> 2024-05-13 [干热风防护],2024-06-24 17:24,7583.9,汶上县第4深加工基地,"116.487968,35.733141",磁选除杂->着水润麦->多级研磨->高方筛理->包装,2024-06-25 21:24,2024-06-26 00:04,WH-CN-479,钢板筒仓,2024-06-26 04:04,2024-08-02 04:04,准低温低氧控制,LOG-CN-11212007738,全封闭货车,"干燥, 禁止异味混载",2024-08-02 16:04,2024-08-05 22:21,南京市,南京浦口区,118.62,32.05,2024-08-06 22:21
CN-AG-202408-10945,花生,江苏省,东海县,118.749215,34.527942,2024-04-11,2024-04-11 [清棵蹲苗] -> 2024-05-05 [培土迎葑] -> 2024-05-29 [钙镁肥补充] -> 2024-06-22 [下针期控旺] -> 2024-07-16 [地下虫害防治],2024-08-13 17:52,19689.16,东海县第2深加工基地,"118.776531,34.530216",剥壳分选->烘炒->压榨提取->物理精炼,2024-08-16 23:52,2024-08-17 06:22,WH-CN-401,避光库房,2024-08-17 10:22,2024-09-29 10:22,避光控温控制,LOG-CN-29559113955,厢式货车,避光防潮,2024-09-30 00:22,2024-10-05 01:34,北京市,海淀区,116.3,39.96,2024-10-07 01:34
CN-AG-202409-10946,玉米,河北省,藁城区,114.792535,38.066118,2024-05-31,2024-05-31 [免耕直播] -> 2024-06-22 [苗期中耕] -> 2024-07-14 [喇叭口期追肥] -> 2024-08-05 [大斑病防治] -> 2024-08-27 [人工授粉辅助],2024-09-13 17:29,21985.33,藁城区第5深加工基地,"114.83928,38.031537",物理清理->脱粒烘干->破碎加工->筛理分级,2024-09-15 23:29,2024-09-16 05:40,WH-CN-174,现代化圆筒仓,2024-09-16 17:40,2024-10-31 17:40,避光控温控制,LOG-CN-11563730457,重型散粮卡车,"通风良好, 严控高温",2024-11-01 07:40,2024-11-05 23:22,上海市,闵行区,121.38,31.11,2024-11-08 23:22
CN-AG-202406-10947,小麦,山东省,汶上县,116.537668,35.684245,2023-10-30,2023-10-30 [深耕整地] -> 2023-12-07 [秋播种子处理] -> 2024-01-14 [越冬水灌溉] -> 2024-02-21 [拔节期追肥] -> 2024-03-30 [条锈病防治] -> 2024-05-07 [干热风防护],2024-06-12 15:54,31740.02,汶上县第3深加工基地,"116.471345,35.724294",磁选除杂->着水润麦->多级研磨->高方筛理->包装,2024-06-16 20:54,2024-06-16 23:35,WH-CN-565,钢板筒仓,2024-06-17 06:35,2024-07-05 06:35,准低温低氧控制,LOG-CN-81429857677,全封闭货车,"干燥, 禁止异味混载",2024-07-05 14:35,2024-07-08 22:31,北京市,朝阳区,116.48,39.92,2024-07-11 22:31
CN-AG-202410-10948,水稻,湖南省,安乡县,112.198664,29.421382,2024-05-11,2024-05-11 [播种育秧] -> 2024-06-03 [田间底肥] -> 2024-06-26 [插秧作业] -> 2024-07-19 [分蘖期灌溉] -> 2024-08-11 [除草控虫] -> 2024-09-03 [晒田补肥],2024-10-01 12:05,21119.97,安乡县第4深加工基地,"112.173174,29.400649",清理去石->砻谷脱壳->糙米碾白->抛光->色选->包装,2024-10-02 18:05,2024-10-02 23:43,WH-CN-397,平房仓(准低温),2024-10-03 05:43,2024-10-17 05:43,准低温低氧控制,LOG-CN-21622466458,散粮车,"防潮, 湿度<14%",2024-10-17 16:43,2024-10-21 10:03,西安市,未央区,108.94,34.29,2024-10-22 10:03
CN-AG-202410-10949,水稻,广西壮族自治区,宾阳县,108.762392,23.213875,2024-05-26,2024-05-26 [播种育秧] -> 2024-06-18 [田间底肥] -> 2024-07-11 [插秧作业] -> 2024-08-03 [分蘖期灌溉] -> 2024-08-26 [除草控虫] -> 2024-09-18 [晒田补肥],2024-10-10 14:38,37898.79,宾阳县第4深加工基地,"108.811359,23.20345",清理去石->砻谷脱壳->糙米碾白->抛光->色选->包装,2024-10-11 16:38,2024-10-11 23:45,WH-CN-372,平房仓(准低温),2024-10-12 11:45,2024-10-31 11:45,准低温低氧控制,LOG-CN-32235158036,散粮车,"防潮, 湿度<14%",2024-11-01 02:45,2024-11-05 22:22,成都市,武侯区,104.04,30.64,2024-11-07 22:22
CN-AG-202411-10950,棉花,新疆维吾尔自治区,沙雅县,82.832598,41.195563,2024-05-19,2024-05-19 [覆膜播种] -> 2024-06-24 [人工打顶] -> 2024-07-30 [叶面喷施补硼] -> 2024-09-04 [枯萎病监测] -> 2024-10-10 [喷施脱叶剂],2024-11-17 17:04,18049.69,沙雅县第1深加工基地,"82.789671,41.226375",皮棉清理->锯齿轧花->纤维分级->压力打包,2024-11-18 21:04,2024-11-19 05:43,WH-CN-426,专业纤维库,2024-11-19 14:43,2024-12-16 14:43,避光控温控制,LOG-CN-29352253390,高栏平板车,"严禁烟火, 防静电, 干燥",2024-12-17 04:43,2024-12-20 01:26,广州市,天河区,113.33,23.13,2024-12-22 01:26
CN-AG-202409-10951,水稻,黑龙江省,五常市,127.206367,44.901161,2024-05-16,2024-05-16 [播种育秧] -> 2024-06-08 [田间底肥] -> 2024-07-01 [插秧作业] -> 2024-07-24 [分蘖期灌溉] -> 2024-08-16 [除草控虫] -> 2024-09-08 [晒田补肥],2024-09-28 13:31,12394.52,五常市第2深加工基地,"127.14695,44.928625",清理去石->砻谷脱壳->糙米碾白->抛光->色选->包装,2024-09-29 15:31,2024-09-29 18:33,WH-CN-385,平房仓(准低温),2024-09-30 04:33,2024-10-24 04:33,准低温低氧控制,LOG-CN-79482371698,散粮车,"防潮, 湿度<14%",2024-10-24 14:33,2024-10-25 21:02,武汉市,江岸区,114.3,30.59,2024-10-26 21:02
CN-AG-202406-10952,小麦,新疆维吾尔自治区,玛纳斯县,86.156332,44.246042,2023-10-13,2023-10-13 [深耕整地] -> 2023-11-20 [秋播种子处理] -> 2023-12-28 [越冬水灌溉] -> 2024-02-04 [拔节期追肥] -> 2024-03-13 [条锈病防治] -> 2024-04-20 [干热风防护],2024-06-01 08:05,37955.91,玛纳斯县第5深加工基地,"86.209159,44.30384",磁选除杂->着水润麦->多级研磨->高方筛理->包装,2024-06-03 11:05,2024-06-03 19:27,WH-CN-913,钢板筒仓,2024-06-04 03:27,2024-07-12 03:27,准低温低氧控制,LOG-CN-60562197533,全封闭货车,"干燥, 禁止异味混载",2024-07-12 11:27,2024-07-15 16:31,深圳市,福田区,114.05,22.54,2024-07-17 16:31
CN-AG-202409-10953,大豆,黑龙江省,五常市,127.163676,44.897183,2024-04-25,2024-04-25 [拌种包衣] -> 2024-05-20 [等距点播] -> 2024-06-14 [结荚期根外追肥] -> 2024-07-09 [食心虫绿色防控] -> 2024-08-03 [除草中耕],2024-09-02 13:35,16024.42,五常市第4深加工基地,"127.151553,44.925057",磁选->破碎压胚->高温压榨->物理过滤->精炼,2024-09-03 15:35,2024-09-03 19:04,WH-CN-182,不锈钢储油罐区,2024-09-04 04:04,2024-09-14 04:04,准低温低氧控制,LOG-CN-41622673035,罐式车,"避光, 控温25℃下",2024-09-14 11:04,2024-09-19 19:46,广州市,白云区,113.27,23.15,2024-09-20 19:46
CN-AG-202409-10954,水稻,江苏省,东海县,118.808826,34.523105,2024-04-18,2024-04-18 [播种育秧] -> 2024-05-11 [田间底肥] -> 2024-06-03 [插秧作业] -> 2024-06-26 [分蘖期灌溉] -> 2024-07-19 [除草控虫] -> 2024-08-11 [晒田补肥],2024-09-07 08:02,8031.83,东海县第5深加工基地,"118.769547,34.546414",清理去石->砻谷脱壳->糙米碾白->抛光->色选->包装,2024-09-08 13:02,2024-09-08 20:35,WH-CN-687,平房仓(准低温),2024-09-09 05:35,2024-09-19 05:35,准低温低氧控制,LOG-CN-52027146572,散粮车,"防潮, 湿度<14%",2024-09-19 15:35,2024-09-24 09:28,北京市,海淀区,116.3,39.96,2024-09-27 09:28
CN-AG-202410-10955,水稻,湖北省,钟祥市,112.563507,31.152098,2024-05-17,2024-05-17 [播种育秧] -> 2024-06-09 [田间底肥] -> 2024-07-02 [插秧作业] -> 2024-07-25 [分蘖期灌溉] -> 2024-08-17 [除草控虫] -> 2024-09-09 [晒田补肥],2024-10-08 10:51,14766.0,钟祥市第4深加工基地,"112.576564,31.176114",清理去石->砻谷脱壳->糙米碾白->抛光->色选->包装,2024-10-12 15:51,2024-10-12 23:24,WH-CN-884,平房仓(准低温),2024-10-13 11:24,2024-11-28 11:24,准低温低氧控制,LOG-CN-66330931690,散粮车,"防潮, 湿度<14%",2024-11-28 22:24,2024-11-30 15:02,深圳市,南山区,113.93,22.54,2024-12-02 15:02
CN-AG-202410-10956,水稻,吉林省,前郭县,124.760163,45.075087,2024-05-17,2024-05-17 [播种育秧] -> 2024-06-09 [田间底肥] -> 2024-07-02 [插秧作业] -> 2024-07-25 [分蘖期灌溉] -> 2024-08-17 [除草控虫] -> 2024-09-09 [晒田补肥],2024-10-07 12:51,28239.57,前郭县第4深加工基地,"124.809643,45.109334",清理去石->砻谷脱壳->糙米碾白->抛光->色选->包装,2024-10-08 15:51,2024-10-09 00:55,WH-CN-327,平房仓(准低温),2024-10-09 05:55,2024-10-21 05:55,准低温低氧控制,LOG-CN-34415181277,散粮车,"防潮, 湿度<14%",2024-10-21 11:55,2024-10-23 07:17,成都市,龙泉驿区,104.27,30.55,2024-10-26 07:17
CN-AG-202409-10957,大豆,吉林省,公主岭市,124.786549,43.560909,2024-05-06,2024-05-06 [拌种包衣] -> 2024-05-31 [等距点播] -> 2024-06-25 [结荚期根外追肥] -> 2024-07-20 [食心虫绿色防控] -> 2024-08-14 [除草中耕],2024-09-07 13:28,31086.62,公主岭市第4深加工基地,"124.826168,43.51762",磁选->破碎压胚->高温压榨->物理过滤->精炼,2024-09-09 17:28,2024-09-10 03:24,WH-CN-298,不锈钢储油罐区,2024-09-10 09:24,2024-10-16 09:24,准低温低氧控制,LOG-CN-85541113186,罐式车,"避光, 控温25℃下",2024-10-16 19:24,2024-10-20 16:51,北京市,海淀区,116.3,39.96,2024-10-21 16:51
CN-AG-202409-10958,大豆,内蒙古自治区,突泉县,121.556153,46.368835,2024-05-13,2024-05-13 [拌种包衣] -> 2024-06-07 [等距点播] -> 2024-07-02 [结荚期根外追肥] -> 2024-07-27 [食心虫绿色防控] -> 2024-08-21 [除草中耕],2024-09-18 16:12,16689.74,突泉县第4深加工基地,"121.566066,46.329182",磁选->破碎压胚->高温压榨->物理过滤->精炼,2024-09-21 19:12,2024-09-22 00:24,WH-CN-935,不锈钢储油罐区,2024-09-22 07:24,2024-10-26 07:24,准低温低氧控制,LOG-CN-61754875408,罐式车,"避光, 控温25℃下",2024-10-26 15:24,2024-10-30 12:27,成都市,龙泉驿区,104.27,30.55,2024-11-01 12:27
CN-AG-202406-10959,小麦,山东省,汶上县,116.434237,35.781907,2023-10-25,2023-10-25 [深耕整地] -> 2023-12-02 [秋播种子处理] -> 2024-01-09 [越冬水灌溉] -> 2024-02-16 [拔节期追肥] -> 2024-03-25 [条锈病防治] -> 2024-05-02 [干热风防护],2024-06-12 09:23,6487.68,汶上县第3深加工基地,"116.483677,35.738675",磁选除杂->着水润麦->多级研磨->高方筛理->包装,2024-06-14 12:23,2024-06-14 19:42,WH-CN-848,钢板筒仓,2024-06-15 01:42,2024-06-25 01:42,准低温低氧控制,LOG-CN-95856880918,全封闭货车,"干燥, 禁止异味混载",2024-06-25 12:42,2024-06-30 15:02,北京市,丰台区,116.28,39.85,2024-07-01 15:02
CN-AG-202409-10960,玉米,辽宁省,昌图县,124.053919,42.783789,2024-05-13,2024-05-13 [免耕直播] -> 2024-06-04 [苗期中耕] -> 2024-06-26 [喇叭口期追肥] -> 2024-07-18 [大斑病防治] -> 2024-08-09 [人工授粉辅助],2024-09-03 09:29,29035.82,昌图县第2深加工基地,"124.108155,42.779512",物理清理->脱粒烘干->破碎加工->筛理分级,2024-09-07 11:29,2024-09-07 19:06,WH-CN-272,现代化圆筒仓,2024-09-07 23:06,2024-09-26 23:06,避光控温控制,LOG-CN-12722347435,重型散粮卡车,"通风良好, 严控高温",2024-09-27 12:06,2024-10-02 03:30,武汉市,江岸区,114.3,30.59,2024-10-03 03:30
CN-AG-202409-10961,玉米,河北省,宁晋县,114.938769,37.579346,2024-05-28,2024-05-28 [免耕直播] -> 2024-06-19 [苗期中耕] -> 2024-07-11 [喇叭口期追肥] -> 2024-08-02 [大斑病防治] -> 2024-08-24 [人工授粉辅助],2024-09-11 12:44,5370.15,宁晋县第4深加工基地,"114.921244,37.629423",物理清理->脱粒烘干->破碎加工->筛理分级,2024-09-13 14:44,2024-09-13 17:56,WH-CN-877,现代化圆筒仓,2024-09-13 23:56,2024-10-04 23:56,避光控温控制,LOG-CN-18241925679,重型散粮卡车,"通风良好, 严控高温",2024-10-05 14:56,2024-10-08 12:51,西安市,未央区,108.94,34.29,2024-10-09 12:51
CN-AG-202406-10962,大麦,吉林省,前郭县,124.758214,45.13577,2024-03-06,2024-03-06 [翻耕播种] -> 2024-03-31 [分蘖期施氮] -> 2024-04-25 [化学除草] -> 2024-05-20 [灌浆期监控],2024-06-11 11:55,8496.26,前郭县第4深加工基地,"124.802327,45.108353",杂质清理->脱壳处理->分级磨皮->包装,2024-06-14 17:55,2024-06-14 22:37,WH-CN-821,平房仓,2024-06-15 09:37,2024-08-04 09:37,避光控温控制,LOG-CN-70684173313,散装车,防霉通风,2024-08-04 22:37,2024-08-07 10:39,武汉市,洪山区,114.34,30.5,2024-08-09 10:39
CN-AG-202410-10963,水稻,湖南省,桃源县,111.532618,28.913536,2024-06-05,2024-06-05 [播种育秧] -> 2024-06-28 [田间底肥] -> 2024-07-21 [插秧作业] -> 2024-08-13 [分蘖期灌溉] -> 2024-09-05 [除草控虫] -> 2024-09-28 [晒田补肥],2024-10-23 17:43,38944.22,桃源县第1深加工基地,"111.471536,28.903236",清理去石->砻谷脱壳->糙米碾白->抛光->色选->包装,2024-10-24 20:43,2024-10-25 04:54,WH-CN-308,平房仓(准低温),2024-10-25 09:54,2024-11-07 09:54,准低温低氧控制,LOG-CN-25371594388,散粮车,"防潮, 湿度<14%",2024-11-07 19:54,2024-11-12 10:33,北京市,海淀区,116.3,39.96,2024-11-13 10:33
CN-AG-202409-10964,大豆,黑龙江省,五常市,127.15608,44.91256,2024-05-05,2024-05-05 [拌种包衣] -> 2024-05-30 [等距点播] -> 2024-06-24 [结荚期根外追肥] -> 2024-07-19 [食心虫绿色防控] -> 2024-08-13 [除草中耕],2024-09-05 08:56,38439.41,五常市第3深加工基地,"127.156673,44.928064",磁选->破碎压胚->高温压榨->物理过滤->精炼,2024-09-09 10:56,2024-09-09 17:45,WH-CN-730,不锈钢储油罐区,2024-09-10 01:45,2024-09-24 01:45,准低温低氧控制,LOG-CN-59587301649,罐式车,"避光, 控温25℃下",2024-09-24 11:45,2024-09-28 20:24,上海市,宝山区,121.48,31.4,2024-09-29 20:24
CN-AG-202409-10965,花生,山东省,莒南县,118.84342,35.207761,2024-05-28,2024-05-28 [清棵蹲苗] -> 2024-06-21 [培土迎葑] -> 2024-07-15 [钙镁肥补充] -> 2024-08-08 [下针期控旺] -> 2024-09-01 [地下虫害防治],2024-09-22 17:21,27544.39,莒南县第4深加工基地,"118.825107,35.167469",剥壳分选->烘炒->压榨提取->物理精炼,2024-09-23 21:21,2024-09-24 03:09,WH-CN-684,避光库房,2024-09-24 08:09,2024-10-06 08:09,避光控温控制,LOG-CN-86554561391,厢式货车,避光防潮,2024-10-06 21:09,2024-10-10 21:45,北京市,海淀区,116.3,39.96,2024-10-11 21:45
CN-AG-202410-10966,玉米,吉林省,榆树市,126.532588,44.772705,2024-07-06,2024-07-06 [免耕直播] -> 2024-07-28 [苗期中耕] -> 2024-08-19 [喇叭口期追肥] -> 2024-09-10 [大斑病防治] -> 2024-10-02 [人工授粉辅助],2024-10-23 15:30,34689.73,榆树市第3深加工基地,"126.553516,44.818263",物理清理->脱粒烘干->破碎加工->筛理分级,2024-10-24 18:30,2024-10-25 01:05,WH-CN-694,现代化圆筒仓,2024-10-25 13:05,2024-11-21 13:05,避光控温控制,LOG-CN-61481842189,重型散粮卡车,"通风良好, 严控高温",2024-11-21 22:05,2024-11-26 10:17,广州市,番禺区,113.38,22.93,2024-11-29 10:17
CN-AG-202409-10967,玉米,内蒙古自治区,突泉县,121.518413,46.348979,2024-05-25,2024-05-25 [免耕直播] -> 2024-06-16 [苗期中耕] -> 2024-07-08 [喇叭口期追肥] -> 2024-07-30 [大斑病防治] -> 2024-08-21 [人工授粉辅助],2024-09-13 15:29,22263.06,突泉县第4深加工基地,"121.563636,46.327905",物理清理->脱粒烘干->破碎加工->筛理分级,2024-09-15 19:29,2024-09-16 00:46,WH-CN-420,现代化圆筒仓,2024-09-16 04:46,2024-10-09 04:46,避光控温控制,LOG-CN-28275531969,重型散粮卡车,"通风良好, 严控高温",2024-10-09 15:46,2024-10-15 01:46,广州市,番禺区,113.38,22.93,2024-10-16 01:46
CN-AG-202406-10968,小麦,河北省,宁晋县,114.959276,37.578818,2023-10-19,2023-10-19 [深耕整地] -> 2023-11-26 [秋播种子处理] -> 2024-01-03 [越冬水灌溉] -> 2024-02-10 [拔节期追肥] -> 2024-03-19 [条锈病防治] -> 2024-04-26 [干热风防护],2024-06-04 15:34,7441.04,宁晋县第1深加工基地,"114.918384,37.610838",磁选除杂->着水润麦->多级研磨->高方筛理->包装,2024-06-06 21:34,2024-06-07 00:35,WH-CN-685,钢板筒仓,2024-06-07 06:35,2024-07-23 06:35,准低温低氧控制,LOG-CN-96070430856,全封闭货车,"干燥, 禁止异味混载",2024-07-23 15:35,2024-07-26 06:56,广州市,天河区,113.33,23.13,2024-07-27 06:56
CN-AG-202409-10969,花生,河北省,大名县,115.19552,36.240184,2024-05-08,2024-05-08 [清棵蹲苗] -> 2024-06-01 [培土迎葑] -> 2024-06-25 [钙镁肥补充] -> 2024-07-19 [下针期控旺] -> 2024-08-12 [地下虫害防治],2024-09-08 08:40,12698.04,大名县第2深加工基地,"115.144628,36.281141",剥壳分选->烘炒->压榨提取->物理精炼,2024-09-12 14:40,2024-09-12 19:19,WH-CN-731,避光库房,2024-09-13 02:19,2024-09-23 02:19,避光控温控制,LOG-CN-13983661172,厢式货车,避光防潮,2024-09-23 09:19,2024-09-26 10:44,广州市,天河区,113.33,23.13,2024-09-28 10:44
CN-AG-202410-10970,玉米,河南省,滑县,114.547778,35.570291,2024-06-20,2024-06-20 [免耕直播] -> 2024-07-12 [苗期中耕] -> 2024-08-03 [喇叭口期追肥] -> 2024-08-25 [大斑病防治] -> 2024-09-16 [人工授粉辅助],2024-10-11 17:35,10862.05,滑县第1深加工基地,"114.514409,35.579162",物理清理->脱粒烘干->破碎加工->筛理分级,2024-10-15 21:35,2024-10-16 07:23,WH-CN-336,现代化圆筒仓,2024-10-16 13:23,2024-10-31 13:23,避光控温控制,LOG-CN-66866524023,重型散粮卡车,"通风良好, 严控高温",2024-11-01 04:23,2024-11-06 06:50,广州市,番禺区,113.38,22.93,2024-11-08 06:50
CN-AG-202409-10971,水稻,广西壮族自治区,宾阳县,108.862116,23.256342,2024-05-06,2024-05-06 [播种育秧] -> 2024-05-29 [田间底肥] -> 2024-06-21 [插秧作业] -> 2024-07-14 [分蘖期灌溉] -> 2024-08-06 [除草控虫] -> 2024-08-29 [晒田补肥],2024-09-23 10:29,5038.41,宾阳县第4深加工基地,"108.812708,23.218328",清理去石->砻谷脱壳->糙米碾白->抛光->色选->包装,2024-09-26 16:29,2024-09-26 20:34,WH-CN-217,平房仓(准低温),2024-09-27 01:34,2024-10-23 01:34,准低温低氧控制,LOG-CN-40760996638,散粮车,"防潮, 湿度<14%",2024-10-23 07:34,2024-10-28 00:12,西安市,未央区,108.94,34.29,2024-10-29 00:12
CN-AG-202405-10972,油菜籽,湖北省,钟祥市,112.568385,31.185578,2023-10-13,2023-10-13 [育苗移栽] -> 2023-12-04 [越冬防冻肥] -> 2024-01-25 [薹期水肥调节] -> 2024-03-17 [菌核病无人机防治],2024-05-07 14:44,30297.63,钟祥市第3深加工基地,"112.580626,31.175048",多级筛选->炒籽->螺旋压榨->精制过滤,2024-05-08 20:44,2024-05-09 05:25,WH-CN-679,恒温罐区,2024-05-09 11:25,2024-05-23 11:25,避光控温控制,LOG-CN-66240291794,罐式车,"避光, 防氧化",2024-05-23 18:25,2024-05-27 13:01,武汉市,东西湖区,114.13,30.62,2024-05-29 13:01
CN-AG-202410-10973,玉米,辽宁省,昌图县,124.101415,42.801293,2024-06-19,2024-06-19 [免耕直播] -> 2024-07-11 [苗期中耕] -> 2024-08-02 [喇叭口期追肥] -> 2024-08-24 [大斑病防治] -> 2024-09-15 [人工授粉辅助],2024-10-07 16:23,8296.87,昌图县第5深加工基地,"124.116489,42.78463",物理清理->脱粒烘干->破碎加工->筛理分级,2024-10-08 22:23,2024-10-09 08:23,WH-CN-629,现代化圆筒仓,2024-10-09 17:23,2024-11-24 17:23,避光控温控制,LOG-CN-75439552717,重型散粮卡车,"通风良好, 严控高温",2024-11-25 06:23,2024-11-27 04:08,西安市,长安区,108.87,34.15,2024-11-30 04:08
CN-AG-202406-10974,小麦,湖北省,枣阳市,112.789952,32.087572,2023-11-04,2023-11-04 [深耕整地] -> 2023-12-12 [秋播种子处理] -> 2024-01-19 [越冬水灌溉] -> 2024-02-26 [拔节期追肥] -> 2024-04-04 [条锈病防治] -> 2024-05-12 [干热风防护],2024-06-18 14:38,9833.57,枣阳市第4深加工基地,"112.756893,32.130806",磁选除杂->着水润麦->多级研磨->高方筛理->包装,2024-06-22 17:38,2024-06-23 02:59,WH-CN-266,钢板筒仓,2024-06-23 14:59,2024-07-20 14:59,准低温低氧控制,LOG-CN-14300203536,全封闭货车,"干燥, 禁止异味混载",2024-07-20 20:59,2024-07-25 09:05,武汉市,江岸区,114.3,30.59,2024-07-28 09:05
CN-AG-202406-10975,小麦,新疆维吾尔自治区,奇台县,89.575485,44.011756,2023-11-03,2023-11-03 [深耕整地] -> 2023-12-11 [秋播种子处理] -> 2024-01-18 [越冬水灌溉] -> 2024-02-25 [拔节期追肥] -> 2024-04-03 [条锈病防治] -> 2024-05-11 [干热风防护],2024-06-18 10:40,30589.98,奇台县第5深加工基地,"89.585023,44.028301",磁选除杂->着水润麦->多级研磨->高方筛理->包装,2024-06-20 13:40,2024-06-20 16:40,WH-CN-865,钢板筒仓,2024-06-21 00:40,2024-07-06 00:40,准低温低氧控制,LOG-CN-19061119327,全封闭货车,"干燥, 禁止异味混载",2024-07-06 13:40,2024-07-09 01:21,成都市,龙泉驿区,104.27,30.55,2024-07-10 01:21
CN-AG-202406-10976,小麦,河北省,大名县,115.148082,36.321305,2023-11-09,2023-11-09 [深耕整地] -> 2023-12-17 [秋播种子处理] -> 2024-01-24 [越冬水灌溉] -> 2024-03-02 [拔节期追肥] -> 2024-04-09 [条锈病防治] -> 2024-05-17 [干热风防护],2024-06-23 08:43,9570.46,大名县第4深加工基地,"115.146169,36.280282",磁选除杂->着水润麦->多级研磨->高方筛理->包装,2024-06-24 11:43,2024-06-24 14:31,WH-CN-609,钢板筒仓,2024-06-24 21:31,2024-07-07 21:31,准低温低氧控制,LOG-CN-31175767730,全封闭货车,"干燥, 禁止异味混载",2024-07-08 05:31,2024-07-10 10:25,成都市,新都区,104.15,30.82,2024-07-11 10:25
CN-AG-202409-10977,水稻,广西壮族自治区,武宣县,109.639025,23.598765,2024-04-28,2024-04-28 [播种育秧] -> 2024-05-21 [田间底肥] -> 2024-06-13 [插秧作业] -> 2024-07-06 [分蘖期灌溉] -> 2024-07-29 [除草控虫] -> 2024-08-21 [晒田补肥],2024-09-12 11:02,17055.2,武宣县第5深加工基地,"109.65544,23.580785",清理去石->砻谷脱壳->糙米碾白->抛光->色选->包装,2024-09-13 16:02,2024-09-13 21:23,WH-CN-336,平房仓(准低温),2024-09-14 01:23,2024-10-20 01:23,准低温低氧控制,LOG-CN-72019200477,散粮车,"防潮, 湿度<14%",2024-10-20 10:23,2024-10-21 11:06,成都市,龙泉驿区,104.27,30.55,2024-10-22 11:06
CN-AG-202410-10978,水稻,江苏省,射阳县,120.307403,33.690765,2024-05-29,2024-05-29 [播种育秧] -> 2024-06-21 [田间底肥] -> 2024-07-14 [插秧作业] -> 2024-08-06 [分蘖期灌溉] -> 2024-08-29 [除草控虫] -> 2024-09-21 [晒田补肥],2024-10-19 09:39,39239.81,射阳县第1深加工基地,"120.247903,33.759315",清理去石->砻谷脱壳->糙米碾白->抛光->色选->包装,2024-10-21 12:39,2024-10-21 21:42,WH-CN-580,平房仓(准低温),2024-10-22 02:42,2024-11-02 02:42,准低温低氧控制,LOG-CN-62821818396,散粮车,"防潮, 湿度<14%",2024-11-02 09:42,2024-11-05 15:25,广州市,番禺区,113.38,22.93,2024-11-08 15:25
CN-AG-202409-10979,水稻,湖南省,桃源县,111.461497,28.927405,2024-05-06,2024-05-06 [播种育秧] -> 2024-05-29 [田间底肥] -> 2024-06-21 [插秧作业] -> 2024-07-14 [分蘖期灌溉] -> 2024-08-06 [除草控虫] -> 2024-08-29 [晒田补肥],2024-09-19 16:13,24862.12,桃源县第2深加工基地,"111.486109,28.903422",清理去石->砻谷脱壳->糙米碾白->抛光->色选->包装,2024-09-20 20:13,2024-09-21 00:49,WH-CN-221,平房仓(准低温),2024-09-21 12:49,2024-10-18 12:49,准低温低氧控制,LOG-CN-76227534820,散粮车,"防潮, 湿度<14%",2024-10-19 00:49,2024-10-22 02:59,上海市,宝山区,121.48,31.4,2024-10-23 02:59
CN-AG-202410-10980,水稻,黑龙江省,五常市,127.138025,44.983611,2024-05-26,2024-05-26 [播种育秧] -> 2024-06-18 [田间底肥] -> 2024-07-11 [插秧作业] -> 2024-08-03 [分蘖期灌溉] -> 2024-08-26 [除草控虫] -> 2024-09-18 [晒田补肥],2024-10-13 16:56,22925.07,五常市第4深加工基地,"127.145319,44.935666",清理去石->砻谷脱壳->糙米碾白->抛光->色选->包装,2024-10-17 21:56,2024-10-18 04:21,WH-CN-470,平房仓(准低温),2024-10-18 08:21,2024-11-21 08:21,准低温低氧控制,LOG-CN-15848330301,散粮车,"防潮, 湿度<14%",2024-11-21 20:21,2024-11-23 15:26,深圳市,宝安区,113.88,22.55,2024-11-26 15:26
CN-AG-202406-10981,小麦,河南省,正阳县,114.323092,32.65884,2023-10-23,2023-10-23 [深耕整地] -> 2023-11-30 [秋播种子处理] -> 2024-01-07 [越冬水灌溉] -> 2024-02-14 [拔节期追肥] -> 2024-03-23 [条锈病防治] -> 2024-04-30 [干热风防护],2024-06-10 08:28,5298.76,正阳县第5深加工基地,"114.38319,32.602071",磁选除杂->着水润麦->多级研磨->高方筛理->包装,2024-06-14 11:28,2024-06-14 19:48,WH-CN-485,钢板筒仓,2024-06-15 03:48,2024-08-02 03:48,准低温低氧控制,LOG-CN-70847982065,全封闭货车,"干燥, 禁止异味混载",2024-08-02 12:48,2024-08-06 13:14,深圳市,宝安区,113.88,22.55,2024-08-08 13:14
CN-AG-202409-10982,大豆,内蒙古自治区,阿荣旗,123.464447,48.142565,2024-05-15,2024-05-15 [拌种包衣] -> 2024-06-09 [等距点播] -> 2024-07-04 [结荚期根外追肥] -> 2024-07-29 [食心虫绿色防控] -> 2024-08-23 [除草中耕],2024-09-13 10:27,37929.34,阿荣旗第5深加工基地,"123.503624,48.128771",磁选->破碎压胚->高温压榨->物理过滤->精炼,2024-09-14 14:27,2024-09-14 18:12,WH-CN-812,不锈钢储油罐区,2024-09-15 02:12,2024-10-08 02:12,准低温低氧控制,LOG-CN-45736539145,罐式车,"避光, 控温25℃下",2024-10-08 10:12,2024-10-13 20:59,南京市,南京浦口区,118.62,32.05,2024-10-15 20:59
CN-AG-202409-10983,水稻,广西壮族自治区,桂平市,110.046721,23.40473,2024-05-02,2024-05-02 [播种育秧] -> 2024-05-25 [田间底肥] -> 2024-06-17 [插秧作业] -> 2024-07-10 [分蘖期灌溉] -> 2024-08-02 [除草控虫] -> 2024-08-25 [晒田补肥],2024-09-22 16:54,13403.57,桂平市第3深加工基地,"110.080929,23.386144",清理去石->砻谷脱壳->糙米碾白->抛光->色选->包装,2024-09-23 22:54,2024-09-24 07:40,WH-CN-940,平房仓(准低温),2024-09-24 18:40,2024-11-11 18:40,准低温低氧控制,LOG-CN-21644583130,散粮车,"防潮, 湿度<14%",2024-11-12 09:40,2024-11-15 13:49,上海市,宝山区,121.48,31.4,2024-11-18 13:49
CN-AG-202410-10984,玉米,广西壮族自治区,宾阳县,108.769227,23.200063,2024-06-20,2024-06-20 [免耕直播] -> 2024-07-12 [苗期中耕] -> 2024-08-03 [喇叭口期追肥] -> 2024-08-25 [大斑病防治] -> 2024-09-16 [人工授粉辅助],2024-10-08 11:35,12871.95,宾阳县第3深加工基地,"108.808363,23.203419",物理清理->脱粒烘干->破碎加工->筛理分级,2024-10-10 14:35,2024-10-10 23:13,WH-CN-307,现代化圆筒仓,2024-10-11 07:13,2024-11-19 07:13,避光控温控制,LOG-CN-43026255544,重型散粮卡车,"通风良好, 严控高温",2024-11-19 13:13,2024-11-22 11:47,广州市,白云区,113.27,23.15,2024-11-23 11:47
CN-AG-202410-10985,玉米,吉林省,公主岭市,124.867756,43.550874,2024-07-09,2024-07-09 [免耕直播] -> 2024-07-31 [苗期中耕] -> 2024-08-22 [喇叭口期追肥] -> 2024-09-13 [大斑病防治] -> 2024-10-05 [人工授粉辅助],2024-10-28 16:31,14399.7,公主岭市第3深加工基地,"124.817862,43.511683",物理清理->脱粒烘干->破碎加工->筛理分级,2024-10-29 20:31,2024-10-30 05:09,WH-CN-915,现代化圆筒仓,2024-10-30 13:09,2024-12-02 13:09,避光控温控制,LOG-CN-63487510125,重型散粮卡车,"通风良好, 严控高温",2024-12-03 01:09,2024-12-07 17:45,西安市,长安区,108.87,34.15,2024-12-10 17:45
CN-AG-202410-10986,水稻,湖南省,南县,112.341991,29.312029,2024-05-19,2024-05-19 [播种育秧] -> 2024-06-11 [田间底肥] -> 2024-07-04 [插秧作业] -> 2024-07-27 [分蘖期灌溉] -> 2024-08-19 [除草控虫] -> 2024-09-11 [晒田补肥],2024-10-07 13:15,38679.63,南县第1深加工基地,"112.402049,29.363234",清理去石->砻谷脱壳->糙米碾白->抛光->色选->包装,2024-10-10 19:15,2024-10-11 01:46,WH-CN-541,平房仓(准低温),2024-10-11 09:46,2024-11-15 09:46,准低温低氧控制,LOG-CN-28383994195,散粮车,"防潮, 湿度<14%",2024-11-16 00:46,2024-11-21 04:18,南京市,南京浦口区,118.62,32.05,2024-11-23 04:18
CN-AG-202410-10987,水稻,吉林省,前郭县,124.778058,45.069562,2024-05-20,2024-05-20 [播种育秧] -> 2024-06-12 [田间底肥] -> 2024-07-05 [插秧作业] -> 2024-07-28 [分蘖期灌溉] -> 2024-08-20 [除草控虫] -> 2024-09-12 [晒田补肥],2024-10-10 13:01,9990.84,前郭县第3深加工基地,"124.816699,45.100474",清理去石->砻谷脱壳->糙米碾白->抛光->色选->包装,2024-10-11 19:01,2024-10-12 00:21,WH-CN-689,平房仓(准低温),2024-10-12 08:21,2024-11-23 08:21,准低温低氧控制,LOG-CN-63177222097,散粮车,"防潮, 湿度<14%",2024-11-23 16:21,2024-11-28 17:46,上海市,闵行区,121.38,31.11,2024-12-01 17:46
CN-AG-202406-10988,小麦,河南省,正阳县,114.336255,32.656963,2023-10-16,2023-10-16 [深耕整地] -> 2023-11-23 [秋播种子处理] -> 2023-12-31 [越冬水灌溉] -> 2024-02-07 [拔节期追肥] -> 2024-03-16 [条锈病防治] -> 2024-04-23 [干热风防护],2024-06-04 11:00,6842.37,正阳县第3深加工基地,"114.387368,32.59463",磁选除杂->着水润麦->多级研磨->高方筛理->包装,2024-06-07 14:00,2024-06-07 18:32,WH-CN-766,钢板筒仓,2024-06-08 03:32,2024-07-25 03:32,准低温低氧控制,LOG-CN-89647856653,全封闭货车,"干燥, 禁止异味混载",2024-07-25 11:32,2024-07-28 12:39,上海市,闵行区,121.38,31.11,2024-07-30 12:39
CN-AG-202409-10989,大豆,内蒙古自治区,阿荣旗,123.500355,48.171176,2024-05-12,2024-05-12 [拌种包衣] -> 2024-06-06 [等距点播] -> 2024-07-01 [结荚期根外追肥] -> 2024-07-26 [食心虫绿色防控] -> 2024-08-20 [除草中耕],2024-09-14 09:19,36628.34,阿荣旗第1深加工基地,"123.500788,48.111012",磁选->破碎压胚->高温压榨->物理过滤->精炼,2024-09-17 12:19,2024-09-17 20:56,WH-CN-646,不锈钢储油罐区,2024-09-18 00:56,2024-10-26 00:56,准低温低氧控制,LOG-CN-26023967421,罐式车,"避光, 控温25℃下",2024-10-26 13:56,2024-10-28 18:02,南京市,玄武区,118.79,32.06,2024-10-31 18:02
CN-AG-202409-10990,玉米,安徽省,蒙城县,116.547147,33.268874,2024-05-18,2024-05-18 [免耕直播] -> 2024-06-09 [苗期中耕] -> 2024-07-01 [喇叭口期追肥] -> 2024-07-23 [大斑病防治] -> 2024-08-14 [人工授粉辅助],2024-09-05 09:05,30869.35,蒙城县第2深加工基地,"116.561665,33.250573",物理清理->脱粒烘干->破碎加工->筛理分级,2024-09-09 11:05,2024-09-09 18:20,WH-CN-543,现代化圆筒仓,2024-09-10 02:20,2024-10-10 02:20,避光控温控制,LOG-CN-46338235087,重型散粮卡车,"通风良好, 严控高温",2024-10-10 13:20,2024-10-15 22:02,广州市,天河区,113.33,23.13,2024-10-17 22:02
CN-AG-202410-10991,棉花,甘肃省,瓜州县,95.804485,40.451356,2024-04-02,2024-04-02 [覆膜播种] -> 2024-05-08 [人工打顶] -> 2024-06-13 [叶面喷施补硼] -> 2024-07-19 [枯萎病监测] -> 2024-08-24 [喷施脱叶剂],2024-10-04 15:12,21197.97,瓜州县第2深加工基地,"95.760805,40.506129",皮棉清理->锯齿轧花->纤维分级->压力打包,2024-10-06 17:12,2024-10-07 01:36,WH-CN-691,专业纤维库,2024-10-07 13:36,2024-11-12 13:36,避光控温控制,LOG-CN-63386334805,高栏平板车,"严禁烟火, 防静电, 干燥",2024-11-12 21:36,2024-11-15 02:33,武汉市,东西湖区,114.13,30.62,2024-11-17 02:33
CN-AG-202410-10992,水稻,广西壮族自治区,桂平市,110.067722,23.400602,2024-05-25,2024-05-25 [播种育秧] -> 2024-06-17 [田间底肥] -> 2024-07-10 [插秧作业] -> 2024-08-02 [分蘖期灌溉] -> 2024-08-25 [除草控虫] -> 2024-09-17 [晒田补肥],2024-10-07 11:29,37465.01,桂平市第3深加工基地,"110.080884,23.399476",清理去石->砻谷脱壳->糙米碾白->抛光->色选->包装,2024-10-08 15:29,2024-10-08 18:30,WH-CN-433,平房仓(准低温),2024-10-08 22:30,2024-11-27 22:30,准低温低氧控制,LOG-CN-81507241906,散粮车,"防潮, 湿度<14%",2024-11-28 11:30,2024-12-02 07:34,武汉市,洪山区,114.34,30.5,2024-12-03 07:34
CN-AG-202409-10993,水稻,广西壮族自治区,宾阳县,108.835133,23.183029,2024-04-09,2024-04-09 [播种育秧] -> 2024-05-02 [田间底肥] -> 2024-05-25 [插秧作业] -> 2024-06-17 [分蘖期灌溉] -> 2024-07-10 [除草控虫] -> 2024-08-02 [晒田补肥],2024-09-01 10:30,26147.54,宾阳县第2深加工基地,"108.818085,23.20543",清理去石->砻谷脱壳->糙米碾白->抛光->色选->包装,2024-09-03 13:30,2024-09-03 16:33,WH-CN-687,平房仓(准低温),2024-09-04 00:33,2024-09-25 00:33,准低温低氧控制,LOG-CN-39714615442,散粮车,"防潮, 湿度<14%",2024-09-25 09:33,2024-09-27 01:00,武汉市,江岸区,114.3,30.59,2024-09-28 01:00
CN-AG-202406-10994,小麦,河北省,宁晋县,114.925984,37.604967,2023-10-24,2023-10-24 [深耕整地] -> 2023-12-01 [秋播种子处理] -> 2024-01-08 [越冬水灌溉] -> 2024-02-15 [拔节期追肥] -> 2024-03-24 [条锈病防治] -> 2024-05-01 [干热风防护],2024-06-06 08:12,5937.61,宁晋县第2深加工基地,"114.918522,37.611011",磁选除杂->着水润麦->多级研磨->高方筛理->包装,2024-06-08 13:12,2024-06-08 21:00,WH-CN-689,钢板筒仓,2024-06-09 06:00,2024-07-11 06:00,准低温低氧控制,LOG-CN-99018584607,全封闭货车,"干燥, 禁止异味混载",2024-07-11 18:00,2024-07-13 16:58,广州市,番禺区,113.38,22.93,2024-07-16 16:58
CN-AG-202406-10995,小麦,安徽省,蒙城县,116.596678,33.299884,2023-10-19,2023-10-19 [深耕整地] -> 2023-11-26 [秋播种子处理] -> 2024-01-03 [越冬水灌溉] -> 2024-02-10 [拔节期追肥] -> 2024-03-19 [条锈病防治] -> 2024-04-26 [干热风防护],2024-06-05 13:39,26118.64,蒙城县第2深加工基地,"116.554522,33.254486",磁选除杂->着水润麦->多级研磨->高方筛理->包装,2024-06-07 16:39,2024-06-07 20:24,WH-CN-101,钢板筒仓,2024-06-08 02:24,2024-06-27 02:24,准低温低氧控制,LOG-CN-58478710692,全封闭货车,"干燥, 禁止异味混载",2024-06-27 17:24,2024-06-29 18:21,西安市,雁塔区,108.94,34.21,2024-07-02 18:21
CN-AG-202410-10996,水稻,安徽省,寿县,116.831648,32.608077,2024-05-20,2024-05-20 [播种育秧] -> 2024-06-12 [田间底肥] -> 2024-07-05 [插秧作业] -> 2024-07-28 [分蘖期灌溉] -> 2024-08-20 [除草控虫] -> 2024-09-12 [晒田补肥],2024-10-08 10:14,6594.66,寿县第2深加工基地,"116.779001,32.561907",清理去石->砻谷脱壳->糙米碾白->抛光->色选->包装,2024-10-12 12:14,2024-10-12 19:03,WH-CN-498,平房仓(准低温),2024-10-13 04:03,2024-10-25 04:03,准低温低氧控制,LOG-CN-77032131375,散粮车,"防潮, 湿度<14%",2024-10-25 11:03,2024-10-26 17:38,西安市,未央区,108.94,34.29,2024-10-28 17:38
CN-AG-202409-10997,水稻,辽宁省,盘山县,122.084483,41.220495,2024-05-01,2024-05-01 [播种育秧] -> 2024-05-24 [田间底肥] -> 2024-06-16 [插秧作业] -> 2024-07-09 [分蘖期灌溉] -> 2024-08-01 [除草控虫] -> 2024-08-24 [晒田补肥],2024-09-13 08:06,28721.98,盘山县第2深加工基地,"122.034223,41.23167",清理去石->砻谷脱壳->糙米碾白->抛光->色选->包装,2024-09-17 10:06,2024-09-17 13:55,WH-CN-823,平房仓(准低温),2024-09-17 23:55,2024-10-03 23:55,准低温低氧控制,LOG-CN-78114015820,散粮车,"防潮, 湿度<14%",2024-10-04 13:55,2024-10-06 18:52,武汉市,东西湖区,114.13,30.62,2024-10-09 18:52
CN-AG-202410-10998,玉米,广西壮族自治区,宾阳县,108.756155,23.240296,2024-06-29,2024-06-29 [免耕直播] -> 2024-07-21 [苗期中耕] -> 2024-08-12 [喇叭口期追肥] -> 2024-09-03 [大斑病防治] -> 2024-09-25 [人工授粉辅助],2024-10-18 12:49,9957.2,宾阳县第2深加工基地,"108.808842,23.209851",物理清理->脱粒烘干->破碎加工->筛理分级,2024-10-22 15:49,2024-10-22 21:05,WH-CN-829,现代化圆筒仓,2024-10-23 08:05,2024-11-18 08:05,避光控温控制,LOG-CN-12183382165,重型散粮卡车,"通风良好, 严控高温",2024-11-18 17:05,2024-11-20 20:49,广州市,天河区,113.33,23.13,2024-11-21 20:49
CN-AG-202406-10999,小麦,四川省,安岳县,105.317349,30.080128,2023-10-20,2023-10-20 [深耕整地] -> 2023-11-27 [秋播种子处理] -> 2024-01-04 [越冬水灌溉] -> 2024-02-11 [拔节期追肥] -> 2024-03-20 [条锈病防治] -> 2024-04-27 [干热风防护],2024-06-09 10:22,39751.6,安岳县第3深加工基地,"105.323227,30.100599",磁选除杂->着水润麦->多级研磨->高方筛理->包装,2024-06-11 13:22,2024-06-11 17:23,WH-CN-316,钢板筒仓,2024-06-12 02:23,2024-07-17 02:23,准低温低氧控制,LOG-CN-97495315507,全封闭货车,"干燥, 禁止异味混载",2024-07-17 10:23,2024-07-22 20:19,北京市,海淀区,116.3,39.96,2024-07-25 20:19
CN-AG-202409-11000,水稻,吉林省,榆树市,126.586652,44.82864,2024-05-12,2024-05-12 [播种育秧] -> 2024-06-04 [田间底肥] -> 2024-06-27 [插秧作业] -> 2024-07-20 [分蘖期灌溉] -> 2024-08-12 [除草控虫] -> 2024-09-04 [晒田补肥],2024-09-27 15:55,5220.95,榆树市第3深加工基地,"126.543078,44.825203",清理去石->砻谷脱壳->糙米碾白->抛光->色选->包装,2024-09-28 17:55,2024-09-29 00:57,WH-CN-334,平房仓(准低温),2024-09-29 04:57,2024-10-26 04:57,准低温低氧控制,LOG-CN-86694251131,散粮车,"防潮, 湿度<14%",2024-10-26 17:57,2024-10-29 05:03,南京市,南京浦口区,118.62,32.05,2024-10-30 05:03
CN-AG-202409-11001,花生,河南省,正阳县,114.352181,32.55791,2024-05-03,2024-05-03 [清棵蹲苗] -> 2024-05-27 [培土迎葑] -> 2024-06-20 [钙镁肥补充] -> 2024-07-14 [下针期控旺] -> 2024-08-07 [地下虫害防治],2024-09-05 08:56,28238.96,正阳县第2深加工基地,"114.378169,32.597221",剥壳分选->烘炒->压榨提取->物理精炼,2024-09-06 11:56,2024-09-06 21:02,WH-CN-684,避光库房,2024-09-07 07:02,2024-09-28 07:02,避光控温控制,LOG-CN-63108881292,厢式货车,避光防潮,2024-09-28 13:02,2024-10-02 06:52,南京市,南京浦口区,118.62,32.05,2024-10-04 06:52
CN-AG-202409-11002,大豆,吉林省,公主岭市,124.766802,43.541564,2024-05-24,2024-05-24 [拌种包衣] -> 2024-06-18 [等距点播] -> 2024-07-13 [结荚期根外追肥] -> 2024-08-07 [食心虫绿色防控] -> 2024-09-01 [除草中耕],2024-09-26 15:02,7520.73,公主岭市第5深加工基地,"124.817838,43.510693",磁选->破碎压胚->高温压榨->物理过滤->精炼,2024-09-29 19:02,2024-09-30 02:23,WH-CN-884,不锈钢储油罐区,2024-09-30 07:23,2024-10-21 07:23,准低温低氧控制,LOG-CN-54419500604,罐式车,"避光, 控温25℃下",2024-10-21 14:23,2024-10-24 21:09,上海市,闵行区,121.38,31.11,2024-10-26 21:09
CN-AG-202406-11003,小麦,江苏省,兴化市,119.813212,32.95366,2023-11-01,2023-11-01 [深耕整地] -> 2023-12-09 [秋播种子处理] -> 2024-01-16 [越冬水灌溉] -> 2024-02-23 [拔节期追肥] -> 2024-04-01 [条锈病防治] -> 2024-05-09 [干热风防护],2024-06-19 09:36,33392.12,兴化市第1深加工基地,"119.845197,32.93283",磁选除杂->着水润麦->多级研磨->高方筛理->包装,2024-06-21 15:36,2024-06-21 20:50,WH-CN-359,钢板筒仓,2024-06-22 07:50,2024-08-06 07:50,准低温低氧控制,LOG-CN-66559252967,全封闭货车,"干燥, 禁止异味混载",2024-08-06 15:50,2024-08-07 23:20,西安市,未央区,108.94,34.29,2024-08-08 23:20
CN-AG-202410-11004,棉花,新疆维吾尔自治区,玛纳斯县,86.257483,44.34633,2024-04-26,2024-04-26 [覆膜播种] -> 2024-06-01 [人工打顶] -> 2024-07-07 [叶面喷施补硼] -> 2024-08-12 [枯萎病监测] -> 2024-09-17 [喷施脱叶剂],2024-10-20 15:06,23619.31,玛纳斯县第4深加工基地,"86.2046,44.295946",皮棉清理->锯齿轧花->纤维分级->压力打包,2024-10-21 18:06,2024-10-21 23:13,WH-CN-515,专业纤维库,2024-10-22 04:13,2024-11-13 04:13,避光控温控制,LOG-CN-87465471882,高栏平板车,"严禁烟火, 防静电, 干燥",2024-11-13 16:13,2024-11-17 23:38,深圳市,宝安区,113.88,22.55,2024-11-19 23:38
CN-AG-202405-11005,油菜籽,湖北省,监利市,112.868864,29.819356,2023-10-04,2023-10-04 [育苗移栽] -> 2023-11-25 [越冬防冻肥] -> 2024-01-16 [薹期水肥调节] -> 2024-03-08 [菌核病无人机防治],2024-05-03 10:27,21113.38,监利市第3深加工基地,"112.906521,29.833448",多级筛选->炒籽->螺旋压榨->精制过滤,2024-05-07 13:27,2024-05-07 16:37,WH-CN-812,恒温罐区,2024-05-07 22:37,2024-05-25 22:37,避光控温控制,LOG-CN-85292571489,罐式车,"避光, 防氧化",2024-05-26 10:37,2024-05-31 01:25,西安市,长安区,108.87,34.15,2024-06-01 01:25
CN-AG-202410-11006,玉米,四川省,中江县,104.708922,31.050771,2024-06-19,2024-06-19 [免耕直播] -> 2024-07-11 [苗期中耕] -> 2024-08-02 [喇叭口期追肥] -> 2024-08-24 [大斑病防治] -> 2024-09-15 [人工授粉辅助],2024-10-12 11:53,16508.55,中江县第2深加工基地,"104.663126,31.02794",物理清理->脱粒烘干->破碎加工->筛理分级,2024-10-14 17:53,2024-10-15 02:20,WH-CN-131,现代化圆筒仓,2024-10-15 10:20,2024-11-06 10:20,避光控温控制,LOG-CN-82816072063,重型散粮卡车,"通风良好, 严控高温",2024-11-06 17:20,2024-11-11 02:09,上海市,宝山区,121.48,31.4,2024-11-13 02:09
CN-AG-202409-11007,水稻,广西壮族自治区,桂平市,110.063257,23.418554,2024-04-26,2024-04-26 [播种育秧] -> 2024-05-19 [田间底肥] -> 2024-06-11 [插秧作业] -> 2024-07-04 [分蘖期灌溉] -> 2024-07-27 [除草控虫] -> 2024-08-19 [晒田补肥],2024-09-08 09:09,39761.56,桂平市第5深加工基地,"110.075413,23.393425",清理去石->砻谷脱壳->糙米碾白->抛光->色选->包装,2024-09-10 11:09,2024-09-10 18:39,WH-CN-755,平房仓(准低温),2024-09-10 23:39,2024-10-12 23:39,准低温低氧控制,LOG-CN-52613208740,散粮车,"防潮, 湿度<14%",2024-10-13 12:39,2024-10-18 20:03,北京市,海淀区,116.3,39.96,2024-10-20 20:03
CN-AG-202409-11008,水稻,安徽省,寿县,116.83911,32.519748,2024-04-11,2024-04-11 [播种育秧] -> 2024-05-04 [田间底肥] -> 2024-05-27 [插秧作业] -> 2024-06-19 [分蘖期灌溉] -> 2024-07-12 [除草控虫] -> 2024-08-04 [晒田补肥],2024-09-01 10:26,25758.01,寿县第3深加工基地,"116.789768,32.563124",清理去石->砻谷脱壳->糙米碾白->抛光->色选->包装,2024-09-05 15:26,2024-09-05 20:32,WH-CN-191,平房仓(准低温),2024-09-06 04:32,2024-10-20 04:32,准低温低氧控制,LOG-CN-62404211483,散粮车,"防潮, 湿度<14%",2024-10-20 16:32,2024-10-23 07:08,南京市,江宁区,118.83,31.95,2024-10-25 07:08
CN-AG-202409-11009,大豆,山东省,莒南县,118.865258,35.227274,2024-05-12,2024-05-12 [拌种包衣] -> 2024-06-06 [等距点播] -> 2024-07-01 [结荚期根外追肥] -> 2024-07-26 [食心虫绿色防控] -> 2024-08-20 [除草中耕],2024-09-09 13:02,39126.8,莒南县第5深加工基地,"118.831556,35.173188",磁选->破碎压胚->高温压榨->物理过滤->精炼,2024-09-13 16:02,2024-09-13 21:32,WH-CN-536,不锈钢储油罐区,2024-09-14 06:32,2024-10-08 06:32,准低温低氧控制,LOG-CN-34122506462,罐式车,"避光, 控温25℃下",2024-10-08 12:32,2024-10-12 16:19,西安市,雁塔区,108.94,34.21,2024-10-14 16:19
CN-AG-202409-11010,水稻,江苏省,射阳县,120.224733,33.793932,2024-04-17,2024-04-17 [播种育秧] -> 2024-05-10 [田间底肥] -> 2024-06-02 [插秧作业] -> 2024-06-25 [分蘖期灌溉] -> 2024-07-18 [除草控虫] -> 2024-08-10 [晒田补肥],2024-09-04 17:41,21308.31,射阳县第1深加工基地,"120.252388,33.749354",清理去石->砻谷脱壳->糙米碾白->抛光->色选->包装,2024-09-06 23:41,2024-09-07 08:07,WH-CN-283,平房仓(准低温),2024-09-07 18:07,2024-10-01 18:07,准低温低氧控制,LOG-CN-58825217607,散粮车,"防潮, 湿度<14%",2024-10-02 00:07,2024-10-06 16:30,武汉市,洪山区,114.34,30.5,2024-10-09 16:30
CN-AG-202409-11011,水稻,辽宁省,盘山县,122.031298,41.229343,2024-04-30,2024-04-30 [播种育秧] -> 2024-05-23 [田间底肥] -> 2024-06-15 [插秧作业] -> 2024-07-08 [分蘖期灌溉] -> 2024-07-31 [除草控虫] -> 2024-08-23 [晒田补肥],2024-09-15 14:43,31720.77,盘山县第5深加工基地,"122.041285,41.236606",清理去石->砻谷脱壳->糙米碾白->抛光->色选->包装,2024-09-19 18:43,2024-09-19 23:13,WH-CN-502,平房仓(准低温),2024-09-20 04:13,2024-10-20 04:13,准低温低氧控制,LOG-CN-67044436944,散粮车,"防潮, 湿度<14%",2024-10-20 19:13,2024-10-24 19:06,成都市,新都区,104.15,30.82,2024-10-27 19:06
CN-AG-202409-11012,玉米,广西壮族自治区,宾阳县,108.774183,23.252069,2024-05-24,2024-05-24 [免耕直播] -> 2024-06-15 [苗期中耕] -> 2024-07-07 [喇叭口期追肥] -> 2024-07-29 [大斑病防治] -> 2024-08-20 [人工授粉辅助],2024-09-10 13:48,25618.09,宾阳县第5深加工基地,"108.813782,23.218689",物理清理->脱粒烘干->破碎加工->筛理分级,2024-09-13 16:48,2024-09-13 21:55,WH-CN-348,现代化圆筒仓,2024-09-14 05:55,2024-09-28 05:55,避光控温控制,LOG-CN-45469895913,重型散粮卡车,"通风良好, 严控高温",2024-09-28 12:55,2024-10-01 15:31,成都市,新都区,104.15,30.82,2024-10-04 15:31
CN-AG-202410-11013,水稻,湖南省,南县,112.406743,29.398793,2024-05-22,2024-05-22 [播种育秧] -> 2024-06-14 [田间底肥] -> 2024-07-07 [插秧作业] -> 2024-07-30 [分蘖期灌溉] -> 2024-08-22 [除草控虫] -> 2024-09-14 [晒田补肥],2024-10-08 17:56,22517.65,南县第2深加工基地,"112.390324,29.36559",清理去石->砻谷脱壳->糙米碾白->抛光->色选->包装,2024-10-12 21:56,2024-10-13 00:34,WH-CN-719,平房仓(准低温),2024-10-13 12:34,2024-11-27 12:34,准低温低氧控制,LOG-CN-77529556195,散粮车,"防潮, 湿度<14%",2024-11-27 21:34,2024-11-29 04:11,广州市,天河区,113.33,23.13,2024-12-01 04:11
CN-AG-202409-11014,玉米,内蒙古自治区,五原县,108.204817,41.138206,2024-05-26,2024-05-26 [免耕直播] -> 2024-06-17 [苗期中耕] -> 2024-07-09 [喇叭口期追肥] -> 2024-07-31 [大斑病防治] -> 2024-08-22 [人工授粉辅助],2024-09-08 10:06,17171.17,五原县第3深加工基地,"108.269839,41.107798",物理清理->脱粒烘干->破碎加工->筛理分级,2024-09-12 13:06,2024-09-12 16:07,WH-CN-745,现代化圆筒仓,2024-09-12 22:07,2024-09-29 22:07,避光控温控制,LOG-CN-59017596537,重型散粮卡车,"通风良好, 严控高温",2024-09-30 11:07,2024-10-03 04:26,西安市,雁塔区,108.94,34.21,2024-10-06 04:26
CN-AG-202408-11015,花生,山东省,平度市,119.915238,36.755288,2024-05-02,2024-05-02 [清棵蹲苗] -> 2024-05-26 [培土迎葑] -> 2024-06-19 [钙镁肥补充] -> 2024-07-13 [下针期控旺] -> 2024-08-06 [地下虫害防治],2024-08-28 10:02,26382.84,平度市第5深加工基地,"119.945061,36.785307",剥壳分选->烘炒->压榨提取->物理精炼,2024-08-29 12:02,2024-08-29 17:06,WH-CN-155,避光库房,2024-08-30 01:06,2024-10-15 01:06,避光控温控制,LOG-CN-13534588488,厢式货车,避光防潮,2024-10-15 13:06,2024-10-16 21:15,南京市,江宁区,118.83,31.95,2024-10-19 21:15
CN-AG-202410-11016,棉花,新疆维吾尔自治区,沙雅县,82.732341,41.263867,2024-04-06,2024-04-06 [覆膜播种] -> 2024-05-12 [人工打顶] -> 2024-06-17 [叶面喷施补硼] -> 2024-07-23 [枯萎病监测] -> 2024-08-28 [喷施脱叶剂],2024-10-05 09:13,28713.93,沙雅县第4深加工基地,"82.789583,41.212519",皮棉清理->锯齿轧花->纤维分级->压力打包,2024-10-08 14:13,2024-10-09 00:05,WH-CN-102,专业纤维库,2024-10-09 09:05,2024-11-21 09:05,避光控温控制,LOG-CN-22052384474,高栏平板车,"严禁烟火, 防静电, 干燥",2024-11-21 20:05,2024-11-25 22:26,南京市,玄武区,118.79,32.06,2024-11-28 22:26
CN-AG-202409-11017,水稻,湖南省,安乡县,112.211626,29.430861,2024-04-23,2024-04-23 [播种育秧] -> 2024-05-16 [田间底肥] -> 2024-06-08 [插秧作业] -> 2024-07-01 [分蘖期灌溉] -> 2024-07-24 [除草控虫] -> 2024-08-16 [晒田补肥],2024-09-09 13:35,24275.55,安乡县第1深加工基地,"112.17353,29.406487",清理去石->砻谷脱壳->糙米碾白->抛光->色选->包装,2024-09-11 17:35,2024-09-12 02:01,WH-CN-309,平房仓(准低温),2024-09-12 11:01,2024-10-17 11:01,准低温低氧控制,LOG-CN-36558218808,散粮车,"防潮, 湿度<14%",2024-10-17 18:01,2024-10-19 03:15,南京市,玄武区,118.79,32.06,2024-10-22 03:15
CN-AG-202408-11018,花生,河北省,大名县,115.162378,36.291309,2024-04-05,2024-04-05 [清棵蹲苗] -> 2024-04-29 [培土迎葑] -> 2024-05-23 [钙镁肥补充] -> 2024-06-16 [下针期控旺] -> 2024-07-10 [地下虫害防治],2024-08-02 11:12,28215.0,大名县第5深加工基地,"115.151507,36.283651",剥壳分选->烘炒->压榨提取->物理精炼,2024-08-06 15:12,2024-08-06 19:15,WH-CN-525,避光库房,2024-08-07 03:15,2024-09-12 03:15,避光控温控制,LOG-CN-86542993325,厢式货车,避光防潮,2024-09-12 10:15,2024-09-13 12:34,深圳市,宝安区,113.88,22.55,2024-09-14 12:34
CN-AG-202410-11019,玉米,黑龙江省,富锦市,132.003111,47.241487,2024-07-06,2024-07-06 [免耕直播] -> 2024-07-28 [苗期中耕] -> 2024-08-19 [喇叭口期追肥] -> 2024-09-10 [大斑病防治] -> 2024-10-02 [人工授粉辅助],2024-10-23 10:36,11591.33,富锦市第1深加工基地,"132.024525,47.255372",物理清理->脱粒烘干->破碎加工->筛理分级,2024-10-27 16:36,2024-10-27 19:31,WH-CN-409,现代化圆筒仓,2024-10-28 01:31,2024-11-12 01:31,避光控温控制,LOG-CN-15663073142,重型散粮卡车,"通风良好, 严控高温",2024-11-12 11:31,2024-11-13 20:00,西安市,未央区,108.94,34.29,2024-11-15 20:00
CN-AG-202411-11020,棉花,新疆维吾尔自治区,沙雅县,82.748,41.243083,2024-05-03,2024-05-03 [覆膜播种] -> 2024-06-08 [人工打顶] -> 2024-07-14 [叶面喷施补硼] -> 2024-08-19 [枯萎病监测] -> 2024-09-24 [喷施脱叶剂],2024-11-02 10:10,23210.99,沙雅县第2深加工基地,"82.784942,41.222507",皮棉清理->锯齿轧花->纤维分级->压力打包,2024-11-05 15:10,2024-11-05 21:00,WH-CN-738,专业纤维库,2024-11-06 06:00,2024-11-27 06:00,避光控温控制,LOG-CN-43471572878,高栏平板车,"严禁烟火, 防静电, 干燥",2024-11-27 14:00,2024-11-29 15:12,西安市,未央区,108.94,34.29,2024-11-30 15:12
CN-AG-202409-11021,水稻,黑龙江省,五常市,127.097193,44.896246,2024-04-14,2024-04-14 [播种育秧] -> 2024-05-07 [田间底肥] -> 2024-05-30 [插秧作业] -> 2024-06-22 [分蘖期灌溉] -> 2024-07-15 [除草控虫] -> 2024-08-07 [晒田补肥],2024-09-05 13:25,20434.06,五常市第1深加工基地,"127.15212,44.922619",清理去石->砻谷脱壳->糙米碾白->抛光->色选->包装,2024-09-06 16:25,2024-09-06 20:39,WH-CN-786,平房仓(准低温),2024-09-07 00:39,2024-10-01 00:39,准低温低氧控制,LOG-CN-69703926776,散粮车,"防潮, 湿度<14%",2024-10-01 09:39,2024-10-03 18:05,北京市,朝阳区,116.48,39.92,2024-10-05 18:05
CN-AG-202409-11022,水稻,江苏省,射阳县,120.1954,33.791934,2024-04-26,2024-04-26 [播种育秧] -> 2024-05-19 [田间底肥] -> 2024-06-11 [插秧作业] -> 2024-07-04 [分蘖期灌溉] -> 2024-07-27 [除草控虫] -> 2024-08-19 [晒田补肥],2024-09-15 14:09,37954.67,射阳县第2深加工基地,"120.246826,33.754683",清理去石->砻谷脱壳->糙米碾白->抛光->色选->包装,2024-09-18 18:09,2024-09-18 22:46,WH-CN-336,平房仓(准低温),2024-09-19 02:46,2024-10-10 02:46,准低温低氧控制,LOG-CN-90464993038,散粮车,"防潮, 湿度<14%",2024-10-10 13:46,2024-10-12 15:49,成都市,新都区,104.15,30.82,2024-10-13 15:49
CN-AG-202410-11023,水稻,湖北省,钟祥市,112.631463,31.167423,2024-05-21,2024-05-21 [播种育秧] -> 2024-06-13 [田间底肥] -> 2024-07-06 [插秧作业] -> 2024-07-29 [分蘖期灌溉] -> 2024-08-21 [除草控虫] -> 2024-09-13 [晒田补肥],2024-10-06 11:01,32900.71,钟祥市第1深加工基地,"112.579307,31.166639",清理去石->砻谷脱壳->糙米碾白->抛光->色选->包装,2024-10-09 14:01,2024-10-09 16:54,WH-CN-193,平房仓(准低温),2024-10-09 22:54,2024-11-22 22:54,准低温低氧控制,LOG-CN-30603253148,散粮车,"防潮, 湿度<14%",2024-11-23 05:54,2024-11-28 12:31,成都市,龙泉驿区,104.27,30.55,2024-12-01 12:31
CN-AG-202406-11024,小麦,河南省,滑县,114.469792,35.511642,2023-10-15,2023-10-15 [深耕整地] -> 2023-11-22 [秋播种子处理] -> 2023-12-30 [越冬水灌溉] -> 2024-02-06 [拔节期追肥] -> 2024-03-15 [条锈病防治] -> 2024-04-22 [干热风防护],2024-06-02 15:52,32533.09,滑县第5深加工基地,"114.510557,35.565172",磁选除杂->着水润麦->多级研磨->高方筛理->包装,2024-06-05 21:52,2024-06-06 04:18,WH-CN-982,钢板筒仓,2024-06-06 09:18,2024-07-16 09:18,准低温低氧控制,LOG-CN-15427591655,全封闭货车,"干燥, 禁止异味混载",2024-07-16 19:18,2024-07-19 23:24,西安市,未央区,108.94,34.29,2024-07-22 23:24
CN-AG-202409-11025,玉米,河北省,藁城区,114.831168,38.045765,2024-05-26,2024-05-26 [免耕直播] -> 2024-06-17 [苗期中耕] -> 2024-07-09 [喇叭口期追肥] -> 2024-07-31 [大斑病防治] -> 2024-08-22 [人工授粉辅助],2024-09-18 15:09,32367.94,藁城区第3深加工基地,"114.833493,38.030963",物理清理->脱粒烘干->破碎加工->筛理分级,2024-09-22 18:09,2024-09-22 23:32,WH-CN-494,现代化圆筒仓,2024-09-23 11:32,2024-10-07 11:32,避光控温控制,LOG-CN-50947258179,重型散粮卡车,"通风良好, 严控高温",2024-10-07 22:32,2024-10-12 02:34,广州市,天河区,113.33,23.13,2024-10-15 02:34
CN-AG-202405-11026,油菜籽,甘肃省,民乐县,100.829659,38.405512,2023-10-21,2023-10-21 [育苗移栽] -> 2023-12-12 [越冬防冻肥] -> 2024-02-02 [薹期水肥调节] -> 2024-03-25 [菌核病无人机防治],2024-05-16 11:40,23582.05,民乐县第5深加工基地,"100.801008,38.439306",多级筛选->炒籽->螺旋压榨->精制过滤,2024-05-20 17:40,2024-05-21 02:43,WH-CN-142,恒温罐区,2024-05-21 07:43,2024-06-11 07:43,避光控温控制,LOG-CN-85970927825,罐式车,"避光, 防氧化",2024-06-11 14:43,2024-06-13 01:46,上海市,浦东新区,121.54,31.22,2024-06-14 01:46
CN-AG-202408-11027,花生,河北省,大名县,115.159226,36.326846,2024-04-15,2024-04-15 [清棵蹲苗] -> 2024-05-09 [培土迎葑] -> 2024-06-02 [钙镁肥补充] -> 2024-06-26 [下针期控旺] -> 2024-07-20 [地下虫害防治],2024-08-15 08:55,13813.67,大名县第3深加工基地,"115.150006,36.281278",剥壳分选->烘炒->压榨提取->物理精炼,2024-08-18 10:55,2024-08-18 20:13,WH-CN-282,避光库房,2024-08-19 03:13,2024-10-06 03:13,避光控温控制,LOG-CN-55518826295,厢式货车,避光防潮,2024-10-06 10:13,2024-10-10 13:52,广州市,白云区,113.27,23.15,2024-10-13 13:52
CN-AG-202409-11028,水稻,辽宁省,盘山县,121.990785,41.188327,2024-04-17,2024-04-17 [播种育秧] -> 2024-05-10 [田间底肥] -> 2024-06-02 [插秧作业] -> 2024-06-25 [分蘖期灌溉] -> 2024-07-18 [除草控虫] -> 2024-08-10 [晒田补肥],2024-09-06 10:09,10237.87,盘山县第1深加工基地,"122.036819,41.242018",清理去石->砻谷脱壳->糙米碾白->抛光->色选->包装,2024-09-10 14:09,2024-09-10 18:46,WH-CN-484,平房仓(准低温),2024-09-11 01:46,2024-10-26 01:46,准低温低氧控制,LOG-CN-62296155607,散粮车,"防潮, 湿度<14%",2024-10-26 09:46,2024-10-27 12:09,西安市,雁塔区,108.94,34.21,2024-10-29 12:09
CN-AG-202410-11029,水稻,广西壮族自治区,桂平市,110.068791,23.440072,2024-06-03,2024-06-03 [播种育秧] -> 2024-06-26 [田间底肥] -> 2024-07-19 [插秧作业] -> 2024-08-11 [分蘖期灌溉] -> 2024-09-03 [除草控虫] -> 2024-09-26 [晒田补肥],2024-10-19 14:54,15665.66,桂平市第5深加工基地,"110.084294,23.382866",清理去石->砻谷脱壳->糙米碾白->抛光->色选->包装,2024-10-21 16:54,2024-10-22 01:18,WH-CN-611,平房仓(准低温),2024-10-22 13:18,2024-11-13 13:18,准低温低氧控制,LOG-CN-93788689771,散粮车,"防潮, 湿度<14%",2024-11-13 23:18,2024-11-16 13:46,深圳市,南山区,113.93,22.54,2024-11-17 13:46
CN-AG-202409-11030,水稻,湖南省,南县,112.403056,29.335202,2024-04-25,2024-04-25 [播种育秧] -> 2024-05-18 [田间底肥] -> 2024-06-10 [插秧作业] -> 2024-07-03 [分蘖期灌溉] -> 2024-07-26 [除草控虫] -> 2024-08-18 [晒田补肥],2024-09-09 15:01,11631.33,南县第4深加工基地,"112.408005,29.363957",清理去石->砻谷脱壳->糙米碾白->抛光->色选->包装,2024-09-10 19:01,2024-09-11 02:45,WH-CN-608,平房仓(准低温),2024-09-11 12:45,2024-10-23 12:45,准低温低氧控制,LOG-CN-92709811529,散粮车,"防潮, 湿度<14%",2024-10-24 03:45,2024-10-29 06:40,武汉市,洪山区,114.34,30.5,2024-10-31 06:40
CN-AG-202410-11031,水稻,广西壮族自治区,武宣县,109.681163,23.625063,2024-05-23,2024-05-23 [播种育秧] -> 2024-06-15 [田间底肥] -> 2024-07-08 [插秧作业] -> 2024-07-31 [分蘖期灌溉] -> 2024-08-23 [除草控虫] -> 2024-09-15 [晒田补肥],2024-10-14 11:10,10600.63,武宣县第3深加工基地,"109.668918,23.593593",清理去石->砻谷脱壳->糙米碾白->抛光->色选->包装,2024-10-17 16:10,2024-10-17 20:39,WH-CN-680,平房仓(准低温),2024-10-18 04:39,2024-11-08 04:39,准低温低氧控制,LOG-CN-10659754058,散粮车,"防潮, 湿度<14%",2024-11-08 17:39,2024-11-11 10:29,西安市,未央区,108.94,34.29,2024-11-12 10:29
CN-AG-202409-11032,花生,河北省,大名县,115.090133,36.255499,2024-05-18,2024-05-18 [清棵蹲苗] -> 2024-06-11 [培土迎葑] -> 2024-07-05 [钙镁肥补充] -> 2024-07-29 [下针期控旺] -> 2024-08-22 [地下虫害防治],2024-09-12 16:05,16290.31,大名县第4深加工基地,"115.144358,36.275439",剥壳分选->烘炒->压榨提取->物理精炼,2024-09-14 18:05,2024-09-15 02:09,WH-CN-323,避光库房,2024-09-15 11:09,2024-10-31 11:09,避光控温控制,LOG-CN-27360436124,厢式货车,避光防潮,2024-11-01 02:09,2024-11-03 14:16,广州市,天河区,113.33,23.13,2024-11-04 14:16
CN-AG-202410-11033,水稻,湖南省,南县,112.416045,29.37942,2024-06-09,2024-06-09 [播种育秧] -> 2024-07-02 [田间底肥] -> 2024-07-25 [插秧作业] -> 2024-08-17 [分蘖期灌溉] -> 2024-09-09 [除草控虫] -> 2024-10-02 [晒田补肥],2024-10-25 17:25,6496.09,南县第4深加工基地,"112.390325,29.361869",清理去石->砻谷脱壳->糙米碾白->抛光->色选->包装,2024-10-29 20:25,2024-10-30 02:52,WH-CN-177,平房仓(准低温),2024-10-30 08:52,2024-12-05 08:52,准低温低氧控制,LOG-CN-92717672566,散粮车,"防潮, 湿度<14%",2024-12-05 18:52,2024-12-10 08:40,广州市,番禺区,113.38,22.93,2024-12-11 08:40
CN-AG-202410-11034,水稻,安徽省,怀远县,117.178824,32.997453,2024-05-21,2024-05-21 [播种育秧] -> 2024-06-13 [田间底肥] -> 2024-07-06 [插秧作业] -> 2024-07-29 [分蘖期灌溉] -> 2024-08-21 [除草控虫] -> 2024-09-13 [晒田补肥],2024-10-04 11:13,7248.13,怀远县第1深加工基地,"117.201132,32.973301",清理去石->砻谷脱壳->糙米碾白->抛光->色选->包装,2024-10-06 17:13,2024-10-07 02:12,WH-CN-281,平房仓(准低温),2024-10-07 06:12,2024-10-19 06:12,准低温低氧控制,LOG-CN-30832754907,散粮车,"防潮, 湿度<14%",2024-10-19 20:12,2024-10-22 00:57,成都市,新都区,104.15,30.82,2024-10-23 00:57
CN-AG-202409-11035,玉米,辽宁省,昌图县,124.066149,42.761128,2024-05-20,2024-05-20 [免耕直播] -> 2024-06-11 [苗期中耕] -> 2024-07-03 [喇叭口期追肥] -> 2024-07-25 [大斑病防治] -> 2024-08-16 [人工授粉辅助],2024-09-12 12:32,8639.34,昌图县第5深加工基地,"124.11663,42.771888",物理清理->脱粒烘干->破碎加工->筛理分级,2024-09-13 16:32,2024-09-13 23:37,WH-CN-212,现代化圆筒仓,2024-09-14 05:37,2024-10-21 05:37,避光控温控制,LOG-CN-55229606094,重型散粮卡车,"通风良好, 严控高温",2024-10-21 18:37,2024-10-24 21:56,南京市,南京浦口区,118.62,32.05,2024-10-25 21:56
CN-AG-202405-11036,油菜籽,甘肃省,民乐县,100.827975,38.480208,2023-10-16,2023-10-16 [育苗移栽] -> 2023-12-07 [越冬防冻肥] -> 2024-01-28 [薹期水肥调节] -> 2024-03-20 [菌核病无人机防治],2024-05-10 12:48,23227.33,民乐县第4深加工基地,"100.808041,38.422069",多级筛选->炒籽->螺旋压榨->精制过滤,2024-05-11 14:48,2024-05-12 00:04,WH-CN-753,恒温罐区,2024-05-12 10:04,2024-06-02 10:04,避光控温控制,LOG-CN-50380108312,罐式车,"避光, 防氧化",2024-06-03 00:04,2024-06-06 13:19,西安市,未央区,108.94,34.29,2024-06-08 13:19
CN-AG-202409-11037,玉米,河北省,宁晋县,114.953579,37.647473,2024-06-05,2024-06-05 [免耕直播] -> 2024-06-27 [苗期中耕] -> 2024-07-19 [喇叭口期追肥] -> 2024-08-10 [大斑病防治] -> 2024-09-01 [人工授粉辅助],2024-09-20 14:46,7628.63,宁晋县第2深加工基地,"114.910001,37.612364",物理清理->脱粒烘干->破碎加工->筛理分级,2024-09-22 18:46,2024-09-23 02:53,WH-CN-117,现代化圆筒仓,2024-09-23 08:53,2024-10-10 08:53,避光控温控制,LOG-CN-14569689937,重型散粮卡车,"通风良好, 严控高温",2024-10-10 20:53,2024-10-16 04:02,广州市,番禺区,113.38,22.93,2024-10-17 04:02
CN-AG-202406-11038,小麦,河南省,滑县,114.502792,35.595456,2023-11-05,2023-11-05 [深耕整地] -> 2023-12-13 [秋播种子处理] -> 2024-01-20 [越冬水灌溉] -> 2024-02-27 [拔节期追肥] -> 2024-04-05 [条锈病防治] -> 2024-05-13 [干热风防护],2024-06-18 11:50,25584.46,滑县第5深加工基地,"114.510258,35.56509",磁选除杂->着水润麦->多级研磨->高方筛理->包装,2024-06-21 16:50,2024-06-21 23:41,WH-CN-727,钢板筒仓,2024-06-22 04:41,2024-07-07 04:41,准低温低氧控制,LOG-CN-88502059667,全封闭货车,"干燥, 禁止异味混载",2024-07-07 17:41,2024-07-09 13:33,西安市,长安区,108.87,34.15,2024-07-11 13:33
CN-AG-202409-11039,水稻,广西壮族自治区,武宣县,109.702138,23.594836,2024-04-27,2024-04-27 [播种育秧] -> 2024-05-20 [田间底肥] -> 2024-06-12 [插秧作业] -> 2024-07-05 [分蘖期灌溉] -> 2024-07-28 [除草控虫] -> 2024-08-20 [晒田补肥],2024-09-17 11:07,5188.39,武宣县第2深加工基地,"109.661315,23.599153",清理去石->砻谷脱壳->糙米碾白->抛光->色选->包装,2024-09-18 13:07,2024-09-18 17:29,WH-CN-865,平房仓(准低温),2024-09-19 03:29,2024-10-26 03:29,准低温低氧控制,LOG-CN-83707194993,散粮车,"防潮, 湿度<14%",2024-10-26 11:29,2024-10-31 05:29,南京市,玄武区,118.79,32.06,2024-11-01 05:29
CN-AG-202406-11040,小麦,山东省,平度市,119.900207,36.781735,2023-10-21,2023-10-21 [深耕整地] -> 2023-11-28 [秋播种子处理] -> 2024-01-05 [越冬水灌溉] -> 2024-02-12 [拔节期追肥] -> 2024-03-21 [条锈病防治] -> 2024-04-28 [干热风防护],2024-06-07 09:00,37736.11,平度市第5深加工基地,"119.9476,36.780977",磁选除杂->着水润麦->多级研磨->高方筛理->包装,2024-06-08 13:00,2024-06-08 22:24,WH-CN-805,钢板筒仓,2024-06-09 04:24,2024-07-06 04:24,准低温低氧控制,LOG-CN-95084662408,全封闭货车,"干燥, 禁止异味混载",2024-07-06 13:24,2024-07-10 12:09,深圳市,宝安区,113.88,22.55,2024-07-11 12:09
CN-AG-202410-11041,棉花,新疆维吾尔自治区,玛纳斯县,86.196647,44.312856,2024-04-17,2024-04-17 [覆膜播种] -> 2024-05-23 [人工打顶] -> 2024-06-28 [叶面喷施补硼] -> 2024-08-03 [枯萎病监测] -> 2024-09-08 [喷施脱叶剂],2024-10-15 14:34,26329.48,玛纳斯县第4深加工基地,"86.201899,44.294806",皮棉清理->锯齿轧花->纤维分级->压力打包,2024-10-17 19:34,2024-10-18 04:31,WH-CN-789,专业纤维库,2024-10-18 14:31,2024-11-12 14:31,避光控温控制,LOG-CN-39891849519,高栏平板车,"严禁烟火, 防静电, 干燥",2024-11-13 04:31,2024-11-15 07:27,深圳市,福田区,114.05,22.54,2024-11-18 07:27
CN-AG-202410-11042,玉米,内蒙古自治区,五原县,108.211597,41.07779,2024-07-06,2024-07-06 [免耕直播] -> 2024-07-28 [苗期中耕] -> 2024-08-19 [喇叭口期追肥] -> 2024-09-10 [大斑病防治] -> 2024-10-02 [人工授粉辅助],2024-10-24 09:32,15664.6,五原县第1深加工基地,"108.269747,41.093538",物理清理->脱粒烘干->破碎加工->筛理分级,2024-10-25 15:32,2024-10-26 00:57,WH-CN-100,现代化圆筒仓,2024-10-26 10:57,2024-11-16 10:57,避光控温控制,LOG-CN-22769571295,重型散粮卡车,"通风良好, 严控高温",2024-11-16 17:57,2024-11-19 01:24,南京市,江宁区,118.83,31.95,2024-11-22 01:24
CN-AG-202409-11043,大豆,内蒙古自治区,阿荣旗,123.513825,48.113292,2024-05-01,2024-05-01 [拌种包衣] -> 2024-05-26 [等距点播] -> 2024-06-20 [结荚期根外追肥] -> 2024-07-15 [食心虫绿色防控] -> 2024-08-09 [除草中耕],2024-09-07 11:45,30491.3,阿荣旗第1深加工基地,"123.519911,48.127472",磁选->破碎压胚->高温压榨->物理过滤->精炼,2024-09-09 13:45,2024-09-09 21:59,WH-CN-641,不锈钢储油罐区,2024-09-10 09:59,2024-10-22 09:59,准低温低氧控制,LOG-CN-54997817099,罐式车,"避光, 控温25℃下",2024-10-22 17:59,2024-10-26 05:46,深圳市,南山区,113.93,22.54,2024-10-29 05:46
CN-AG-202410-11044,水稻,广西壮族自治区,武宣县,109.697497,23.599926,2024-06-02,2024-06-02 [播种育秧] -> 2024-06-25 [田间底肥] -> 2024-07-18 [插秧作业] -> 2024-08-10 [分蘖期灌溉] -> 2024-09-02 [除草控虫] -> 2024-09-25 [晒田补肥],2024-10-16 15:24,33462.65,武宣县第2深加工基地,"109.656115,23.586539",清理去石->砻谷脱壳->糙米碾白->抛光->色选->包装,2024-10-17 20:24,2024-10-18 05:20,WH-CN-888,平房仓(准低温),2024-10-18 14:20,2024-12-04 14:20,准低温低氧控制,LOG-CN-91926760384,散粮车,"防潮, 湿度<14%",2024-12-05 04:20,2024-12-08 22:26,广州市,天河区,113.33,23.13,2024-12-11 22:26
CN-AG-202410-11045,玉米,辽宁省,黑山县,122.140701,41.678324,2024-06-23,2024-06-23 [免耕直播] -> 2024-07-15 [苗期中耕] -> 2024-08-06 [喇叭口期追肥] -> 2024-08-28 [大斑病防治] -> 2024-09-19 [人工授粉辅助],2024-10-14 09:29,11236.83,黑山县第1深加工基地,"122.116305,41.693644",物理清理->脱粒烘干->破碎加工->筛理分级,2024-10-15 13:29,2024-10-15 21:02,WH-CN-833,现代化圆筒仓,2024-10-16 07:02,2024-12-02 07:02,避光控温控制,LOG-CN-63218034537,重型散粮卡车,"通风良好, 严控高温",2024-12-02 17:02,2024-12-05 13:44,深圳市,宝安区,113.88,22.55,2024-12-07 13:44
CN-AG-202406-11046,小麦,山东省,汶上县,116.495888,35.685985,2023-11-08,2023-11-08 [深耕整地] -> 2023-12-16 [秋播种子处理] -> 2024-01-23 [越冬水灌溉] -> 2024-03-01 [拔节期追肥] -> 2024-04-08 [条锈病防治] -> 2024-05-16 [干热风防护],2024-06-25 10:39,17020.0,汶上县第2深加工基地,"116.48157,35.722567",磁选除杂->着水润麦->多级研磨->高方筛理->包装,2024-06-26 13:39,2024-06-26 18:54,WH-CN-716,钢板筒仓,2024-06-27 05:54,2024-07-20 05:54,准低温低氧控制,LOG-CN-97768323764,全封闭货车,"干燥, 禁止异味混载",2024-07-20 19:54,2024-07-24 23:30,成都市,新都区,104.15,30.82,2024-07-25 23:30
CN-AG-202406-11047,小麦,四川省,安岳县,105.354073,30.123211,2023-11-10,2023-11-10 [深耕整地] -> 2023-12-18 [秋播种子处理] -> 2024-01-25 [越冬水灌溉] -> 2024-03-03 [拔节期追肥] -> 2024-04-10 [条锈病防治] -> 2024-05-18 [干热风防护],2024-06-24 12:56,25093.3,安岳县第4深加工基地,"105.337457,30.105069",磁选除杂->着水润麦->多级研磨->高方筛理->包装,2024-06-25 17:56,2024-06-25 22:43,WH-CN-596,钢板筒仓,2024-06-26 09:43,2024-07-15 09:43,准低温低氧控制,LOG-CN-83107188211,全封闭货车,"干燥, 禁止异味混载",2024-07-16 00:43,2024-07-18 14:47,南京市,江宁区,118.83,31.95,2024-07-20 14:47
CN-AG-202409-11048,大豆,黑龙江省,五常市,127.17763,44.929995,2024-05-17,2024-05-17 [拌种包衣] -> 2024-06-11 [等距点播] -> 2024-07-06 [结荚期根外追肥] -> 2024-07-31 [食心虫绿色防控] -> 2024-08-25 [除草中耕],2024-09-22 15:16,33069.39,五常市第3深加工基地,"127.143733,44.932383",磁选->破碎压胚->高温压榨->物理过滤->精炼,2024-09-25 21:16,2024-09-26 07:01,WH-CN-215,不锈钢储油罐区,2024-09-26 15:01,2024-10-31 15:01,准低温低氧控制,LOG-CN-71894573920,罐式车,"避光, 控温25℃下",2024-11-01 05:01,2024-11-03 05:52,成都市,武侯区,104.04,30.64,2024-11-06 05:52
CN-AG-202406-11049,小麦,甘肃省,永昌县,101.944145,38.183083,2023-10-30,2023-10-30 [深耕整地] -> 2023-12-07 [秋播种子处理] -> 2024-01-14 [越冬水灌溉] -> 2024-02-21 [拔节期追肥] -> 2024-03-30 [条锈病防治] -> 2024-05-07 [干热风防护],2024-06-17 13:13,10833.29,永昌县第5深加工基地,"101.972342,38.238861",磁选除杂->着水润麦->多级研磨->高方筛理->包装,2024-06-18 18:13,2024-06-18 23:12,WH-CN-925,钢板筒仓,2024-06-19 11:12,2024-06-30 11:12,准低温低氧控制,LOG-CN-52992247964,全封闭货车,"干燥, 禁止异味混载",2024-06-30 22:12,2024-07-02 00:02,成都市,龙泉驿区,104.27,30.55,2024-07-05 00:02
CN-AG-202410-11050,棉花,新疆维吾尔自治区,玛纳斯县,86.173549,44.341995,2024-04-07,2024-04-07 [覆膜播种] -> 2024-05-13 [人工打顶] -> 2024-06-18 [叶面喷施补硼] -> 2024-07-24 [枯萎病监测] -> 2024-08-29 [喷施脱叶剂],2024-10-06 14:08,34174.73,玛纳斯县第3深加工基地,"86.21927,44.292511",皮棉清理->锯齿轧花->纤维分级->压力打包,2024-10-07 19:08,2024-10-08 01:02,WH-CN-632,专业纤维库,2024-10-08 09:02,2024-11-22 09:02,避光控温控制,LOG-CN-10951075546,高栏平板车,"严禁烟火, 防静电, 干燥",2024-11-22 23:02,2024-11-24 21:19,北京市,朝阳区,116.48,39.92,2024-11-27 21:19
CN-AG-202405-11051,油菜籽,湖北省,钟祥市,112.577419,31.122965,2023-10-09,2023-10-09 [育苗移栽] -> 2023-11-30 [越冬防冻肥] -> 2024-01-21 [薹期水肥调节] -> 2024-03-13 [菌核病无人机防治],2024-05-11 15:19,5509.91,钟祥市第4深加工基地,"112.580827,31.171711",多级筛选->炒籽->螺旋压榨->精制过滤,2024-05-13 21:19,2024-05-14 04:53,WH-CN-907,恒温罐区,2024-05-14 15:53,2024-06-09 15:53,避光控温控制,LOG-CN-14349622321,罐式车,"避光, 防氧化",2024-06-10 02:53,2024-06-13 08:48,上海市,宝山区,121.48,31.4,2024-06-14 08:48
CN-AG-202409-11052,水稻,黑龙江省,五常市,127.096843,44.880324,2024-05-04,2024-05-04 [播种育秧] -> 2024-05-27 [田间底肥] -> 2024-06-19 [插秧作业] -> 2024-07-12 [分蘖期灌溉] -> 2024-08-04 [除草控虫] -> 2024-08-27 [晒田补肥],2024-09-22 13:46,14137.07,五常市第5深加工基地,"127.151712,44.92211",清理去石->砻谷脱壳->糙米碾白->抛光->色选->包装,2024-09-26 15:46,2024-09-26 23:19,WH-CN-296,平房仓(准低温),2024-09-27 08:19,2024-10-20 08:19,准低温低氧控制,LOG-CN-73674900319,散粮车,"防潮, 湿度<14%",2024-10-20 20:19,2024-10-23 09:25,北京市,海淀区,116.3,39.96,2024-10-26 09:25
CN-AG-202410-11053,水稻,湖北省,枣阳市,112.718049,32.135321,2024-05-25,2024-05-25 [播种育秧] -> 2024-06-17 [田间底肥] -> 2024-07-10 [插秧作业] -> 2024-08-02 [分蘖期灌溉] -> 2024-08-25 [除草控虫] -> 2024-09-17 [晒田补肥],2024-10-15 17:03,6093.05,枣阳市第2深加工基地,"112.756401,32.132755",清理去石->砻谷脱壳->糙米碾白->抛光->色选->包装,2024-10-19 19:03,2024-10-20 03:07,WH-CN-537,平房仓(准低温),2024-10-20 08:07,2024-12-02 08:07,准低温低氧控制,LOG-CN-25839547942,散粮车,"防潮, 湿度<14%",2024-12-02 20:07,2024-12-07 06:58,西安市,雁塔区,108.94,34.21,2024-12-08 06:58
CN-AG-202410-11054,玉米,吉林省,榆树市,126.549776,44.764989,2024-06-25,2024-06-25 [免耕直播] -> 2024-07-17 [苗期中耕] -> 2024-08-08 [喇叭口期追肥] -> 2024-08-30 [大斑病防治] -> 2024-09-21 [人工授粉辅助],2024-10-10 12:16,10769.21,榆树市第1深加工基地,"126.545046,44.823786",物理清理->脱粒烘干->破碎加工->筛理分级,2024-10-11 17:16,2024-10-11 23:53,WH-CN-486,现代化圆筒仓,2024-10-12 07:53,2024-11-12 07:53,避光控温控制,LOG-CN-30521863835,重型散粮卡车,"通风良好, 严控高温",2024-11-12 19:53,2024-11-18 04:51,南京市,南京浦口区,118.62,32.05,2024-11-20 04:51
CN-AG-202410-11055,水稻,辽宁省,盘山县,122.053637,41.216933,2024-05-31,2024-05-31 [播种育秧] -> 2024-06-23 [田间底肥] -> 2024-07-16 [插秧作业] -> 2024-08-08 [分蘖期灌溉] -> 2024-08-31 [除草控虫] -> 2024-09-23 [晒田补肥],2024-10-20 17:27,12540.92,盘山县第3深加工基地,"122.046198,41.247959",清理去石->砻谷脱壳->糙米碾白->抛光->色选->包装,2024-10-22 21:27,2024-10-23 03:34,WH-CN-550,平房仓(准低温),2024-10-23 09:34,2024-11-13 09:34,准低温低氧控制,LOG-CN-13406459668,散粮车,"防潮, 湿度<14%",2024-11-14 00:34,2024-11-15 01:55,广州市,天河区,113.33,23.13,2024-11-16 01:55
CN-AG-202407-11056,大麦,甘肃省,民乐县,100.837627,38.439976,2024-04-04,2024-04-04 [翻耕播种] -> 2024-04-29 [分蘖期施氮] -> 2024-05-24 [化学除草] -> 2024-06-18 [灌浆期监控],2024-07-16 14:19,23703.21,民乐县第3深加工基地,"100.812819,38.427296",杂质清理->脱壳处理->分级磨皮->包装,2024-07-19 18:19,2024-07-19 23:59,WH-CN-106,平房仓,2024-07-20 06:59,2024-09-06 06:59,避光控温控制,LOG-CN-49243888778,散装车,防霉通风,2024-09-06 14:59,2024-09-08 03:53,南京市,江宁区,118.83,31.95,2024-09-09 03:53
CN-AG-202408-11057,花生,山东省,平度市,119.912792,36.775942,2024-04-02,2024-04-02 [清棵蹲苗] -> 2024-04-26 [培土迎葑] -> 2024-05-20 [钙镁肥补充] -> 2024-06-13 [下针期控旺] -> 2024-07-07 [地下虫害防治],2024-08-04 10:44,37525.35,平度市第4深加工基地,"119.951129,36.784035",剥壳分选->烘炒->压榨提取->物理精炼,2024-08-05 12:44,2024-08-05 21:33,WH-CN-342,避光库房,2024-08-06 04:33,2024-09-10 04:33,避光控温控制,LOG-CN-29929045573,厢式货车,避光防潮,2024-09-10 12:33,2024-09-12 00:32,广州市,番禺区,113.38,22.93,2024-09-13 00:32
CN-AG-202405-11058,油菜籽,四川省,安岳县,105.379361,30.083035,2023-10-10,2023-10-10 [育苗移栽] -> 2023-12-01 [越冬防冻肥] -> 2024-01-22 [薹期水肥调节] -> 2024-03-14 [菌核病无人机防治],2024-05-06 14:49,28400.77,安岳县第2深加工基地,"105.326315,30.090419",多级筛选->炒籽->螺旋压榨->精制过滤,2024-05-08 20:49,2024-05-09 02:16,WH-CN-797,恒温罐区,2024-05-09 14:16,2024-06-08 14:16,避光控温控制,LOG-CN-60859706295,罐式车,"避光, 防氧化",2024-06-09 01:16,2024-06-10 22:27,武汉市,东西湖区,114.13,30.62,2024-06-13 22:27
CN-AG-202409-11059,玉米,辽宁省,黑山县,122.151983,41.636826,2024-05-26,2024-05-26 [免耕直播] -> 2024-06-17 [苗期中耕] -> 2024-07-09 [喇叭口期追肥] -> 2024-07-31 [大斑病防治] -> 2024-08-22 [人工授粉辅助],2024-09-13 09:32,6650.73,黑山县第3深加工基地,"122.116627,41.694042",物理清理->脱粒烘干->破碎加工->筛理分级,2024-09-17 13:32,2024-09-17 21:16,WH-CN-713,现代化圆筒仓,2024-09-18 02:16,2024-10-26 02:16,避光控温控制,LOG-CN-44758080013,重型散粮卡车,"通风良好, 严控高温",2024-10-26 13:16,2024-10-27 19:49,上海市,浦东新区,121.54,31.22,2024-10-30 19:49
CN-AG-202409-11060,花生,江苏省,东海县,118.757512,34.56108,2024-05-12,2024-05-12 [清棵蹲苗] -> 2024-06-05 [培土迎葑] -> 2024-06-29 [钙镁肥补充] -> 2024-07-23 [下针期控旺] -> 2024-08-16 [地下虫害防治],2024-09-09 15:14,9167.89,东海县第5深加工基地,"118.769084,34.545125",剥壳分选->烘炒->压榨提取->物理精炼,2024-09-11 19:14,2024-09-12 04:19,WH-CN-407,避光库房,2024-09-12 10:19,2024-10-11 10:19,避光控温控制,LOG-CN-91518403234,厢式货车,避光防潮,2024-10-11 20:19,2024-10-13 11:12,西安市,长安区,108.87,34.15,2024-10-15 11:12
CN-AG-202411-11061,棉花,江苏省,射阳县,120.302168,33.739474,2024-05-19,2024-05-19 [覆膜播种] -> 2024-06-24 [人工打顶] -> 2024-07-30 [叶面喷施补硼] -> 2024-09-04 [枯萎病监测] -> 2024-10-10 [喷施脱叶剂],2024-11-10 17:13,19744.99,射阳县第1深加工基地,"120.242409,33.745018",皮棉清理->锯齿轧花->纤维分级->压力打包,2024-11-13 20:13,2024-11-14 02:53,WH-CN-804,专业纤维库,2024-11-14 14:53,2024-12-28 14:53,避光控温控制,LOG-CN-40928228049,高栏平板车,"严禁烟火, 防静电, 干燥",2024-12-28 23:53,2024-12-30 15:26,北京市,朝阳区,116.48,39.92,2024-12-31 15:26
CN-AG-202410-11062,水稻,四川省,三台县,105.146319,31.100145,2024-05-12,2024-05-12 [播种育秧] -> 2024-06-04 [田间底肥] -> 2024-06-27 [插秧作业] -> 2024-07-20 [分蘖期灌溉] -> 2024-08-12 [除草控虫] -> 2024-09-04 [晒田补肥],2024-10-02 16:30,33952.35,三台县第4深加工基地,"105.081241,31.087557",清理去石->砻谷脱壳->糙米碾白->抛光->色选->包装,2024-10-04 22:30,2024-10-05 01:34,WH-CN-288,平房仓(准低温),2024-10-05 10:34,2024-10-26 10:34,准低温低氧控制,LOG-CN-53218515911,散粮车,"防潮, 湿度<14%",2024-10-26 23:34,2024-10-29 00:34,西安市,长安区,108.87,34.15,2024-10-31 00:34
CN-AG-202406-11063,小麦,新疆维吾尔自治区,奇台县,89.590712,44.000717,2023-11-06,2023-11-06 [深耕整地] -> 2023-12-14 [秋播种子处理] -> 2024-01-21 [越冬水灌溉] -> 2024-02-28 [拔节期追肥] -> 2024-04-06 [条锈病防治] -> 2024-05-14 [干热风防护],2024-06-23 12:26,17468.42,奇台县第4深加工基地,"89.593162,44.013238",磁选除杂->着水润麦->多级研磨->高方筛理->包装,2024-06-25 16:26,2024-06-26 01:09,WH-CN-292,钢板筒仓,2024-06-26 08:09,2024-08-05 08:09,准低温低氧控制,LOG-CN-45616176788,全封闭货车,"干燥, 禁止异味混载",2024-08-05 22:09,2024-08-09 23:04,北京市,朝阳区,116.48,39.92,2024-08-10 23:04
CN-AG-202409-11064,玉米,河北省,藁城区,114.834209,38.08973,2024-06-05,2024-06-05 [免耕直播] -> 2024-06-27 [苗期中耕] -> 2024-07-19 [喇叭口期追肥] -> 2024-08-10 [大斑病防治] -> 2024-09-01 [人工授粉辅助],2024-09-24 15:28,9779.31,藁城区第5深加工基地,"114.838014,38.027095",物理清理->脱粒烘干->破碎加工->筛理分级,2024-09-26 21:28,2024-09-27 06:52,WH-CN-689,现代化圆筒仓,2024-09-27 16:52,2024-11-13 16:52,避光控温控制,LOG-CN-97514556824,重型散粮卡车,"通风良好, 严控高温",2024-11-14 01:52,2024-11-16 04:44,上海市,闵行区,121.38,31.11,2024-11-18 04:44
CN-AG-202406-11065,小麦,江苏省,兴化市,119.895993,32.883818,2023-10-12,2023-10-12 [深耕整地] -> 2023-11-19 [秋播种子处理] -> 2023-12-27 [越冬水灌溉] -> 2024-02-03 [拔节期追肥] -> 2024-03-12 [条锈病防治] -> 2024-04-19 [干热风防护],2024-06-02 17:37,36707.23,兴化市第3深加工基地,"119.847745,32.928297",磁选除杂->着水润麦->多级研磨->高方筛理->包装,2024-06-03 19:37,2024-06-03 23:04,WH-CN-267,钢板筒仓,2024-06-04 03:04,2024-07-18 03:04,准低温低氧控制,LOG-CN-83379449156,全封闭货车,"干燥, 禁止异味混载",2024-07-18 12:04,2024-07-22 13:05,武汉市,江岸区,114.3,30.59,2024-07-25 13:05
CN-AG-202405-11066,油菜籽,湖南省,桃源县,111.473044,28.919163,2023-10-14,2023-10-14 [育苗移栽] -> 2023-12-05 [越冬防冻肥] -> 2024-01-26 [薹期水肥调节] -> 2024-03-18 [菌核病无人机防治],2024-05-10 10:41,17974.93,桃源县第2深加工基地,"111.471229,28.902965",多级筛选->炒籽->螺旋压榨->精制过滤,2024-05-14 14:41,2024-05-14 23:27,WH-CN-674,恒温罐区,2024-05-15 11:27,2024-06-27 11:27,避光控温控制,LOG-CN-55055402206,罐式车,"避光, 防氧化",2024-06-28 02:27,2024-07-02 22:56,成都市,新都区,104.15,30.82,2024-07-05 22:56
CN-AG-202405-11067,油菜籽,四川省,安岳县,105.38286,30.137647,2023-10-16,2023-10-16 [育苗移栽] -> 2023-12-07 [越冬防冻肥] -> 2024-01-28 [薹期水肥调节] -> 2024-03-20 [菌核病无人机防治],2024-05-17 09:53,34600.49,安岳县第1深加工基地,"105.339091,30.102975",多级筛选->炒籽->螺旋压榨->精制过滤,2024-05-18 12:53,2024-05-18 16:36,WH-CN-939,恒温罐区,2024-05-18 21:36,2024-06-25 21:36,避光控温控制,LOG-CN-49245946547,罐式车,"避光, 防氧化",2024-06-26 11:36,2024-06-30 17:18,西安市,长安区,108.87,34.15,2024-07-03 17:18
CN-AG-202410-11068,水稻,湖北省,监利市,112.89729,29.788172,2024-05-16,2024-05-16 [播种育秧] -> 2024-06-08 [田间底肥] -> 2024-07-01 [插秧作业] -> 2024-07-24 [分蘖期灌溉] -> 2024-08-16 [除草控虫] -> 2024-09-08 [晒田补肥],2024-10-03 15:00,23307.53,监利市第4深加工基地,"112.901635,29.832036",清理去石->砻谷脱壳->糙米碾白->抛光->色选->包装,2024-10-06 19:00,2024-10-07 00:18,WH-CN-635,平房仓(准低温),2024-10-07 05:18,2024-11-03 05:18,准低温低氧控制,LOG-CN-19040095076,散粮车,"防潮, 湿度<14%",2024-11-03 18:18,2024-11-08 20:13,深圳市,南山区,113.93,22.54,2024-11-09 20:13
CN-AG-202406-11069,小麦,新疆维吾尔自治区,奇台县,89.57057,44.008175,2023-10-21,2023-10-21 [深耕整地] -> 2023-11-28 [秋播种子处理] -> 2024-01-05 [越冬水灌溉] -> 2024-02-12 [拔节期追肥] -> 2024-03-21 [条锈病防治] -> 2024-04-28 [干热风防护],2024-06-07 16:32,14628.58,奇台县第3深加工基地,"89.587835,44.012536",磁选除杂->着水润麦->多级研磨->高方筛理->包装,2024-06-11 22:32,2024-06-12 02:00,WH-CN-690,钢板筒仓,2024-06-12 07:00,2024-07-28 07:00,准低温低氧控制,LOG-CN-13526452373,全封闭货车,"干燥, 禁止异味混载",2024-07-28 20:00,2024-08-03 06:34,深圳市,宝安区,113.88,22.55,2024-08-04 06:34
CN-AG-202405-11070,油菜籽,四川省,中江县,104.698124,30.989519,2023-10-23,2023-10-23 [育苗移栽] -> 2023-12-14 [越冬防冻肥] -> 2024-02-04 [薹期水肥调节] -> 2024-03-27 [菌核病无人机防治],2024-05-15 15:36,8130.06,中江县第3深加工基地,"104.661171,31.024177",多级筛选->炒籽->螺旋压榨->精制过滤,2024-05-18 19:36,2024-05-18 23:21,WH-CN-862,恒温罐区,2024-05-19 11:21,2024-06-25 11:21,避光控温控制,LOG-CN-85181652591,罐式车,"避光, 防氧化",2024-06-25 20:21,2024-06-28 01:13,南京市,南京浦口区,118.62,32.05,2024-06-30 01:13
CN-AG-202409-11071,大豆,黑龙江省,富锦市,132.041428,47.256284,2024-05-26,2024-05-26 [拌种包衣] -> 2024-06-20 [等距点播] -> 2024-07-15 [结荚期根外追肥] -> 2024-08-09 [食心虫绿色防控] -> 2024-09-03 [除草中耕],2024-09-25 13:12,9397.76,富锦市第5深加工基地,"132.03154,47.257438",磁选->破碎压胚->高温压榨->物理过滤->精炼,2024-09-29 15:12,2024-09-30 00:04,WH-CN-585,不锈钢储油罐区,2024-09-30 05:04,2024-10-17 05:04,准低温低氧控制,LOG-CN-28500029501,罐式车,"避光, 控温25℃下",2024-10-17 12:04,2024-10-18 13:19,深圳市,宝安区,113.88,22.55,2024-10-21 13:19
CN-AG-202410-11072,玉米,四川省,三台县,105.126361,31.071458,2024-06-15,2024-06-15 [免耕直播] -> 2024-07-07 [苗期中耕] -> 2024-07-29 [喇叭口期追肥] -> 2024-08-20 [大斑病防治] -> 2024-09-11 [人工授粉辅助],2024-10-04 11:46,7134.88,三台县第2深加工基地,"105.081586,31.090806",物理清理->脱粒烘干->破碎加工->筛理分级,2024-10-05 17:46,2024-10-05 20:46,WH-CN-406,现代化圆筒仓,2024-10-06 08:46,2024-11-05 08:46,避光控温控制,LOG-CN-37749949218,重型散粮卡车,"通风良好, 严控高温",2024-11-05 15:46,2024-11-06 21:04,上海市,宝山区,121.48,31.4,2024-11-08 21:04
CN-AG-202406-11073,小麦,河北省,宁晋县,114.968962,37.627902,2023-11-08,2023-11-08 [深耕整地] -> 2023-12-16 [秋播种子处理] -> 2024-01-23 [越冬水灌溉] -> 2024-03-01 [拔节期追肥] -> 2024-04-08 [条锈病防治] -> 2024-05-16 [干热风防护],2024-06-23 16:31,19033.01,宁晋县第2深加工基地,"114.915927,37.617926",磁选除杂->着水润麦->多级研磨->高方筛理->包装,2024-06-27 21:31,2024-06-28 01:12,WH-CN-314,钢板筒仓,2024-06-28 12:12,2024-07-13 12:12,准低温低氧控制,LOG-CN-41581881750,全封闭货车,"干燥, 禁止异味混载",2024-07-13 23:12,2024-07-17 16:58,深圳市,宝安区,113.88,22.55,2024-07-20 16:58
CN-AG-202405-11074,油菜籽,四川省,中江县,104.628173,30.987216,2023-10-24,2023-10-24 [育苗移栽] -> 2023-12-15 [越冬防冻肥] -> 2024-02-05 [薹期水肥调节] -> 2024-03-28 [菌核病无人机防治],2024-05-21 13:34,13379.31,中江县第4深加工基地,"104.671914,31.028655",多级筛选->炒籽->螺旋压榨->精制过滤,2024-05-25 15:34,2024-05-25 21:11,WH-CN-681,恒温罐区,2024-05-26 05:11,2024-07-03 05:11,避光控温控制,LOG-CN-58043235267,罐式车,"避光, 防氧化",2024-07-03 16:11,2024-07-06 18:03,深圳市,福田区,114.05,22.54,2024-07-08 18:03
CN-AG-202408-11075,花生,山东省,莒南县,118.882748,35.119674,2024-04-14,2024-04-14 [清棵蹲苗] -> 2024-05-08 [培土迎葑] -> 2024-06-01 [钙镁肥补充] -> 2024-06-25 [下针期控旺] -> 2024-07-19 [地下虫害防治],2024-08-13 12:15,24064.58,莒南县第4深加工基地,"118.831732,35.175103",剥壳分选->烘炒->压榨提取->物理精炼,2024-08-14 15:15,2024-08-15 00:54,WH-CN-884,避光库房,2024-08-15 12:54,2024-09-09 12:54,避光控温控制,LOG-CN-64332010255,厢式货车,避光防潮,2024-09-09 20:54,2024-09-13 06:55,西安市,未央区,108.94,34.29,2024-09-14 06:55
CN-AG-202409-11076,花生,河北省,大名县,115.099622,36.319413,2024-05-08,2024-05-08 [清棵蹲苗] -> 2024-06-01 [培土迎葑] -> 2024-06-25 [钙镁肥补充] -> 2024-07-19 [下针期控旺] -> 2024-08-12 [地下虫害防治],2024-09-08 12:11,26820.81,大名县第4深加工基地,"115.152602,36.279537",剥壳分选->烘炒->压榨提取->物理精炼,2024-09-09 17:11,2024-09-10 02:34,WH-CN-431,避光库房,2024-09-10 10:34,2024-10-06 10:34,避光控温控制,LOG-CN-53829014750,厢式货车,避光防潮,2024-10-06 22:34,2024-10-08 07:36,上海市,宝山区,121.48,31.4,2024-10-09 07:36
CN-AG-202410-11077,水稻,湖北省,枣阳市,112.784016,32.169438,2024-06-09,2024-06-09 [播种育秧] -> 2024-07-02 [田间底肥] -> 2024-07-25 [插秧作业] -> 2024-08-17 [分蘖期灌溉] -> 2024-09-09 [除草控虫] -> 2024-10-02 [晒田补肥],2024-10-27 12:02,9994.85,枣阳市第4深加工基地,"112.758818,32.125541",清理去石->砻谷脱壳->糙米碾白->抛光->色选->包装,2024-10-28 14:02,2024-10-28 18:08,WH-CN-313,平房仓(准低温),2024-10-29 06:08,2024-12-12 06:08,准低温低氧控制,LOG-CN-28993293195,散粮车,"防潮, 湿度<14%",2024-12-12 19:08,2024-12-14 22:08,北京市,朝阳区,116.48,39.92,2024-12-16 22:08
CN-AG-202410-11078,水稻,安徽省,怀远县,117.245016,32.924922,2024-06-04,2024-06-04 [播种育秧] -> 2024-06-27 [田间底肥] -> 2024-07-20 [插秧作业] -> 2024-08-12 [分蘖期灌溉] -> 2024-09-04 [除草控虫] -> 2024-09-27 [晒田补肥],2024-10-21 12:43,32905.07,怀远县第4深加工基地,"117.193543,32.979419",清理去石->砻谷脱壳->糙米碾白->抛光->色选->包装,2024-10-25 14:43,2024-10-25 21:43,WH-CN-607,平房仓(准低温),2024-10-26 04:43,2024-12-12 04:43,准低温低氧控制,LOG-CN-46086881911,散粮车,"防潮, 湿度<14%",2024-12-12 10:43,2024-12-16 12:09,武汉市,洪山区,114.34,30.5,2024-12-19 12:09
CN-AG-202409-11079,水稻,广西壮族自治区,武宣县,109.604834,23.616648,2024-04-20,2024-04-20 [播种育秧] -> 2024-05-13 [田间底肥] -> 2024-06-05 [插秧作业] -> 2024-06-28 [分蘖期灌溉] -> 2024-07-21 [除草控虫] -> 2024-08-13 [晒田补肥],2024-09-06 16:34,23817.32,武宣县第4深加工基地,"109.660326,23.588108",清理去石->砻谷脱壳->糙米碾白->抛光->色选->包装,2024-09-10 20:34,2024-09-11 06:30,WH-CN-239,平房仓(准低温),2024-09-11 15:30,2024-10-13 15:30,准低温低氧控制,LOG-CN-78057443175,散粮车,"防潮, 湿度<14%",2024-10-14 00:30,2024-10-19 11:23,上海市,宝山区,121.48,31.4,2024-10-21 11:23
CN-AG-202410-11080,水稻,辽宁省,盘山县,122.092312,41.249677,2024-05-19,2024-05-19 [播种育秧] -> 2024-06-11 [田间底肥] -> 2024-07-04 [插秧作业] -> 2024-07-27 [分蘖期灌溉] -> 2024-08-19 [除草控虫] -> 2024-09-11 [晒田补肥],2024-10-07 08:41,31600.23,盘山县第1深加工基地,"122.039626,41.243445",清理去石->砻谷脱壳->糙米碾白->抛光->色选->包装,2024-10-08 10:41,2024-10-08 19:38,WH-CN-619,平房仓(准低温),2024-10-09 05:38,2024-11-05 05:38,准低温低氧控制,LOG-CN-37889016516,散粮车,"防潮, 湿度<14%",2024-11-05 15:38,2024-11-07 18:15,北京市,朝阳区,116.48,39.92,2024-11-10 18:15
CN-AG-202410-11081,水稻,湖北省,钟祥市,112.634064,31.207161,2024-06-05,2024-06-05 [播种育秧] -> 2024-06-28 [田间底肥] -> 2024-07-21 [插秧作业] -> 2024-08-13 [分蘖期灌溉] -> 2024-09-05 [除草控虫] -> 2024-09-28 [晒田补肥],2024-10-21 13:32,5295.01,钟祥市第1深加工基地,"112.58965,31.160441",清理去石->砻谷脱壳->糙米碾白->抛光->色选->包装,2024-10-23 16:32,2024-10-23 22:29,WH-CN-737,平房仓(准低温),2024-10-24 06:29,2024-12-03 06:29,准低温低氧控制,LOG-CN-26806826865,散粮车,"防潮, 湿度<14%",2024-12-03 16:29,2024-12-05 04:43,西安市,雁塔区,108.94,34.21,2024-12-08 04:43
CN-AG-202409-11082,花生,山东省,莒南县,118.867726,35.120336,2024-05-07,2024-05-07 [清棵蹲苗] -> 2024-05-31 [培土迎葑] -> 2024-06-24 [钙镁肥补充] -> 2024-07-18 [下针期控旺] -> 2024-08-11 [地下虫害防治],2024-09-01 10:34,35182.48,莒南县第2深加工基地,"118.822644,35.165607",剥壳分选->烘炒->压榨提取->物理精炼,2024-09-05 13:34,2024-09-05 19:02,WH-CN-187,避光库房,2024-09-06 03:02,2024-09-26 03:02,避光控温控制,LOG-CN-16920107584,厢式货车,避光防潮,2024-09-26 10:02,2024-09-30 21:56,北京市,海淀区,116.3,39.96,2024-10-01 21:56
CN-AG-202410-11083,玉米,四川省,三台县,105.107275,31.082783,2024-06-28,2024-06-28 [免耕直播] -> 2024-07-20 [苗期中耕] -> 2024-08-11 [喇叭口期追肥] -> 2024-09-02 [大斑病防治] -> 2024-09-24 [人工授粉辅助],2024-10-15 10:00,17993.1,三台县第2深加工基地,"105.081091,31.087619",物理清理->脱粒烘干->破碎加工->筛理分级,2024-10-18 12:00,2024-10-18 14:40,WH-CN-960,现代化圆筒仓,2024-10-18 18:40,2024-11-28 18:40,避光控温控制,LOG-CN-98265178415,重型散粮卡车,"通风良好, 严控高温",2024-11-29 09:40,2024-12-01 12:50,成都市,武侯区,104.04,30.64,2024-12-03 12:50
CN-AG-202410-11084,玉米,吉林省,公主岭市,124.868288,43.531935,2024-07-09,2024-07-09 [免耕直播] -> 2024-07-31 [苗期中耕] -> 2024-08-22 [喇叭口期追肥] -> 2024-09-13 [大斑病防治] -> 2024-10-05 [人工授粉辅助],2024-10-23 17:19,21613.43,公主岭市第4深加工基地,"124.814327,43.517664",物理清理->脱粒烘干->破碎加工->筛理分级,2024-10-25 20:19,2024-10-26 05:13,WH-CN-361,现代化圆筒仓,2024-10-26 13:13,2024-12-09 13:13,避光控温控制,LOG-CN-68301330286,重型散粮卡车,"通风良好, 严控高温",2024-12-10 04:13,2024-12-15 02:00,西安市,雁塔区,108.94,34.21,2024-12-18 02:00
CN-AG-202406-11085,小麦,内蒙古自治区,五原县,108.205804,41.093109,2023-10-27,2023-10-27 [深耕整地] -> 2023-12-04 [秋播种子处理] -> 2024-01-11 [越冬水灌溉] -> 2024-02-18 [拔节期追肥] -> 2024-03-27 [条锈病防治] -> 2024-05-04 [干热风防护],2024-06-12 09:31,33995.3,五原县第1深加工基地,"108.266527,41.10641",磁选除杂->着水润麦->多级研磨->高方筛理->包装,2024-06-14 12:31,2024-06-14 17:29,WH-CN-136,钢板筒仓,2024-06-14 21:29,2024-07-10 21:29,准低温低氧控制,LOG-CN-49481138561,全封闭货车,"干燥, 禁止异味混载",2024-07-11 09:29,2024-07-12 21:35,深圳市,福田区,114.05,22.54,2024-07-15 21:35
CN-AG-202409-11086,玉米,河北省,藁城区,114.822372,38.04056,2024-06-10,2024-06-10 [免耕直播] -> 2024-07-02 [苗期中耕] -> 2024-07-24 [喇叭口期追肥] -> 2024-08-15 [大斑病防治] -> 2024-09-06 [人工授粉辅助],2024-09-23 14:13,32266.26,藁城区第1深加工基地,"114.841094,38.035996",物理清理->脱粒烘干->破碎加工->筛理分级,2024-09-27 16:13,2024-09-27 19:59,WH-CN-708,现代化圆筒仓,2024-09-28 07:59,2024-11-02 07:59,避光控温控制,LOG-CN-43468199801,重型散粮卡车,"通风良好, 严控高温",2024-11-02 15:59,2024-11-03 23:58,西安市,长安区,108.87,34.15,2024-11-04 23:58
CN-AG-202409-11087,玉米,河北省,宁晋县,114.935775,37.659112,2024-05-18,2024-05-18 [免耕直播] -> 2024-06-09 [苗期中耕] -> 2024-07-01 [喇叭口期追肥] -> 2024-07-23 [大斑病防治] -> 2024-08-14 [人工授粉辅助],2024-09-03 17:23,7097.64,宁晋县第4深加工基地,"114.921971,37.625688",物理清理->脱粒烘干->破碎加工->筛理分级,2024-09-07 23:23,2024-09-08 06:51,WH-CN-349,现代化圆筒仓,2024-09-08 10:51,2024-09-18 10:51,避光控温控制,LOG-CN-53536200105,重型散粮卡车,"通风良好, 严控高温",2024-09-18 23:51,2024-09-23 05:11,武汉市,江岸区,114.3,30.59,2024-09-24 05:11
CN-AG-202409-11088,水稻,湖南省,安乡县,112.224954,29.399697,2024-05-05,2024-05-05 [播种育秧] -> 2024-05-28 [田间底肥] -> 2024-06-20 [插秧作业] -> 2024-07-13 [分蘖期灌溉] -> 2024-08-05 [除草控虫] -> 2024-08-28 [晒田补肥],2024-09-26 15:13,33454.89,安乡县第5深加工基地,"112.172102,29.410822",清理去石->砻谷脱壳->糙米碾白->抛光->色选->包装,2024-09-30 17:13,2024-09-30 21:20,WH-CN-142,平房仓(准低温),2024-10-01 01:20,2024-11-08 01:20,准低温低氧控制,LOG-CN-81911687156,散粮车,"防潮, 湿度<14%",2024-11-08 08:20,2024-11-09 21:33,广州市,天河区,113.33,23.13,2024-11-12 21:33
CN-AG-202410-11089,水稻,安徽省,寿县,116.795078,32.536459,2024-06-02,2024-06-02 [播种育秧] -> 2024-06-25 [田间底肥] -> 2024-07-18 [插秧作业] -> 2024-08-10 [分蘖期灌溉] -> 2024-09-02 [除草控虫] -> 2024-09-25 [晒田补肥],2024-10-16 10:11,33271.01,寿县第1深加工基地,"116.773697,32.571432",清理去石->砻谷脱壳->糙米碾白->抛光->色选->包装,2024-10-17 14:11,2024-10-17 19:22,WH-CN-585,平房仓(准低温),2024-10-18 03:22,2024-11-23 03:22,准低温低氧控制,LOG-CN-13583010298,散粮车,"防潮, 湿度<14%",2024-11-23 10:22,2024-11-27 10:32,上海市,闵行区,121.38,31.11,2024-11-30 10:32
CN-AG-202410-11090,水稻,江苏省,射阳县,120.262523,33.69715,2024-05-24,2024-05-24 [播种育秧] -> 2024-06-16 [田间底肥] -> 2024-07-09 [插秧作业] -> 2024-08-01 [分蘖期灌溉] -> 2024-08-24 [除草控虫] -> 2024-09-16 [晒田补肥],2024-10-08 14:03,10042.48,射阳县第2深加工基地,"120.250468,33.755274",清理去石->砻谷脱壳->糙米碾白->抛光->色选->包装,2024-10-10 18:03,2024-10-10 23:03,WH-CN-319,平房仓(准低温),2024-10-11 05:03,2024-11-01 05:03,准低温低氧控制,LOG-CN-91223713497,散粮车,"防潮, 湿度<14%",2024-11-01 12:03,2024-11-05 22:28,武汉市,洪山区,114.34,30.5,2024-11-06 22:28
CN-AG-202410-11091,棉花,甘肃省,瓜州县,95.789983,40.477213,2024-04-28,2024-04-28 [覆膜播种] -> 2024-06-03 [人工打顶] -> 2024-07-09 [叶面喷施补硼] -> 2024-08-14 [枯萎病监测] -> 2024-09-19 [喷施脱叶剂],2024-10-24 08:37,19723.32,瓜州县第3深加工基地,"95.768837,40.501602",皮棉清理->锯齿轧花->纤维分级->压力打包,2024-10-27 13:37,2024-10-27 22:55,WH-CN-423,专业纤维库,2024-10-28 09:55,2024-11-18 09:55,避光控温控制,LOG-CN-40470101647,高栏平板车,"严禁烟火, 防静电, 干燥",2024-11-18 15:55,2024-11-20 18:38,南京市,南京浦口区,118.62,32.05,2024-11-21 18:38
CN-AG-202410-11092,玉米,辽宁省,黑山县,122.082135,41.649604,2024-06-16,2024-06-16 [免耕直播] -> 2024-07-08 [苗期中耕] -> 2024-07-30 [喇叭口期追肥] -> 2024-08-21 [大斑病防治] -> 2024-09-12 [人工授粉辅助],2024-10-03 15:38,8720.52,黑山县第1深加工基地,"122.117734,41.684046",物理清理->脱粒烘干->破碎加工->筛理分级,2024-10-04 18:38,2024-10-04 23:26,WH-CN-427,现代化圆筒仓,2024-10-05 08:26,2024-11-06 08:26,避光控温控制,LOG-CN-89615912137,重型散粮卡车,"通风良好, 严控高温",2024-11-06 20:26,2024-11-08 00:34,武汉市,洪山区,114.34,30.5,2024-11-09 00:34
CN-AG-202410-11093,水稻,吉林省,前郭县,124.797735,45.056138,2024-06-01,2024-06-01 [播种育秧] -> 2024-06-24 [田间底肥] -> 2024-07-17 [插秧作业] -> 2024-08-09 [分蘖期灌溉] -> 2024-09-01 [除草控虫] -> 2024-09-24 [晒田补肥],2024-10-18 14:48,36774.91,前郭县第5深加工基地,"124.809666,45.110234",清理去石->砻谷脱壳->糙米碾白->抛光->色选->包装,2024-10-22 18:48,2024-10-23 01:23,WH-CN-638,平房仓(准低温),2024-10-23 13:23,2024-11-29 13:23,准低温低氧控制,LOG-CN-49811058107,散粮车,"防潮, 湿度<14%",2024-11-29 22:23,2024-12-03 09:47,南京市,玄武区,118.79,32.06,2024-12-04 09:47
CN-AG-202409-11094,水稻,江苏省,射阳县,120.290698,33.735934,2024-04-25,2024-04-25 [播种育秧] -> 2024-05-18 [田间底肥] -> 2024-06-10 [插秧作业] -> 2024-07-03 [分蘖期灌溉] -> 2024-07-26 [除草控虫] -> 2024-08-18 [晒田补肥],2024-09-17 11:28,15527.14,射阳县第1深加工基地,"120.250114,33.742907",清理去石->砻谷脱壳->糙米碾白->抛光->色选->包装,2024-09-18 17:28,2024-09-18 20:54,WH-CN-513,平房仓(准低温),2024-09-19 00:54,2024-10-30 00:54,准低温低氧控制,LOG-CN-39955186319,散粮车,"防潮, 湿度<14%",2024-10-30 15:54,2024-11-01 07:59,成都市,新都区,104.15,30.82,2024-11-03 07:59
CN-AG-202406-11095,小麦,河北省,宁晋县,114.868539,37.567445,2023-11-10,2023-11-10 [深耕整地] -> 2023-12-18 [秋播种子处理] -> 2024-01-25 [越冬水灌溉] -> 2024-03-03 [拔节期追肥] -> 2024-04-10 [条锈病防治] -> 2024-05-18 [干热风防护],2024-06-26 13:14,38791.25,宁晋县第4深加工基地,"114.92132,37.621477",磁选除杂->着水润麦->多级研磨->高方筛理->包装,2024-06-29 19:14,2024-06-30 01:27,WH-CN-426,钢板筒仓,2024-06-30 09:27,2024-08-07 09:27,准低温低氧控制,LOG-CN-67012774809,全封闭货车,"干燥, 禁止异味混载",2024-08-07 17:27,2024-08-09 08:41,北京市,丰台区,116.28,39.85,2024-08-12 08:41
CN-AG-202406-11096,小麦,新疆维吾尔自治区,奇台县,89.596945,44.065364,2023-10-22,2023-10-22 [深耕整地] -> 2023-11-29 [秋播种子处理] -> 2024-01-06 [越冬水灌溉] -> 2024-02-13 [拔节期追肥] -> 2024-03-22 [条锈病防治] -> 2024-04-29 [干热风防护],2024-06-06 09:10,7133.58,奇台县第1深加工基地,"89.580974,44.029196",磁选除杂->着水润麦->多级研磨->高方筛理->包装,2024-06-10 12:10,2024-06-10 22:03,WH-CN-661,钢板筒仓,2024-06-11 02:03,2024-07-13 02:03,准低温低氧控制,LOG-CN-63768683341,全封闭货车,"干燥, 禁止异味混载",2024-07-13 11:03,2024-07-18 12:16,武汉市,洪山区,114.34,30.5,2024-07-19 12:16
CN-AG-202406-11097,小麦,甘肃省,永昌县,101.915288,38.191761,2023-11-02,2023-11-02 [深耕整地] -> 2023-12-10 [秋播种子处理] -> 2024-01-17 [越冬水灌溉] -> 2024-02-24 [拔节期追肥] -> 2024-04-02 [条锈病防治] -> 2024-05-10 [干热风防护],2024-06-15 11:37,5809.99,永昌县第1深加工基地,"101.970825,38.233706",磁选除杂->着水润麦->多级研磨->高方筛理->包装,2024-06-16 13:37,2024-06-16 20:31,WH-CN-493,钢板筒仓,2024-06-17 08:31,2024-08-02 08:31,准低温低氧控制,LOG-CN-99083559602,全封闭货车,"干燥, 禁止异味混载",2024-08-02 18:31,2024-08-04 09:56,上海市,浦东新区,121.54,31.22,2024-08-05 09:56
CN-AG-202410-11098,棉花,新疆维吾尔自治区,沙雅县,82.72547,41.237469,2024-04-23,2024-04-23 [覆膜播种] -> 2024-05-29 [人工打顶] -> 2024-07-04 [叶面喷施补硼] -> 2024-08-09 [枯萎病监测] -> 2024-09-14 [喷施脱叶剂],2024-10-22 15:12,19884.01,沙雅县第3深加工基地,"82.786843,41.228919",皮棉清理->锯齿轧花->纤维分级->压力打包,2024-10-26 21:12,2024-10-27 00:04,WH-CN-497,专业纤维库,2024-10-27 10:04,2024-11-06 10:04,避光控温控制,LOG-CN-15346993134,高栏平板车,"严禁烟火, 防静电, 干燥",2024-11-07 00:04,2024-11-08 10:58,武汉市,江岸区,114.3,30.59,2024-11-11 10:58
CN-AG-202410-11099,玉米,吉林省,榆树市,126.499263,44.795593,2024-07-03,2024-07-03 [免耕直播] -> 2024-07-25 [苗期中耕] -> 2024-08-16 [喇叭口期追肥] -> 2024-09-07 [大斑病防治] -> 2024-09-29 [人工授粉辅助],2024-10-22 11:15,28175.35,榆树市第5深加工基地,"126.542539,44.813398",物理清理->脱粒烘干->破碎加工->筛理分级,2024-10-23 13:15,2024-10-23 21:55,WH-CN-761,现代化圆筒仓,2024-10-24 04:55,2024-12-01 04:55,避光控温控制,LOG-CN-54062661773,重型散粮卡车,"通风良好, 严控高温",2024-12-01 18:55,2024-12-03 05:15,上海市,浦东新区,121.54,31.22,2024-12-04 05:15
CN-AG-202410-11100,水稻,安徽省,怀远县,117.202227,32.924794,2024-05-13,2024-05-13 [播种育秧] -> 2024-06-05 [田间底肥] -> 2024-06-28 [插秧作业] -> 2024-07-21 [分蘖期灌溉] -> 2024-08-13 [除草控虫] -> 2024-09-05 [晒田补肥],2024-10-05 08:12,20626.72,怀远县第4深加工基地,"117.197163,32.964917",清理去石->砻谷脱壳->糙米碾白->抛光->色选->包装,2024-10-08 10:12,2024-10-08 13:17,WH-CN-688,平房仓(准低温),2024-10-08 22:17,2024-10-31 22:17,准低温低氧控制,LOG-CN-94212323832,散粮车,"防潮, 湿度<14%",2024-11-01 08:17,2024-11-04 12:43,武汉市,洪山区,114.34,30.5,2024-11-05 12:43
CN-AG-202407-11101,大麦,甘肃省,民乐县,100.832118,38.488741,2024-04-17,2024-04-17 [翻耕播种] -> 2024-05-12 [分蘖期施氮] -> 2024-06-06 [化学除草] -> 2024-07-01 [灌浆期监控],2024-07-28 14:27,31949.69,民乐县第1深加工基地,"100.802851,38.43898",杂质清理->脱壳处理->分级磨皮->包装,2024-07-30 16:27,2024-07-30 19:45,WH-CN-805,平房仓,2024-07-30 23:45,2024-09-13 23:45,避光控温控制,LOG-CN-29357398834,散装车,防霉通风,2024-09-14 05:45,2024-09-19 12:53,广州市,白云区,113.27,23.15,2024-09-22 12:53
CN-AG-202409-11102,花生,辽宁省,黑山县,122.126568,41.675857,2024-05-26,2024-05-26 [清棵蹲苗] -> 2024-06-19 [培土迎葑] -> 2024-07-13 [钙镁肥补充] -> 2024-08-06 [下针期控旺] -> 2024-08-30 [地下虫害防治],2024-09-20 12:00,21364.91,黑山县第3深加工基地,"122.110084,41.681535",剥壳分选->烘炒->压榨提取->物理精炼,2024-09-24 15:00,2024-09-24 17:47,WH-CN-752,避光库房,2024-09-25 05:47,2024-10-27 05:47,避光控温控制,LOG-CN-39939955076,厢式货车,避光防潮,2024-10-27 15:47,2024-11-01 08:07,上海市,闵行区,121.38,31.11,2024-11-02 08:07
CN-AG-202406-11103,小麦,河北省,大名县,115.167018,36.300452,2023-10-27,2023-10-27 [深耕整地] -> 2023-12-04 [秋播种子处理] -> 2024-01-11 [越冬水灌溉] -> 2024-02-18 [拔节期追肥] -> 2024-03-27 [条锈病防治] -> 2024-05-04 [干热风防护],2024-06-08 13:29,8751.4,大名县第1深加工基地,"115.149793,36.278216",磁选除杂->着水润麦->多级研磨->高方筛理->包装,2024-06-09 17:29,2024-06-09 20:43,WH-CN-803,钢板筒仓,2024-06-10 02:43,2024-07-29 02:43,准低温低氧控制,LOG-CN-96197602613,全封闭货车,"干燥, 禁止异味混载",2024-07-29 10:43,2024-08-02 09:27,上海市,宝山区,121.48,31.4,2024-08-04 09:27
CN-AG-202407-11104,大麦,新疆维吾尔自治区,奇台县,89.532881,44.009853,2024-04-05,2024-04-05 [翻耕播种] -> 2024-04-30 [分蘖期施氮] -> 2024-05-25 [化学除草] -> 2024-06-19 [灌浆期监控],2024-07-19 08:18,5823.61,奇台县第1深加工基地,"89.583542,44.016707",杂质清理->脱壳处理->分级磨皮->包装,2024-07-23 10:18,2024-07-23 13:04,WH-CN-230,平房仓,2024-07-23 17:04,2024-08-31 17:04,避光控温控制,LOG-CN-42476642598,散装车,防霉通风,2024-08-31 23:04,2024-09-03 08:31,广州市,天河区,113.33,23.13,2024-09-05 08:31
CN-AG-202410-11105,水稻,湖北省,监利市,112.954806,29.781811,2024-05-19,2024-05-19 [播种育秧] -> 2024-06-11 [田间底肥] -> 2024-07-04 [插秧作业] -> 2024-07-27 [分蘖期灌溉] -> 2024-08-19 [除草控虫] -> 2024-09-11 [晒田补肥],2024-10-03 08:05,38127.64,监利市第3深加工基地,"112.904573,29.831987",清理去石->砻谷脱壳->糙米碾白->抛光->色选->包装,2024-10-05 11:05,2024-10-05 18:25,WH-CN-111,平房仓(准低温),2024-10-06 04:25,2024-10-20 04:25,准低温低氧控制,LOG-CN-67678761734,散粮车,"防潮, 湿度<14%",2024-10-20 12:25,2024-10-21 16:06,武汉市,洪山区,114.34,30.5,2024-10-23 16:06
CN-AG-202406-11106,小麦,河南省,唐河县,112.817178,32.657844,2023-10-29,2023-10-29 [深耕整地] -> 2023-12-06 [秋播种子处理] -> 2024-01-13 [越冬水灌溉] -> 2024-02-20 [拔节期追肥] -> 2024-03-29 [条锈病防治] -> 2024-05-06 [干热风防护],2024-06-10 14:46,8747.48,唐河县第1深加工基地,"112.821939,32.674738",磁选除杂->着水润麦->多级研磨->高方筛理->包装,2024-06-13 17:46,2024-06-13 21:29,WH-CN-440,钢板筒仓,2024-06-14 08:29,2024-07-20 08:29,准低温低氧控制,LOG-CN-11016179916,全封闭货车,"干燥, 禁止异味混载",2024-07-20 18:29,2024-07-23 20:21,深圳市,宝安区,113.88,22.55,2024-07-24 20:21
CN-AG-202406-11107,小麦,山东省,汶上县,116.515702,35.691484,2023-11-10,2023-11-10 [深耕整地] -> 2023-12-18 [秋播种子处理] -> 2024-01-25 [越冬水灌溉] -> 2024-03-03 [拔节期追肥] -> 2024-04-10 [条锈病防治] -> 2024-05-18 [干热风防护],2024-06-24 12:31,37907.04,汶上县第1深加工基地,"116.480939,35.733551",磁选除杂->着水润麦->多级研磨->高方筛理->包装,2024-06-27 15:31,2024-06-27 21:00,WH-CN-867,钢板筒仓,2024-06-28 09:00,2024-08-03 09:00,准低温低氧控制,LOG-CN-30097822485,全封闭货车,"干燥, 禁止异味混载",2024-08-03 21:00,2024-08-07 17:10,上海市,闵行区,121.38,31.11,2024-08-08 17:10
CN-AG-202411-11108,棉花,江苏省,射阳县,120.300692,33.747011,2024-05-18,2024-05-18 [覆膜播种] -> 2024-06-23 [人工打顶] -> 2024-07-29 [叶面喷施补硼] -> 2024-09-03 [枯萎病监测] -> 2024-10-09 [喷施脱叶剂],2024-11-15 08:32,35935.59,射阳县第4深加工基地,"120.245612,33.741455",皮棉清理->锯齿轧花->纤维分级->压力打包,2024-11-19 13:32,2024-11-19 19:01,WH-CN-972,专业纤维库,2024-11-20 05:01,2024-12-09 05:01,避光控温控制,LOG-CN-72473639116,高栏平板车,"严禁烟火, 防静电, 干燥",2024-12-09 12:01,2024-12-13 19:57,广州市,白云区,113.27,23.15,2024-12-15 19:57
CN-AG-202409-11109,大豆,安徽省,怀远县,117.233891,32.951993,2024-05-18,2024-05-18 [拌种包衣] -> 2024-06-12 [等距点播] -> 2024-07-07 [结荚期根外追肥] -> 2024-08-01 [食心虫绿色防控] -> 2024-08-26 [除草中耕],2024-09-16 15:53,15615.78,怀远县第5深加工基地,"117.194813,32.97985",磁选->破碎压胚->高温压榨->物理过滤->精炼,2024-09-18 21:53,2024-09-19 00:53,WH-CN-594,不锈钢储油罐区,2024-09-19 07:53,2024-10-22 07:53,准低温低氧控制,LOG-CN-52921419482,罐式车,"避光, 控温25℃下",2024-10-22 19:53,2024-10-24 09:44,北京市,朝阳区,116.48,39.92,2024-10-27 09:44
CN-AG-202410-11110,棉花,新疆维吾尔自治区,沙雅县,82.819675,41.264917,2024-04-16,2024-04-16 [覆膜播种] -> 2024-05-22 [人工打顶] -> 2024-06-27 [叶面喷施补硼] -> 2024-08-02 [枯萎病监测] -> 2024-09-07 [喷施脱叶剂],2024-10-11 12:51,20148.83,沙雅县第3深加工基地,"82.777987,41.214493",皮棉清理->锯齿轧花->纤维分级->压力打包,2024-10-14 14:51,2024-10-14 19:58,WH-CN-719,专业纤维库,2024-10-15 05:58,2024-11-18 05:58,避光控温控制,LOG-CN-33005048845,高栏平板车,"严禁烟火, 防静电, 干燥",2024-11-18 13:58,2024-11-20 01:19,广州市,天河区,113.33,23.13,2024-11-23 01:19
CN-AG-202409-11111,大豆,山东省,莒南县,118.887386,35.159161,2024-04-30,2024-04-30 [拌种包衣] -> 2024-05-25 [等距点播] -> 2024-06-19 [结荚期根外追肥] -> 2024-07-14 [食心虫绿色防控] -> 2024-08-08 [除草中耕],2024-09-01 14:42,10136.31,莒南县第2深加工基地,"118.835983,35.163618",磁选->破碎压胚->高温压榨->物理过滤->精炼,2024-09-04 16:42,2024-09-05 01:44,WH-CN-102,不锈钢储油罐区,2024-09-05 06:44,2024-09-21 06:44,准低温低氧控制,LOG-CN-41907460206,罐式车,"避光, 控温25℃下",2024-09-21 20:44,2024-09-25 18:49,西安市,雁塔区,108.94,34.21,2024-09-28 18:49
CN-AG-202409-11112,花生,河南省,正阳县,114.407704,32.580103,2024-05-26,2024-05-26 [清棵蹲苗] -> 2024-06-19 [培土迎葑] -> 2024-07-13 [钙镁肥补充] -> 2024-08-06 [下针期控旺] -> 2024-08-30 [地下虫害防治],2024-09-22 17:50,35316.0,正阳县第1深加工基地,"114.381567,32.5984",剥壳分选->烘炒->压榨提取->物理精炼,2024-09-24 19:50,2024-09-25 02:50,WH-CN-455,避光库房,2024-09-25 14:50,2024-10-22 14:50,避光控温控制,LOG-CN-26521632141,厢式货车,避光防潮,2024-10-22 20:50,2024-10-26 00:15,南京市,南京浦口区,118.62,32.05,2024-10-28 00:15
CN-AG-202409-11113,玉米,辽宁省,昌图县,124.1465,42.819913,2024-05-16,2024-05-16 [免耕直播] -> 2024-06-07 [苗期中耕] -> 2024-06-29 [喇叭口期追肥] -> 2024-07-21 [大斑病防治] -> 2024-08-12 [人工授粉辅助],2024-09-03 10:52,6783.52,昌图县第5深加工基地,"124.101192,42.787328",物理清理->脱粒烘干->破碎加工->筛理分级,2024-09-06 13:52,2024-09-06 21:58,WH-CN-861,现代化圆筒仓,2024-09-07 05:58,2024-09-22 05:58,避光控温控制,LOG-CN-82804256238,重型散粮卡车,"通风良好, 严控高温",2024-09-22 11:58,2024-09-24 03:43,广州市,天河区,113.33,23.13,2024-09-26 03:43
CN-AG-202409-11114,水稻,江苏省,兴化市,119.806798,32.953046,2024-04-24,2024-04-24 [播种育秧] -> 2024-05-17 [田间底肥] -> 2024-06-09 [插秧作业] -> 2024-07-02 [分蘖期灌溉] -> 2024-07-25 [除草控虫] -> 2024-08-17 [晒田补肥],2024-09-16 10:06,24276.56,兴化市第5深加工基地,"119.850972,32.928316",清理去石->砻谷脱壳->糙米碾白->抛光->色选->包装,2024-09-20 12:06,2024-09-20 15:05,WH-CN-737,平房仓(准低温),2024-09-20 22:05,2024-10-10 22:05,准低温低氧控制,LOG-CN-18409401485,散粮车,"防潮, 湿度<14%",2024-10-11 07:05,2024-10-12 20:43,北京市,丰台区,116.28,39.85,2024-10-14 20:43
CN-AG-202410-11115,水稻,吉林省,前郭县,124.812353,45.098329,2024-05-16,2024-05-16 [播种育秧] -> 2024-06-08 [田间底肥] -> 2024-07-01 [插秧作业] -> 2024-07-24 [分蘖期灌溉] -> 2024-08-16 [除草控虫] -> 2024-09-08 [晒田补肥],2024-10-02 08:13,19522.93,前郭县第1深加工基地,"124.802704,45.119931",清理去石->砻谷脱壳->糙米碾白->抛光->色选->包装,2024-10-06 10:13,2024-10-06 14:46,WH-CN-745,平房仓(准低温),2024-10-06 19:46,2024-11-16 19:46,准低温低氧控制,LOG-CN-64793777132,散粮车,"防潮, 湿度<14%",2024-11-17 08:46,2024-11-22 10:27,上海市,宝山区,121.48,31.4,2024-11-25 10:27
CN-AG-202410-11116,棉花,新疆维吾尔自治区,沙雅县,82.76752,41.241055,2024-05-01,2024-05-01 [覆膜播种] -> 2024-06-06 [人工打顶] -> 2024-07-12 [叶面喷施补硼] -> 2024-08-17 [枯萎病监测] -> 2024-09-22 [喷施脱叶剂],2024-10-24 16:16,16925.41,沙雅县第3深加工基地,"82.773175,41.21266",皮棉清理->锯齿轧花->纤维分级->压力打包,2024-10-27 21:16,2024-10-28 06:46,WH-CN-642,专业纤维库,2024-10-28 18:46,2024-11-28 18:46,避光控温控制,LOG-CN-10512732580,高栏平板车,"严禁烟火, 防静电, 干燥",2024-11-29 01:46,2024-11-30 10:59,武汉市,洪山区,114.34,30.5,2024-12-02 10:59
CN-AG-202410-11117,水稻,安徽省,寿县,116.825552,32.623913,2024-06-02,2024-06-02 [播种育秧] -> 2024-06-25 [田间底肥] -> 2024-07-18 [插秧作业] -> 2024-08-10 [分蘖期灌溉] -> 2024-09-02 [除草控虫] -> 2024-09-25 [晒田补肥],2024-10-17 08:30,24338.37,寿县第5深加工基地,"116.789831,32.578141",清理去石->砻谷脱壳->糙米碾白->抛光->色选->包装,2024-10-21 14:30,2024-10-21 23:29,WH-CN-213,平房仓(准低温),2024-10-22 03:29,2024-11-15 03:29,准低温低氧控制,LOG-CN-94951005256,散粮车,"防潮, 湿度<14%",2024-11-15 15:29,2024-11-17 04:56,西安市,雁塔区,108.94,34.21,2024-11-18 04:56
CN-AG-202409-11118,水稻,安徽省,寿县,116.762653,32.534998,2024-04-16,2024-04-16 [播种育秧] -> 2024-05-09 [田间底肥] -> 2024-06-01 [插秧作业] -> 2024-06-24 [分蘖期灌溉] -> 2024-07-17 [除草控虫] -> 2024-08-09 [晒田补肥],2024-09-07 17:56,35740.73,寿县第5深加工基地,"116.779676,32.573384",清理去石->砻谷脱壳->糙米碾白->抛光->色选->包装,2024-09-11 21:56,2024-09-12 04:32,WH-CN-984,平房仓(准低温),2024-09-12 15:32,2024-09-29 15:32,准低温低氧控制,LOG-CN-13878090313,散粮车,"防潮, 湿度<14%",2024-09-30 02:32,2024-10-02 07:34,深圳市,南山区,113.93,22.54,2024-10-04 07:34
CN-AG-202406-11119,大麦,新疆维吾尔自治区,奇台县,89.572937,44.010207,2024-03-14,2024-03-14 [翻耕播种] -> 2024-04-08 [分蘖期施氮] -> 2024-05-03 [化学除草] -> 2024-05-28 [灌浆期监控],2024-06-22 16:23,12465.05,奇台县第4深加工基地,"89.591512,44.021876",杂质清理->脱壳处理->分级磨皮->包装,2024-06-26 22:23,2024-06-27 01:09,WH-CN-290,平房仓,2024-06-27 05:09,2024-07-17 05:09,避光控温控制,LOG-CN-26424987929,散装车,防霉通风,2024-07-17 15:09,2024-07-19 16:00,成都市,新都区,104.15,30.82,2024-07-20 16:00
CN-AG-202406-11120,小麦,河北省,宁晋县,114.916609,37.579375,2023-11-03,2023-11-03 [深耕整地] -> 2023-12-11 [秋播种子处理] -> 2024-01-18 [越冬水灌溉] -> 2024-02-25 [拔节期追肥] -> 2024-04-03 [条锈病防治] -> 2024-05-11 [干热风防护],2024-06-20 14:35,29153.27,宁晋县第2深加工基地,"114.921406,37.621069",磁选除杂->着水润麦->多级研磨->高方筛理->包装,2024-06-24 18:35,2024-06-25 00:28,WH-CN-691,钢板筒仓,2024-06-25 11:28,2024-07-06 11:28,准低温低氧控制,LOG-CN-19199981259,全封闭货车,"干燥, 禁止异味混载",2024-07-06 22:28,2024-07-08 06:55,南京市,江宁区,118.83,31.95,2024-07-11 06:55
CN-AG-202406-11121,小麦,河南省,唐河县,112.859073,32.645213,2023-11-11,2023-11-11 [深耕整地] -> 2023-12-19 [秋播种子处理] -> 2024-01-26 [越冬水灌溉] -> 2024-03-04 [拔节期追肥] -> 2024-04-11 [条锈病防治] -> 2024-05-19 [干热风防护],2024-06-27 14:57,23293.86,唐河县第3深加工基地,"112.827097,32.670504",磁选除杂->着水润麦->多级研磨->高方筛理->包装,2024-06-29 19:57,2024-06-29 23:04,WH-CN-900,钢板筒仓,2024-06-30 03:04,2024-08-09 03:04,准低温低氧控制,LOG-CN-49327043065,全封闭货车,"干燥, 禁止异味混载",2024-08-09 12:04,2024-08-12 10:06,北京市,朝阳区,116.48,39.92,2024-08-15 10:06
CN-AG-202406-11122,小麦,内蒙古自治区,五原县,108.267667,41.133626,2023-10-30,2023-10-30 [深耕整地] -> 2023-12-07 [秋播种子处理] -> 2024-01-14 [越冬水灌溉] -> 2024-02-21 [拔节期追肥] -> 2024-03-30 [条锈病防治] -> 2024-05-07 [干热风防护],2024-06-19 10:18,33327.91,五原县第1深加工基地,"108.263899,41.095223",磁选除杂->着水润麦->多级研磨->高方筛理->包装,2024-06-22 16:18,2024-06-22 19:21,WH-CN-933,钢板筒仓,2024-06-23 02:21,2024-07-04 02:21,准低温低氧控制,LOG-CN-53016117280,全封闭货车,"干燥, 禁止异味混载",2024-07-04 09:21,2024-07-09 07:48,北京市,海淀区,116.3,39.96,2024-07-12 07:48
CN-AG-202409-11123,玉米,内蒙古自治区,突泉县,121.605549,46.338087,2024-05-21,2024-05-21 [免耕直播] -> 2024-06-12 [苗期中耕] -> 2024-07-04 [喇叭口期追肥] -> 2024-07-26 [大斑病防治] -> 2024-08-17 [人工授粉辅助],2024-09-04 13:58,13088.09,突泉县第5深加工基地,"121.572202,46.334701",物理清理->脱粒烘干->破碎加工->筛理分级,2024-09-08 18:58,2024-09-09 03:36,WH-CN-983,现代化圆筒仓,2024-09-09 12:36,2024-10-24 12:36,避光控温控制,LOG-CN-41482088148,重型散粮卡车,"通风良好, 严控高温",2024-10-24 22:36,2024-10-28 02:21,南京市,南京浦口区,118.62,32.05,2024-10-29 02:21
CN-AG-202408-11124,花生,河南省,正阳县,114.335982,32.598581,2024-04-07,2024-04-07 [清棵蹲苗] -> 2024-05-01 [培土迎葑] -> 2024-05-25 [钙镁肥补充] -> 2024-06-18 [下针期控旺] -> 2024-07-12 [地下虫害防治],2024-08-01 13:01,16202.01,正阳县第2深加工基地,"114.378382,32.595227",剥壳分选->烘炒->压榨提取->物理精炼,2024-08-04 18:01,2024-08-05 00:06,WH-CN-665,避光库房,2024-08-05 08:06,2024-08-24 08:06,避光控温控制,LOG-CN-54396905300,厢式货车,避光防潮,2024-08-24 23:06,2024-08-30 03:33,西安市,长安区,108.87,34.15,2024-08-31 03:33
CN-AG-202409-11125,水稻,辽宁省,盘山县,122.041645,41.251916,2024-05-02,2024-05-02 [播种育秧] -> 2024-05-25 [田间底肥] -> 2024-06-17 [插秧作业] -> 2024-07-10 [分蘖期灌溉] -> 2024-08-02 [除草控虫] -> 2024-08-25 [晒田补肥],2024-09-15 15:21,10416.76,盘山县第1深加工基地,"122.030129,41.235764",清理去石->砻谷脱壳->糙米碾白->抛光->色选->包装,2024-09-17 18:21,2024-09-18 01:54,WH-CN-880,平房仓(准低温),2024-09-18 10:54,2024-11-03 10:54,准低温低氧控制,LOG-CN-72700328850,散粮车,"防潮, 湿度<14%",2024-11-03 17:54,2024-11-06 13:17,西安市,长安区,108.87,34.15,2024-11-08 13:17
CN-AG-202411-11126,棉花,新疆维吾尔自治区,玛纳斯县,86.184275,44.299549,2024-05-06,2024-05-06 [覆膜播种] -> 2024-06-11 [人工打顶] -> 2024-07-17 [叶面喷施补硼] -> 2024-08-22 [枯萎病监测] -> 2024-09-27 [喷施脱叶剂],2024-11-01 10:18,20454.0,玛纳斯县第1深加工基地,"86.200479,44.304692",皮棉清理->锯齿轧花->纤维分级->压力打包,2024-11-05 14:18,2024-11-05 23:23,WH-CN-571,专业纤维库,2024-11-06 07:23,2024-12-13 07:23,避光控温控制,LOG-CN-15169311850,高栏平板车,"严禁烟火, 防静电, 干燥",2024-12-13 15:23,2024-12-14 19:45,西安市,未央区,108.94,34.29,2024-12-15 19:45
CN-AG-202409-11127,大豆,安徽省,怀远县,117.252977,32.980179,2024-05-11,2024-05-11 [拌种包衣] -> 2024-06-05 [等距点播] -> 2024-06-30 [结荚期根外追肥] -> 2024-07-25 [食心虫绿色防控] -> 2024-08-19 [除草中耕],2024-09-12 14:51,39254.5,怀远县第5深加工基地,"117.199433,32.963488",磁选->破碎压胚->高温压榨->物理过滤->精炼,2024-09-16 20:51,2024-09-17 04:49,WH-CN-116,不锈钢储油罐区,2024-09-17 11:49,2024-10-27 11:49,准低温低氧控制,LOG-CN-34809091280,罐式车,"避光, 控温25℃下",2024-10-27 18:49,2024-10-31 09:09,北京市,朝阳区,116.48,39.92,2024-11-02 09:09
CN-AG-202408-11128,花生,江苏省,东海县,118.785082,34.490971,2024-04-29,2024-04-29 [清棵蹲苗] -> 2024-05-23 [培土迎葑] -> 2024-06-16 [钙镁肥补充] -> 2024-07-10 [下针期控旺] -> 2024-08-03 [地下虫害防治],2024-08-27 12:32,28983.79,东海县第4深加工基地,"118.768147,34.541011",剥壳分选->烘炒->压榨提取->物理精炼,2024-08-31 15:32,2024-08-31 21:18,WH-CN-251,避光库房,2024-09-01 01:18,2024-09-21 01:18,避光控温控制,LOG-CN-73967108079,厢式货车,避光防潮,2024-09-21 11:18,2024-09-26 14:06,广州市,白云区,113.27,23.15,2024-09-28 14:06
CN-AG-202406-11129,大麦,新疆维吾尔自治区,奇台县,89.637589,44.022565,2024-03-08,2024-03-08 [翻耕播种] -> 2024-04-02 [分蘖期施氮] -> 2024-04-27 [化学除草] -> 2024-05-22 [灌浆期监控],2024-06-15 14:27,38007.77,奇台县第2深加工基地,"89.580451,44.013926",杂质清理->脱壳处理->分级磨皮->包装,2024-06-17 16:27,2024-06-17 22:45,WH-CN-844,平房仓,2024-06-18 08:45,2024-07-11 08:45,避光控温控制,LOG-CN-65494614682,散装车,防霉通风,2024-07-11 15:45,2024-07-17 02:30,广州市,白云区,113.27,23.15,2024-07-18 02:30
CN-AG-202406-11130,小麦,安徽省,寿县,116.789254,32.6134,2023-10-28,2023-10-28 [深耕整地] -> 2023-12-05 [秋播种子处理] -> 2024-01-12 [越冬水灌溉] -> 2024-02-19 [拔节期追肥] -> 2024-03-28 [条锈病防治] -> 2024-05-05 [干热风防护],2024-06-12 17:08,37148.29,寿县第5深加工基地,"116.781939,32.577813",磁选除杂->着水润麦->多级研磨->高方筛理->包装,2024-06-16 23:08,2024-06-17 08:45,WH-CN-502,钢板筒仓,2024-06-17 19:45,2024-08-04 19:45,准低温低氧控制,LOG-CN-32478810655,全封闭货车,"干燥, 禁止异味混载",2024-08-05 01:45,2024-08-10 08:01,北京市,海淀区,116.3,39.96,2024-08-13 08:01
CN-AG-202410-11131,水稻,吉林省,榆树市,126.541561,44.857219,2024-06-12,2024-06-12 [播种育秧] -> 2024-07-05 [田间底肥] -> 2024-07-28 [插秧作业] -> 2024-08-20 [分蘖期灌溉] -> 2024-09-12 [除草控虫] -> 2024-10-05 [晒田补肥],2024-10-25 11:16,7933.28,榆树市第3深加工基地,"126.558261,44.824997",清理去石->砻谷脱壳->糙米碾白->抛光->色选->包装,2024-10-28 13:16,2024-10-28 21:37,WH-CN-710,平房仓(准低温),2024-10-29 09:37,2024-12-16 09:37,准低温低氧控制,LOG-CN-73796389462,散粮车,"防潮, 湿度<14%",2024-12-16 18:37,2024-12-20 20:03,广州市,白云区,113.27,23.15,2024-12-23 20:03
CN-AG-202406-11132,小麦,江苏省,兴化市,119.811694,32.938655,2023-10-20,2023-10-20 [深耕整地] -> 2023-11-27 [秋播种子处理] -> 2024-01-04 [越冬水灌溉] -> 2024-02-11 [拔节期追肥] -> 2024-03-20 [条锈病防治] -> 2024-04-27 [干热风防护],2024-06-11 11:43,20271.7,兴化市第1深加工基地,"119.843973,32.925376",磁选除杂->着水润麦->多级研磨->高方筛理->包装,2024-06-14 16:43,2024-06-14 23:03,WH-CN-700,钢板筒仓,2024-06-15 03:03,2024-07-25 03:03,准低温低氧控制,LOG-CN-40183403449,全封闭货车,"干燥, 禁止异味混载",2024-07-25 14:03,2024-07-28 10:19,西安市,未央区,108.94,34.29,2024-07-29 10:19
CN-AG-202405-11133,油菜籽,湖北省,监利市,112.87677,29.799623,2023-11-02,2023-11-02 [育苗移栽] -> 2023-12-24 [越冬防冻肥] -> 2024-02-14 [薹期水肥调节] -> 2024-04-06 [菌核病无人机防治],2024-05-28 10:30,21875.09,监利市第1深加工基地,"112.90176,29.831103",多级筛选->炒籽->螺旋压榨->精制过滤,2024-06-01 13:30,2024-06-01 19:53,WH-CN-879,恒温罐区,2024-06-02 02:53,2024-06-23 02:53,避光控温控制,LOG-CN-97492743248,罐式车,"避光, 防氧化",2024-06-23 10:53,2024-06-25 09:34,北京市,丰台区,116.28,39.85,2024-06-26 09:34
CN-AG-202409-11134,玉米,安徽省,蒙城县,116.57385,33.25118,2024-06-01,2024-06-01 [免耕直播] -> 2024-06-23 [苗期中耕] -> 2024-07-15 [喇叭口期追肥] -> 2024-08-06 [大斑病防治] -> 2024-08-28 [人工授粉辅助],2024-09-16 09:27,24371.06,蒙城县第1深加工基地,"116.551756,33.251631",物理清理->脱粒烘干->破碎加工->筛理分级,2024-09-17 13:27,2024-09-17 17:17,WH-CN-483,现代化圆筒仓,2024-09-18 05:17,2024-10-21 05:17,避光控温控制,LOG-CN-12485002985,重型散粮卡车,"通风良好, 严控高温",2024-10-21 15:17,2024-10-25 13:42,上海市,闵行区,121.38,31.11,2024-10-28 13:42
CN-AG-202406-11135,小麦,内蒙古自治区,五原县,108.262169,41.06062,2023-10-14,2023-10-14 [深耕整地] -> 2023-11-21 [秋播种子处理] -> 2023-12-29 [越冬水灌溉] -> 2024-02-05 [拔节期追肥] -> 2024-03-14 [条锈病防治] -> 2024-04-21 [干热风防护],2024-06-01 10:47,5884.56,五原县第1深加工基地,"108.255666,41.09428",磁选除杂->着水润麦->多级研磨->高方筛理->包装,2024-06-02 12:47,2024-06-02 17:33,WH-CN-561,钢板筒仓,2024-06-02 23:33,2024-07-07 23:33,准低温低氧控制,LOG-CN-22875419425,全封闭货车,"干燥, 禁止异味混载",2024-07-08 06:33,2024-07-09 14:00,成都市,龙泉驿区,104.27,30.55,2024-07-12 14:00
CN-AG-202406-11136,小麦,河北省,宁晋县,114.957424,37.608038,2023-11-08,2023-11-08 [深耕整地] -> 2023-12-16 [秋播种子处理] -> 2024-01-23 [越冬水灌溉] -> 2024-03-01 [拔节期追肥] -> 2024-04-08 [条锈病防治] -> 2024-05-16 [干热风防护],2024-06-25 08:56,18185.73,宁晋县第2深加工基地,"114.922988,37.610277",磁选除杂->着水润麦->多级研磨->高方筛理->包装,2024-06-26 10:56,2024-06-26 15:55,WH-CN-973,钢板筒仓,2024-06-26 22:55,2024-07-19 22:55,准低温低氧控制,LOG-CN-73601335644,全封闭货车,"干燥, 禁止异味混载",2024-07-20 11:55,2024-07-22 11:11,广州市,白云区,113.27,23.15,2024-07-24 11:11
CN-AG-202406-11137,小麦,新疆维吾尔自治区,玛纳斯县,86.245839,44.320265,2023-10-25,2023-10-25 [深耕整地] -> 2023-12-02 [秋播种子处理] -> 2024-01-09 [越冬水灌溉] -> 2024-02-16 [拔节期追肥] -> 2024-03-25 [条锈病防治] -> 2024-05-02 [干热风防护],2024-06-14 11:58,26552.38,玛纳斯县第5深加工基地,"86.200403,44.308655",磁选除杂->着水润麦->多级研磨->高方筛理->包装,2024-06-15 17:58,2024-06-15 22:21,WH-CN-937,钢板筒仓,2024-06-16 02:21,2024-07-21 02:21,准低温低氧控制,LOG-CN-87252033473,全封闭货车,"干燥, 禁止异味混载",2024-07-21 08:21,2024-07-23 05:17,武汉市,江岸区,114.3,30.59,2024-07-25 05:17
CN-AG-202406-11138,小麦,河南省,唐河县,112.876341,32.638454,2023-11-10,2023-11-10 [深耕整地] -> 2023-12-18 [秋播种子处理] -> 2024-01-25 [越冬水灌溉] -> 2024-03-03 [拔节期追肥] -> 2024-04-10 [条锈病防治] -> 2024-05-18 [干热风防护],2024-06-24 17:14,12777.3,唐河县第1深加工基地,"112.831292,32.67917",磁选除杂->着水润麦->多级研磨->高方筛理->包装,2024-06-28 20:14,2024-06-29 05:12,WH-CN-405,钢板筒仓,2024-06-29 16:12,2024-07-20 16:12,准低温低氧控制,LOG-CN-16138530305,全封闭货车,"干燥, 禁止异味混载",2024-07-21 07:12,2024-07-22 23:04,上海市,浦东新区,121.54,31.22,2024-07-24 23:04
CN-AG-202410-11139,玉米,辽宁省,黑山县,122.141488,41.709563,2024-06-27,2024-06-27 [免耕直播] -> 2024-07-19 [苗期中耕] -> 2024-08-10 [喇叭口期追肥] -> 2024-09-01 [大斑病防治] -> 2024-09-23 [人工授粉辅助],2024-10-15 14:41,26820.0,黑山县第5深加工基地,"122.129939,41.698635",物理清理->脱粒烘干->破碎加工->筛理分级,2024-10-17 19:41,2024-10-18 05:32,WH-CN-482,现代化圆筒仓,2024-10-18 11:32,2024-12-02 11:32,避光控温控制,LOG-CN-70230022570,重型散粮卡车,"通风良好, 严控高温",2024-12-02 20:32,2024-12-07 00:03,成都市,龙泉驿区,104.27,30.55,2024-12-09 00:03
CN-AG-202409-11140,大豆,黑龙江省,五常市,127.124467,44.956419,2024-05-23,2024-05-23 [拌种包衣] -> 2024-06-17 [等距点播] -> 2024-07-12 [结荚期根外追肥] -> 2024-08-06 [食心虫绿色防控] -> 2024-08-31 [除草中耕],2024-09-27 08:26,24776.57,五常市第2深加工基地,"127.140984,44.937595",磁选->破碎压胚->高温压榨->物理过滤->精炼,2024-09-30 13:26,2024-09-30 23:09,WH-CN-709,不锈钢储油罐区,2024-10-01 03:09,2024-10-21 03:09,准低温低氧控制,LOG-CN-31674369787,罐式车,"避光, 控温25℃下",2024-10-21 09:09,2024-10-25 22:54,北京市,丰台区,116.28,39.85,2024-10-26 22:54
CN-AG-202406-11141,小麦,新疆维吾尔自治区,奇台县,89.637686,43.98773,2023-11-10,2023-11-10 [深耕整地] -> 2023-12-18 [秋播种子处理] -> 2024-01-25 [越冬水灌溉] -> 2024-03-03 [拔节期追肥] -> 2024-04-10 [条锈病防治] -> 2024-05-18 [干热风防护],2024-06-25 12:56,17197.36,奇台县第2深加工基地,"89.584413,44.015124",磁选除杂->着水润麦->多级研磨->高方筛理->包装,2024-06-26 16:56,2024-06-26 21:38,WH-CN-353,钢板筒仓,2024-06-27 09:38,2024-08-12 09:38,准低温低氧控制,LOG-CN-32360845183,全封闭货车,"干燥, 禁止异味混载",2024-08-12 18:38,2024-08-14 17:35,北京市,丰台区,116.28,39.85,2024-08-15 17:35
CN-AG-202409-11142,水稻,黑龙江省,五常市,127.193093,44.886575,2024-04-28,2024-04-28 [播种育秧] -> 2024-05-21 [田间底肥] -> 2024-06-13 [插秧作业] -> 2024-07-06 [分蘖期灌溉] -> 2024-07-29 [除草控虫] -> 2024-08-21 [晒田补肥],2024-09-12 09:02,28903.26,五常市第1深加工基地,"127.153498,44.930001",清理去石->砻谷脱壳->糙米碾白->抛光->色选->包装,2024-09-15 13:02,2024-09-15 18:28,WH-CN-331,平房仓(准低温),2024-09-15 22:28,2024-10-02 22:28,准低温低氧控制,LOG-CN-65213162649,散粮车,"防潮, 湿度<14%",2024-10-03 08:28,2024-10-06 03:18,深圳市,南山区,113.93,22.54,2024-10-09 03:18
CN-AG-202409-11143,水稻,湖南省,南县,112.430965,29.328688,2024-05-05,2024-05-05 [播种育秧] -> 2024-05-28 [田间底肥] -> 2024-06-20 [插秧作业] -> 2024-07-13 [分蘖期灌溉] -> 2024-08-05 [除草控虫] -> 2024-08-28 [晒田补肥],2024-09-20 11:48,5932.83,南县第5深加工基地,"112.396252,29.3652",清理去石->砻谷脱壳->糙米碾白->抛光->色选->包装,2024-09-22 14:48,2024-09-22 19:48,WH-CN-864,平房仓(准低温),2024-09-23 02:48,2024-10-28 02:48,准低温低氧控制,LOG-CN-86194519087,散粮车,"防潮, 湿度<14%",2024-10-28 14:48,2024-10-30 06:48,广州市,番禺区,113.38,22.93,2024-11-02 06:48
CN-AG-202409-11144,水稻,四川省,三台县,105.055163,31.079282,2024-04-19,2024-04-19 [播种育秧] -> 2024-05-12 [田间底肥] -> 2024-06-04 [插秧作业] -> 2024-06-27 [分蘖期灌溉] -> 2024-07-20 [除草控虫] -> 2024-08-12 [晒田补肥],2024-09-05 12:48,26040.02,三台县第2深加工基地,"105.092912,31.099531",清理去石->砻谷脱壳->糙米碾白->抛光->色选->包装,2024-09-06 15:48,2024-09-07 01:48,WH-CN-157,平房仓(准低温),2024-09-07 05:48,2024-10-15 05:48,准低温低氧控制,LOG-CN-27686264723,散粮车,"防潮, 湿度<14%",2024-10-15 17:48,2024-10-18 10:46,武汉市,东西湖区,114.13,30.62,2024-10-21 10:46
CN-AG-202406-11145,小麦,甘肃省,永昌县,101.946406,38.292145,2023-10-19,2023-10-19 [深耕整地] -> 2023-11-26 [秋播种子处理] -> 2024-01-03 [越冬水灌溉] -> 2024-02-10 [拔节期追肥] -> 2024-03-19 [条锈病防治] -> 2024-04-26 [干热风防护],2024-06-07 09:30,27432.1,永昌县第5深加工基地,"101.975317,38.245638",磁选除杂->着水润麦->多级研磨->高方筛理->包装,2024-06-10 15:30,2024-06-10 21:10,WH-CN-308,钢板筒仓,2024-06-11 05:10,2024-07-01 05:10,准低温低氧控制,LOG-CN-74002258526,全封闭货车,"干燥, 禁止异味混载",2024-07-01 17:10,2024-07-03 16:48,上海市,浦东新区,121.54,31.22,2024-07-05 16:48
CN-AG-202406-11146,小麦,山东省,平度市,120.005877,36.802999,2023-10-24,2023-10-24 [深耕整地] -> 2023-12-01 [秋播种子处理] -> 2024-01-08 [越冬水灌溉] -> 2024-02-15 [拔节期追肥] -> 2024-03-24 [条锈病防治] -> 2024-05-01 [干热风防护],2024-06-06 14:28,10290.07,平度市第5深加工基地,"119.942614,36.777871",磁选除杂->着水润麦->多级研磨->高方筛理->包装,2024-06-08 16:28,2024-06-08 23:04,WH-CN-744,钢板筒仓,2024-06-09 08:04,2024-07-03 08:04,准低温低氧控制,LOG-CN-65481569517,全封闭货车,"干燥, 禁止异味混载",2024-07-03 20:04,2024-07-06 07:34,南京市,玄武区,118.79,32.06,2024-07-08 07:34
CN-AG-202406-11147,大麦,甘肃省,民乐县,100.837517,38.450605,2024-02-22,2024-02-22 [翻耕播种] -> 2024-03-18 [分蘖期施氮] -> 2024-04-12 [化学除草] -> 2024-05-07 [灌浆期监控],2024-06-05 08:56,35777.58,民乐县第3深加工基地,"100.804136,38.431501",杂质清理->脱壳处理->分级磨皮->包装,2024-06-09 10:56,2024-06-09 17:15,WH-CN-422,平房仓,2024-06-10 00:15,2024-06-21 00:15,避光控温控制,LOG-CN-30936075477,散装车,防霉通风,2024-06-21 15:15,2024-06-23 11:57,北京市,丰台区,116.28,39.85,2024-06-26 11:57
CN-AG-202410-11148,棉花,甘肃省,瓜州县,95.747463,40.510535,2024-04-09,2024-04-09 [覆膜播种] -> 2024-05-15 [人工打顶] -> 2024-06-20 [叶面喷施补硼] -> 2024-07-26 [枯萎病监测] -> 2024-08-31 [喷施脱叶剂],2024-10-06 09:04,8512.86,瓜州县第1深加工基地,"95.772904,40.508549",皮棉清理->锯齿轧花->纤维分级->压力打包,2024-10-08 13:04,2024-10-08 18:35,WH-CN-406,专业纤维库,2024-10-08 22:35,2024-11-07 22:35,避光控温控制,LOG-CN-17908392958,高栏平板车,"严禁烟火, 防静电, 干燥",2024-11-08 07:35,2024-11-13 04:24,上海市,闵行区,121.38,31.11,2024-11-14 04:24
CN-AG-202405-11149,油菜籽,湖北省,监利市,112.867867,29.859426,2023-10-25,2023-10-25 [育苗移栽] -> 2023-12-16 [越冬防冻肥] -> 2024-02-06 [薹期水肥调节] -> 2024-03-29 [菌核病无人机防治],2024-05-19 15:40,13269.34,监利市第3深加工基地,"112.895383,29.828107",多级筛选->炒籽->螺旋压榨->精制过滤,2024-05-22 20:40,2024-05-23 04:19,WH-CN-743,恒温罐区,2024-05-23 10:19,2024-06-25 10:19,避光控温控制,LOG-CN-87016369436,罐式车,"避光, 防氧化",2024-06-25 18:19,2024-06-27 05:51,成都市,武侯区,104.04,30.64,2024-06-30 05:51
CN-AG-202409-11150,水稻,辽宁省,盘山县,122.074006,41.203836,2024-04-21,2024-04-21 [播种育秧] -> 2024-05-14 [田间底肥] -> 2024-06-06 [插秧作业] -> 2024-06-29 [分蘖期灌溉] -> 2024-07-22 [除草控虫] -> 2024-08-14 [晒田补肥],2024-09-10 16:30,25634.87,盘山县第5深加工基地,"122.037405,41.248185",清理去石->砻谷脱壳->糙米碾白->抛光->色选->包装,2024-09-11 21:30,2024-09-12 04:12,WH-CN-540,平房仓(准低温),2024-09-12 14:12,2024-10-28 14:12,准低温低氧控制,LOG-CN-24406566521,散粮车,"防潮, 湿度<14%",2024-10-28 23:12,2024-11-02 23:22,深圳市,福田区,114.05,22.54,2024-11-05 23:22
CN-AG-202408-11151,花生,山东省,莒南县,118.877639,35.200153,2024-04-10,2024-04-10 [清棵蹲苗] -> 2024-05-04 [培土迎葑] -> 2024-05-28 [钙镁肥补充] -> 2024-06-21 [下针期控旺] -> 2024-07-15 [地下虫害防治],2024-08-11 15:45,30733.43,莒南县第5深加工基地,"118.823656,35.176922",剥壳分选->烘炒->压榨提取->物理精炼,2024-08-14 20:45,2024-08-15 01:35,WH-CN-296,避光库房,2024-08-15 05:35,2024-09-27 05:35,避光控温控制,LOG-CN-33800500591,厢式货车,避光防潮,2024-09-27 19:35,2024-10-03 00:25,武汉市,东西湖区,114.13,30.62,2024-10-05 00:25
CN-AG-202409-11152,花生,河南省,唐河县,112.815201,32.734755,2024-05-11,2024-05-11 [清棵蹲苗] -> 2024-06-04 [培土迎葑] -> 2024-06-28 [钙镁肥补充] -> 2024-07-22 [下针期控旺] -> 2024-08-15 [地下虫害防治],2024-09-05 14:50,15680.02,唐河县第2深加工基地,"112.821249,32.676785",剥壳分选->烘炒->压榨提取->物理精炼,2024-09-06 20:50,2024-09-07 01:36,WH-CN-982,避光库房,2024-09-07 11:36,2024-10-17 11:36,避光控温控制,LOG-CN-99250019390,厢式货车,避光防潮,2024-10-18 02:36,2024-10-23 05:46,广州市,番禺区,113.38,22.93,2024-10-25 05:46
CN-AG-202408-11153,花生,河南省,唐河县,112.783082,32.678341,2024-05-01,2024-05-01 [清棵蹲苗] -> 2024-05-25 [培土迎葑] -> 2024-06-18 [钙镁肥补充] -> 2024-07-12 [下针期控旺] -> 2024-08-05 [地下虫害防治],2024-08-26 17:25,37683.92,唐河县第4深加工基地,"112.826339,32.674971",剥壳分选->烘炒->压榨提取->物理精炼,2024-08-28 20:25,2024-08-29 00:28,WH-CN-272,避光库房,2024-08-29 09:28,2024-09-08 09:28,避光控温控制,LOG-CN-52901814441,厢式货车,避光防潮,2024-09-08 17:28,2024-09-11 15:14,上海市,宝山区,121.48,31.4,2024-09-14 15:14
CN-AG-202410-11154,水稻,江苏省,东海县,118.815059,34.577059,2024-05-21,2024-05-21 [播种育秧] -> 2024-06-13 [田间底肥] -> 2024-07-06 [插秧作业] -> 2024-07-29 [分蘖期灌溉] -> 2024-08-21 [除草控虫] -> 2024-09-13 [晒田补肥],2024-10-07 17:48,11125.11,东海县第1深加工基地,"118.777174,34.536049",清理去石->砻谷脱壳->糙米碾白->抛光->色选->包装,2024-10-09 19:48,2024-10-09 23:04,WH-CN-906,平房仓(准低温),2024-10-10 05:04,2024-10-30 05:04,准低温低氧控制,LOG-CN-91662123327,散粮车,"防潮, 湿度<14%",2024-10-30 12:04,2024-11-02 00:40,深圳市,南山区,113.93,22.54,2024-11-05 00:40
CN-AG-202410-11155,玉米,广西壮族自治区,武宣县,109.691758,23.632868,2024-06-21,2024-06-21 [免耕直播] -> 2024-07-13 [苗期中耕] -> 2024-08-04 [喇叭口期追肥] -> 2024-08-26 [大斑病防治] -> 2024-09-17 [人工授粉辅助],2024-10-06 15:02,7336.37,武宣县第3深加工基地,"109.663806,23.582934",物理清理->脱粒烘干->破碎加工->筛理分级,2024-10-10 20:02,2024-10-10 22:32,WH-CN-762,现代化圆筒仓,2024-10-11 06:32,2024-11-11 06:32,避光控温控制,LOG-CN-10168955940,重型散粮卡车,"通风良好, 严控高温",2024-11-11 17:32,2024-11-15 00:44,北京市,丰台区,116.28,39.85,2024-11-16 00:44
CN-AG-202409-11156,玉米,内蒙古自治区,突泉县,121.591905,46.383403,2024-06-08,2024-06-08 [免耕直播] -> 2024-06-30 [苗期中耕] -> 2024-07-22 [喇叭口期追肥] -> 2024-08-13 [大斑病防治] -> 2024-09-04 [人工授粉辅助],2024-09-24 09:36,8277.62,突泉县第5深加工基地,"121.570012,46.326632",物理清理->脱粒烘干->破碎加工->筛理分级,2024-09-26 13:36,2024-09-26 22:36,WH-CN-327,现代化圆筒仓,2024-09-27 05:36,2024-11-10 05:36,避光控温控制,LOG-CN-66035480141,重型散粮卡车,"通风良好, 严控高温",2024-11-10 13:36,2024-11-13 04:29,广州市,天河区,113.33,23.13,2024-11-15 04:29
CN-AG-202410-11157,玉米,黑龙江省,富锦市,132.031268,47.267487,2024-06-27,2024-06-27 [免耕直播] -> 2024-07-19 [苗期中耕] -> 2024-08-10 [喇叭口期追肥] -> 2024-09-01 [大斑病防治] -> 2024-09-23 [人工授粉辅助],2024-10-16 08:20,29804.9,富锦市第3深加工基地,"132.026241,47.242399",物理清理->脱粒烘干->破碎加工->筛理分级,2024-10-19 13:20,2024-10-19 16:46,WH-CN-110,现代化圆筒仓,2024-10-20 02:46,2024-11-02 02:46,避光控温控制,LOG-CN-87372656307,重型散粮卡车,"通风良好, 严控高温",2024-11-02 10:46,2024-11-05 13:04,西安市,未央区,108.94,34.29,2024-11-06 13:04
CN-AG-202406-11158,小麦,河南省,唐河县,112.87337,32.716288,2023-10-19,2023-10-19 [深耕整地] -> 2023-11-26 [秋播种子处理] -> 2024-01-03 [越冬水灌溉] -> 2024-02-10 [拔节期追肥] -> 2024-03-19 [条锈病防治] -> 2024-04-26 [干热风防护],2024-06-06 11:17,32527.52,唐河县第1深加工基地,"112.839048,32.672746",磁选除杂->着水润麦->多级研磨->高方筛理->包装,2024-06-07 16:17,2024-06-08 01:49,WH-CN-112,钢板筒仓,2024-06-08 11:49,2024-06-27 11:49,准低温低氧控制,LOG-CN-95008415978,全封闭货车,"干燥, 禁止异味混载",2024-06-27 18:49,2024-06-29 21:44,深圳市,宝安区,113.88,22.55,2024-06-30 21:44
CN-AG-202406-11159,大麦,甘肃省,民乐县,100.829478,38.409459,2024-03-08,2024-03-08 [翻耕播种] -> 2024-04-02 [分蘖期施氮] -> 2024-04-27 [化学除草] -> 2024-05-22 [灌浆期监控],2024-06-14 12:08,21445.39,民乐县第4深加工基地,"100.816239,38.435037",杂质清理->脱壳处理->分级磨皮->包装,2024-06-15 17:08,2024-06-15 22:36,WH-CN-635,平房仓,2024-06-16 06:36,2024-07-14 06:36,避光控温控制,LOG-CN-75979340198,散装车,防霉通风,2024-07-14 15:36,2024-07-18 01:47,上海市,宝山区,121.48,31.4,2024-07-20 01:47
CN-AG-202409-11160,花生,河北省,大名县,115.12755,36.33349,2024-06-01,2024-06-01 [清棵蹲苗] -> 2024-06-25 [培土迎葑] -> 2024-07-19 [钙镁肥补充] -> 2024-08-12 [下针期控旺] -> 2024-09-05 [地下虫害防治],2024-09-28 11:50,8503.04,大名县第5深加工基地,"115.142634,36.28717",剥壳分选->烘炒->压榨提取->物理精炼,2024-10-01 14:50,2024-10-01 22:39,WH-CN-551,避光库房,2024-10-02 02:39,2024-10-29 02:39,避光控温控制,LOG-CN-78059043463,厢式货车,避光防潮,2024-10-29 15:39,2024-11-01 09:33,南京市,玄武区,118.79,32.06,2024-11-03 09:33
CN-AG-202405-11161,油菜籽,四川省,中江县,104.699037,31.054605,2023-10-16,2023-10-16 [育苗移栽] -> 2023-12-07 [越冬防冻肥] -> 2024-01-28 [薹期水肥调节] -> 2024-03-20 [菌核病无人机防治],2024-05-10 10:02,12665.85,中江县第3深加工基地,"104.665046,31.033554",多级筛选->炒籽->螺旋压榨->精制过滤,2024-05-13 16:02,2024-05-13 20:24,WH-CN-538,恒温罐区,2024-05-14 07:24,2024-06-12 07:24,避光控温控制,LOG-CN-56303633531,罐式车,"避光, 防氧化",2024-06-12 14:24,2024-06-17 16:55,成都市,龙泉驿区,104.27,30.55,2024-06-18 16:55
CN-AG-202410-11162,玉米,内蒙古自治区,阿荣旗,123.470263,48.164765,2024-07-02,2024-07-02 [免耕直播] -> 2024-07-24 [苗期中耕] -> 2024-08-15 [喇叭口期追肥] -> 2024-09-06 [大斑病防治] -> 2024-09-28 [人工授粉辅助],2024-10-15 17:48,19630.76,阿荣旗第5深加工基地,"123.514349,48.111073",物理清理->脱粒烘干->破碎加工->筛理分级,2024-10-17 21:48,2024-10-18 07:45,WH-CN-142,现代化圆筒仓,2024-10-18 15:45,2024-12-01 15:45,避光控温控制,LOG-CN-33483208207,重型散粮卡车,"通风良好, 严控高温",2024-12-02 00:45,2024-12-05 01:38,武汉市,东西湖区,114.13,30.62,2024-12-06 01:38
CN-AG-202410-11163,玉米,内蒙古自治区,阿荣旗,123.551892,48.117057,2024-06-11,2024-06-11 [免耕直播] -> 2024-07-03 [苗期中耕] -> 2024-07-25 [喇叭口期追肥] -> 2024-08-16 [大斑病防治] -> 2024-09-07 [人工授粉辅助],2024-10-03 08:00,30413.96,阿荣旗第2深加工基地,"123.503366,48.117668",物理清理->脱粒烘干->破碎加工->筛理分级,2024-10-06 11:00,2024-10-06 17:46,WH-CN-428,现代化圆筒仓,2024-10-07 02:46,2024-11-26 02:46,避光控温控制,LOG-CN-90660473114,重型散粮卡车,"通风良好, 严控高温",2024-11-26 12:46,2024-11-28 10:51,武汉市,江岸区,114.3,30.59,2024-11-30 10:51
CN-AG-202409-11164,水稻,湖南省,桃源县,111.485869,28.940373,2024-04-29,2024-04-29 [播种育秧] -> 2024-05-22 [田间底肥] -> 2024-06-14 [插秧作业] -> 2024-07-07 [分蘖期灌溉] -> 2024-07-30 [除草控虫] -> 2024-08-22 [晒田补肥],2024-09-19 11:30,12774.51,桃源县第5深加工基地,"111.484408,28.893784",清理去石->砻谷脱壳->糙米碾白->抛光->色选->包装,2024-09-20 15:30,2024-09-20 23:44,WH-CN-635,平房仓(准低温),2024-09-21 09:44,2024-10-04 09:44,准低温低氧控制,LOG-CN-45484693530,散粮车,"防潮, 湿度<14%",2024-10-04 21:44,2024-10-09 19:50,成都市,龙泉驿区,104.27,30.55,2024-10-11 19:50
CN-AG-202409-11165,玉米,内蒙古自治区,五原县,108.272518,41.101334,2024-05-23,2024-05-23 [免耕直播] -> 2024-06-14 [苗期中耕] -> 2024-07-06 [喇叭口期追肥] -> 2024-07-28 [大斑病防治] -> 2024-08-19 [人工授粉辅助],2024-09-13 14:05,31425.64,五原县第4深加工基地,"108.266574,41.099218",物理清理->脱粒烘干->破碎加工->筛理分级,2024-09-17 18:05,2024-09-18 04:04,WH-CN-666,现代化圆筒仓,2024-09-18 14:04,2024-10-14 14:04,避光控温控制,LOG-CN-21949236915,重型散粮卡车,"通风良好, 严控高温",2024-10-14 22:04,2024-10-19 13:00,南京市,江宁区,118.83,31.95,2024-10-21 13:00
CN-AG-202406-11166,小麦,山东省,汶上县,116.505127,35.769548,2023-10-28,2023-10-28 [深耕整地] -> 2023-12-05 [秋播种子处理] -> 2024-01-12 [越冬水灌溉] -> 2024-02-19 [拔节期追肥] -> 2024-03-28 [条锈病防治] -> 2024-05-05 [干热风防护],2024-06-17 13:52,15782.29,汶上县第1深加工基地,"116.486777,35.722108",磁选除杂->着水润麦->多级研磨->高方筛理->包装,2024-06-18 15:52,2024-06-18 19:38,WH-CN-814,钢板筒仓,2024-06-19 06:38,2024-07-29 06:38,准低温低氧控制,LOG-CN-97851073675,全封闭货车,"干燥, 禁止异味混载",2024-07-29 13:38,2024-07-30 15:27,广州市,番禺区,113.38,22.93,2024-08-02 15:27
CN-AG-202409-11167,水稻,湖北省,钟祥市,112.603643,31.190522,2024-04-22,2024-04-22 [播种育秧] -> 2024-05-15 [田间底肥] -> 2024-06-07 [插秧作业] -> 2024-06-30 [分蘖期灌溉] -> 2024-07-23 [除草控虫] -> 2024-08-15 [晒田补肥],2024-09-10 11:23,13597.65,钟祥市第1深加工基地,"112.587586,31.16726",清理去石->砻谷脱壳->糙米碾白->抛光->色选->包装,2024-09-14 13:23,2024-09-14 18:45,WH-CN-505,平房仓(准低温),2024-09-14 22:45,2024-10-08 22:45,准低温低氧控制,LOG-CN-97974016907,散粮车,"防潮, 湿度<14%",2024-10-09 08:45,2024-10-12 15:22,深圳市,南山区,113.93,22.54,2024-10-15 15:22
CN-AG-202409-11168,水稻,江苏省,东海县,118.723511,34.567045,2024-05-14,2024-05-14 [播种育秧] -> 2024-06-06 [田间底肥] -> 2024-06-29 [插秧作业] -> 2024-07-22 [分蘖期灌溉] -> 2024-08-14 [除草控虫] -> 2024-09-06 [晒田补肥],2024-09-27 14:30,26500.79,东海县第5深加工基地,"118.777728,34.538156",清理去石->砻谷脱壳->糙米碾白->抛光->色选->包装,2024-09-29 17:30,2024-09-30 02:16,WH-CN-562,平房仓(准低温),2024-09-30 08:16,2024-11-05 08:16,准低温低氧控制,LOG-CN-98081555437,散粮车,"防潮, 湿度<14%",2024-11-05 23:16,2024-11-10 09:33,南京市,江宁区,118.83,31.95,2024-11-11 09:33
CN-AG-202409-11169,大豆,安徽省,怀远县,117.25537,32.915664,2024-05-05,2024-05-05 [拌种包衣] -> 2024-05-30 [等距点播] -> 2024-06-24 [结荚期根外追肥] -> 2024-07-19 [食心虫绿色防控] -> 2024-08-13 [除草中耕],2024-09-07 16:48,29373.15,怀远县第5深加工基地,"117.202628,32.973583",磁选->破碎压胚->高温压榨->物理过滤->精炼,2024-09-08 21:48,2024-09-09 04:19,WH-CN-989,不锈钢储油罐区,2024-09-09 11:19,2024-10-25 11:19,准低温低氧控制,LOG-CN-82360824096,罐式车,"避光, 控温25℃下",2024-10-25 21:19,2024-10-30 13:11,南京市,玄武区,118.79,32.06,2024-10-31 13:11
CN-AG-202406-11170,小麦,安徽省,寿县,116.749855,32.542467,2023-11-02,2023-11-02 [深耕整地] -> 2023-12-10 [秋播种子处理] -> 2024-01-17 [越冬水灌溉] -> 2024-02-24 [拔节期追肥] -> 2024-04-02 [条锈病防治] -> 2024-05-10 [干热风防护],2024-06-24 13:51,14182.66,寿县第5深加工基地,"116.775965,32.578841",磁选除杂->着水润麦->多级研磨->高方筛理->包装,2024-06-27 15:51,2024-06-28 01:33,WH-CN-532,钢板筒仓,2024-06-28 09:33,2024-08-13 09:33,准低温低氧控制,LOG-CN-21874907422,全封闭货车,"干燥, 禁止异味混载",2024-08-13 16:33,2024-08-18 09:02,广州市,天河区,113.33,23.13,2024-08-19 09:02
CN-AG-202410-11171,水稻,湖北省,枣阳市,112.737175,32.163061,2024-05-16,2024-05-16 [播种育秧] -> 2024-06-08 [田间底肥] -> 2024-07-01 [插秧作业] -> 2024-07-24 [分蘖期灌溉] -> 2024-08-16 [除草控虫] -> 2024-09-08 [晒田补肥],2024-10-01 14:25,25347.4,枣阳市第5深加工基地,"112.740214,32.122785",清理去石->砻谷脱壳->糙米碾白->抛光->色选->包装,2024-10-03 16:25,2024-10-04 01:25,WH-CN-959,平房仓(准低温),2024-10-04 06:25,2024-11-08 06:25,准低温低氧控制,LOG-CN-21234387554,散粮车,"防潮, 湿度<14%",2024-11-08 12:25,2024-11-12 00:37,广州市,番禺区,113.38,22.93,2024-11-15 00:37
CN-AG-202410-11172,水稻,广西壮族自治区,桂平市,110.137093,23.395311,2024-05-16,2024-05-16 [播种育秧] -> 2024-06-08 [田间底肥] -> 2024-07-01 [插秧作业] -> 2024-07-24 [分蘖期灌溉] -> 2024-08-16 [除草控虫] -> 2024-09-08 [晒田补肥],2024-10-04 16:09,26376.11,桂平市第2深加工基地,"110.077144,23.387383",清理去石->砻谷脱壳->糙米碾白->抛光->色选->包装,2024-10-07 19:09,2024-10-08 04:14,WH-CN-514,平房仓(准低温),2024-10-08 11:14,2024-11-16 11:14,准低温低氧控制,LOG-CN-51177192645,散粮车,"防潮, 湿度<14%",2024-11-16 17:14,2024-11-20 13:41,上海市,闵行区,121.38,31.11,2024-11-22 13:41
CN-AG-202410-11173,棉花,新疆维吾尔自治区,玛纳斯县,86.212465,44.281291,2024-04-21,2024-04-21 [覆膜播种] -> 2024-05-27 [人工打顶] -> 2024-07-02 [叶面喷施补硼] -> 2024-08-07 [枯萎病监测] -> 2024-09-12 [喷施脱叶剂],2024-10-23 17:34,14879.69,玛纳斯县第5深加工基地,"86.217598,44.298813",皮棉清理->锯齿轧花->纤维分级->压力打包,2024-10-25 19:34,2024-10-26 03:49,WH-CN-725,专业纤维库,2024-10-26 10:49,2024-11-25 10:49,避光控温控制,LOG-CN-70036748402,高栏平板车,"严禁烟火, 防静电, 干燥",2024-11-26 01:49,2024-11-30 17:50,成都市,新都区,104.15,30.82,2024-12-01 17:50
CN-AG-202410-11174,水稻,江苏省,东海县,118.770931,34.540662,2024-05-29,2024-05-29 [播种育秧] -> 2024-06-21 [田间底肥] -> 2024-07-14 [插秧作业] -> 2024-08-06 [分蘖期灌溉] -> 2024-08-29 [除草控虫] -> 2024-09-21 [晒田补肥],2024-10-20 10:04,13120.01,东海县第5深加工基地,"118.779655,34.532767",清理去石->砻谷脱壳->糙米碾白->抛光->色选->包装,2024-10-23 16:04,2024-10-23 22:18,WH-CN-860,平房仓(准低温),2024-10-24 05:18,2024-11-03 05:18,准低温低氧控制,LOG-CN-47691661346,散粮车,"防潮, 湿度<14%",2024-11-03 20:18,2024-11-07 15:28,武汉市,江岸区,114.3,30.59,2024-11-09 15:28
CN-AG-202409-11175,水稻,广西壮族自治区,宾阳县,108.758804,23.179997,2024-05-01,2024-05-01 [播种育秧] -> 2024-05-24 [田间底肥] -> 2024-06-16 [插秧作业] -> 2024-07-09 [分蘖期灌溉] -> 2024-08-01 [除草控虫] -> 2024-08-24 [晒田补肥],2024-09-23 10:50,18191.68,宾阳县第3深加工基地,"108.811907,23.213263",清理去石->砻谷脱壳->糙米碾白->抛光->色选->包装,2024-09-24 15:50,2024-09-25 00:31,WH-CN-779,平房仓(准低温),2024-09-25 12:31,2024-10-12 12:31,准低温低氧控制,LOG-CN-53438860192,散粮车,"防潮, 湿度<14%",2024-10-13 02:31,2024-10-14 02:55,南京市,江宁区,118.83,31.95,2024-10-17 02:55
CN-AG-202409-11176,水稻,四川省,三台县,105.080663,31.079817,2024-04-22,2024-04-22 [播种育秧] -> 2024-05-15 [田间底肥] -> 2024-06-07 [插秧作业] -> 2024-06-30 [分蘖期灌溉] -> 2024-07-23 [除草控虫] -> 2024-08-15 [晒田补肥],2024-09-13 12:56,37792.05,三台县第2深加工基地,"105.083914,31.095701",清理去石->砻谷脱壳->糙米碾白->抛光->色选->包装,2024-09-15 18:56,2024-09-15 22:13,WH-CN-522,平房仓(准低温),2024-09-16 07:13,2024-09-26 07:13,准低温低氧控制,LOG-CN-51364017252,散粮车,"防潮, 湿度<14%",2024-09-26 13:13,2024-09-28 03:43,深圳市,南山区,113.93,22.54,2024-09-29 03:43
CN-AG-202406-11177,小麦,黑龙江省,嫩江市,125.23785,49.20843,2023-10-16,2023-10-16 [深耕整地] -> 2023-11-23 [秋播种子处理] -> 2023-12-31 [越冬水灌溉] -> 2024-02-07 [拔节期追肥] -> 2024-03-16 [条锈病防治] -> 2024-04-23 [干热风防护],2024-06-07 08:32,38105.42,嫩江市第5深加工基地,"125.219161,49.168379",磁选除杂->着水润麦->多级研磨->高方筛理->包装,2024-06-08 14:32,2024-06-08 22:29,WH-CN-278,钢板筒仓,2024-06-09 03:29,2024-07-18 03:29,准低温低氧控制,LOG-CN-51963523626,全封闭货车,"干燥, 禁止异味混载",2024-07-18 11:29,2024-07-22 06:39,广州市,白云区,113.27,23.15,2024-07-25 06:39
CN-AG-202406-11178,小麦,河南省,正阳县,114.410254,32.570798,2023-11-08,2023-11-08 [深耕整地] -> 2023-12-16 [秋播种子处理] -> 2024-01-23 [越冬水灌溉] -> 2024-03-01 [拔节期追肥] -> 2024-04-08 [条锈病防治] -> 2024-05-16 [干热风防护],2024-06-22 08:29,19804.38,正阳县第5深加工基地,"114.376417,32.600257",磁选除杂->着水润麦->多级研磨->高方筛理->包装,2024-06-25 14:29,2024-06-25 18:33,WH-CN-801,钢板筒仓,2024-06-26 05:33,2024-08-15 05:33,准低温低氧控制,LOG-CN-65380795469,全封闭货车,"干燥, 禁止异味混载",2024-08-15 12:33,2024-08-18 18:07,成都市,武侯区,104.04,30.64,2024-08-19 18:07
CN-AG-202410-11179,水稻,辽宁省,盘山县,122.099488,41.251526,2024-05-31,2024-05-31 [播种育秧] -> 2024-06-23 [田间底肥] -> 2024-07-16 [插秧作业] -> 2024-08-08 [分蘖期灌溉] -> 2024-08-31 [除草控虫] -> 2024-09-23 [晒田补肥],2024-10-13 14:08,39799.29,盘山县第4深加工基地,"122.048414,41.238705",清理去石->砻谷脱壳->糙米碾白->抛光->色选->包装,2024-10-14 20:08,2024-10-14 23:46,WH-CN-299,平房仓(准低温),2024-10-15 03:46,2024-11-09 03:46,准低温低氧控制,LOG-CN-48149459291,散粮车,"防潮, 湿度<14%",2024-11-09 09:46,2024-11-13 19:34,上海市,闵行区,121.38,31.11,2024-11-14 19:34
CN-AG-202410-11180,棉花,甘肃省,瓜州县,95.716568,40.491402,2024-04-09,2024-04-09 [覆膜播种] -> 2024-05-15 [人工打顶] -> 2024-06-20 [叶面喷施补硼] -> 2024-07-26 [枯萎病监测] -> 2024-08-31 [喷施脱叶剂],2024-10-11 17:24,15333.23,瓜州县第2深加工基地,"95.768374,40.504085",皮棉清理->锯齿轧花->纤维分级->压力打包,2024-10-13 21:24,2024-10-14 02:45,WH-CN-405,专业纤维库,2024-10-14 14:45,2024-11-24 14:45,避光控温控制,LOG-CN-61010919772,高栏平板车,"严禁烟火, 防静电, 干燥",2024-11-24 22:45,2024-11-26 00:32,北京市,朝阳区,116.48,39.92,2024-11-29 00:32
CN-AG-202409-11181,玉米,内蒙古自治区,五原县,108.200027,41.066356,2024-06-04,2024-06-04 [免耕直播] -> 2024-06-26 [苗期中耕] -> 2024-07-18 [喇叭口期追肥] -> 2024-08-09 [大斑病防治] -> 2024-08-31 [人工授粉辅助],2024-09-19 09:59,33802.13,五原县第1深加工基地,"108.266878,41.1083",物理清理->脱粒烘干->破碎加工->筛理分级,2024-09-21 14:59,2024-09-21 20:35,WH-CN-355,现代化圆筒仓,2024-09-22 03:35,2024-10-02 03:35,避光控温控制,LOG-CN-64159730327,重型散粮卡车,"通风良好, 严控高温",2024-10-02 13:35,2024-10-06 14:03,广州市,番禺区,113.38,22.93,2024-10-08 14:03
CN-AG-202409-11182,玉米,四川省,三台县,105.050138,31.119075,2024-05-17,2024-05-17 [免耕直播] -> 2024-06-08 [苗期中耕] -> 2024-06-30 [喇叭口期追肥] -> 2024-07-22 [大斑病防治] -> 2024-08-13 [人工授粉辅助],2024-09-05 12:15,13954.48,三台县第1深加工基地,"105.081352,31.082407",物理清理->脱粒烘干->破碎加工->筛理分级,2024-09-08 15:15,2024-09-09 00:57,WH-CN-816,现代化圆筒仓,2024-09-09 08:57,2024-09-21 08:57,避光控温控制,LOG-CN-48404010218,重型散粮卡车,"通风良好, 严控高温",2024-09-21 17:57,2024-09-26 11:45,武汉市,江岸区,114.3,30.59,2024-09-28 11:45
CN-AG-202409-11183,水稻,广西壮族自治区,桂平市,110.131457,23.416884,2024-05-12,2024-05-12 [播种育秧] -> 2024-06-04 [田间底肥] -> 2024-06-27 [插秧作业] -> 2024-07-20 [分蘖期灌溉] -> 2024-08-12 [除草控虫] -> 2024-09-04 [晒田补肥],2024-09-28 14:52,19388.99,桂平市第2深加工基地,"110.072383,23.388611",清理去石->砻谷脱壳->糙米碾白->抛光->色选->包装,2024-09-30 16:52,2024-09-30 22:22,WH-CN-230,平房仓(准低温),2024-10-01 09:22,2024-11-11 09:22,准低温低氧控制,LOG-CN-66825943851,散粮车,"防潮, 湿度<14%",2024-11-11 20:22,2024-11-14 08:07,深圳市,宝安区,113.88,22.55,2024-11-16 08:07
CN-AG-202406-11184,小麦,黑龙江省,嫩江市,125.20186,49.171487,2023-11-05,2023-11-05 [深耕整地] -> 2023-12-13 [秋播种子处理] -> 2024-01-20 [越冬水灌溉] -> 2024-02-27 [拔节期追肥] -> 2024-04-05 [条锈病防治] -> 2024-05-13 [干热风防护],2024-06-26 15:38,38872.67,嫩江市第2深加工基地,"125.222427,49.167496",磁选除杂->着水润麦->多级研磨->高方筛理->包装,2024-06-30 19:38,2024-07-01 03:07,WH-CN-238,钢板筒仓,2024-07-01 08:07,2024-07-19 08:07,准低温低氧控制,LOG-CN-17509727634,全封闭货车,"干燥, 禁止异味混载",2024-07-19 18:07,2024-07-23 18:59,武汉市,东西湖区,114.13,30.62,2024-07-25 18:59
CN-AG-202405-11185,油菜籽,甘肃省,民乐县,100.763272,38.456246,2023-10-05,2023-10-05 [育苗移栽] -> 2023-11-26 [越冬防冻肥] -> 2024-01-17 [薹期水肥调节] -> 2024-03-09 [菌核病无人机防治],2024-05-06 10:26,11620.03,民乐县第3深加工基地,"100.819887,38.420712",多级筛选->炒籽->螺旋压榨->精制过滤,2024-05-08 12:26,2024-05-08 18:12,WH-CN-486,恒温罐区,2024-05-09 04:12,2024-06-13 04:12,避光控温控制,LOG-CN-30706556829,罐式车,"避光, 防氧化",2024-06-13 19:12,2024-06-17 21:38,上海市,闵行区,121.38,31.11,2024-06-18 21:38
CN-AG-202409-11186,水稻,湖南省,南县,112.34646,29.327927,2024-04-22,2024-04-22 [播种育秧] -> 2024-05-15 [田间底肥] -> 2024-06-07 [插秧作业] -> 2024-06-30 [分蘖期灌溉] -> 2024-07-23 [除草控虫] -> 2024-08-15 [晒田补肥],2024-09-11 16:47,5432.51,南县第1深加工基地,"112.390779,29.353798",清理去石->砻谷脱壳->糙米碾白->抛光->色选->包装,2024-09-15 22:47,2024-09-16 05:40,WH-CN-352,平房仓(准低温),2024-09-16 16:40,2024-10-27 16:40,准低温低氧控制,LOG-CN-79813864248,散粮车,"防潮, 湿度<14%",2024-10-28 00:40,2024-10-31 00:38,西安市,长安区,108.87,34.15,2024-11-02 00:38
CN-AG-202406-11187,小麦,新疆维吾尔自治区,奇台县,89.626288,44.007017,2023-11-03,2023-11-03 [深耕整地] -> 2023-12-11 [秋播种子处理] -> 2024-01-18 [越冬水灌溉] -> 2024-02-25 [拔节期追肥] -> 2024-04-03 [条锈病防治] -> 2024-05-11 [干热风防护],2024-06-20 11:06,5154.67,奇台县第1深加工基地,"89.588884,44.016825",磁选除杂->着水润麦->多级研磨->高方筛理->包装,2024-06-22 17:06,2024-06-23 00:06,WH-CN-396,钢板筒仓,2024-06-23 07:06,2024-08-10 07:06,准低温低氧控制,LOG-CN-15572680745,全封闭货车,"干燥, 禁止异味混载",2024-08-10 15:06,2024-08-13 18:06,上海市,浦东新区,121.54,31.22,2024-08-14 18:06
CN-AG-202410-11188,玉米,四川省,三台县,105.091067,31.11107,2024-06-21,2024-06-21 [免耕直播] -> 2024-07-13 [苗期中耕] -> 2024-08-04 [喇叭口期追肥] -> 2024-08-26 [大斑病防治] -> 2024-09-17 [人工授粉辅助],2024-10-05 17:46,23080.52,三台县第5深加工基地,"105.097321,31.097229",物理清理->脱粒烘干->破碎加工->筛理分级,2024-10-08 20:46,2024-10-09 06:32,WH-CN-607,现代化圆筒仓,2024-10-09 10:32,2024-11-06 10:32,避光控温控制,LOG-CN-28560259503,重型散粮卡车,"通风良好, 严控高温",2024-11-06 20:32,2024-11-08 11:33,上海市,浦东新区,121.54,31.22,2024-11-09 11:33
CN-AG-202405-11189,油菜籽,四川省,安岳县,105.363366,30.041189,2023-10-02,2023-10-02 [育苗移栽] -> 2023-11-23 [越冬防冻肥] -> 2024-01-14 [薹期水肥调节] -> 2024-03-06 [菌核病无人机防治],2024-05-02 17:39,16532.73,安岳县第2深加工基地,"105.339777,30.099215",多级筛选->炒籽->螺旋压榨->精制过滤,2024-05-06 21:39,2024-05-07 07:15,WH-CN-156,恒温罐区,2024-05-07 17:15,2024-06-05 17:15,避光控温控制,LOG-CN-33702164419,罐式车,"避光, 防氧化",2024-06-06 01:15,2024-06-08 15:13,广州市,番禺区,113.38,22.93,2024-06-09 15:13
CN-AG-202409-11190,大豆,内蒙古自治区,突泉县,121.628428,46.327988,2024-04-27,2024-04-27 [拌种包衣] -> 2024-05-22 [等距点播] -> 2024-06-16 [结荚期根外追肥] -> 2024-07-11 [食心虫绿色防控] -> 2024-08-05 [除草中耕],2024-09-01 17:59,37905.78,突泉县第5深加工基地,"121.564972,46.335091",磁选->破碎压胚->高温压榨->物理过滤->精炼,2024-09-05 22:59,2024-09-06 06:40,WH-CN-936,不锈钢储油罐区,2024-09-06 11:40,2024-10-25 11:40,准低温低氧控制,LOG-CN-96045182519,罐式车,"避光, 控温25℃下",2024-10-26 02:40,2024-10-29 05:48,成都市,新都区,104.15,30.82,2024-11-01 05:48
CN-AG-202406-11191,小麦,山东省,汶上县,116.539056,35.734607,2023-10-10,2023-10-10 [深耕整地] -> 2023-11-17 [秋播种子处理] -> 2023-12-25 [越冬水灌溉] -> 2024-02-01 [拔节期追肥] -> 2024-03-10 [条锈病防治] -> 2024-04-17 [干热风防护],2024-06-01 09:30,16662.19,汶上县第4深加工基地,"116.471947,35.737151",磁选除杂->着水润麦->多级研磨->高方筛理->包装,2024-06-04 12:30,2024-06-04 20:21,WH-CN-256,钢板筒仓,2024-06-05 00:21,2024-07-13 00:21,准低温低氧控制,LOG-CN-99045580119,全封闭货车,"干燥, 禁止异味混载",2024-07-13 07:21,2024-07-17 02:48,南京市,江宁区,118.83,31.95,2024-07-20 02:48
CN-AG-202406-11192,小麦,河南省,滑县,114.50147,35.594765,2023-10-23,2023-10-23 [深耕整地] -> 2023-11-30 [秋播种子处理] -> 2024-01-07 [越冬水灌溉] -> 2024-02-14 [拔节期追肥] -> 2024-03-23 [条锈病防治] -> 2024-04-30 [干热风防护],2024-06-08 12:31,8392.66,滑县第1深加工基地,"114.51807,35.56014",磁选除杂->着水润麦->多级研磨->高方筛理->包装,2024-06-09 15:31,2024-06-09 20:43,WH-CN-608,钢板筒仓,2024-06-10 03:43,2024-06-24 03:43,准低温低氧控制,LOG-CN-76529867983,全封闭货车,"干燥, 禁止异味混载",2024-06-24 18:43,2024-06-27 11:37,深圳市,南山区,113.93,22.54,2024-06-29 11:37
CN-AG-202409-11193,大豆,内蒙古自治区,阿荣旗,123.548264,48.088171,2024-05-16,2024-05-16 [拌种包衣] -> 2024-06-10 [等距点播] -> 2024-07-05 [结荚期根外追肥] -> 2024-07-30 [食心虫绿色防控] -> 2024-08-24 [除草中耕],2024-09-16 13:03,34253.88,阿荣旗第5深加工基地,"123.51655,48.116747",磁选->破碎压胚->高温压榨->物理过滤->精炼,2024-09-20 15:03,2024-09-21 00:00,WH-CN-839,不锈钢储油罐区,2024-09-21 06:00,2024-10-03 06:00,准低温低氧控制,LOG-CN-87614279518,罐式车,"避光, 控温25℃下",2024-10-03 17:00,2024-10-09 03:39,广州市,番禺区,113.38,22.93,2024-10-12 03:39
CN-AG-202409-11194,玉米,内蒙古自治区,阿荣旗,123.486938,48.060072,2024-05-22,2024-05-22 [免耕直播] -> 2024-06-13 [苗期中耕] -> 2024-07-05 [喇叭口期追肥] -> 2024-07-27 [大斑病防治] -> 2024-08-18 [人工授粉辅助],2024-09-07 15:02,32290.58,阿荣旗第4深加工基地,"123.504671,48.114823",物理清理->脱粒烘干->破碎加工->筛理分级,2024-09-10 18:02,2024-09-11 03:26,WH-CN-541,现代化圆筒仓,2024-09-11 11:26,2024-10-10 11:26,避光控温控制,LOG-CN-70239805521,重型散粮卡车,"通风良好, 严控高温",2024-10-10 21:26,2024-10-14 20:04,成都市,龙泉驿区,104.27,30.55,2024-10-15 20:04
CN-AG-202409-11195,水稻,湖北省,枣阳市,112.712455,32.078182,2024-05-12,2024-05-12 [播种育秧] -> 2024-06-04 [田间底肥] -> 2024-06-27 [插秧作业] -> 2024-07-20 [分蘖期灌溉] -> 2024-08-12 [除草控虫] -> 2024-09-04 [晒田补肥],2024-09-25 11:20,8143.99,枣阳市第2深加工基地,"112.745827,32.131111",清理去石->砻谷脱壳->糙米碾白->抛光->色选->包装,2024-09-26 16:20,2024-09-26 22:21,WH-CN-773,平房仓(准低温),2024-09-27 07:21,2024-10-11 07:21,准低温低氧控制,LOG-CN-89621018142,散粮车,"防潮, 湿度<14%",2024-10-11 13:21,2024-10-16 05:56,上海市,闵行区,121.38,31.11,2024-10-18 05:56
CN-AG-202409-11196,花生,山东省,莒南县,118.815224,35.160087,2024-05-16,2024-05-16 [清棵蹲苗] -> 2024-06-09 [培土迎葑] -> 2024-07-03 [钙镁肥补充] -> 2024-07-27 [下针期控旺] -> 2024-08-20 [地下虫害防治],2024-09-12 14:12,30969.57,莒南县第1深加工基地,"118.838106,35.177518",剥壳分选->烘炒->压榨提取->物理精炼,2024-09-13 20:12,2024-09-14 05:38,WH-CN-428,避光库房,2024-09-14 10:38,2024-10-29 10:38,避光控温控制,LOG-CN-46300598580,厢式货车,避光防潮,2024-10-29 16:38,2024-11-01 13:00,武汉市,东西湖区,114.13,30.62,2024-11-04 13:00
CN-AG-202411-11197,棉花,甘肃省,瓜州县,95.749619,40.509155,2024-05-16,2024-05-16 [覆膜播种] -> 2024-06-21 [人工打顶] -> 2024-07-27 [叶面喷施补硼] -> 2024-09-01 [枯萎病监测] -> 2024-10-07 [喷施脱叶剂],2024-11-08 17:42,36229.13,瓜州县第1深加工基地,"95.779068,40.502136",皮棉清理->锯齿轧花->纤维分级->压力打包,2024-11-12 19:42,2024-11-13 03:43,WH-CN-834,专业纤维库,2024-11-13 14:43,2024-12-23 14:43,避光控温控制,LOG-CN-54287479609,高栏平板车,"严禁烟火, 防静电, 干燥",2024-12-24 00:43,2024-12-25 02:20,北京市,朝阳区,116.48,39.92,2024-12-26 02:20
CN-AG-202409-11198,花生,河南省,正阳县,114.355718,32.547227,2024-05-01,2024-05-01 [清棵蹲苗] -> 2024-05-25 [培土迎葑] -> 2024-06-18 [钙镁肥补充] -> 2024-07-12 [下针期控旺] -> 2024-08-05 [地下虫害防治],2024-09-01 11:38,31851.31,正阳县第1深加工基地,"114.376408,32.595961",剥壳分选->烘炒->压榨提取->物理精炼,2024-09-03 14:38,2024-09-03 17:49,WH-CN-344,避光库房,2024-09-04 05:49,2024-09-15 05:49,避光控温控制,LOG-CN-59451143291,厢式货车,避光防潮,2024-09-15 17:49,2024-09-18 20:38,深圳市,宝安区,113.88,22.55,2024-09-19 20:38
CN-AG-202410-11199,水稻,湖北省,枣阳市,112.783979,32.089714,2024-06-01,2024-06-01 [播种育秧] -> 2024-06-24 [田间底肥] -> 2024-07-17 [插秧作业] -> 2024-08-09 [分蘖期灌溉] -> 2024-09-01 [除草控虫] -> 2024-09-24 [晒田补肥],2024-10-21 08:42,29825.29,枣阳市第2深加工基地,"112.752698,32.12245",清理去石->砻谷脱壳->糙米碾白->抛光->色选->包装,2024-10-22 11:42,2024-10-22 17:32,WH-CN-987,平房仓(准低温),2024-10-23 02:32,2024-11-12 02:32,准低温低氧控制,LOG-CN-53966420532,散粮车,"防潮, 湿度<14%",2024-11-12 14:32,2024-11-15 03:16,武汉市,洪山区,114.34,30.5,2024-11-17 03:16
CN-AG-202408-11200,花生,河北省,大名县,115.098464,36.234862,2024-04-02,2024-04-02 [清棵蹲苗] -> 2024-04-26 [培土迎葑] -> 2024-05-20 [钙镁肥补充] -> 2024-06-13 [下针期控旺] -> 2024-07-07 [地下虫害防治],2024-08-02 11:38,38773.41,大名县第5深加工基地,"115.143803,36.288189",剥壳分选->烘炒->压榨提取->物理精炼,2024-08-05 15:38,2024-08-06 01:23,WH-CN-594,避光库房,2024-08-06 05:23,2024-09-17 05:23,避光控温控制,LOG-CN-91787172937,厢式货车,避光防潮,2024-09-17 18:23,2024-09-18 23:55,北京市,海淀区,116.3,39.96,2024-09-21 23:55
CN-AG-202410-11201,棉花,新疆维吾尔自治区,玛纳斯县,86.215356,44.33855,2024-04-20,2024-04-20 [覆膜播种] -> 2024-05-26 [人工打顶] -> 2024-07-01 [叶面喷施补硼] -> 2024-08-06 [枯萎病监测] -> 2024-09-11 [喷施脱叶剂],2024-10-20 17:05,23798.99,玛纳斯县第5深加工基地,"86.219109,44.291557",皮棉清理->锯齿轧花->纤维分级->压力打包,2024-10-23 20:05,2024-10-23 23:15,WH-CN-446,专业纤维库,2024-10-24 04:15,2024-11-15 04:15,避光控温控制,LOG-CN-16703916584,高栏平板车,"严禁烟火, 防静电, 干燥",2024-11-15 16:15,2024-11-17 04:21,广州市,白云区,113.27,23.15,2024-11-19 04:21
CN-AG-202406-11202,小麦,山东省,平度市,119.993157,36.749635,2023-10-26,2023-10-26 [深耕整地] -> 2023-12-03 [秋播种子处理] -> 2024-01-10 [越冬水灌溉] -> 2024-02-17 [拔节期追肥] -> 2024-03-26 [条锈病防治] -> 2024-05-03 [干热风防护],2024-06-08 10:42,12906.16,平度市第4深加工基地,"119.957079,36.773376",磁选除杂->着水润麦->多级研磨->高方筛理->包装,2024-06-09 16:42,2024-06-10 00:47,WH-CN-794,钢板筒仓,2024-06-10 10:47,2024-06-22 10:47,准低温低氧控制,LOG-CN-74454619000,全封闭货车,"干燥, 禁止异味混载",2024-06-22 18:47,2024-06-24 12:48,成都市,龙泉驿区,104.27,30.55,2024-06-26 12:48
CN-AG-202406-11203,小麦,安徽省,寿县,116.781414,32.511587,2023-11-04,2023-11-04 [深耕整地] -> 2023-12-12 [秋播种子处理] -> 2024-01-19 [越冬水灌溉] -> 2024-02-26 [拔节期追肥] -> 2024-04-04 [条锈病防治] -> 2024-05-12 [干热风防护],2024-06-23 12:18,18664.05,寿县第1深加工基地,"116.788696,32.575389",磁选除杂->着水润麦->多级研磨->高方筛理->包装,2024-06-24 18:18,2024-06-25 02:35,WH-CN-942,钢板筒仓,2024-06-25 08:35,2024-08-14 08:35,准低温低氧控制,LOG-CN-89961925552,全封闭货车,"干燥, 禁止异味混载",2024-08-14 21:35,2024-08-19 21:39,深圳市,福田区,114.05,22.54,2024-08-21 21:39
CN-AG-202406-11204,小麦,山东省,平度市,119.988355,36.829104,2023-10-27,2023-10-27 [深耕整地] -> 2023-12-04 [秋播种子处理] -> 2024-01-11 [越冬水灌溉] -> 2024-02-18 [拔节期追肥] -> 2024-03-27 [条锈病防治] -> 2024-05-04 [干热风防护],2024-06-14 15:51,17715.57,平度市第1深加工基地,"119.943984,36.787764",磁选除杂->着水润麦->多级研磨->高方筛理->包装,2024-06-18 18:51,2024-06-19 04:47,WH-CN-241,钢板筒仓,2024-06-19 14:47,2024-07-10 14:47,准低温低氧控制,LOG-CN-64756711165,全封闭货车,"干燥, 禁止异味混载",2024-07-11 05:47,2024-07-14 06:46,深圳市,南山区,113.93,22.54,2024-07-15 06:46
CN-AG-202409-11205,大豆,吉林省,公主岭市,124.794676,43.494102,2024-04-30,2024-04-30 [拌种包衣] -> 2024-05-25 [等距点播] -> 2024-06-19 [结荚期根外追肥] -> 2024-07-14 [食心虫绿色防控] -> 2024-08-08 [除草中耕],2024-09-05 13:31,13277.64,公主岭市第4深加工基地,"124.817866,43.517541",磁选->破碎压胚->高温压榨->物理过滤->精炼,2024-09-09 15:31,2024-09-09 19:51,WH-CN-505,不锈钢储油罐区,2024-09-10 05:51,2024-10-23 05:51,准低温低氧控制,LOG-CN-66859809338,罐式车,"避光, 控温25℃下",2024-10-23 16:51,2024-10-29 00:54,南京市,玄武区,118.79,32.06,2024-10-31 00:54
CN-AG-202409-11206,大豆,黑龙江省,五常市,127.109186,44.935347,2024-04-28,2024-04-28 [拌种包衣] -> 2024-05-23 [等距点播] -> 2024-06-17 [结荚期根外追肥] -> 2024-07-12 [食心虫绿色防控] -> 2024-08-06 [除草中耕],2024-09-05 16:56,9139.3,五常市第2深加工基地,"127.143351,44.933825",磁选->破碎压胚->高温压榨->物理过滤->精炼,2024-09-06 21:56,2024-09-07 02:42,WH-CN-160,不锈钢储油罐区,2024-09-07 06:42,2024-10-26 06:42,准低温低氧控制,LOG-CN-96918359536,罐式车,"避光, 控温25℃下",2024-10-26 15:42,2024-10-30 18:44,上海市,浦东新区,121.54,31.22,2024-11-02 18:44
CN-AG-202410-11207,玉米,黑龙江省,富锦市,132.030401,47.227237,2024-06-18,2024-06-18 [免耕直播] -> 2024-07-10 [苗期中耕] -> 2024-08-01 [喇叭口期追肥] -> 2024-08-23 [大斑病防治] -> 2024-09-14 [人工授粉辅助],2024-10-05 08:38,13094.28,富锦市第1深加工基地,"132.034789,47.255929",物理清理->脱粒烘干->破碎加工->筛理分级,2024-10-08 11:38,2024-10-08 20:00,WH-CN-688,现代化圆筒仓,2024-10-09 03:00,2024-11-17 03:00,避光控温控制,LOG-CN-15980411924,重型散粮卡车,"通风良好, 严控高温",2024-11-17 16:00,2024-11-22 09:38,武汉市,东西湖区,114.13,30.62,2024-11-24 09:38
CN-AG-202409-11208,水稻,吉林省,榆树市,126.508693,44.837464,2024-04-16,2024-04-16 [播种育秧] -> 2024-05-09 [田间底肥] -> 2024-06-01 [插秧作业] -> 2024-06-24 [分蘖期灌溉] -> 2024-07-17 [除草控虫] -> 2024-08-09 [晒田补肥],2024-09-05 15:22,38692.55,榆树市第3深加工基地,"126.541749,44.820941",清理去石->砻谷脱壳->糙米碾白->抛光->色选->包装,2024-09-08 19:22,2024-09-09 00:03,WH-CN-810,平房仓(准低温),2024-09-09 08:03,2024-10-29 08:03,准低温低氧控制,LOG-CN-41479437404,散粮车,"防潮, 湿度<14%",2024-10-29 19:03,2024-11-01 07:50,广州市,天河区,113.33,23.13,2024-11-04 07:50
CN-AG-202409-11209,水稻,安徽省,怀远县,117.189622,32.955284,2024-04-28,2024-04-28 [播种育秧] -> 2024-05-21 [田间底肥] -> 2024-06-13 [插秧作业] -> 2024-07-06 [分蘖期灌溉] -> 2024-07-29 [除草控虫] -> 2024-08-21 [晒田补肥],2024-09-18 08:40,31673.12,怀远县第4深加工基地,"117.19548,32.960796",清理去石->砻谷脱壳->糙米碾白->抛光->色选->包装,2024-09-19 14:40,2024-09-19 22:14,WH-CN-515,平房仓(准低温),2024-09-20 08:14,2024-10-22 08:14,准低温低氧控制,LOG-CN-92325391896,散粮车,"防潮, 湿度<14%",2024-10-22 17:14,2024-10-25 06:10,武汉市,东西湖区,114.13,30.62,2024-10-27 06:10
CN-AG-202409-11210,水稻,广西壮族自治区,桂平市,110.134436,23.444678,2024-04-15,2024-04-15 [播种育秧] -> 2024-05-08 [田间底肥] -> 2024-05-31 [插秧作业] -> 2024-06-23 [分蘖期灌溉] -> 2024-07-16 [除草控虫] -> 2024-08-08 [晒田补肥],2024-09-04 15:39,34412.48,桂平市第3深加工基地,"110.070862,23.387047",清理去石->砻谷脱壳->糙米碾白->抛光->色选->包装,2024-09-05 19:39,2024-09-06 04:07,WH-CN-654,平房仓(准低温),2024-09-06 14:07,2024-10-10 14:07,准低温低氧控制,LOG-CN-11817016800,散粮车,"防潮, 湿度<14%",2024-10-11 02:07,2024-10-12 15:58,北京市,朝阳区,116.48,39.92,2024-10-14 15:58
CN-AG-202410-11211,水稻,江苏省,东海县,118.757066,34.501491,2024-05-27,2024-05-27 [播种育秧] -> 2024-06-19 [田间底肥] -> 2024-07-12 [插秧作业] -> 2024-08-04 [分蘖期灌溉] -> 2024-08-27 [除草控虫] -> 2024-09-19 [晒田补肥],2024-10-15 10:48,18106.06,东海县第2深加工基地,"118.762824,34.548956",清理去石->砻谷脱壳->糙米碾白->抛光->色选->包装,2024-10-19 12:48,2024-10-19 16:25,WH-CN-797,平房仓(准低温),2024-10-19 23:25,2024-11-20 23:25,准低温低氧控制,LOG-CN-18608695140,散粮车,"防潮, 湿度<14%",2024-11-21 13:25,2024-11-24 11:26,上海市,闵行区,121.38,31.11,2024-11-25 11:26
CN-AG-202409-11212,水稻,江苏省,东海县,118.723042,34.571622,2024-05-01,2024-05-01 [播种育秧] -> 2024-05-24 [田间底肥] -> 2024-06-16 [插秧作业] -> 2024-07-09 [分蘖期灌溉] -> 2024-08-01 [除草控虫] -> 2024-08-24 [晒田补肥],2024-09-14 15:51,13948.1,东海县第1深加工基地,"118.767632,34.549625",清理去石->砻谷脱壳->糙米碾白->抛光->色选->包装,2024-09-17 20:51,2024-09-17 23:48,WH-CN-314,平房仓(准低温),2024-09-18 08:48,2024-10-31 08:48,准低温低氧控制,LOG-CN-88362945139,散粮车,"防潮, 湿度<14%",2024-10-31 14:48,2024-11-03 13:56,西安市,长安区,108.87,34.15,2024-11-04 13:56
CN-AG-202409-11213,花生,河南省,唐河县,112.811111,32.713028,2024-05-21,2024-05-21 [清棵蹲苗] -> 2024-06-14 [培土迎葑] -> 2024-07-08 [钙镁肥补充] -> 2024-08-01 [下针期控旺] -> 2024-08-25 [地下虫害防治],2024-09-19 12:03,9308.79,唐河县第1深加工基地,"112.82384,32.682553",剥壳分选->烘炒->压榨提取->物理精炼,2024-09-22 16:03,2024-09-22 20:22,WH-CN-876,避光库房,2024-09-23 01:22,2024-10-23 01:22,避光控温控制,LOG-CN-98152970403,厢式货车,避光防潮,2024-10-23 07:22,2024-10-26 00:08,西安市,长安区,108.87,34.15,2024-10-28 00:08
CN-AG-202405-11214,油菜籽,湖南省,安乡县,112.222568,29.367523,2023-10-26,2023-10-26 [育苗移栽] -> 2023-12-17 [越冬防冻肥] -> 2024-02-07 [薹期水肥调节] -> 2024-03-30 [菌核病无人机防治],2024-05-24 12:54,14234.51,安乡县第5深加工基地,"112.177749,29.418353",多级筛选->炒籽->螺旋压榨->精制过滤,2024-05-26 17:54,2024-05-26 23:13,WH-CN-571,恒温罐区,2024-05-27 09:13,2024-06-13 09:13,避光控温控制,LOG-CN-84715199860,罐式车,"避光, 防氧化",2024-06-13 20:13,2024-06-18 15:51,深圳市,福田区,114.05,22.54,2024-06-20 15:51
CN-AG-202409-11215,大豆,黑龙江省,五常市,127.186992,44.945052,2024-04-28,2024-04-28 [拌种包衣] -> 2024-05-23 [等距点播] -> 2024-06-17 [结荚期根外追肥] -> 2024-07-12 [食心虫绿色防控] -> 2024-08-06 [除草中耕],2024-09-02 10:15,5893.67,五常市第3深加工基地,"127.146696,44.921381",磁选->破碎压胚->高温压榨->物理过滤->精炼,2024-09-06 12:15,2024-09-06 19:22,WH-CN-542,不锈钢储油罐区,2024-09-07 03:22,2024-10-02 03:22,准低温低氧控制,LOG-CN-42164447056,罐式车,"避光, 控温25℃下",2024-10-02 10:22,2024-10-06 10:33,北京市,丰台区,116.28,39.85,2024-10-07 10:33
CN-AG-202406-11216,小麦,内蒙古自治区,五原县,108.276277,41.077644,2023-11-04,2023-11-04 [深耕整地] -> 2023-12-12 [秋播种子处理] -> 2024-01-19 [越冬水灌溉] -> 2024-02-26 [拔节期追肥] -> 2024-04-04 [条锈病防治] -> 2024-05-12 [干热风防护],2024-06-23 17:44,16275.6,五原县第2深加工基地,"108.25297,41.097119",磁选除杂->着水润麦->多级研磨->高方筛理->包装,2024-06-25 20:44,2024-06-26 01:01,WH-CN-935,钢板筒仓,2024-06-26 11:01,2024-07-24 11:01,准低温低氧控制,LOG-CN-74270537898,全封闭货车,"干燥, 禁止异味混载",2024-07-24 19:01,2024-07-28 18:59,成都市,武侯区,104.04,30.64,2024-07-29 18:59
CN-AG-202406-11217,小麦,河北省,藁城区,114.877726,38.041576,2023-10-22,2023-10-22 [深耕整地] -> 2023-11-29 [秋播种子处理] -> 2024-01-06 [越冬水灌溉] -> 2024-02-13 [拔节期追肥] -> 2024-03-22 [条锈病防治] -> 2024-04-29 [干热风防护],2024-06-06 15:30,5759.19,藁城区第1深加工基地,"114.832645,38.027642",磁选除杂->着水润麦->多级研磨->高方筛理->包装,2024-06-08 18:30,2024-06-09 03:09,WH-CN-357,钢板筒仓,2024-06-09 15:09,2024-07-10 15:09,准低温低氧控制,LOG-CN-18590505800,全封闭货车,"干燥, 禁止异味混载",2024-07-10 23:09,2024-07-13 05:52,广州市,天河区,113.33,23.13,2024-07-14 05:52
CN-AG-202409-11218,水稻,江苏省,兴化市,119.818498,32.893603,2024-05-09,2024-05-09 [播种育秧] -> 2024-06-01 [田间底肥] -> 2024-06-24 [插秧作业] -> 2024-07-17 [分蘖期灌溉] -> 2024-08-09 [除草控虫] -> 2024-09-01 [晒田补肥],2024-09-25 10:33,5318.25,兴化市第4深加工基地,"119.852856,32.925998",清理去石->砻谷脱壳->糙米碾白->抛光->色选->包装,2024-09-28 13:33,2024-09-28 17:51,WH-CN-439,平房仓(准低温),2024-09-29 01:51,2024-11-09 01:51,准低温低氧控制,LOG-CN-56471023398,散粮车,"防潮, 湿度<14%",2024-11-09 16:51,2024-11-13 12:00,上海市,宝山区,121.48,31.4,2024-11-16 12:00
CN-AG-202407-11219,大麦,吉林省,前郭县,124.83353,45.122113,2024-04-13,2024-04-13 [翻耕播种] -> 2024-05-08 [分蘖期施氮] -> 2024-06-02 [化学除草] -> 2024-06-27 [灌浆期监控],2024-07-23 13:08,5132.31,前郭县第4深加工基地,"124.81648,45.10725",杂质清理->脱壳处理->分级磨皮->包装,2024-07-24 18:08,2024-07-24 23:23,WH-CN-907,平房仓,2024-07-25 09:23,2024-09-09 09:23,避光控温控制,LOG-CN-36825742515,散装车,防霉通风,2024-09-09 23:23,2024-09-12 03:30,上海市,浦东新区,121.54,31.22,2024-09-13 03:30
CN-AG-202409-11220,水稻,广西壮族自治区,桂平市,110.076285,23.354491,2024-05-11,2024-05-11 [播种育秧] -> 2024-06-03 [田间底肥] -> 2024-06-26 [插秧作业] -> 2024-07-19 [分蘖期灌溉] -> 2024-08-11 [除草控虫] -> 2024-09-03 [晒田补肥],2024-09-25 14:40,22718.12,桂平市第1深加工基地,"110.073603,23.396019",清理去石->砻谷脱壳->糙米碾白->抛光->色选->包装,2024-09-27 19:40,2024-09-28 02:00,WH-CN-507,平房仓(准低温),2024-09-28 13:00,2024-11-06 13:00,准低温低氧控制,LOG-CN-12053606263,散粮车,"防潮, 湿度<14%",2024-11-06 20:00,2024-11-10 01:56,深圳市,福田区,114.05,22.54,2024-11-13 01:56
CN-AG-202409-11221,水稻,江苏省,东海县,118.816042,34.493184,2024-05-03,2024-05-03 [播种育秧] -> 2024-05-26 [田间底肥] -> 2024-06-18 [插秧作业] -> 2024-07-11 [分蘖期灌溉] -> 2024-08-03 [除草控虫] -> 2024-08-26 [晒田补肥],2024-09-18 13:03,27410.96,东海县第3深加工基地,"118.773677,34.536859",清理去石->砻谷脱壳->糙米碾白->抛光->色选->包装,2024-09-22 15:03,2024-09-22 20:24,WH-CN-845,平房仓(准低温),2024-09-23 05:24,2024-10-13 05:24,准低温低氧控制,LOG-CN-27410275929,散粮车,"防潮, 湿度<14%",2024-10-13 15:24,2024-10-15 02:10,成都市,武侯区,104.04,30.64,2024-10-16 02:10
CN-AG-202409-11222,玉米,安徽省,蒙城县,116.582806,33.203042,2024-06-04,2024-06-04 [免耕直播] -> 2024-06-26 [苗期中耕] -> 2024-07-18 [喇叭口期追肥] -> 2024-08-09 [大斑病防治] -> 2024-08-31 [人工授粉辅助],2024-09-22 14:30,5482.77,蒙城县第1深加工基地,"116.551115,33.256322",物理清理->脱粒烘干->破碎加工->筛理分级,2024-09-24 19:30,2024-09-25 01:52,WH-CN-350,现代化圆筒仓,2024-09-25 11:52,2024-10-13 11:52,避光控温控制,LOG-CN-64574382030,重型散粮卡车,"通风良好, 严控高温",2024-10-13 17:52,2024-10-17 01:45,武汉市,东西湖区,114.13,30.62,2024-10-18 01:45
CN-AG-202410-11223,玉米,内蒙古自治区,阿荣旗,123.478896,48.133178,2024-07-12,2024-07-12 [免耕直播] -> 2024-08-03 [苗期中耕] -> 2024-08-25 [喇叭口期追肥] -> 2024-09-16 [大斑病防治] -> 2024-10-08 [人工授粉辅助],2024-10-26 12:26,37385.9,阿荣旗第5深加工基地,"123.501612,48.117736",物理清理->脱粒烘干->破碎加工->筛理分级,2024-10-29 18:26,2024-10-30 00:45,WH-CN-815,现代化圆筒仓,2024-10-30 08:45,2024-11-29 08:45,避光控温控制,LOG-CN-90616856778,重型散粮卡车,"通风良好, 严控高温",2024-11-29 23:45,2024-12-02 01:51,西安市,长安区,108.87,34.15,2024-12-05 01:51
CN-AG-202410-11224,水稻,广西壮族自治区,桂平市,110.055757,23.34766,2024-06-13,2024-06-13 [播种育秧] -> 2024-07-06 [田间底肥] -> 2024-07-29 [插秧作业] -> 2024-08-21 [分蘖期灌溉] -> 2024-09-13 [除草控虫] -> 2024-10-06 [晒田补肥],2024-10-27 17:50,5497.21,桂平市第3深加工基地,"110.088217,23.381795",清理去石->砻谷脱壳->糙米碾白->抛光->色选->包装,2024-10-30 23:50,2024-10-31 08:21,WH-CN-711,平房仓(准低温),2024-10-31 20:21,2024-12-07 20:21,准低温低氧控制,LOG-CN-38612379993,散粮车,"防潮, 湿度<14%",2024-12-08 11:21,2024-12-11 04:13,北京市,丰台区,116.28,39.85,2024-12-13 04:13
CN-AG-202411-11225,棉花,新疆维吾尔自治区,沙雅县,82.778063,41.160726,2024-05-17,2024-05-17 [覆膜播种] -> 2024-06-22 [人工打顶] -> 2024-07-28 [叶面喷施补硼] -> 2024-09-02 [枯萎病监测] -> 2024-10-08 [喷施脱叶剂],2024-11-10 11:08,29636.11,沙雅县第5深加工基地,"82.776154,41.212465",皮棉清理->锯齿轧花->纤维分级->压力打包,2024-11-12 17:08,2024-11-12 21:49,WH-CN-924,专业纤维库,2024-11-13 07:49,2024-11-29 07:49,避光控温控制,LOG-CN-21385599755,高栏平板车,"严禁烟火, 防静电, 干燥",2024-11-29 15:49,2024-12-04 11:24,广州市,天河区,113.33,23.13,2024-12-07 11:24
CN-AG-202410-11226,水稻,广西壮族自治区,宾阳县,108.769403,23.261127,2024-06-02,2024-06-02 [播种育秧] -> 2024-06-25 [田间底肥] -> 2024-07-18 [插秧作业] -> 2024-08-10 [分蘖期灌溉] -> 2024-09-02 [除草控虫] -> 2024-09-25 [晒田补肥],2024-10-20 12:35,39569.86,宾阳县第2深加工基地,"108.804116,23.219317",清理去石->砻谷脱壳->糙米碾白->抛光->色选->包装,2024-10-22 16:35,2024-10-22 19:13,WH-CN-240,平房仓(准低温),2024-10-22 23:13,2024-11-05 23:13,准低温低氧控制,LOG-CN-39676587945,散粮车,"防潮, 湿度<14%",2024-11-06 12:13,2024-11-09 20:00,广州市,番禺区,113.38,22.93,2024-11-12 20:00
CN-AG-202410-11227,水稻,湖南省,南县,112.405601,29.388988,2024-05-18,2024-05-18 [播种育秧] -> 2024-06-10 [田间底肥] -> 2024-07-03 [插秧作业] -> 2024-07-26 [分蘖期灌溉] -> 2024-08-18 [除草控虫] -> 2024-09-10 [晒田补肥],2024-10-10 10:52,9947.03,南县第2深加工基地,"112.40108,29.36769",清理去石->砻谷脱壳->糙米碾白->抛光->色选->包装,2024-10-12 14:52,2024-10-12 20:45,WH-CN-309,平房仓(准低温),2024-10-13 07:45,2024-11-24 07:45,准低温低氧控制,LOG-CN-80653291032,散粮车,"防潮, 湿度<14%",2024-11-24 21:45,2024-11-30 01:17,西安市,雁塔区,108.94,34.21,2024-12-03 01:17
CN-AG-202409-11228,玉米,四川省,三台县,105.053455,31.094147,2024-05-25,2024-05-25 [免耕直播] -> 2024-06-16 [苗期中耕] -> 2024-07-08 [喇叭口期追肥] -> 2024-07-30 [大斑病防治] -> 2024-08-21 [人工授粉辅助],2024-09-11 16:54,25143.71,三台县第3深加工基地,"105.09833,31.083325",物理清理->脱粒烘干->破碎加工->筛理分级,2024-09-12 21:54,2024-09-13 04:51,WH-CN-510,现代化圆筒仓,2024-09-13 08:51,2024-10-17 08:51,避光控温控制,LOG-CN-71443575982,重型散粮卡车,"通风良好, 严控高温",2024-10-17 17:51,2024-10-22 11:37,上海市,宝山区,121.48,31.4,2024-10-24 11:37
CN-AG-202405-11229,油菜籽,湖南省,安乡县,112.15465,29.389341,2023-10-03,2023-10-03 [育苗移栽] -> 2023-11-24 [越冬防冻肥] -> 2024-01-15 [薹期水肥调节] -> 2024-03-07 [菌核病无人机防治],2024-05-01 13:32,18824.0,安乡县第1深加工基地,"112.166776,29.415196",多级筛选->炒籽->螺旋压榨->精制过滤,2024-05-05 19:32,2024-05-06 00:19,WH-CN-151,恒温罐区,2024-05-06 10:19,2024-05-28 10:19,避光控温控制,LOG-CN-86619685511,罐式车,"避光, 防氧化",2024-05-29 01:19,2024-06-01 09:28,深圳市,福田区,114.05,22.54,2024-06-02 09:28
CN-AG-202410-11230,玉米,吉林省,榆树市,126.578551,44.874247,2024-06-18,2024-06-18 [免耕直播] -> 2024-07-10 [苗期中耕] -> 2024-08-01 [喇叭口期追肥] -> 2024-08-23 [大斑病防治] -> 2024-09-14 [人工授粉辅助],2024-10-03 14:25,38287.91,榆树市第3深加工基地,"126.557618,44.821949",物理清理->脱粒烘干->破碎加工->筛理分级,2024-10-04 16:25,2024-10-04 22:29,WH-CN-611,现代化圆筒仓,2024-10-05 07:29,2024-11-06 07:29,避光控温控制,LOG-CN-54661634969,重型散粮卡车,"通风良好, 严控高温",2024-11-06 20:29,2024-11-11 12:01,武汉市,东西湖区,114.13,30.62,2024-11-13 12:01
CN-AG-202409-11231,花生,河南省,唐河县,112.800848,32.625953,2024-05-16,2024-05-16 [清棵蹲苗] -> 2024-06-09 [培土迎葑] -> 2024-07-03 [钙镁肥补充] -> 2024-07-27 [下针期控旺] -> 2024-08-20 [地下虫害防治],2024-09-12 09:11,32541.38,唐河县第4深加工基地,"112.82454,32.679301",剥壳分选->烘炒->压榨提取->物理精炼,2024-09-16 14:11,2024-09-16 19:01,WH-CN-927,避光库房,2024-09-16 23:01,2024-09-26 23:01,避光控温控制,LOG-CN-49225044737,厢式货车,避光防潮,2024-09-27 13:01,2024-09-30 22:22,北京市,海淀区,116.3,39.96,2024-10-03 22:22
CN-AG-202410-11232,水稻,广西壮族自治区,桂平市,110.130305,23.419269,2024-05-16,2024-05-16 [播种育秧] -> 2024-06-08 [田间底肥] -> 2024-07-01 [插秧作业] -> 2024-07-24 [分蘖期灌溉] -> 2024-08-16 [除草控虫] -> 2024-09-08 [晒田补肥],2024-10-03 14:24,25605.49,桂平市第4深加工基地,"110.076843,23.388475",清理去石->砻谷脱壳->糙米碾白->抛光->色选->包装,2024-10-06 18:24,2024-10-06 21:48,WH-CN-403,平房仓(准低温),2024-10-07 03:48,2024-10-28 03:48,准低温低氧控制,LOG-CN-27201078913,散粮车,"防潮, 湿度<14%",2024-10-28 13:48,2024-10-29 22:37,成都市,龙泉驿区,104.27,30.55,2024-11-01 22:37
CN-AG-202409-11233,大豆,内蒙古自治区,阿荣旗,123.503382,48.175386,2024-05-13,2024-05-13 [拌种包衣] -> 2024-06-07 [等距点播] -> 2024-07-02 [结荚期根外追肥] -> 2024-07-27 [食心虫绿色防控] -> 2024-08-21 [除草中耕],2024-09-18 14:01,6595.37,阿荣旗第5深加工基地,"123.507033,48.119781",磁选->破碎压胚->高温压榨->物理过滤->精炼,2024-09-20 18:01,2024-09-21 03:31,WH-CN-405,不锈钢储油罐区,2024-09-21 14:31,2024-10-03 14:31,准低温低氧控制,LOG-CN-28329980534,罐式车,"避光, 控温25℃下",2024-10-03 20:31,2024-10-06 03:57,上海市,闵行区,121.38,31.11,2024-10-07 03:57
CN-AG-202409-11234,玉米,内蒙古自治区,五原县,108.268275,41.149146,2024-05-19,2024-05-19 [免耕直播] -> 2024-06-10 [苗期中耕] -> 2024-07-02 [喇叭口期追肥] -> 2024-07-24 [大斑病防治] -> 2024-08-15 [人工授粉辅助],2024-09-06 08:51,14419.02,五原县第5深加工基地,"108.266236,41.105243",物理清理->脱粒烘干->破碎加工->筛理分级,2024-09-07 14:51,2024-09-07 22:34,WH-CN-112,现代化圆筒仓,2024-09-08 10:34,2024-10-02 10:34,避光控温控制,LOG-CN-97760176397,重型散粮卡车,"通风良好, 严控高温",2024-10-02 20:34,2024-10-07 19:38,北京市,丰台区,116.28,39.85,2024-10-08 19:38
CN-AG-202409-11235,大豆,吉林省,公主岭市,124.812043,43.501022,2024-05-24,2024-05-24 [拌种包衣] -> 2024-06-18 [等距点播] -> 2024-07-13 [结荚期根外追肥] -> 2024-08-07 [食心虫绿色防控] -> 2024-09-01 [除草中耕],2024-09-28 17:56,14460.56,公主岭市第1深加工基地,"124.817265,43.526969",磁选->破碎压胚->高温压榨->物理过滤->精炼,2024-09-30 21:56,2024-10-01 03:18,WH-CN-405,不锈钢储油罐区,2024-10-01 09:18,2024-11-15 09:18,准低温低氧控制,LOG-CN-70310950213,罐式车,"避光, 控温25℃下",2024-11-15 18:18,2024-11-18 16:42,成都市,武侯区,104.04,30.64,2024-11-21 16:42
CN-AG-202410-11236,玉米,内蒙古自治区,五原县,108.312919,41.135272,2024-07-04,2024-07-04 [免耕直播] -> 2024-07-26 [苗期中耕] -> 2024-08-17 [喇叭口期追肥] -> 2024-09-08 [大斑病防治] -> 2024-09-30 [人工授粉辅助],2024-10-25 15:19,25456.73,五原县第5深加工基地,"108.264833,41.102464",物理清理->脱粒烘干->破碎加工->筛理分级,2024-10-26 21:19,2024-10-27 02:33,WH-CN-146,现代化圆筒仓,2024-10-27 13:33,2024-12-16 13:33,避光控温控制,LOG-CN-70054771230,重型散粮卡车,"通风良好, 严控高温",2024-12-16 23:33,2024-12-21 13:34,深圳市,宝安区,113.88,22.55,2024-12-23 13:34
CN-AG-202410-11237,水稻,黑龙江省,五常市,127.191405,44.966612,2024-05-27,2024-05-27 [播种育秧] -> 2024-06-19 [田间底肥] -> 2024-07-12 [插秧作业] -> 2024-08-04 [分蘖期灌溉] -> 2024-08-27 [除草控虫] -> 2024-09-19 [晒田补肥],2024-10-09 10:41,21402.53,五常市第3深加工基地,"127.141025,44.927901",清理去石->砻谷脱壳->糙米碾白->抛光->色选->包装,2024-10-11 12:41,2024-10-11 18:12,WH-CN-257,平房仓(准低温),2024-10-12 06:12,2024-11-29 06:12,准低温低氧控制,LOG-CN-40240302194,散粮车,"防潮, 湿度<14%",2024-11-29 20:12,2024-12-02 07:51,广州市,白云区,113.27,23.15,2024-12-03 07:51
CN-AG-202409-11238,大豆,辽宁省,昌图县,124.130851,42.768225,2024-05-13,2024-05-13 [拌种包衣] -> 2024-06-07 [等距点播] -> 2024-07-02 [结荚期根外追肥] -> 2024-07-27 [食心虫绿色防控] -> 2024-08-21 [除草中耕],2024-09-16 12:34,39770.04,昌图县第5深加工基地,"124.114979,42.779007",磁选->破碎压胚->高温压榨->物理过滤->精炼,2024-09-20 16:34,2024-09-21 00:16,WH-CN-838,不锈钢储油罐区,2024-09-21 09:16,2024-10-08 09:16,准低温低氧控制,LOG-CN-36452561460,罐式车,"避光, 控温25℃下",2024-10-08 23:16,2024-10-12 06:03,成都市,武侯区,104.04,30.64,2024-10-14 06:03
CN-AG-202410-11239,水稻,黑龙江省,五常市,127.166169,44.912838,2024-06-07,2024-06-07 [播种育秧] -> 2024-06-30 [田间底肥] -> 2024-07-23 [插秧作业] -> 2024-08-15 [分蘖期灌溉] -> 2024-09-07 [除草控虫] -> 2024-09-30 [晒田补肥],2024-10-26 16:55,6089.48,五常市第3深加工基地,"127.154987,44.923728",清理去石->砻谷脱壳->糙米碾白->抛光->色选->包装,2024-10-29 18:55,2024-10-30 02:17,WH-CN-839,平房仓(准低温),2024-10-30 12:17,2024-11-19 12:17,准低温低氧控制,LOG-CN-63895982068,散粮车,"防潮, 湿度<14%",2024-11-19 21:17,2024-11-21 19:14,深圳市,宝安区,113.88,22.55,2024-11-23 19:14
CN-AG-202409-11240,玉米,四川省,中江县,104.634488,31.035484,2024-05-26,2024-05-26 [免耕直播] -> 2024-06-17 [苗期中耕] -> 2024-07-09 [喇叭口期追肥] -> 2024-07-31 [大斑病防治] -> 2024-08-22 [人工授粉辅助],2024-09-15 14:53,34519.85,中江县第2深加工基地,"104.674972,31.025838",物理清理->脱粒烘干->破碎加工->筛理分级,2024-09-18 20:53,2024-09-19 01:10,WH-CN-772,现代化圆筒仓,2024-09-19 06:10,2024-10-27 06:10,避光控温控制,LOG-CN-57615947774,重型散粮卡车,"通风良好, 严控高温",2024-10-27 12:10,2024-10-30 13:35,深圳市,宝安区,113.88,22.55,2024-10-31 13:35
CN-AG-202410-11241,水稻,吉林省,前郭县,124.775924,45.107912,2024-06-01,2024-06-01 [播种育秧] -> 2024-06-24 [田间底肥] -> 2024-07-17 [插秧作业] -> 2024-08-09 [分蘖期灌溉] -> 2024-09-01 [除草控虫] -> 2024-09-24 [晒田补肥],2024-10-18 16:09,37674.75,前郭县第2深加工基地,"124.814303,45.119345",清理去石->砻谷脱壳->糙米碾白->抛光->色选->包装,2024-10-20 21:09,2024-10-21 06:40,WH-CN-341,平房仓(准低温),2024-10-21 15:40,2024-11-21 15:40,准低温低氧控制,LOG-CN-70702995687,散粮车,"防潮, 湿度<14%",2024-11-22 06:40,2024-11-26 05:17,成都市,龙泉驿区,104.27,30.55,2024-11-27 05:17
CN-AG-202411-11242,棉花,新疆维吾尔自治区,沙雅县,82.771253,41.274856,2024-05-05,2024-05-05 [覆膜播种] -> 2024-06-10 [人工打顶] -> 2024-07-16 [叶面喷施补硼] -> 2024-08-21 [枯萎病监测] -> 2024-09-26 [喷施脱叶剂],2024-11-04 15:39,35552.24,沙雅县第5深加工基地,"82.787959,41.219502",皮棉清理->锯齿轧花->纤维分级->压力打包,2024-11-05 18:39,2024-11-05 22:36,WH-CN-742,专业纤维库,2024-11-06 05:36,2024-12-16 05:36,避光控温控制,LOG-CN-72868710150,高栏平板车,"严禁烟火, 防静电, 干燥",2024-12-16 17:36,2024-12-19 10:28,北京市,朝阳区,116.48,39.92,2024-12-21 10:28
CN-AG-202410-11243,水稻,吉林省,榆树市,126.574873,44.823006,2024-05-29,2024-05-29 [播种育秧] -> 2024-06-21 [田间底肥] -> 2024-07-14 [插秧作业] -> 2024-08-06 [分蘖期灌溉] -> 2024-08-29 [除草控虫] -> 2024-09-21 [晒田补肥],2024-10-15 17:20,23927.54,榆树市第1深加工基地,"126.548935,44.815043",清理去石->砻谷脱壳->糙米碾白->抛光->色选->包装,2024-10-16 22:20,2024-10-17 04:25,WH-CN-963,平房仓(准低温),2024-10-17 15:25,2024-11-16 15:25,准低温低氧控制,LOG-CN-71032047664,散粮车,"防潮, 湿度<14%",2024-11-17 06:25,2024-11-21 01:29,武汉市,洪山区,114.34,30.5,2024-11-24 01:29
CN-AG-202410-11244,水稻,安徽省,怀远县,117.164718,32.924814,2024-05-30,2024-05-30 [播种育秧] -> 2024-06-22 [田间底肥] -> 2024-07-15 [插秧作业] -> 2024-08-07 [分蘖期灌溉] -> 2024-08-30 [除草控虫] -> 2024-09-22 [晒田补肥],2024-10-19 09:20,22693.48,怀远县第5深加工基地,"117.190785,32.960019",清理去石->砻谷脱壳->糙米碾白->抛光->色选->包装,2024-10-20 15:20,2024-10-20 22:47,WH-CN-624,平房仓(准低温),2024-10-21 06:47,2024-11-23 06:47,准低温低氧控制,LOG-CN-67738507545,散粮车,"防潮, 湿度<14%",2024-11-23 18:47,2024-11-29 04:22,南京市,玄武区,118.79,32.06,2024-11-30 04:22
CN-AG-202406-11245,小麦,内蒙古自治区,五原县,108.229082,41.157274,2023-10-19,2023-10-19 [深耕整地] -> 2023-11-26 [秋播种子处理] -> 2024-01-03 [越冬水灌溉] -> 2024-02-10 [拔节期追肥] -> 2024-03-19 [条锈病防治] -> 2024-04-26 [干热风防护],2024-06-01 15:25,30837.97,五原县第5深加工基地,"108.266782,41.103266",磁选除杂->着水润麦->多级研磨->高方筛理->包装,2024-06-03 18:25,2024-06-04 01:58,WH-CN-999,钢板筒仓,2024-06-04 11:58,2024-06-20 11:58,准低温低氧控制,LOG-CN-86481685765,全封闭货车,"干燥, 禁止异味混载",2024-06-21 02:58,2024-06-22 06:38,广州市,天河区,113.33,23.13,2024-06-24 06:38
CN-AG-202410-11246,玉米,辽宁省,昌图县,124.068377,42.786079,2024-07-13,2024-07-13 [免耕直播] -> 2024-08-04 [苗期中耕] -> 2024-08-26 [喇叭口期追肥] -> 2024-09-17 [大斑病防治] -> 2024-10-09 [人工授粉辅助],2024-10-28 09:32,12680.61,昌图县第2深加工基地,"124.112005,42.784562",物理清理->脱粒烘干->破碎加工->筛理分级,2024-10-29 14:32,2024-10-29 17:05,WH-CN-703,现代化圆筒仓,2024-10-30 03:05,2024-12-03 03:05,避光控温控制,LOG-CN-29562875728,重型散粮卡车,"通风良好, 严控高温",2024-12-03 09:05,2024-12-06 19:42,北京市,朝阳区,116.48,39.92,2024-12-07 19:42
CN-AG-202406-11247,小麦,河北省,藁城区,114.87237,38.05775,2023-10-22,2023-10-22 [深耕整地] -> 2023-11-29 [秋播种子处理] -> 2024-01-06 [越冬水灌溉] -> 2024-02-13 [拔节期追肥] -> 2024-03-22 [条锈病防治] -> 2024-04-29 [干热风防护],2024-06-09 16:42,22886.14,藁城区第4深加工基地,"114.841471,38.039508",磁选除杂->着水润麦->多级研磨->高方筛理->包装,2024-06-12 22:42,2024-06-13 05:04,WH-CN-982,钢板筒仓,2024-06-13 09:04,2024-07-08 09:04,准低温低氧控制,LOG-CN-39954881669,全封闭货车,"干燥, 禁止异味混载",2024-07-08 21:04,2024-07-12 11:24,武汉市,洪山区,114.34,30.5,2024-07-14 11:24
CN-AG-202409-11248,花生,山东省,平度市,119.967816,36.760997,2024-05-06,2024-05-06 [清棵蹲苗] -> 2024-05-30 [培土迎葑] -> 2024-06-23 [钙镁肥补充] -> 2024-07-17 [下针期控旺] -> 2024-08-10 [地下虫害防治],2024-09-01 15:28,34545.52,平度市第3深加工基地,"119.957948,36.771369",剥壳分选->烘炒->压榨提取->物理精炼,2024-09-02 18:28,2024-09-03 04:08,WH-CN-550,避光库房,2024-09-03 11:08,2024-09-19 11:08,避光控温控制,LOG-CN-57385234107,厢式货车,避光防潮,2024-09-19 22:08,2024-09-24 06:10,武汉市,江岸区,114.3,30.59,2024-09-27 06:10
CN-AG-202409-11249,花生,辽宁省,黑山县,122.099341,41.644326,2024-05-25,2024-05-25 [清棵蹲苗] -> 2024-06-18 [培土迎葑] -> 2024-07-12 [钙镁肥补充] -> 2024-08-05 [下针期控旺] -> 2024-08-29 [地下虫害防治],2024-09-20 17:43,15897.72,黑山县第3深加工基地,"122.121946,41.696315",剥壳分选->烘炒->压榨提取->物理精炼,2024-09-23 21:43,2024-09-24 02:27,WH-CN-594,避光库房,2024-09-24 06:27,2024-10-23 06:27,避光控温控制,LOG-CN-18379368827,厢式货车,避光防潮,2024-10-23 20:27,2024-10-25 22:33,武汉市,东西湖区,114.13,30.62,2024-10-26 22:33
CN-AG-202409-11250,水稻,四川省,三台县,105.086812,31.077236,2024-04-26,2024-04-26 [播种育秧] -> 2024-05-19 [田间底肥] -> 2024-06-11 [插秧作业] -> 2024-07-04 [分蘖期灌溉] -> 2024-07-27 [除草控虫] -> 2024-08-19 [晒田补肥],2024-09-08 13:54,26060.92,三台县第1深加工基地,"105.0868,31.097091",清理去石->砻谷脱壳->糙米碾白->抛光->色选->包装,2024-09-10 18:54,2024-09-11 01:58,WH-CN-696,平房仓(准低温),2024-09-11 12:58,2024-09-28 12:58,准低温低氧控制,LOG-CN-72873468401,散粮车,"防潮, 湿度<14%",2024-09-29 00:58,2024-10-04 09:57,武汉市,东西湖区,114.13,30.62,2024-10-07 09:57
CN-AG-202408-11251,花生,江苏省,东海县,118.720576,34.584358,2024-04-25,2024-04-25 [清棵蹲苗] -> 2024-05-19 [培土迎葑] -> 2024-06-12 [钙镁肥补充] -> 2024-07-06 [下针期控旺] -> 2024-07-30 [地下虫害防治],2024-08-28 10:14,5865.89,东海县第2深加工基地,"118.776951,34.545536",剥壳分选->烘炒->压榨提取->物理精炼,2024-08-31 14:14,2024-08-31 19:46,WH-CN-939,避光库房,2024-09-01 05:46,2024-10-13 05:46,避光控温控制,LOG-CN-69150938904,厢式货车,避光防潮,2024-10-13 17:46,2024-10-17 06:22,成都市,龙泉驿区,104.27,30.55,2024-10-19 06:22
CN-AG-202406-11252,小麦,江苏省,兴化市,119.841642,32.891818,2023-10-20,2023-10-20 [深耕整地] -> 2023-11-27 [秋播种子处理] -> 2024-01-04 [越冬水灌溉] -> 2024-02-11 [拔节期追肥] -> 2024-03-20 [条锈病防治] -> 2024-04-27 [干热风防护],2024-06-03 14:13,20855.21,兴化市第2深加工基地,"119.854132,32.92331",磁选除杂->着水润麦->多级研磨->高方筛理->包装,2024-06-06 19:13,2024-06-06 23:34,WH-CN-715,钢板筒仓,2024-06-07 10:34,2024-07-19 10:34,准低温低氧控制,LOG-CN-30054748321,全封闭货车,"干燥, 禁止异味混载",2024-07-19 21:34,2024-07-24 00:05,深圳市,福田区,114.05,22.54,2024-07-26 00:05
CN-AG-202409-11253,玉米,广西壮族自治区,宾阳县,108.826239,23.214242,2024-05-14,2024-05-14 [免耕直播] -> 2024-06-05 [苗期中耕] -> 2024-06-27 [喇叭口期追肥] -> 2024-07-19 [大斑病防治] -> 2024-08-10 [人工授粉辅助],2024-09-04 16:25,12932.37,宾阳县第3深加工基地,"108.804235,23.20393",物理清理->脱粒烘干->破碎加工->筛理分级,2024-09-06 18:25,2024-09-06 22:04,WH-CN-192,现代化圆筒仓,2024-09-07 03:04,2024-10-08 03:04,避光控温控制,LOG-CN-20191305796,重型散粮卡车,"通风良好, 严控高温",2024-10-08 13:04,2024-10-12 23:14,武汉市,东西湖区,114.13,30.62,2024-10-13 23:14
CN-AG-202410-11254,水稻,湖北省,钟祥市,112.558648,31.11498,2024-05-30,2024-05-30 [播种育秧] -> 2024-06-22 [田间底肥] -> 2024-07-15 [插秧作业] -> 2024-08-07 [分蘖期灌溉] -> 2024-08-30 [除草控虫] -> 2024-09-22 [晒田补肥],2024-10-18 11:37,11184.01,钟祥市第1深加工基地,"112.587159,31.171195",清理去石->砻谷脱壳->糙米碾白->抛光->色选->包装,2024-10-22 13:37,2024-10-22 20:05,WH-CN-453,平房仓(准低温),2024-10-23 03:05,2024-11-21 03:05,准低温低氧控制,LOG-CN-99090551576,散粮车,"防潮, 湿度<14%",2024-11-21 16:05,2024-11-26 10:21,成都市,龙泉驿区,104.27,30.55,2024-11-28 10:21
CN-AG-202405-11255,油菜籽,湖南省,安乡县,112.162248,29.430031,2023-10-19,2023-10-19 [育苗移栽] -> 2023-12-10 [越冬防冻肥] -> 2024-01-31 [薹期水肥调节] -> 2024-03-23 [菌核病无人机防治],2024-05-21 09:58,36414.59,安乡县第1深加工基地,"112.174385,29.419062",多级筛选->炒籽->螺旋压榨->精制过滤,2024-05-25 13:58,2024-05-25 22:47,WH-CN-625,恒温罐区,2024-05-26 03:47,2024-07-02 03:47,避光控温控制,LOG-CN-25738496944,罐式车,"避光, 防氧化",2024-07-02 09:47,2024-07-05 04:47,上海市,闵行区,121.38,31.11,2024-07-06 04:47
CN-AG-202406-11256,小麦,河北省,宁晋县,114.923311,37.67162,2023-10-19,2023-10-19 [深耕整地] -> 2023-11-26 [秋播种子处理] -> 2024-01-03 [越冬水灌溉] -> 2024-02-10 [拔节期追肥] -> 2024-03-19 [条锈病防治] -> 2024-04-26 [干热风防护],2024-06-04 11:50,15073.05,宁晋县第2深加工基地,"114.911057,37.615178",磁选除杂->着水润麦->多级研磨->高方筛理->包装,2024-06-07 16:50,2024-06-07 22:37,WH-CN-705,钢板筒仓,2024-06-08 02:37,2024-07-25 02:37,准低温低氧控制,LOG-CN-30871086818,全封闭货车,"干燥, 禁止异味混载",2024-07-25 11:37,2024-07-30 04:08,成都市,新都区,104.15,30.82,2024-08-01 04:08
CN-AG-202410-11257,水稻,湖北省,枣阳市,112.704556,32.15713,2024-06-09,2024-06-09 [播种育秧] -> 2024-07-02 [田间底肥] -> 2024-07-25 [插秧作业] -> 2024-08-17 [分蘖期灌溉] -> 2024-09-09 [除草控虫] -> 2024-10-02 [晒田补肥],2024-10-22 11:12,19546.56,枣阳市第4深加工基地,"112.750649,32.126056",清理去石->砻谷脱壳->糙米碾白->抛光->色选->包装,2024-10-24 16:12,2024-10-25 01:58,WH-CN-570,平房仓(准低温),2024-10-25 10:58,2024-11-05 10:58,准低温低氧控制,LOG-CN-92133150451,散粮车,"防潮, 湿度<14%",2024-11-05 18:58,2024-11-07 09:33,南京市,南京浦口区,118.62,32.05,2024-11-08 09:33
CN-AG-202410-11258,玉米,河北省,藁城区,114.85207,38.03773,2024-06-29,2024-06-29 [免耕直播] -> 2024-07-21 [苗期中耕] -> 2024-08-12 [喇叭口期追肥] -> 2024-09-03 [大斑病防治] -> 2024-09-25 [人工授粉辅助],2024-10-14 09:00,39259.69,藁城区第3深加工基地,"114.837595,38.023325",物理清理->脱粒烘干->破碎加工->筛理分级,2024-10-17 14:00,2024-10-17 18:33,WH-CN-728,现代化圆筒仓,2024-10-18 02:33,2024-11-08 02:33,避光控温控制,LOG-CN-85541530203,重型散粮卡车,"通风良好, 严控高温",2024-11-08 10:33,2024-11-10 04:16,北京市,朝阳区,116.48,39.92,2024-11-13 04:16
CN-AG-202409-11259,大豆,黑龙江省,嫩江市,125.276378,49.184063,2024-05-19,2024-05-19 [拌种包衣] -> 2024-06-13 [等距点播] -> 2024-07-08 [结荚期根外追肥] -> 2024-08-02 [食心虫绿色防控] -> 2024-08-27 [除草中耕],2024-09-24 15:27,16458.92,嫩江市第3深加工基地,"125.228452,49.174553",磁选->破碎压胚->高温压榨->物理过滤->精炼,2024-09-26 20:27,2024-09-27 03:06,WH-CN-382,不锈钢储油罐区,2024-09-27 12:06,2024-11-15 12:06,准低温低氧控制,LOG-CN-65036795284,罐式车,"避光, 控温25℃下",2024-11-16 01:06,2024-11-19 10:45,北京市,朝阳区,116.48,39.92,2024-11-20 10:45
CN-AG-202410-11260,水稻,辽宁省,盘山县,122.051006,41.271465,2024-05-16,2024-05-16 [播种育秧] -> 2024-06-08 [田间底肥] -> 2024-07-01 [插秧作业] -> 2024-07-24 [分蘖期灌溉] -> 2024-08-16 [除草控虫] -> 2024-09-08 [晒田补肥],2024-10-01 17:10,33474.46,盘山县第1深加工基地,"122.043334,41.23384",清理去石->砻谷脱壳->糙米碾白->抛光->色选->包装,2024-10-03 21:10,2024-10-04 00:12,WH-CN-662,平房仓(准低温),2024-10-04 11:12,2024-11-02 11:12,准低温低氧控制,LOG-CN-41712879313,散粮车,"防潮, 湿度<14%",2024-11-02 23:12,2024-11-05 14:20,南京市,江宁区,118.83,31.95,2024-11-07 14:20
CN-AG-202406-11261,小麦,安徽省,蒙城县,116.572296,33.274806,2023-10-17,2023-10-17 [深耕整地] -> 2023-11-24 [秋播种子处理] -> 2024-01-01 [越冬水灌溉] -> 2024-02-08 [拔节期追肥] -> 2024-03-17 [条锈病防治] -> 2024-04-24 [干热风防护],2024-06-07 09:36,18147.02,蒙城县第3深加工基地,"116.560573,33.259796",磁选除杂->着水润麦->多级研磨->高方筛理->包装,2024-06-10 14:36,2024-06-10 22:19,WH-CN-931,钢板筒仓,2024-06-11 07:19,2024-07-13 07:19,准低温低氧控制,LOG-CN-49052769905,全封闭货车,"干燥, 禁止异味混载",2024-07-13 15:19,2024-07-17 06:02,广州市,番禺区,113.38,22.93,2024-07-19 06:02
CN-AG-202409-11262,水稻,湖南省,桃源县,111.482318,28.880133,2024-04-25,2024-04-25 [播种育秧] -> 2024-05-18 [田间底肥] -> 2024-06-10 [插秧作业] -> 2024-07-03 [分蘖期灌溉] -> 2024-07-26 [除草控虫] -> 2024-08-18 [晒田补肥],2024-09-07 16:20,9923.86,桃源县第5深加工基地,"111.486103,28.893951",清理去石->砻谷脱壳->糙米碾白->抛光->色选->包装,2024-09-09 20:20,2024-09-10 01:45,WH-CN-648,平房仓(准低温),2024-09-10 06:45,2024-10-03 06:45,准低温低氧控制,LOG-CN-88291643793,散粮车,"防潮, 湿度<14%",2024-10-03 16:45,2024-10-07 15:10,成都市,龙泉驿区,104.27,30.55,2024-10-09 15:10
CN-AG-202409-11263,大豆,黑龙江省,五常市,127.100196,44.892293,2024-05-27,2024-05-27 [拌种包衣] -> 2024-06-21 [等距点播] -> 2024-07-16 [结荚期根外追肥] -> 2024-08-10 [食心虫绿色防控] -> 2024-09-04 [除草中耕],2024-09-25 11:14,10208.59,五常市第1深加工基地,"127.153166,44.928725",磁选->破碎压胚->高温压榨->物理过滤->精炼,2024-09-28 15:14,2024-09-28 20:05,WH-CN-217,不锈钢储油罐区,2024-09-29 06:05,2024-10-14 06:05,准低温低氧控制,LOG-CN-90666648445,罐式车,"避光, 控温25℃下",2024-10-14 19:05,2024-10-17 08:42,武汉市,东西湖区,114.13,30.62,2024-10-18 08:42
CN-AG-202410-11264,水稻,江苏省,射阳县,120.22321,33.742526,2024-05-25,2024-05-25 [播种育秧] -> 2024-06-17 [田间底肥] -> 2024-07-10 [插秧作业] -> 2024-08-02 [分蘖期灌溉] -> 2024-08-25 [除草控虫] -> 2024-09-17 [晒田补肥],2024-10-07 09:08,8316.55,射阳县第2深加工基地,"120.24694,33.751163",清理去石->砻谷脱壳->糙米碾白->抛光->色选->包装,2024-10-10 11:08,2024-10-10 18:36,WH-CN-153,平房仓(准低温),2024-10-11 03:36,2024-11-08 03:36,准低温低氧控制,LOG-CN-81718931851,散粮车,"防潮, 湿度<14%",2024-11-08 16:36,2024-11-13 04:03,深圳市,南山区,113.93,22.54,2024-11-15 04:03
CN-AG-202409-11265,玉米,山东省,汶上县,116.530717,35.781944,2024-05-19,2024-05-19 [免耕直播] -> 2024-06-10 [苗期中耕] -> 2024-07-02 [喇叭口期追肥] -> 2024-07-24 [大斑病防治] -> 2024-08-15 [人工授粉辅助],2024-09-04 16:30,23720.12,汶上县第2深加工基地,"116.476558,35.730047",物理清理->脱粒烘干->破碎加工->筛理分级,2024-09-05 20:30,2024-09-06 00:45,WH-CN-746,现代化圆筒仓,2024-09-06 05:45,2024-10-06 05:45,避光控温控制,LOG-CN-13436780210,重型散粮卡车,"通风良好, 严控高温",2024-10-06 15:45,2024-10-08 21:12,上海市,浦东新区,121.54,31.22,2024-10-10 21:12
CN-AG-202406-11266,小麦,安徽省,蒙城县,116.504406,33.288456,2023-10-13,2023-10-13 [深耕整地] -> 2023-11-20 [秋播种子处理] -> 2023-12-28 [越冬水灌溉] -> 2024-02-04 [拔节期追肥] -> 2024-03-13 [条锈病防治] -> 2024-04-20 [干热风防护],2024-06-04 08:39,24177.06,蒙城县第1深加工基地,"116.556726,33.259495",磁选除杂->着水润麦->多级研磨->高方筛理->包装,2024-06-08 14:39,2024-06-08 19:52,WH-CN-246,钢板筒仓,2024-06-09 05:52,2024-07-08 05:52,准低温低氧控制,LOG-CN-69544244831,全封闭货车,"干燥, 禁止异味混载",2024-07-08 18:52,2024-07-10 01:18,广州市,白云区,113.27,23.15,2024-07-13 01:18
CN-AG-202409-11267,水稻,湖南省,南县,112.34144,29.410464,2024-05-10,2024-05-10 [播种育秧] -> 2024-06-02 [田间底肥] -> 2024-06-25 [插秧作业] -> 2024-07-18 [分蘖期灌溉] -> 2024-08-10 [除草控虫] -> 2024-09-02 [晒田补肥],2024-09-26 09:23,20110.8,南县第3深加工基地,"112.404813,29.361056",清理去石->砻谷脱壳->糙米碾白->抛光->色选->包装,2024-09-28 12:23,2024-09-28 14:59,WH-CN-762,平房仓(准低温),2024-09-29 00:59,2024-10-11 00:59,准低温低氧控制,LOG-CN-12986611145,散粮车,"防潮, 湿度<14%",2024-10-11 09:59,2024-10-12 16:10,北京市,朝阳区,116.48,39.92,2024-10-15 16:10
CN-AG-202409-11268,水稻,广西壮族自治区,桂平市,110.030248,23.388202,2024-04-23,2024-04-23 [播种育秧] -> 2024-05-16 [田间底肥] -> 2024-06-08 [插秧作业] -> 2024-07-01 [分蘖期灌溉] -> 2024-07-24 [除草控虫] -> 2024-08-16 [晒田补肥],2024-09-06 12:47,7638.58,桂平市第3深加工基地,"110.08036,23.399449",清理去石->砻谷脱壳->糙米碾白->抛光->色选->包装,2024-09-07 16:47,2024-09-08 02:00,WH-CN-856,平房仓(准低温),2024-09-08 08:00,2024-09-19 08:00,准低温低氧控制,LOG-CN-89838388613,散粮车,"防潮, 湿度<14%",2024-09-19 21:00,2024-09-21 01:06,南京市,江宁区,118.83,31.95,2024-09-23 01:06
CN-AG-202410-11269,棉花,新疆维吾尔自治区,沙雅县,82.748393,41.233702,2024-05-03,2024-05-03 [覆膜播种] -> 2024-06-08 [人工打顶] -> 2024-07-14 [叶面喷施补硼] -> 2024-08-19 [枯萎病监测] -> 2024-09-24 [喷施脱叶剂],2024-10-28 14:27,35417.13,沙雅县第5深加工基地,"82.778583,41.21967",皮棉清理->锯齿轧花->纤维分级->压力打包,2024-10-30 20:27,2024-10-31 00:09,WH-CN-233,专业纤维库,2024-10-31 06:09,2024-11-18 06:09,避光控温控制,LOG-CN-15051314366,高栏平板车,"严禁烟火, 防静电, 干燥",2024-11-18 12:09,2024-11-19 16:29,广州市,白云区,113.27,23.15,2024-11-20 16:29
CN-AG-202406-11270,小麦,山东省,汶上县,116.432739,35.678988,2023-10-30,2023-10-30 [深耕整地] -> 2023-12-07 [秋播种子处理] -> 2024-01-14 [越冬水灌溉] -> 2024-02-21 [拔节期追肥] -> 2024-03-30 [条锈病防治] -> 2024-05-07 [干热风防护],2024-06-21 08:06,12973.87,汶上县第2深加工基地,"116.474796,35.736749",磁选除杂->着水润麦->多级研磨->高方筛理->包装,2024-06-22 10:06,2024-06-22 13:34,WH-CN-472,钢板筒仓,2024-06-22 20:34,2024-07-18 20:34,准低温低氧控制,LOG-CN-79499165627,全封闭货车,"干燥, 禁止异味混载",2024-07-19 05:34,2024-07-23 06:40,成都市,武侯区,104.04,30.64,2024-07-24 06:40
CN-AG-202406-11271,小麦,河北省,藁城区,114.840589,37.993395,2023-10-16,2023-10-16 [深耕整地] -> 2023-11-23 [秋播种子处理] -> 2023-12-31 [越冬水灌溉] -> 2024-02-07 [拔节期追肥] -> 2024-03-16 [条锈病防治] -> 2024-04-23 [干热风防护],2024-06-06 11:46,18990.47,藁城区第3深加工基地,"114.831239,38.035375",磁选除杂->着水润麦->多级研磨->高方筛理->包装,2024-06-09 15:46,2024-06-10 01:22,WH-CN-724,钢板筒仓,2024-06-10 11:22,2024-07-08 11:22,准低温低氧控制,LOG-CN-67736036063,全封闭货车,"干燥, 禁止异味混载",2024-07-08 20:22,2024-07-11 10:33,武汉市,洪山区,114.34,30.5,2024-07-14 10:33
CN-AG-202410-11272,水稻,黑龙江省,五常市,127.104305,44.939217,2024-05-31,2024-05-31 [播种育秧] -> 2024-06-23 [田间底肥] -> 2024-07-16 [插秧作业] -> 2024-08-08 [分蘖期灌溉] -> 2024-08-31 [除草控虫] -> 2024-09-23 [晒田补肥],2024-10-19 16:27,28450.73,五常市第2深加工基地,"127.141055,44.920729",清理去石->砻谷脱壳->糙米碾白->抛光->色选->包装,2024-10-21 20:27,2024-10-22 00:26,WH-CN-383,平房仓(准低温),2024-10-22 04:26,2024-12-08 04:26,准低温低氧控制,LOG-CN-90152125677,散粮车,"防潮, 湿度<14%",2024-12-08 16:26,2024-12-13 16:55,武汉市,洪山区,114.34,30.5,2024-12-16 16:55
CN-AG-202409-11273,水稻,湖北省,钟祥市,112.534157,31.2101,2024-05-05,2024-05-05 [播种育秧] -> 2024-05-28 [田间底肥] -> 2024-06-20 [插秧作业] -> 2024-07-13 [分蘖期灌溉] -> 2024-08-05 [除草控虫] -> 2024-08-28 [晒田补肥],2024-09-20 15:53,24695.22,钟祥市第1深加工基地,"112.578758,31.160903",清理去石->砻谷脱壳->糙米碾白->抛光->色选->包装,2024-09-23 20:53,2024-09-24 06:30,WH-CN-373,平房仓(准低温),2024-09-24 11:30,2024-10-25 11:30,准低温低氧控制,LOG-CN-65393161539,散粮车,"防潮, 湿度<14%",2024-10-25 23:30,2024-10-28 23:22,广州市,白云区,113.27,23.15,2024-10-30 23:22
CN-AG-202406-11274,小麦,新疆维吾尔自治区,玛纳斯县,86.181489,44.341279,2023-11-07,2023-11-07 [深耕整地] -> 2023-12-15 [秋播种子处理] -> 2024-01-22 [越冬水灌溉] -> 2024-02-29 [拔节期追肥] -> 2024-04-07 [条锈病防治] -> 2024-05-15 [干热风防护],2024-06-28 16:03,29428.92,玛纳斯县第2深加工基地,"86.200798,44.298434",磁选除杂->着水润麦->多级研磨->高方筛理->包装,2024-07-02 21:03,2024-07-03 02:06,WH-CN-395,钢板筒仓,2024-07-03 07:06,2024-07-30 07:06,准低温低氧控制,LOG-CN-73901197480,全封闭货车,"干燥, 禁止异味混载",2024-07-30 16:06,2024-08-01 23:31,西安市,未央区,108.94,34.29,2024-08-04 23:31
CN-AG-202411-11275,棉花,甘肃省,瓜州县,95.779314,40.503889,2024-05-30,2024-05-30 [覆膜播种] -> 2024-07-05 [人工打顶] -> 2024-08-10 [叶面喷施补硼] -> 2024-09-15 [枯萎病监测] -> 2024-10-21 [喷施脱叶剂],2024-11-24 13:42,35710.04,瓜州县第4深加工基地,"95.766649,40.511418",皮棉清理->锯齿轧花->纤维分级->压力打包,2024-11-27 16:42,2024-11-27 23:59,WH-CN-605,专业纤维库,2024-11-28 09:59,2024-12-16 09:59,避光控温控制,LOG-CN-91277011686,高栏平板车,"严禁烟火, 防静电, 干燥",2024-12-16 18:59,2024-12-18 14:17,武汉市,东西湖区,114.13,30.62,2024-12-19 14:17
CN-AG-202410-11276,棉花,新疆维吾尔自治区,沙雅县,82.732795,41.197864,2024-04-17,2024-04-17 [覆膜播种] -> 2024-05-23 [人工打顶] -> 2024-06-28 [叶面喷施补硼] -> 2024-08-03 [枯萎病监测] -> 2024-09-08 [喷施脱叶剂],2024-10-11 15:05,24198.51,沙雅县第5深加工基地,"82.77199,41.217336",皮棉清理->锯齿轧花->纤维分级->压力打包,2024-10-15 20:05,2024-10-16 00:15,WH-CN-867,专业纤维库,2024-10-16 12:15,2024-11-09 12:15,避光控温控制,LOG-CN-41908024589,高栏平板车,"严禁烟火, 防静电, 干燥",2024-11-09 21:15,2024-11-14 09:33,武汉市,江岸区,114.3,30.59,2024-11-16 09:33
CN-AG-202410-11277,水稻,广西壮族自治区,宾阳县,108.865953,23.241992,2024-06-05,2024-06-05 [播种育秧] -> 2024-06-28 [田间底肥] -> 2024-07-21 [插秧作业] -> 2024-08-13 [分蘖期灌溉] -> 2024-09-05 [除草控虫] -> 2024-09-28 [晒田补肥],2024-10-26 09:25,32556.47,宾阳县第1深加工基地,"108.817301,23.219401",清理去石->砻谷脱壳->糙米碾白->抛光->色选->包装,2024-10-28 13:25,2024-10-28 20:44,WH-CN-525,平房仓(准低温),2024-10-29 07:44,2024-12-15 07:44,准低温低氧控制,LOG-CN-57657736693,散粮车,"防潮, 湿度<14%",2024-12-15 22:44,2024-12-20 23:40,深圳市,宝安区,113.88,22.55,2024-12-23 23:40
CN-AG-202409-11278,玉米,内蒙古自治区,突泉县,121.594104,46.342095,2024-05-28,2024-05-28 [免耕直播] -> 2024-06-19 [苗期中耕] -> 2024-07-11 [喇叭口期追肥] -> 2024-08-02 [大斑病防治] -> 2024-08-24 [人工授粉辅助],2024-09-13 16:41,21503.56,突泉县第2深加工基地,"121.572615,46.325704",物理清理->脱粒烘干->破碎加工->筛理分级,2024-09-17 18:41,2024-09-17 21:25,WH-CN-893,现代化圆筒仓,2024-09-18 04:25,2024-09-29 04:25,避光控温控制,LOG-CN-44769559068,重型散粮卡车,"通风良好, 严控高温",2024-09-29 17:25,2024-10-01 09:49,西安市,雁塔区,108.94,34.21,2024-10-02 09:49
CN-AG-202410-11279,水稻,湖北省,枣阳市,112.747842,32.124678,2024-06-03,2024-06-03 [播种育秧] -> 2024-06-26 [田间底肥] -> 2024-07-19 [插秧作业] -> 2024-08-11 [分蘖期灌溉] -> 2024-09-03 [除草控虫] -> 2024-09-26 [晒田补肥],2024-10-18 08:35,25725.36,枣阳市第3深加工基地,"112.745638,32.135156",清理去石->砻谷脱壳->糙米碾白->抛光->色选->包装,2024-10-22 12:35,2024-10-22 19:58,WH-CN-901,平房仓(准低温),2024-10-23 02:58,2024-11-09 02:58,准低温低氧控制,LOG-CN-73450672331,散粮车,"防潮, 湿度<14%",2024-11-09 12:58,2024-11-12 15:48,广州市,天河区,113.33,23.13,2024-11-13 15:48
CN-AG-202406-11280,小麦,河北省,宁晋县,114.970957,37.598165,2023-11-07,2023-11-07 [深耕整地] -> 2023-12-15 [秋播种子处理] -> 2024-01-22 [越冬水灌溉] -> 2024-02-29 [拔节期追肥] -> 2024-04-07 [条锈病防治] -> 2024-05-15 [干热风防护],2024-06-21 12:53,9854.31,宁晋县第5深加工基地,"114.919713,37.611124",磁选除杂->着水润麦->多级研磨->高方筛理->包装,2024-06-23 17:53,2024-06-24 03:34,WH-CN-981,钢板筒仓,2024-06-24 11:34,2024-07-26 11:34,准低温低氧控制,LOG-CN-90773413059,全封闭货车,"干燥, 禁止异味混载",2024-07-26 20:34,2024-07-31 00:40,南京市,玄武区,118.79,32.06,2024-08-02 00:40
CN-AG-202405-11281,油菜籽,四川省,安岳县,105.343244,30.149536,2023-10-06,2023-10-06 [育苗移栽] -> 2023-11-27 [越冬防冻肥] -> 2024-01-18 [薹期水肥调节] -> 2024-03-10 [菌核病无人机防治],2024-05-07 14:52,30151.18,安岳县第5深加工基地,"105.324995,30.100928",多级筛选->炒籽->螺旋压榨->精制过滤,2024-05-10 20:52,2024-05-11 06:35,WH-CN-571,恒温罐区,2024-05-11 11:35,2024-05-28 11:35,避光控温控制,LOG-CN-91984187661,罐式车,"避光, 防氧化",2024-05-28 23:35,2024-06-02 17:33,广州市,番禺区,113.38,22.93,2024-06-04 17:33
CN-AG-202406-11282,小麦,河北省,大名县,115.192246,36.261193,2023-10-30,2023-10-30 [深耕整地] -> 2023-12-07 [秋播种子处理] -> 2024-01-14 [越冬水灌溉] -> 2024-02-21 [拔节期追肥] -> 2024-03-30 [条锈病防治] -> 2024-05-07 [干热风防护],2024-06-14 16:14,5963.9,大名县第4深加工基地,"115.150295,36.281184",磁选除杂->着水润麦->多级研磨->高方筛理->包装,2024-06-17 19:14,2024-06-18 02:51,WH-CN-894,钢板筒仓,2024-06-18 07:51,2024-06-30 07:51,准低温低氧控制,LOG-CN-43150341336,全封闭货车,"干燥, 禁止异味混载",2024-06-30 14:51,2024-07-02 12:13,上海市,闵行区,121.38,31.11,2024-07-05 12:13
CN-AG-202405-11283,油菜籽,湖南省,安乡县,112.111923,29.36195,2023-10-30,2023-10-30 [育苗移栽] -> 2023-12-21 [越冬防冻肥] -> 2024-02-11 [薹期水肥调节] -> 2024-04-03 [菌核病无人机防治],2024-05-25 09:12,32809.81,安乡县第3深加工基地,"112.16754,29.419274",多级筛选->炒籽->螺旋压榨->精制过滤,2024-05-27 13:12,2024-05-27 18:01,WH-CN-146,恒温罐区,2024-05-28 01:01,2024-07-07 01:01,避光控温控制,LOG-CN-90855012437,罐式车,"避光, 防氧化",2024-07-07 10:01,2024-07-12 01:18,南京市,江宁区,118.83,31.95,2024-07-15 01:18
CN-AG-202409-11284,水稻,湖北省,枣阳市,112.699566,32.142386,2024-05-06,2024-05-06 [播种育秧] -> 2024-05-29 [田间底肥] -> 2024-06-21 [插秧作业] -> 2024-07-14 [分蘖期灌溉] -> 2024-08-06 [除草控虫] -> 2024-08-29 [晒田补肥],2024-09-24 08:04,39136.19,枣阳市第5深加工基地,"112.758651,32.133662",清理去石->砻谷脱壳->糙米碾白->抛光->色选->包装,2024-09-28 14:04,2024-09-28 18:24,WH-CN-770,平房仓(准低温),2024-09-28 22:24,2024-10-12 22:24,准低温低氧控制,LOG-CN-90360458279,散粮车,"防潮, 湿度<14%",2024-10-13 05:24,2024-10-14 18:49,成都市,新都区,104.15,30.82,2024-10-15 18:49
CN-AG-202409-11285,水稻,广西壮族自治区,宾阳县,108.765134,23.21908,2024-04-18,2024-04-18 [播种育秧] -> 2024-05-11 [田间底肥] -> 2024-06-03 [插秧作业] -> 2024-06-26 [分蘖期灌溉] -> 2024-07-19 [除草控虫] -> 2024-08-11 [晒田补肥],2024-09-02 12:41,38768.57,宾阳县第5深加工基地,"108.815327,23.211634",清理去石->砻谷脱壳->糙米碾白->抛光->色选->包装,2024-09-03 15:41,2024-09-03 22:42,WH-CN-716,平房仓(准低温),2024-09-04 10:42,2024-10-10 10:42,准低温低氧控制,LOG-CN-40234660666,散粮车,"防潮, 湿度<14%",2024-10-10 22:42,2024-10-14 19:44,南京市,玄武区,118.79,32.06,2024-10-17 19:44
CN-AG-202406-11286,小麦,河南省,滑县,114.565581,35.55877,2023-11-08,2023-11-08 [深耕整地] -> 2023-12-16 [秋播种子处理] -> 2024-01-23 [越冬水灌溉] -> 2024-03-01 [拔节期追肥] -> 2024-04-08 [条锈病防治] -> 2024-05-16 [干热风防护],2024-06-28 11:16,7148.42,滑县第4深加工基地,"114.527985,35.572974",磁选除杂->着水润麦->多级研磨->高方筛理->包装,2024-07-01 15:16,2024-07-01 22:29,WH-CN-679,钢板筒仓,2024-07-02 06:29,2024-07-21 06:29,准低温低氧控制,LOG-CN-74837549422,全封闭货车,"干燥, 禁止异味混载",2024-07-21 17:29,2024-07-23 18:33,北京市,朝阳区,116.48,39.92,2024-07-25 18:33
CN-AG-202409-11287,水稻,湖南省,南县,112.355755,29.374821,2024-05-05,2024-05-05 [播种育秧] -> 2024-05-28 [田间底肥] -> 2024-06-20 [插秧作业] -> 2024-07-13 [分蘖期灌溉] -> 2024-08-05 [除草控虫] -> 2024-08-28 [晒田补肥],2024-09-18 14:03,25403.84,南县第3深加工基地,"112.394036,29.356194",清理去石->砻谷脱壳->糙米碾白->抛光->色选->包装,2024-09-21 19:03,2024-09-21 22:23,WH-CN-967,平房仓(准低温),2024-09-22 03:23,2024-11-02 03:23,准低温低氧控制,LOG-CN-13508616219,散粮车,"防潮, 湿度<14%",2024-11-02 11:23,2024-11-07 16:08,上海市,浦东新区,121.54,31.22,2024-11-08 16:08
CN-AG-202410-11288,玉米,辽宁省,黑山县,122.151248,41.739059,2024-07-01,2024-07-01 [免耕直播] -> 2024-07-23 [苗期中耕] -> 2024-08-14 [喇叭口期追肥] -> 2024-09-05 [大斑病防治] -> 2024-09-27 [人工授粉辅助],2024-10-22 08:10,37686.03,黑山县第1深加工基地,"122.116019,41.693528",物理清理->脱粒烘干->破碎加工->筛理分级,2024-10-23 12:10,2024-10-23 15:27,WH-CN-891,现代化圆筒仓,2024-10-23 20:27,2024-11-10 20:27,避光控温控制,LOG-CN-95596276433,重型散粮卡车,"通风良好, 严控高温",2024-11-11 06:27,2024-11-13 22:35,西安市,长安区,108.87,34.15,2024-11-15 22:35
CN-AG-202410-11289,玉米,内蒙古自治区,五原县,108.290774,41.062085,2024-07-08,2024-07-08 [免耕直播] -> 2024-07-30 [苗期中耕] -> 2024-08-21 [喇叭口期追肥] -> 2024-09-12 [大斑病防治] -> 2024-10-04 [人工授粉辅助],2024-10-28 16:23,37128.97,五原县第4深加工基地,"108.254516,41.099483",物理清理->脱粒烘干->破碎加工->筛理分级,2024-11-01 20:23,2024-11-02 06:13,WH-CN-408,现代化圆筒仓,2024-11-02 16:13,2024-11-24 16:13,避光控温控制,LOG-CN-65773901668,重型散粮卡车,"通风良好, 严控高温",2024-11-25 06:13,2024-11-30 10:18,上海市,浦东新区,121.54,31.22,2024-12-01 10:18
CN-AG-202409-11290,水稻,辽宁省,盘山县,121.98484,41.253995,2024-04-21,2024-04-21 [播种育秧] -> 2024-05-14 [田间底肥] -> 2024-06-06 [插秧作业] -> 2024-06-29 [分蘖期灌溉] -> 2024-07-22 [除草控虫] -> 2024-08-14 [晒田补肥],2024-09-08 10:07,28221.08,盘山县第2深加工基地,"122.039371,41.236523",清理去石->砻谷脱壳->糙米碾白->抛光->色选->包装,2024-09-11 12:07,2024-09-11 15:15,WH-CN-497,平房仓(准低温),2024-09-11 22:15,2024-09-26 22:15,准低温低氧控制,LOG-CN-66119886545,散粮车,"防潮, 湿度<14%",2024-09-27 09:15,2024-09-28 15:41,武汉市,洪山区,114.34,30.5,2024-10-01 15:41
CN-AG-202410-11291,水稻,湖北省,钟祥市,112.638159,31.127755,2024-05-27,2024-05-27 [播种育秧] -> 2024-06-19 [田间底肥] -> 2024-07-12 [插秧作业] -> 2024-08-04 [分蘖期灌溉] -> 2024-08-27 [除草控虫] -> 2024-09-19 [晒田补肥],2024-10-11 10:20,37698.3,钟祥市第4深加工基地,"112.572607,31.164182",清理去石->砻谷脱壳->糙米碾白->抛光->色选->包装,2024-10-15 14:20,2024-10-15 17:28,WH-CN-697,平房仓(准低温),2024-10-15 21:28,2024-11-02 21:28,准低温低氧控制,LOG-CN-93935701854,散粮车,"防潮, 湿度<14%",2024-11-03 10:28,2024-11-08 07:19,武汉市,江岸区,114.3,30.59,2024-11-09 07:19
CN-AG-202410-11292,玉米,四川省,中江县,104.702287,30.994424,2024-06-27,2024-06-27 [免耕直播] -> 2024-07-19 [苗期中耕] -> 2024-08-10 [喇叭口期追肥] -> 2024-09-01 [大斑病防治] -> 2024-09-23 [人工授粉辅助],2024-10-14 14:38,12287.25,中江县第3深加工基地,"104.671308,31.02851",物理清理->脱粒烘干->破碎加工->筛理分级,2024-10-16 16:38,2024-10-16 19:23,WH-CN-896,现代化圆筒仓,2024-10-17 04:23,2024-11-02 04:23,避光控温控制,LOG-CN-50823087661,重型散粮卡车,"通风良好, 严控高温",2024-11-02 17:23,2024-11-05 14:05,武汉市,江岸区,114.3,30.59,2024-11-07 14:05
CN-AG-202411-11293,棉花,新疆维吾尔自治区,沙雅县,82.724132,41.162521,2024-05-28,2024-05-28 [覆膜播种] -> 2024-07-03 [人工打顶] -> 2024-08-08 [叶面喷施补硼] -> 2024-09-13 [枯萎病监测] -> 2024-10-19 [喷施脱叶剂],2024-11-21 09:29,21674.38,沙雅县第1深加工基地,"82.786333,41.218917",皮棉清理->锯齿轧花->纤维分级->压力打包,2024-11-25 14:29,2024-11-25 18:07,WH-CN-184,专业纤维库,2024-11-26 03:07,2024-12-31 03:07,避光控温控制,LOG-CN-48315323145,高栏平板车,"严禁烟火, 防静电, 干燥",2024-12-31 13:07,2025-01-03 14:02,武汉市,洪山区,114.34,30.5,2025-01-04 14:02
CN-AG-202409-11294,水稻,辽宁省,盘山县,121.990405,41.286229,2024-05-05,2024-05-05 [播种育秧] -> 2024-05-28 [田间底肥] -> 2024-06-20 [插秧作业] -> 2024-07-13 [分蘖期灌溉] -> 2024-08-05 [除草控虫] -> 2024-08-28 [晒田补肥],2024-09-27 14:32,19321.23,盘山县第5深加工基地,"122.048265,41.240767",清理去石->砻谷脱壳->糙米碾白->抛光->色选->包装,2024-10-01 17:32,2024-10-01 22:15,WH-CN-160,平房仓(准低温),2024-10-02 02:15,2024-11-13 02:15,准低温低氧控制,LOG-CN-47247312818,散粮车,"防潮, 湿度<14%",2024-11-13 08:15,2024-11-14 08:55,西安市,雁塔区,108.94,34.21,2024-11-16 08:55
CN-AG-202409-11295,大豆,辽宁省,昌图县,124.149548,42.766557,2024-05-14,2024-05-14 [拌种包衣] -> 2024-06-08 [等距点播] -> 2024-07-03 [结荚期根外追肥] -> 2024-07-28 [食心虫绿色防控] -> 2024-08-22 [除草中耕],2024-09-18 10:00,24327.5,昌图县第2深加工基地,"124.118708,42.772674",磁选->破碎压胚->高温压榨->物理过滤->精炼,2024-09-22 13:00,2024-09-22 17:08,WH-CN-279,不锈钢储油罐区,2024-09-23 05:08,2024-10-10 05:08,准低温低氧控制,LOG-CN-29568156169,罐式车,"避光, 控温25℃下",2024-10-10 13:08,2024-10-12 06:22,上海市,闵行区,121.38,31.11,2024-10-13 06:22
CN-AG-202406-11296,小麦,河南省,滑县,114.57296,35.600171,2023-11-02,2023-11-02 [深耕整地] -> 2023-12-10 [秋播种子处理] -> 2024-01-17 [越冬水灌溉] -> 2024-02-24 [拔节期追肥] -> 2024-04-02 [条锈病防治] -> 2024-05-10 [干热风防护],2024-06-16 13:55,14379.18,滑县第5深加工基地,"114.517268,35.573532",磁选除杂->着水润麦->多级研磨->高方筛理->包装,2024-06-18 17:55,2024-06-19 01:35,WH-CN-921,钢板筒仓,2024-06-19 09:35,2024-07-01 09:35,准低温低氧控制,LOG-CN-40562222911,全封闭货车,"干燥, 禁止异味混载",2024-07-01 16:35,2024-07-02 21:21,北京市,海淀区,116.3,39.96,2024-07-05 21:21
CN-AG-202409-11297,玉米,山东省,汶上县,116.453068,35.782582,2024-05-26,2024-05-26 [免耕直播] -> 2024-06-17 [苗期中耕] -> 2024-07-09 [喇叭口期追肥] -> 2024-07-31 [大斑病防治] -> 2024-08-22 [人工授粉辅助],2024-09-08 13:42,32704.1,汶上县第4深加工基地,"116.484016,35.726643",物理清理->脱粒烘干->破碎加工->筛理分级,2024-09-11 16:42,2024-09-11 21:55,WH-CN-396,现代化圆筒仓,2024-09-12 08:55,2024-10-01 08:55,避光控温控制,LOG-CN-96404692551,重型散粮卡车,"通风良好, 严控高温",2024-10-01 22:55,2024-10-06 02:03,广州市,番禺区,113.38,22.93,2024-10-07 02:03
CN-AG-202410-11298,玉米,广西壮族自治区,武宣县,109.711528,23.621838,2024-06-28,2024-06-28 [免耕直播] -> 2024-07-20 [苗期中耕] -> 2024-08-11 [喇叭口期追肥] -> 2024-09-02 [大斑病防治] -> 2024-09-24 [人工授粉辅助],2024-10-18 08:38,36851.17,武宣县第3深加工基地,"109.66596,23.584096",物理清理->脱粒烘干->破碎加工->筛理分级,2024-10-20 10:38,2024-10-20 14:13,WH-CN-348,现代化圆筒仓,2024-10-21 02:13,2024-11-01 02:13,避光控温控制,LOG-CN-19883932175,重型散粮卡车,"通风良好, 严控高温",2024-11-01 12:13,2024-11-03 01:52,上海市,浦东新区,121.54,31.22,2024-11-05 01:52
CN-AG-202409-11299,玉米,四川省,中江县,104.617655,31.058626,2024-06-12,2024-06-12 [免耕直播] -> 2024-07-04 [苗期中耕] -> 2024-07-26 [喇叭口期追肥] -> 2024-08-17 [大斑病防治] -> 2024-09-08 [人工授粉辅助],2024-09-26 16:48,7975.09,中江县第5深加工基地,"104.665655,31.027744",物理清理->脱粒烘干->破碎加工->筛理分级,2024-09-29 20:48,2024-09-30 03:18,WH-CN-790,现代化圆筒仓,2024-09-30 15:18,2024-11-05 15:18,避光控温控制,LOG-CN-42685745476,重型散粮卡车,"通风良好, 严控高温",2024-11-05 23:18,2024-11-09 21:20,西安市,未央区,108.94,34.29,2024-11-10 21:20
CN-AG-202409-11300,大豆,黑龙江省,富锦市,132.087954,47.226539,2024-05-20,2024-05-20 [拌种包衣] -> 2024-06-14 [等距点播] -> 2024-07-09 [结荚期根外追肥] -> 2024-08-03 [食心虫绿色防控] -> 2024-08-28 [除草中耕],2024-09-25 13:31,26719.78,富锦市第4深加工基地,"132.034354,47.252856",磁选->破碎压胚->高温压榨->物理过滤->精炼,2024-09-26 16:31,2024-09-26 22:58,WH-CN-356,不锈钢储油罐区,2024-09-27 10:58,2024-11-13 10:58,准低温低氧控制,LOG-CN-43946818080,罐式车,"避光, 控温25℃下",2024-11-13 18:58,2024-11-15 07:12,上海市,宝山区,121.48,31.4,2024-11-18 07:12
CN-AG-202406-11301,小麦,河北省,宁晋县,114.905264,37.677194,2023-11-10,2023-11-10 [深耕整地] -> 2023-12-18 [秋播种子处理] -> 2024-01-25 [越冬水灌溉] -> 2024-03-03 [拔节期追肥] -> 2024-04-10 [条锈病防治] -> 2024-05-18 [干热风防护],2024-06-27 13:35,11530.04,宁晋县第1深加工基地,"114.918691,37.626037",磁选除杂->着水润麦->多级研磨->高方筛理->包装,2024-06-30 18:35,2024-07-01 03:46,WH-CN-954,钢板筒仓,2024-07-01 12:46,2024-08-17 12:46,准低温低氧控制,LOG-CN-93404407402,全封闭货车,"干燥, 禁止异味混载",2024-08-17 18:46,2024-08-21 16:34,成都市,新都区,104.15,30.82,2024-08-23 16:34
CN-AG-202410-11302,水稻,江苏省,兴化市,119.811679,32.974344,2024-05-21,2024-05-21 [播种育秧] -> 2024-06-13 [田间底肥] -> 2024-07-06 [插秧作业] -> 2024-07-29 [分蘖期灌溉] -> 2024-08-21 [除草控虫] -> 2024-09-13 [晒田补肥],2024-10-12 10:33,20832.15,兴化市第3深加工基地,"119.844375,32.938954",清理去石->砻谷脱壳->糙米碾白->抛光->色选->包装,2024-10-16 12:33,2024-10-16 18:16,WH-CN-480,平房仓(准低温),2024-10-16 23:16,2024-10-29 23:16,准低温低氧控制,LOG-CN-18775611579,散粮车,"防潮, 湿度<14%",2024-10-30 11:16,2024-11-02 21:31,南京市,江宁区,118.83,31.95,2024-11-03 21:31
CN-AG-202409-11303,玉米,河北省,宁晋县,114.950743,37.599146,2024-05-30,2024-05-30 [免耕直播] -> 2024-06-21 [苗期中耕] -> 2024-07-13 [喇叭口期追肥] -> 2024-08-04 [大斑病防治] -> 2024-08-26 [人工授粉辅助],2024-09-15 14:05,22920.99,宁晋县第2深加工基地,"114.922164,37.617875",物理清理->脱粒烘干->破碎加工->筛理分级,2024-09-19 20:05,2024-09-19 23:10,WH-CN-590,现代化圆筒仓,2024-09-20 07:10,2024-11-06 07:10,避光控温控制,LOG-CN-64644379103,重型散粮卡车,"通风良好, 严控高温",2024-11-06 18:10,2024-11-08 22:50,北京市,朝阳区,116.48,39.92,2024-11-09 22:50
CN-AG-202405-11304,油菜籽,四川省,中江县,104.699084,31.023349,2023-10-11,2023-10-11 [育苗移栽] -> 2023-12-02 [越冬防冻肥] -> 2024-01-23 [薹期水肥调节] -> 2024-03-15 [菌核病无人机防治],2024-05-10 12:19,36533.39,中江县第2深加工基地,"104.661169,31.024567",多级筛选->炒籽->螺旋压榨->精制过滤,2024-05-14 15:19,2024-05-14 20:34,WH-CN-317,恒温罐区,2024-05-15 00:34,2024-06-28 00:34,避光控温控制,LOG-CN-80014330059,罐式车,"避光, 防氧化",2024-06-28 08:34,2024-06-30 15:21,成都市,新都区,104.15,30.82,2024-07-01 15:21
CN-AG-202410-11305,水稻,黑龙江省,五常市,127.146917,44.905992,2024-05-19,2024-05-19 [播种育秧] -> 2024-06-11 [田间底肥] -> 2024-07-04 [插秧作业] -> 2024-07-27 [分蘖期灌溉] -> 2024-08-19 [除草控虫] -> 2024-09-11 [晒田补肥],2024-10-03 15:45,16831.28,五常市第4深加工基地,"127.147096,44.92336",清理去石->砻谷脱壳->糙米碾白->抛光->色选->包装,2024-10-06 17:45,2024-10-07 02:23,WH-CN-388,平房仓(准低温),2024-10-07 11:23,2024-11-07 11:23,准低温低氧控制,LOG-CN-61663277975,散粮车,"防潮, 湿度<14%",2024-11-08 02:23,2024-11-09 15:43,深圳市,南山区,113.93,22.54,2024-11-12 15:43
CN-AG-202407-11306,大麦,新疆维吾尔自治区,奇台县,89.536887,44.007998,2024-03-26,2024-03-26 [翻耕播种] -> 2024-04-20 [分蘖期施氮] -> 2024-05-15 [化学除草] -> 2024-06-09 [灌浆期监控],2024-07-01 10:17,28647.98,奇台县第3深加工基地,"89.597687,44.021666",杂质清理->脱壳处理->分级磨皮->包装,2024-07-04 15:17,2024-07-04 18:18,WH-CN-467,平房仓,2024-07-05 01:18,2024-07-28 01:18,避光控温控制,LOG-CN-53304295056,散装车,防霉通风,2024-07-28 09:18,2024-08-01 17:08,深圳市,宝安区,113.88,22.55,2024-08-03 17:08
CN-AG-202406-11307,小麦,四川省,安岳县,105.341737,30.058209,2023-10-27,2023-10-27 [深耕整地] -> 2023-12-04 [秋播种子处理] -> 2024-01-11 [越冬水灌溉] -> 2024-02-18 [拔节期追肥] -> 2024-03-27 [条锈病防治] -> 2024-05-04 [干热风防护],2024-06-08 08:17,38294.75,安岳县第5深加工基地,"105.328387,30.103295",磁选除杂->着水润麦->多级研磨->高方筛理->包装,2024-06-10 14:17,2024-06-10 20:29,WH-CN-242,钢板筒仓,2024-06-11 06:29,2024-07-02 06:29,准低温低氧控制,LOG-CN-30741343248,全封闭货车,"干燥, 禁止异味混载",2024-07-02 14:29,2024-07-04 03:00,上海市,闵行区,121.38,31.11,2024-07-06 03:00
CN-AG-202409-11308,大豆,黑龙江省,富锦市,132.019288,47.274132,2024-05-15,2024-05-15 [拌种包衣] -> 2024-06-09 [等距点播] -> 2024-07-04 [结荚期根外追肥] -> 2024-07-29 [食心虫绿色防控] -> 2024-08-23 [除草中耕],2024-09-14 15:34,35045.33,富锦市第1深加工基地,"132.020147,47.250093",磁选->破碎压胚->高温压榨->物理过滤->精炼,2024-09-15 19:34,2024-09-16 03:54,WH-CN-505,不锈钢储油罐区,2024-09-16 10:54,2024-11-02 10:54,准低温低氧控制,LOG-CN-23810247589,罐式车,"避光, 控温25℃下",2024-11-02 22:54,2024-11-07 04:07,广州市,白云区,113.27,23.15,2024-11-09 04:07
CN-AG-202409-11309,玉米,内蒙古自治区,突泉县,121.589361,46.353006,2024-05-23,2024-05-23 [免耕直播] -> 2024-06-14 [苗期中耕] -> 2024-07-06 [喇叭口期追肥] -> 2024-07-28 [大斑病防治] -> 2024-08-19 [人工授粉辅助],2024-09-10 16:49,13377.58,突泉县第2深加工基地,"121.567365,46.320768",物理清理->脱粒烘干->破碎加工->筛理分级,2024-09-11 19:49,2024-09-11 23:36,WH-CN-316,现代化圆筒仓,2024-09-12 03:36,2024-10-18 03:36,避光控温控制,LOG-CN-93209286794,重型散粮卡车,"通风良好, 严控高温",2024-10-18 18:36,2024-10-20 00:42,上海市,宝山区,121.48,31.4,2024-10-23 00:42
CN-AG-202409-11310,大豆,内蒙古自治区,突泉县,121.560488,46.387484,2024-05-06,2024-05-06 [拌种包衣] -> 2024-05-31 [等距点播] -> 2024-06-25 [结荚期根外追肥] -> 2024-07-20 [食心虫绿色防控] -> 2024-08-14 [除草中耕],2024-09-03 17:03,18180.05,突泉县第3深加工基地,"121.578199,46.330039",磁选->破碎压胚->高温压榨->物理过滤->精炼,2024-09-04 19:03,2024-09-04 23:07,WH-CN-816,不锈钢储油罐区,2024-09-05 08:07,2024-10-12 08:07,准低温低氧控制,LOG-CN-20704043815,罐式车,"避光, 控温25℃下",2024-10-12 16:07,2024-10-14 16:00,上海市,闵行区,121.38,31.11,2024-10-16 16:00
CN-AG-202409-11311,大豆,安徽省,怀远县,117.209848,32.996071,2024-05-16,2024-05-16 [拌种包衣] -> 2024-06-10 [等距点播] -> 2024-07-05 [结荚期根外追肥] -> 2024-07-30 [食心虫绿色防控] -> 2024-08-24 [除草中耕],2024-09-20 12:00,26963.36,怀远县第4深加工基地,"117.207287,32.975956",磁选->破碎压胚->高温压榨->物理过滤->精炼,2024-09-22 15:00,2024-09-22 17:30,WH-CN-900,不锈钢储油罐区,2024-09-23 01:30,2024-10-25 01:30,准低温低氧控制,LOG-CN-48978841563,罐式车,"避光, 控温25℃下",2024-10-25 10:30,2024-10-26 20:54,深圳市,福田区,114.05,22.54,2024-10-29 20:54
CN-AG-202409-11312,花生,山东省,平度市,119.947013,36.774827,2024-05-20,2024-05-20 [清棵蹲苗] -> 2024-06-13 [培土迎葑] -> 2024-07-07 [钙镁肥补充] -> 2024-07-31 [下针期控旺] -> 2024-08-24 [地下虫害防治],2024-09-15 12:53,36935.33,平度市第1深加工基地,"119.959334,36.777721",剥壳分选->烘炒->压榨提取->物理精炼,2024-09-19 14:53,2024-09-20 00:03,WH-CN-786,避光库房,2024-09-20 05:03,2024-11-08 05:03,避光控温控制,LOG-CN-67977562749,厢式货车,避光防潮,2024-11-08 14:03,2024-11-13 04:42,成都市,龙泉驿区,104.27,30.55,2024-11-16 04:42
CN-AG-202406-11313,小麦,河北省,大名县,115.099987,36.30366,2023-10-11,2023-10-11 [深耕整地] -> 2023-11-18 [秋播种子处理] -> 2023-12-26 [越冬水灌溉] -> 2024-02-02 [拔节期追肥] -> 2024-03-11 [条锈病防治] -> 2024-04-18 [干热风防护],2024-06-02 13:11,16240.33,大名县第5深加工基地,"115.149611,36.287259",磁选除杂->着水润麦->多级研磨->高方筛理->包装,2024-06-06 18:11,2024-06-06 21:15,WH-CN-156,钢板筒仓,2024-06-07 03:15,2024-06-18 03:15,准低温低氧控制,LOG-CN-94702601491,全封闭货车,"干燥, 禁止异味混载",2024-06-18 10:15,2024-06-23 19:59,广州市,番禺区,113.38,22.93,2024-06-26 19:59
CN-AG-202409-11314,玉米,吉林省,榆树市,126.555966,44.76825,2024-05-25,2024-05-25 [免耕直播] -> 2024-06-16 [苗期中耕] -> 2024-07-08 [喇叭口期追肥] -> 2024-07-30 [大斑病防治] -> 2024-08-21 [人工授粉辅助],2024-09-08 09:43,16735.49,榆树市第2深加工基地,"126.557555,44.818343",物理清理->脱粒烘干->破碎加工->筛理分级,2024-09-12 14:43,2024-09-12 22:33,WH-CN-254,现代化圆筒仓,2024-09-13 10:33,2024-10-21 10:33,避光控温控制,LOG-CN-24973520389,重型散粮卡车,"通风良好, 严控高温",2024-10-21 23:33,2024-10-26 08:00,北京市,海淀区,116.3,39.96,2024-10-27 08:00
CN-AG-202409-11315,水稻,湖北省,枣阳市,112.789176,32.094479,2024-04-11,2024-04-11 [播种育秧] -> 2024-05-04 [田间底肥] -> 2024-05-27 [插秧作业] -> 2024-06-19 [分蘖期灌溉] -> 2024-07-12 [除草控虫] -> 2024-08-04 [晒田补肥],2024-09-03 10:24,26219.59,枣阳市第2深加工基地,"112.741092,32.131154",清理去石->砻谷脱壳->糙米碾白->抛光->色选->包装,2024-09-06 16:24,2024-09-06 22:02,WH-CN-122,平房仓(准低温),2024-09-07 08:02,2024-10-01 08:02,准低温低氧控制,LOG-CN-10171980779,散粮车,"防潮, 湿度<14%",2024-10-01 15:02,2024-10-04 03:56,西安市,雁塔区,108.94,34.21,2024-10-05 03:56
CN-AG-202406-11316,小麦,甘肃省,永昌县,101.971514,38.296621,2023-11-05,2023-11-05 [深耕整地] -> 2023-12-13 [秋播种子处理] -> 2024-01-20 [越冬水灌溉] -> 2024-02-27 [拔节期追肥] -> 2024-04-05 [条锈病防治] -> 2024-05-13 [干热风防护],2024-06-25 11:36,26922.92,永昌县第4深加工基地,"101.969388,38.235818",磁选除杂->着水润麦->多级研磨->高方筛理->包装,2024-06-27 14:36,2024-06-27 23:05,WH-CN-489,钢板筒仓,2024-06-28 04:05,2024-07-21 04:05,准低温低氧控制,LOG-CN-38400925669,全封闭货车,"干燥, 禁止异味混载",2024-07-21 16:05,2024-07-24 12:43,广州市,白云区,113.27,23.15,2024-07-27 12:43
CN-AG-202410-11317,玉米,辽宁省,黑山县,122.096588,41.732943,2024-06-13,2024-06-13 [免耕直播] -> 2024-07-05 [苗期中耕] -> 2024-07-27 [喇叭口期追肥] -> 2024-08-18 [大斑病防治] -> 2024-09-09 [人工授粉辅助],2024-10-04 15:42,8298.67,黑山县第3深加工基地,"122.112581,41.683854",物理清理->脱粒烘干->破碎加工->筛理分级,2024-10-06 20:42,2024-10-07 02:43,WH-CN-783,现代化圆筒仓,2024-10-07 11:43,2024-11-22 11:43,避光控温控制,LOG-CN-13740049775,重型散粮卡车,"通风良好, 严控高温",2024-11-22 20:43,2024-11-26 15:51,上海市,闵行区,121.38,31.11,2024-11-27 15:51
CN-AG-202409-11318,玉米,河北省,藁城区,114.873606,38.005743,2024-06-06,2024-06-06 [免耕直播] -> 2024-06-28 [苗期中耕] -> 2024-07-20 [喇叭口期追肥] -> 2024-08-11 [大斑病防治] -> 2024-09-02 [人工授粉辅助],2024-09-23 14:25,38007.35,藁城区第2深加工基地,"114.83455,38.029433",物理清理->脱粒烘干->破碎加工->筛理分级,2024-09-25 19:25,2024-09-26 01:42,WH-CN-927,现代化圆筒仓,2024-09-26 08:42,2024-10-29 08:42,避光控温控制,LOG-CN-43971418332,重型散粮卡车,"通风良好, 严控高温",2024-10-29 21:42,2024-10-31 20:59,上海市,浦东新区,121.54,31.22,2024-11-02 20:59
CN-AG-202410-11319,玉米,安徽省,蒙城县,116.539928,33.219942,2024-06-21,2024-06-21 [免耕直播] -> 2024-07-13 [苗期中耕] -> 2024-08-04 [喇叭口期追肥] -> 2024-08-26 [大斑病防治] -> 2024-09-17 [人工授粉辅助],2024-10-11 14:39,33495.11,蒙城县第5深加工基地,"116.556861,33.268798",物理清理->脱粒烘干->破碎加工->筛理分级,2024-10-15 18:39,2024-10-16 01:39,WH-CN-394,现代化圆筒仓,2024-10-16 12:39,2024-11-27 12:39,避光控温控制,LOG-CN-60286154833,重型散粮卡车,"通风良好, 严控高温",2024-11-28 00:39,2024-11-29 20:49,成都市,新都区,104.15,30.82,2024-12-01 20:49
CN-AG-202410-11320,水稻,辽宁省,盘山县,122.038228,41.298575,2024-06-01,2024-06-01 [播种育秧] -> 2024-06-24 [田间底肥] -> 2024-07-17 [插秧作业] -> 2024-08-09 [分蘖期灌溉] -> 2024-09-01 [除草控虫] -> 2024-09-24 [晒田补肥],2024-10-14 10:20,6898.28,盘山县第4深加工基地,"122.047823,41.233583",清理去石->砻谷脱壳->糙米碾白->抛光->色选->包装,2024-10-18 16:20,2024-10-18 19:56,WH-CN-884,平房仓(准低温),2024-10-19 05:56,2024-11-18 05:56,准低温低氧控制,LOG-CN-33588776500,散粮车,"防潮, 湿度<14%",2024-11-18 16:56,2024-11-20 07:05,南京市,南京浦口区,118.62,32.05,2024-11-23 07:05
CN-AG-202410-11321,水稻,湖南省,桃源县,111.505161,28.895243,2024-06-03,2024-06-03 [播种育秧] -> 2024-06-26 [田间底肥] -> 2024-07-19 [插秧作业] -> 2024-08-11 [分蘖期灌溉] -> 2024-09-03 [除草控虫] -> 2024-09-26 [晒田补肥],2024-10-23 08:39,35403.68,桃源县第3深加工基地,"111.471004,28.909674",清理去石->砻谷脱壳->糙米碾白->抛光->色选->包装,2024-10-25 12:39,2024-10-25 20:59,WH-CN-104,平房仓(准低温),2024-10-26 04:59,2024-11-13 04:59,准低温低氧控制,LOG-CN-27978932669,散粮车,"防潮, 湿度<14%",2024-11-13 19:59,2024-11-15 10:18,上海市,浦东新区,121.54,31.22,2024-11-17 10:18
CN-AG-202410-11322,玉米,内蒙古自治区,阿荣旗,123.536455,48.071603,2024-06-22,2024-06-22 [免耕直播] -> 2024-07-14 [苗期中耕] -> 2024-08-05 [喇叭口期追肥] -> 2024-08-27 [大斑病防治] -> 2024-09-18 [人工授粉辅助],2024-10-15 16:54,15195.74,阿荣旗第1深加工基地,"123.503686,48.115637",物理清理->脱粒烘干->破碎加工->筛理分级,2024-10-16 20:54,2024-10-17 02:20,WH-CN-569,现代化圆筒仓,2024-10-17 13:20,2024-12-02 13:20,避光控温控制,LOG-CN-35873859464,重型散粮卡车,"通风良好, 严控高温",2024-12-03 00:20,2024-12-04 15:15,西安市,雁塔区,108.94,34.21,2024-12-07 15:15
CN-AG-202409-11323,玉米,内蒙古自治区,突泉县,121.512622,46.274723,2024-05-18,2024-05-18 [免耕直播] -> 2024-06-09 [苗期中耕] -> 2024-07-01 [喇叭口期追肥] -> 2024-07-23 [大斑病防治] -> 2024-08-14 [人工授粉辅助],2024-09-10 15:35,37288.51,突泉县第4深加工基地,"121.562689,46.33549",物理清理->脱粒烘干->破碎加工->筛理分级,2024-09-12 18:35,2024-09-12 22:43,WH-CN-509,现代化圆筒仓,2024-09-13 09:43,2024-10-02 09:43,避光控温控制,LOG-CN-11912407355,重型散粮卡车,"通风良好, 严控高温",2024-10-02 19:43,2024-10-05 11:47,北京市,丰台区,116.28,39.85,2024-10-08 11:47
CN-AG-202406-11324,小麦,河北省,宁晋县,114.932708,37.616126,2023-11-07,2023-11-07 [深耕整地] -> 2023-12-15 [秋播种子处理] -> 2024-01-22 [越冬水灌溉] -> 2024-02-29 [拔节期追肥] -> 2024-04-07 [条锈病防治] -> 2024-05-15 [干热风防护],2024-06-21 11:42,36196.95,宁晋县第5深加工基地,"114.910542,37.618567",磁选除杂->着水润麦->多级研磨->高方筛理->包装,2024-06-25 14:42,2024-06-25 17:14,WH-CN-399,钢板筒仓,2024-06-25 22:14,2024-07-09 22:14,准低温低氧控制,LOG-CN-28332731915,全封闭货车,"干燥, 禁止异味混载",2024-07-10 04:14,2024-07-15 14:07,广州市,天河区,113.33,23.13,2024-07-16 14:07
CN-AG-202409-11325,玉米,河北省,藁城区,114.781262,38.06402,2024-05-18,2024-05-18 [免耕直播] -> 2024-06-09 [苗期中耕] -> 2024-07-01 [喇叭口期追肥] -> 2024-07-23 [大斑病防治] -> 2024-08-14 [人工授粉辅助],2024-09-07 11:27,5305.45,藁城区第3深加工基地,"114.847866,38.035238",物理清理->脱粒烘干->破碎加工->筛理分级,2024-09-11 13:27,2024-09-11 22:41,WH-CN-755,现代化圆筒仓,2024-09-12 10:41,2024-10-02 10:41,避光控温控制,LOG-CN-47268197464,重型散粮卡车,"通风良好, 严控高温",2024-10-02 17:41,2024-10-07 10:54,南京市,江宁区,118.83,31.95,2024-10-09 10:54
CN-AG-202405-11326,油菜籽,湖南省,桃源县,111.484265,28.891941,2023-10-20,2023-10-20 [育苗移栽] -> 2023-12-11 [越冬防冻肥] -> 2024-02-01 [薹期水肥调节] -> 2024-03-24 [菌核病无人机防治],2024-05-20 10:01,36783.39,桃源县第2深加工基地,"111.477784,28.89954",多级筛选->炒籽->螺旋压榨->精制过滤,2024-05-23 15:01,2024-05-23 19:54,WH-CN-483,恒温罐区,2024-05-23 23:54,2024-06-09 23:54,避光控温控制,LOG-CN-18593861998,罐式车,"避光, 防氧化",2024-06-10 09:54,2024-06-14 17:17,深圳市,福田区,114.05,22.54,2024-06-15 17:17
CN-AG-202409-11327,大豆,辽宁省,昌图县,124.157272,42.826491,2024-05-11,2024-05-11 [拌种包衣] -> 2024-06-05 [等距点播] -> 2024-06-30 [结荚期根外追肥] -> 2024-07-25 [食心虫绿色防控] -> 2024-08-19 [除草中耕],2024-09-13 09:30,14864.59,昌图县第3深加工基地,"124.112301,42.776716",磁选->破碎压胚->高温压榨->物理过滤->精炼,2024-09-14 15:30,2024-09-15 01:29,WH-CN-347,不锈钢储油罐区,2024-09-15 05:29,2024-10-08 05:29,准低温低氧控制,LOG-CN-57518978626,罐式车,"避光, 控温25℃下",2024-10-08 15:29,2024-10-13 00:33,北京市,海淀区,116.3,39.96,2024-10-14 00:33
CN-AG-202410-11328,玉米,河北省,宁晋县,114.975447,37.671229,2024-06-15,2024-06-15 [免耕直播] -> 2024-07-07 [苗期中耕] -> 2024-07-29 [喇叭口期追肥] -> 2024-08-20 [大斑病防治] -> 2024-09-11 [人工授粉辅助],2024-10-03 11:53,22699.0,宁晋县第2深加工基地,"114.919056,37.620179",物理清理->脱粒烘干->破碎加工->筛理分级,2024-10-05 17:53,2024-10-06 01:47,WH-CN-143,现代化圆筒仓,2024-10-06 06:47,2024-11-02 06:47,避光控温控制,LOG-CN-98581404394,重型散粮卡车,"通风良好, 严控高温",2024-11-02 16:47,2024-11-06 03:07,深圳市,南山区,113.93,22.54,2024-11-08 03:07
CN-AG-202410-11329,水稻,黑龙江省,五常市,127.205065,44.903443,2024-05-31,2024-05-31 [播种育秧] -> 2024-06-23 [田间底肥] -> 2024-07-16 [插秧作业] -> 2024-08-08 [分蘖期灌溉] -> 2024-08-31 [除草控虫] -> 2024-09-23 [晒田补肥],2024-10-17 13:24,36100.2,五常市第1深加工基地,"127.151597,44.922856",清理去石->砻谷脱壳->糙米碾白->抛光->色选->包装,2024-10-21 15:24,2024-10-21 22:03,WH-CN-514,平房仓(准低温),2024-10-22 09:03,2024-12-06 09:03,准低温低氧控制,LOG-CN-95458930227,散粮车,"防潮, 湿度<14%",2024-12-06 16:03,2024-12-10 21:05,成都市,武侯区,104.04,30.64,2024-12-11 21:05
CN-AG-202410-11330,水稻,湖北省,监利市,112.873481,29.803906,2024-06-09,2024-06-09 [播种育秧] -> 2024-07-02 [田间底肥] -> 2024-07-25 [插秧作业] -> 2024-08-17 [分蘖期灌溉] -> 2024-09-09 [除草控虫] -> 2024-10-02 [晒田补肥],2024-10-23 09:27,33931.06,监利市第4深加工基地,"112.909976,29.828099",清理去石->砻谷脱壳->糙米碾白->抛光->色选->包装,2024-10-24 13:27,2024-10-24 20:21,WH-CN-549,平房仓(准低温),2024-10-25 06:21,2024-12-01 06:21,准低温低氧控制,LOG-CN-88839484183,散粮车,"防潮, 湿度<14%",2024-12-01 13:21,2024-12-05 13:57,南京市,玄武区,118.79,32.06,2024-12-07 13:57
CN-AG-202409-11331,水稻,湖北省,监利市,112.909425,29.776596,2024-04-17,2024-04-17 [播种育秧] -> 2024-05-10 [田间底肥] -> 2024-06-02 [插秧作业] -> 2024-06-25 [分蘖期灌溉] -> 2024-07-18 [除草控虫] -> 2024-08-10 [晒田补肥],2024-09-06 14:04,23869.15,监利市第5深加工基地,"112.89309,29.821651",清理去石->砻谷脱壳->糙米碾白->抛光->色选->包装,2024-09-07 18:04,2024-09-08 03:56,WH-CN-456,平房仓(准低温),2024-09-08 07:56,2024-10-09 07:56,准低温低氧控制,LOG-CN-54762071929,散粮车,"防潮, 湿度<14%",2024-10-09 16:56,2024-10-12 01:18,深圳市,南山区,113.93,22.54,2024-10-15 01:18
CN-AG-202410-11332,水稻,江苏省,东海县,118.771255,34.532748,2024-05-23,2024-05-23 [播种育秧] -> 2024-06-15 [田间底肥] -> 2024-07-08 [插秧作业] -> 2024-07-31 [分蘖期灌溉] -> 2024-08-23 [除草控虫] -> 2024-09-15 [晒田补肥],2024-10-08 13:15,16730.29,东海县第1深加工基地,"118.766329,34.535176",清理去石->砻谷脱壳->糙米碾白->抛光->色选->包装,2024-10-10 17:15,2024-10-10 21:06,WH-CN-168,平房仓(准低温),2024-10-11 07:06,2024-11-15 07:06,准低温低氧控制,LOG-CN-55875917704,散粮车,"防潮, 湿度<14%",2024-11-15 20:06,2024-11-20 23:50,广州市,天河区,113.33,23.13,2024-11-22 23:50
CN-AG-202410-11333,水稻,湖北省,枣阳市,112.726386,32.080436,2024-05-23,2024-05-23 [播种育秧] -> 2024-06-15 [田间底肥] -> 2024-07-08 [插秧作业] -> 2024-07-31 [分蘖期灌溉] -> 2024-08-23 [除草控虫] -> 2024-09-15 [晒田补肥],2024-10-14 16:31,11256.93,枣阳市第4深加工基地,"112.758894,32.139331",清理去石->砻谷脱壳->糙米碾白->抛光->色选->包装,2024-10-16 18:31,2024-10-17 03:58,WH-CN-540,平房仓(准低温),2024-10-17 10:58,2024-10-27 10:58,准低温低氧控制,LOG-CN-85559327986,散粮车,"防潮, 湿度<14%",2024-10-27 21:58,2024-10-30 00:08,广州市,番禺区,113.38,22.93,2024-11-01 00:08
CN-AG-202410-11334,水稻,四川省,三台县,105.098502,31.070185,2024-05-24,2024-05-24 [播种育秧] -> 2024-06-16 [田间底肥] -> 2024-07-09 [插秧作业] -> 2024-08-01 [分蘖期灌溉] -> 2024-08-24 [除草控虫] -> 2024-09-16 [晒田补肥],2024-10-11 09:40,33132.71,三台县第4深加工基地,"105.080124,31.098192",清理去石->砻谷脱壳->糙米碾白->抛光->色选->包装,2024-10-12 12:40,2024-10-12 17:53,WH-CN-937,平房仓(准低温),2024-10-12 23:53,2024-11-24 23:53,准低温低氧控制,LOG-CN-13931038429,散粮车,"防潮, 湿度<14%",2024-11-25 11:53,2024-11-27 01:08,武汉市,江岸区,114.3,30.59,2024-11-28 01:08
CN-AG-202409-11335,水稻,湖北省,枣阳市,112.803804,32.167282,2024-05-05,2024-05-05 [播种育秧] -> 2024-05-28 [田间底肥] -> 2024-06-20 [插秧作业] -> 2024-07-13 [分蘖期灌溉] -> 2024-08-05 [除草控虫] -> 2024-08-28 [晒田补肥],2024-09-24 08:40,9230.47,枣阳市第5深加工基地,"112.743229,32.121827",清理去石->砻谷脱壳->糙米碾白->抛光->色选->包装,2024-09-26 14:40,2024-09-27 00:32,WH-CN-399,平房仓(准低温),2024-09-27 06:32,2024-11-06 06:32,准低温低氧控制,LOG-CN-53551864109,散粮车,"防潮, 湿度<14%",2024-11-06 19:32,2024-11-11 19:20,西安市,未央区,108.94,34.29,2024-11-12 19:20
CN-AG-202410-11336,玉米,辽宁省,黑山县,122.124505,41.74529,2024-06-15,2024-06-15 [免耕直播] -> 2024-07-07 [苗期中耕] -> 2024-07-29 [喇叭口期追肥] -> 2024-08-20 [大斑病防治] -> 2024-09-11 [人工授粉辅助],2024-10-07 08:49,9928.43,黑山县第3深加工基地,"122.115153,41.680284",物理清理->脱粒烘干->破碎加工->筛理分级,2024-10-08 10:49,2024-10-08 17:05,WH-CN-791,现代化圆筒仓,2024-10-08 22:05,2024-10-27 22:05,避光控温控制,LOG-CN-75671198401,重型散粮卡车,"通风良好, 严控高温",2024-10-28 06:05,2024-11-02 01:59,上海市,浦东新区,121.54,31.22,2024-11-04 01:59
CN-AG-202406-11337,小麦,内蒙古自治区,五原县,108.283149,41.093993,2023-11-02,2023-11-02 [深耕整地] -> 2023-12-10 [秋播种子处理] -> 2024-01-17 [越冬水灌溉] -> 2024-02-24 [拔节期追肥] -> 2024-04-02 [条锈病防治] -> 2024-05-10 [干热风防护],2024-06-24 15:54,20207.59,五原县第4深加工基地,"108.269908,41.104663",磁选除杂->着水润麦->多级研磨->高方筛理->包装,2024-06-28 20:54,2024-06-29 00:12,WH-CN-512,钢板筒仓,2024-06-29 10:12,2024-07-16 10:12,准低温低氧控制,LOG-CN-73435229159,全封闭货车,"干燥, 禁止异味混载",2024-07-16 22:12,2024-07-19 20:57,西安市,雁塔区,108.94,34.21,2024-07-22 20:57
CN-AG-202406-11338,小麦,河北省,大名县,115.154586,36.254501,2023-10-29,2023-10-29 [深耕整地] -> 2023-12-06 [秋播种子处理] -> 2024-01-13 [越冬水灌溉] -> 2024-02-20 [拔节期追肥] -> 2024-03-29 [条锈病防治] -> 2024-05-06 [干热风防护],2024-06-20 17:46,17832.59,大名县第2深加工基地,"115.148113,36.280666",磁选除杂->着水润麦->多级研磨->高方筛理->包装,2024-06-24 23:46,2024-06-25 09:33,WH-CN-943,钢板筒仓,2024-06-25 16:33,2024-07-17 16:33,准低温低氧控制,LOG-CN-52260871954,全封闭货车,"干燥, 禁止异味混载",2024-07-17 22:33,2024-07-19 01:12,成都市,龙泉驿区,104.27,30.55,2024-07-22 01:12
CN-AG-202410-11339,玉米,辽宁省,黑山县,122.177295,41.650299,2024-06-21,2024-06-21 [免耕直播] -> 2024-07-13 [苗期中耕] -> 2024-08-04 [喇叭口期追肥] -> 2024-08-26 [大斑病防治] -> 2024-09-17 [人工授粉辅助],2024-10-07 15:39,21052.91,黑山县第3深加工基地,"122.119967,41.697066",物理清理->脱粒烘干->破碎加工->筛理分级,2024-10-09 18:39,2024-10-10 04:17,WH-CN-809,现代化圆筒仓,2024-10-10 09:17,2024-11-26 09:17,避光控温控制,LOG-CN-75646487392,重型散粮卡车,"通风良好, 严控高温",2024-11-26 18:17,2024-12-01 02:02,上海市,闵行区,121.38,31.11,2024-12-02 02:02
CN-AG-202410-11340,水稻,广西壮族自治区,宾阳县,108.777271,23.222389,2024-05-13,2024-05-13 [播种育秧] -> 2024-06-05 [田间底肥] -> 2024-06-28 [插秧作业] -> 2024-07-21 [分蘖期灌溉] -> 2024-08-13 [除草控虫] -> 2024-09-05 [晒田补肥],2024-10-02 09:21,19667.07,宾阳县第1深加工基地,"108.813899,23.210876",清理去石->砻谷脱壳->糙米碾白->抛光->色选->包装,2024-10-03 11:21,2024-10-03 16:39,WH-CN-616,平房仓(准低温),2024-10-03 20:39,2024-10-19 20:39,准低温低氧控制,LOG-CN-27320300476,散粮车,"防潮, 湿度<14%",2024-10-20 08:39,2024-10-25 03:32,北京市,朝阳区,116.48,39.92,2024-10-26 03:32
CN-AG-202409-11341,玉米,河北省,宁晋县,114.978834,37.62182,2024-06-02,2024-06-02 [免耕直播] -> 2024-06-24 [苗期中耕] -> 2024-07-16 [喇叭口期追肥] -> 2024-08-07 [大斑病防治] -> 2024-08-29 [人工授粉辅助],2024-09-22 12:54,12245.56,宁晋县第4深加工基地,"114.917419,37.622227",物理清理->脱粒烘干->破碎加工->筛理分级,2024-09-25 18:54,2024-09-26 01:17,WH-CN-191,现代化圆筒仓,2024-09-26 13:17,2024-10-19 13:17,避光控温控制,LOG-CN-34052345155,重型散粮卡车,"通风良好, 严控高温",2024-10-19 23:17,2024-10-23 15:49,深圳市,南山区,113.93,22.54,2024-10-26 15:49
CN-AG-202409-11342,大豆,辽宁省,昌图县,124.070456,42.812658,2024-05-15,2024-05-15 [拌种包衣] -> 2024-06-09 [等距点播] -> 2024-07-04 [结荚期根外追肥] -> 2024-07-29 [食心虫绿色防控] -> 2024-08-23 [除草中耕],2024-09-16 17:05,35680.87,昌图县第1深加工基地,"124.106939,42.77769",磁选->破碎压胚->高温压榨->物理过滤->精炼,2024-09-20 20:05,2024-09-21 04:38,WH-CN-606,不锈钢储油罐区,2024-09-21 16:38,2024-10-27 16:38,准低温低氧控制,LOG-CN-30154878241,罐式车,"避光, 控温25℃下",2024-10-28 01:38,2024-11-02 08:47,南京市,江宁区,118.83,31.95,2024-11-03 08:47
CN-AG-202410-11343,玉米,广西壮族自治区,宾阳县,108.843814,23.201817,2024-06-21,2024-06-21 [免耕直播] -> 2024-07-13 [苗期中耕] -> 2024-08-04 [喇叭口期追肥] -> 2024-08-26 [大斑病防治] -> 2024-09-17 [人工授粉辅助],2024-10-12 10:49,9498.75,宾阳县第1深加工基地,"108.81588,23.209683",物理清理->脱粒烘干->破碎加工->筛理分级,2024-10-14 14:49,2024-10-14 20:40,WH-CN-140,现代化圆筒仓,2024-10-15 08:40,2024-11-15 08:40,避光控温控制,LOG-CN-17777515784,重型散粮卡车,"通风良好, 严控高温",2024-11-15 16:40,2024-11-20 13:11,成都市,新都区,104.15,30.82,2024-11-23 13:11
CN-AG-202409-11344,水稻,广西壮族自治区,武宣县,109.641048,23.599179,2024-05-06,2024-05-06 [播种育秧] -> 2024-05-29 [田间底肥] -> 2024-06-21 [插秧作业] -> 2024-07-14 [分蘖期灌溉] -> 2024-08-06 [除草控虫] -> 2024-08-29 [晒田补肥],2024-09-18 14:42,14793.12,武宣县第2深加工基地,"109.654766,23.5962",清理去石->砻谷脱壳->糙米碾白->抛光->色选->包装,2024-09-19 18:42,2024-09-20 02:53,WH-CN-607,平房仓(准低温),2024-09-20 12:53,2024-10-01 12:53,准低温低氧控制,LOG-CN-26653356181,散粮车,"防潮, 湿度<14%",2024-10-02 03:53,2024-10-03 07:28,武汉市,洪山区,114.34,30.5,2024-10-05 07:28
CN-AG-202406-11345,小麦,河北省,宁晋县,114.92054,37.586926,2023-11-04,2023-11-04 [深耕整地] -> 2023-12-12 [秋播种子处理] -> 2024-01-19 [越冬水灌溉] -> 2024-02-26 [拔节期追肥] -> 2024-04-04 [条锈病防治] -> 2024-05-12 [干热风防护],2024-06-21 11:15,6834.53,宁晋县第5深加工基地,"114.910182,37.615217",磁选除杂->着水润麦->多级研磨->高方筛理->包装,2024-06-25 14:15,2024-06-25 20:00,WH-CN-702,钢板筒仓,2024-06-26 03:00,2024-07-06 03:00,准低温低氧控制,LOG-CN-19598376347,全封闭货车,"干燥, 禁止异味混载",2024-07-06 09:00,2024-07-11 05:02,上海市,浦东新区,121.54,31.22,2024-07-14 05:02
CN-AG-202409-11346,水稻,湖北省,钟祥市,112.581331,31.187796,2024-05-08,2024-05-08 [播种育秧] -> 2024-05-31 [田间底肥] -> 2024-06-23 [插秧作业] -> 2024-07-16 [分蘖期灌溉] -> 2024-08-08 [除草控虫] -> 2024-08-31 [晒田补肥],2024-09-24 08:51,31459.94,钟祥市第5深加工基地,"112.589339,31.16891",清理去石->砻谷脱壳->糙米碾白->抛光->色选->包装,2024-09-25 11:51,2024-09-25 18:50,WH-CN-799,平房仓(准低温),2024-09-26 01:50,2024-10-27 01:50,准低温低氧控制,LOG-CN-91821585242,散粮车,"防潮, 湿度<14%",2024-10-27 12:50,2024-10-31 10:46,成都市,武侯区,104.04,30.64,2024-11-03 10:46
CN-AG-202410-11347,玉米,内蒙古自治区,突泉县,121.613612,46.338544,2024-07-03,2024-07-03 [免耕直播] -> 2024-07-25 [苗期中耕] -> 2024-08-16 [喇叭口期追肥] -> 2024-09-07 [大斑病防治] -> 2024-09-29 [人工授粉辅助],2024-10-23 11:40,32610.44,突泉县第1深加工基地,"121.571384,46.322789",物理清理->脱粒烘干->破碎加工->筛理分级,2024-10-27 16:40,2024-10-27 19:55,WH-CN-243,现代化圆筒仓,2024-10-28 02:55,2024-12-03 02:55,避光控温控制,LOG-CN-31410606588,重型散粮卡车,"通风良好, 严控高温",2024-12-03 16:55,2024-12-08 02:56,南京市,玄武区,118.79,32.06,2024-12-11 02:56
CN-AG-202409-11348,水稻,广西壮族自治区,桂平市,110.089973,23.434158,2024-04-23,2024-04-23 [播种育秧] -> 2024-05-16 [田间底肥] -> 2024-06-08 [插秧作业] -> 2024-07-01 [分蘖期灌溉] -> 2024-07-24 [除草控虫] -> 2024-08-16 [晒田补肥],2024-09-12 17:19,24196.81,桂平市第2深加工基地,"110.077441,23.39436",清理去石->砻谷脱壳->糙米碾白->抛光->色选->包装,2024-09-15 22:19,2024-09-16 08:02,WH-CN-790,平房仓(准低温),2024-09-16 12:02,2024-10-18 12:02,准低温低氧控制,LOG-CN-11050149115,散粮车,"防潮, 湿度<14%",2024-10-18 19:02,2024-10-19 23:24,深圳市,福田区,114.05,22.54,2024-10-22 23:24
CN-AG-202410-11349,玉米,四川省,中江县,104.664948,30.981094,2024-06-15,2024-06-15 [免耕直播] -> 2024-07-07 [苗期中耕] -> 2024-07-29 [喇叭口期追肥] -> 2024-08-20 [大斑病防治] -> 2024-09-11 [人工授粉辅助],2024-10-07 17:28,26224.14,中江县第4深加工基地,"104.677341,31.02789",物理清理->脱粒烘干->破碎加工->筛理分级,2024-10-10 20:28,2024-10-10 23:46,WH-CN-517,现代化圆筒仓,2024-10-11 11:46,2024-11-27 11:46,避光控温控制,LOG-CN-97428260882,重型散粮卡车,"通风良好, 严控高温",2024-11-27 21:46,2024-11-29 15:28,上海市,宝山区,121.48,31.4,2024-12-01 15:28
CN-AG-202410-11350,玉米,黑龙江省,富锦市,132.086008,47.219279,2024-07-06,2024-07-06 [免耕直播] -> 2024-07-28 [苗期中耕] -> 2024-08-19 [喇叭口期追肥] -> 2024-09-10 [大斑病防治] -> 2024-10-02 [人工授粉辅助],2024-10-26 15:27,19320.85,富锦市第2深加工基地,"132.024953,47.259163",物理清理->脱粒烘干->破碎加工->筛理分级,2024-10-27 21:27,2024-10-28 04:10,WH-CN-542,现代化圆筒仓,2024-10-28 15:10,2024-12-02 15:10,避光控温控制,LOG-CN-81059147062,重型散粮卡车,"通风良好, 严控高温",2024-12-03 05:10,2024-12-07 03:01,广州市,番禺区,113.38,22.93,2024-12-08 03:01
CN-AG-202409-11351,玉米,广西壮族自治区,宾阳县,108.857467,23.191766,2024-05-11,2024-05-11 [免耕直播] -> 2024-06-02 [苗期中耕] -> 2024-06-24 [喇叭口期追肥] -> 2024-07-16 [大斑病防治] -> 2024-08-07 [人工授粉辅助],2024-09-03 14:56,23015.31,宾阳县第5深加工基地,"108.808869,23.219332",物理清理->脱粒烘干->破碎加工->筛理分级,2024-09-05 19:56,2024-09-06 01:51,WH-CN-111,现代化圆筒仓,2024-09-06 07:51,2024-10-23 07:51,避光控温控制,LOG-CN-38723824614,重型散粮卡车,"通风良好, 严控高温",2024-10-23 19:51,2024-10-27 03:18,广州市,天河区,113.33,23.13,2024-10-29 03:18
CN-AG-202408-11352,花生,江苏省,东海县,118.773131,34.51852,2024-04-18,2024-04-18 [清棵蹲苗] -> 2024-05-12 [培土迎葑] -> 2024-06-05 [钙镁肥补充] -> 2024-06-29 [下针期控旺] -> 2024-07-23 [地下虫害防治],2024-08-13 13:10,21809.53,东海县第2深加工基地,"118.765469,34.543755",剥壳分选->烘炒->压榨提取->物理精炼,2024-08-14 18:10,2024-08-14 23:09,WH-CN-544,避光库房,2024-08-15 06:09,2024-09-14 06:09,避光控温控制,LOG-CN-63669935269,厢式货车,避光防潮,2024-09-14 17:09,2024-09-17 12:48,上海市,浦东新区,121.54,31.22,2024-09-19 12:48
CN-AG-202406-11353,小麦,河南省,滑县,114.466199,35.598377,2023-10-29,2023-10-29 [深耕整地] -> 2023-12-06 [秋播种子处理] -> 2024-01-13 [越冬水灌溉] -> 2024-02-20 [拔节期追肥] -> 2024-03-29 [条锈病防治] -> 2024-05-06 [干热风防护],2024-06-18 13:47,21899.61,滑县第5深加工基地,"114.517726,35.560986",磁选除杂->着水润麦->多级研磨->高方筛理->包装,2024-06-19 17:47,2024-06-19 20:32,WH-CN-292,钢板筒仓,2024-06-20 01:32,2024-07-18 01:32,准低温低氧控制,LOG-CN-21045183446,全封闭货车,"干燥, 禁止异味混载",2024-07-18 08:32,2024-07-23 11:56,上海市,闵行区,121.38,31.11,2024-07-25 11:56
CN-AG-202410-11354,玉米,辽宁省,黑山县,122.097876,41.672417,2024-06-21,2024-06-21 [免耕直播] -> 2024-07-13 [苗期中耕] -> 2024-08-04 [喇叭口期追肥] -> 2024-08-26 [大斑病防治] -> 2024-09-17 [人工授粉辅助],2024-10-12 09:34,5152.7,黑山县第5深加工基地,"122.116415,41.68982",物理清理->脱粒烘干->破碎加工->筛理分级,2024-10-16 11:34,2024-10-16 19:35,WH-CN-288,现代化圆筒仓,2024-10-17 00:35,2024-11-15 00:35,避光控温控制,LOG-CN-45484548470,重型散粮卡车,"通风良好, 严控高温",2024-11-15 06:35,2024-11-19 17:58,南京市,玄武区,118.79,32.06,2024-11-20 17:58
CN-AG-202410-11355,水稻,湖南省,桃源县,111.457136,28.863071,2024-05-26,2024-05-26 [播种育秧] -> 2024-06-18 [田间底肥] -> 2024-07-11 [插秧作业] -> 2024-08-03 [分蘖期灌溉] -> 2024-08-26 [除草控虫] -> 2024-09-18 [晒田补肥],2024-10-18 15:22,30588.02,桃源县第2深加工基地,"111.478222,28.909498",清理去石->砻谷脱壳->糙米碾白->抛光->色选->包装,2024-10-22 17:22,2024-10-23 01:12,WH-CN-448,平房仓(准低温),2024-10-23 08:12,2024-11-03 08:12,准低温低氧控制,LOG-CN-12721377569,散粮车,"防潮, 湿度<14%",2024-11-03 17:12,2024-11-04 19:19,广州市,番禺区,113.38,22.93,2024-11-05 19:19
CN-AG-202409-11356,大豆,吉林省,公主岭市,124.829185,43.513366,2024-05-10,2024-05-10 [拌种包衣] -> 2024-06-04 [等距点播] -> 2024-06-29 [结荚期根外追肥] -> 2024-07-24 [食心虫绿色防控] -> 2024-08-18 [除草中耕],2024-09-16 12:10,12378.72,公主岭市第1深加工基地,"124.814832,43.529667",磁选->破碎压胚->高温压榨->物理过滤->精炼,2024-09-17 17:10,2024-09-18 01:18,WH-CN-749,不锈钢储油罐区,2024-09-18 10:18,2024-10-07 10:18,准低温低氧控制,LOG-CN-12408589620,罐式车,"避光, 控温25℃下",2024-10-07 19:18,2024-10-09 19:44,广州市,天河区,113.33,23.13,2024-10-12 19:44
CN-AG-202406-11357,小麦,河北省,藁城区,114.865918,38.051754,2023-10-17,2023-10-17 [深耕整地] -> 2023-11-24 [秋播种子处理] -> 2024-01-01 [越冬水灌溉] -> 2024-02-08 [拔节期追肥] -> 2024-03-17 [条锈病防治] -> 2024-04-24 [干热风防护],2024-06-01 15:40,33172.56,藁城区第4深加工基地,"114.831772,38.032146",磁选除杂->着水润麦->多级研磨->高方筛理->包装,2024-06-02 18:40,2024-06-03 04:05,WH-CN-472,钢板筒仓,2024-06-03 12:05,2024-06-24 12:05,准低温低氧控制,LOG-CN-75451943026,全封闭货车,"干燥, 禁止异味混载",2024-06-25 00:05,2024-06-26 17:21,南京市,南京浦口区,118.62,32.05,2024-06-29 17:21
CN-AG-202405-11358,油菜籽,四川省,安岳县,105.277691,30.121225,2023-10-30,2023-10-30 [育苗移栽] -> 2023-12-21 [越冬防冻肥] -> 2024-02-11 [薹期水肥调节] -> 2024-04-03 [菌核病无人机防治],2024-05-23 13:31,36612.63,安岳县第2深加工基地,"105.334792,30.101923",多级筛选->炒籽->螺旋压榨->精制过滤,2024-05-26 17:31,2024-05-26 23:21,WH-CN-470,恒温罐区,2024-05-27 08:21,2024-07-02 08:21,避光控温控制,LOG-CN-51429002173,罐式车,"避光, 防氧化",2024-07-02 14:21,2024-07-07 10:45,西安市,未央区,108.94,34.29,2024-07-10 10:45
CN-AG-202406-11359,大麦,甘肃省,民乐县,100.850995,38.395316,2024-03-05,2024-03-05 [翻耕播种] -> 2024-03-30 [分蘖期施氮] -> 2024-04-24 [化学除草] -> 2024-05-19 [灌浆期监控],2024-06-09 13:46,35540.33,民乐县第5深加工基地,"100.816876,38.420607",杂质清理->脱壳处理->分级磨皮->包装,2024-06-12 18:46,2024-06-13 02:51,WH-CN-303,平房仓,2024-06-13 12:51,2024-07-28 12:51,避光控温控制,LOG-CN-52032907480,散装车,防霉通风,2024-07-29 02:51,2024-07-31 04:33,南京市,江宁区,118.83,31.95,2024-08-03 04:33
CN-AG-202405-11360,油菜籽,湖北省,钟祥市,112.546111,31.165239,2023-10-19,2023-10-19 [育苗移栽] -> 2023-12-10 [越冬防冻肥] -> 2024-01-31 [薹期水肥调节] -> 2024-03-23 [菌核病无人机防治],2024-05-21 16:27,10399.01,钟祥市第4深加工基地,"112.589066,31.162676",多级筛选->炒籽->螺旋压榨->精制过滤,2024-05-23 21:27,2024-05-24 07:03,WH-CN-584,恒温罐区,2024-05-24 18:03,2024-06-16 18:03,避光控温控制,LOG-CN-80286790145,罐式车,"避光, 防氧化",2024-06-17 04:03,2024-06-20 22:23,南京市,江宁区,118.83,31.95,2024-06-21 22:23
CN-AG-202410-11361,水稻,安徽省,寿县,116.743891,32.51872,2024-05-16,2024-05-16 [播种育秧] -> 2024-06-08 [田间底肥] -> 2024-07-01 [插秧作业] -> 2024-07-24 [分蘖期灌溉] -> 2024-08-16 [除草控虫] -> 2024-09-08 [晒田补肥],2024-10-08 10:49,35328.22,寿县第1深加工基地,"116.782405,32.566956",清理去石->砻谷脱壳->糙米碾白->抛光->色选->包装,2024-10-12 16:49,2024-10-13 00:06,WH-CN-464,平房仓(准低温),2024-10-13 07:06,2024-11-08 07:06,准低温低氧控制,LOG-CN-54262221746,散粮车,"防潮, 湿度<14%",2024-11-08 19:06,2024-11-12 23:50,成都市,武侯区,104.04,30.64,2024-11-14 23:50
CN-AG-202409-11362,水稻,吉林省,榆树市,126.505077,44.825376,2024-05-04,2024-05-04 [播种育秧] -> 2024-05-27 [田间底肥] -> 2024-06-19 [插秧作业] -> 2024-07-12 [分蘖期灌溉] -> 2024-08-04 [除草控虫] -> 2024-08-27 [晒田补肥],2024-09-20 10:34,31547.05,榆树市第5深加工基地,"126.544775,44.815795",清理去石->砻谷脱壳->糙米碾白->抛光->色选->包装,2024-09-24 15:34,2024-09-24 19:28,WH-CN-146,平房仓(准低温),2024-09-24 23:28,2024-10-07 23:28,准低温低氧控制,LOG-CN-73122889442,散粮车,"防潮, 湿度<14%",2024-10-08 09:28,2024-10-10 08:26,西安市,雁塔区,108.94,34.21,2024-10-13 08:26
CN-AG-202410-11363,水稻,江苏省,东海县,118.759337,34.505625,2024-05-19,2024-05-19 [播种育秧] -> 2024-06-11 [田间底肥] -> 2024-07-04 [插秧作业] -> 2024-07-27 [分蘖期灌溉] -> 2024-08-19 [除草控虫] -> 2024-09-11 [晒田补肥],2024-10-05 17:20,8847.85,东海县第1深加工基地,"118.764349,34.544081",清理去石->砻谷脱壳->糙米碾白->抛光->色选->包装,2024-10-08 19:20,2024-10-08 23:53,WH-CN-792,平房仓(准低温),2024-10-09 11:53,2024-10-20 11:53,准低温低氧控制,LOG-CN-98893805392,散粮车,"防潮, 湿度<14%",2024-10-20 19:53,2024-10-23 14:28,上海市,闵行区,121.38,31.11,2024-10-25 14:28
CN-AG-202409-11364,大豆,黑龙江省,五常市,127.13691,44.914001,2024-05-03,2024-05-03 [拌种包衣] -> 2024-05-28 [等距点播] -> 2024-06-22 [结荚期根外追肥] -> 2024-07-17 [食心虫绿色防控] -> 2024-08-11 [除草中耕],2024-09-01 10:35,29033.26,五常市第2深加工基地,"127.159093,44.939529",磁选->破碎压胚->高温压榨->物理过滤->精炼,2024-09-04 13:35,2024-09-04 19:00,WH-CN-944,不锈钢储油罐区,2024-09-05 02:00,2024-09-19 02:00,准低温低氧控制,LOG-CN-93715229744,罐式车,"避光, 控温25℃下",2024-09-19 17:00,2024-09-22 02:49,广州市,白云区,113.27,23.15,2024-09-25 02:49
CN-AG-202406-11365,小麦,山东省,平度市,119.918999,36.816017,2023-11-12,2023-11-12 [深耕整地] -> 2023-12-20 [秋播种子处理] -> 2024-01-27 [越冬水灌溉] -> 2024-03-05 [拔节期追肥] -> 2024-04-12 [条锈病防治] -> 2024-05-20 [干热风防护],2024-06-26 09:07,33599.03,平度市第2深加工基地,"119.946338,36.771361",磁选除杂->着水润麦->多级研磨->高方筛理->包装,2024-06-28 13:07,2024-06-28 20:31,WH-CN-664,钢板筒仓,2024-06-29 00:31,2024-07-26 00:31,准低温低氧控制,LOG-CN-64441476470,全封闭货车,"干燥, 禁止异味混载",2024-07-26 11:31,2024-07-28 11:27,广州市,白云区,113.27,23.15,2024-07-30 11:27
CN-AG-202406-11366,大麦,新疆维吾尔自治区,奇台县,89.590711,43.992015,2024-03-15,2024-03-15 [翻耕播种] -> 2024-04-09 [分蘖期施氮] -> 2024-05-04 [化学除草] -> 2024-05-29 [灌浆期监控],2024-06-23 08:33,27117.23,奇台县第4深加工基地,"89.597166,44.025555",杂质清理->脱壳处理->分级磨皮->包装,2024-06-27 11:33,2024-06-27 18:33,WH-CN-141,平房仓,2024-06-28 01:33,2024-08-12 01:33,避光控温控制,LOG-CN-95032562807,散装车,防霉通风,2024-08-12 11:33,2024-08-15 06:38,武汉市,江岸区,114.3,30.59,2024-08-17 06:38
CN-AG-202406-11367,小麦,四川省,安岳县,105.313161,30.141384,2023-10-23,2023-10-23 [深耕整地] -> 2023-11-30 [秋播种子处理] -> 2024-01-07 [越冬水灌溉] -> 2024-02-14 [拔节期追肥] -> 2024-03-23 [条锈病防治] -> 2024-04-30 [干热风防护],2024-06-11 09:05,9749.94,安岳县第2深加工基地,"105.326257,30.103745",磁选除杂->着水润麦->多级研磨->高方筛理->包装,2024-06-14 13:05,2024-06-14 22:39,WH-CN-656,钢板筒仓,2024-06-15 07:39,2024-07-15 07:39,准低温低氧控制,LOG-CN-26515012814,全封闭货车,"干燥, 禁止异味混载",2024-07-15 20:39,2024-07-20 13:41,深圳市,宝安区,113.88,22.55,2024-07-22 13:41
CN-AG-202406-11368,小麦,河北省,大名县,115.174188,36.227309,2023-10-21,2023-10-21 [深耕整地] -> 2023-11-28 [秋播种子处理] -> 2024-01-05 [越冬水灌溉] -> 2024-02-12 [拔节期追肥] -> 2024-03-21 [条锈病防治] -> 2024-04-28 [干热风防护],2024-06-08 15:16,10837.52,大名县第4深加工基地,"115.148184,36.270197",磁选除杂->着水润麦->多级研磨->高方筛理->包装,2024-06-09 18:16,2024-06-10 03:59,WH-CN-363,钢板筒仓,2024-06-10 08:59,2024-07-10 08:59,准低温低氧控制,LOG-CN-26677229954,全封闭货车,"干燥, 禁止异味混载",2024-07-10 20:59,2024-07-15 17:45,西安市,未央区,108.94,34.29,2024-07-18 17:45
CN-AG-202406-11369,大麦,新疆维吾尔自治区,奇台县,89.613205,43.999526,2024-03-13,2024-03-13 [翻耕播种] -> 2024-04-07 [分蘖期施氮] -> 2024-05-02 [化学除草] -> 2024-05-27 [灌浆期监控],2024-06-17 12:33,34129.03,奇台县第2深加工基地,"89.586082,44.025325",杂质清理->脱壳处理->分级磨皮->包装,2024-06-21 17:33,2024-06-21 21:24,WH-CN-120,平房仓,2024-06-22 01:24,2024-08-08 01:24,避光控温控制,LOG-CN-94260671828,散装车,防霉通风,2024-08-08 16:24,2024-08-10 21:29,北京市,海淀区,116.3,39.96,2024-08-13 21:29
CN-AG-202406-11370,小麦,山东省,平度市,119.92527,36.817395,2023-11-08,2023-11-08 [深耕整地] -> 2023-12-16 [秋播种子处理] -> 2024-01-23 [越冬水灌溉] -> 2024-03-01 [拔节期追肥] -> 2024-04-08 [条锈病防治] -> 2024-05-16 [干热风防护],2024-06-24 15:03,33134.02,平度市第2深加工基地,"119.95454,36.778927",磁选除杂->着水润麦->多级研磨->高方筛理->包装,2024-06-27 17:03,2024-06-28 01:37,WH-CN-878,钢板筒仓,2024-06-28 10:37,2024-08-16 10:37,准低温低氧控制,LOG-CN-45284500833,全封闭货车,"干燥, 禁止异味混载",2024-08-16 22:37,2024-08-20 06:51,广州市,天河区,113.33,23.13,2024-08-23 06:51
CN-AG-202410-11371,玉米,内蒙古自治区,突泉县,121.628484,46.35315,2024-07-03,2024-07-03 [免耕直播] -> 2024-07-25 [苗期中耕] -> 2024-08-16 [喇叭口期追肥] -> 2024-09-07 [大斑病防治] -> 2024-09-29 [人工授粉辅助],2024-10-17 13:54,10066.35,突泉县第2深加工基地,"121.573246,46.324503",物理清理->脱粒烘干->破碎加工->筛理分级,2024-10-20 16:54,2024-10-20 19:53,WH-CN-904,现代化圆筒仓,2024-10-21 01:53,2024-11-23 01:53,避光控温控制,LOG-CN-43167248413,重型散粮卡车,"通风良好, 严控高温",2024-11-23 11:53,2024-11-26 09:55,深圳市,南山区,113.93,22.54,2024-11-29 09:55
CN-AG-202410-11372,玉米,辽宁省,昌图县,124.159812,42.793162,2024-06-17,2024-06-17 [免耕直播] -> 2024-07-09 [苗期中耕] -> 2024-07-31 [喇叭口期追肥] -> 2024-08-22 [大斑病防治] -> 2024-09-13 [人工授粉辅助],2024-10-05 15:23,31197.04,昌图县第3深加工基地,"124.115036,42.773127",物理清理->脱粒烘干->破碎加工->筛理分级,2024-10-09 20:23,2024-10-10 02:51,WH-CN-298,现代化圆筒仓,2024-10-10 08:51,2024-11-27 08:51,避光控温控制,LOG-CN-22435219328,重型散粮卡车,"通风良好, 严控高温",2024-11-27 19:51,2024-11-30 09:28,上海市,浦东新区,121.54,31.22,2024-12-01 09:28
CN-AG-202410-11373,水稻,湖北省,监利市,112.87296,29.838192,2024-05-17,2024-05-17 [播种育秧] -> 2024-06-09 [田间底肥] -> 2024-07-02 [插秧作业] -> 2024-07-25 [分蘖期灌溉] -> 2024-08-17 [除草控虫] -> 2024-09-09 [晒田补肥],2024-10-08 14:56,28737.13,监利市第1深加工基地,"112.896676,29.829489",清理去石->砻谷脱壳->糙米碾白->抛光->色选->包装,2024-10-11 17:56,2024-10-12 03:13,WH-CN-428,平房仓(准低温),2024-10-12 08:13,2024-10-24 08:13,准低温低氧控制,LOG-CN-65902433842,散粮车,"防潮, 湿度<14%",2024-10-24 23:13,2024-10-28 12:43,广州市,番禺区,113.38,22.93,2024-10-29 12:43
CN-AG-202411-11374,棉花,新疆维吾尔自治区,沙雅县,82.82668,41.229518,2024-05-24,2024-05-24 [覆膜播种] -> 2024-06-29 [人工打顶] -> 2024-08-04 [叶面喷施补硼] -> 2024-09-09 [枯萎病监测] -> 2024-10-15 [喷施脱叶剂],2024-11-20 10:24,31027.37,沙雅县第5深加工基地,"82.782634,41.221386",皮棉清理->锯齿轧花->纤维分级->压力打包,2024-11-21 15:24,2024-11-21 19:43,WH-CN-600,专业纤维库,2024-11-22 01:43,2025-01-03 01:43,避光控温控制,LOG-CN-29836534621,高栏平板车,"严禁烟火, 防静电, 干燥",2025-01-03 09:43,2025-01-08 01:22,上海市,闵行区,121.38,31.11,2025-01-09 01:22
CN-AG-202410-11375,棉花,新疆维吾尔自治区,玛纳斯县,86.15614,44.30225,2024-04-20,2024-04-20 [覆膜播种] -> 2024-05-26 [人工打顶] -> 2024-07-01 [叶面喷施补硼] -> 2024-08-06 [枯萎病监测] -> 2024-09-11 [喷施脱叶剂],2024-10-13 17:57,22984.57,玛纳斯县第4深加工基地,"86.20984,44.294657",皮棉清理->锯齿轧花->纤维分级->压力打包,2024-10-16 22:57,2024-10-17 03:18,WH-CN-599,专业纤维库,2024-10-17 14:18,2024-11-23 14:18,避光控温控制,LOG-CN-70133746145,高栏平板车,"严禁烟火, 防静电, 干燥",2024-11-23 20:18,2024-11-26 17:26,西安市,雁塔区,108.94,34.21,2024-11-29 17:26
CN-AG-202410-11376,玉米,四川省,三台县,105.051812,31.067228,2024-07-06,2024-07-06 [免耕直播] -> 2024-07-28 [苗期中耕] -> 2024-08-19 [喇叭口期追肥] -> 2024-09-10 [大斑病防治] -> 2024-10-02 [人工授粉辅助],2024-10-28 17:47,5205.74,三台县第4深加工基地,"105.086456,31.090083",物理清理->脱粒烘干->破碎加工->筛理分级,2024-10-29 21:47,2024-10-30 07:39,WH-CN-860,现代化圆筒仓,2024-10-30 14:39,2024-11-12 14:39,避光控温控制,LOG-CN-82185157196,重型散粮卡车,"通风良好, 严控高温",2024-11-13 01:39,2024-11-14 07:39,成都市,龙泉驿区,104.27,30.55,2024-11-15 07:39
CN-AG-202406-11377,小麦,甘肃省,永昌县,101.965678,38.210973,2023-10-21,2023-10-21 [深耕整地] -> 2023-11-28 [秋播种子处理] -> 2024-01-05 [越冬水灌溉] -> 2024-02-12 [拔节期追肥] -> 2024-03-21 [条锈病防治] -> 2024-04-28 [干热风防护],2024-06-07 12:40,32268.9,永昌县第3深加工基地,"101.978555,38.232666",磁选除杂->着水润麦->多级研磨->高方筛理->包装,2024-06-08 15:40,2024-06-08 23:14,WH-CN-108,钢板筒仓,2024-06-09 08:14,2024-07-21 08:14,准低温低氧控制,LOG-CN-45243279481,全封闭货车,"干燥, 禁止异味混载",2024-07-21 20:14,2024-07-23 02:29,南京市,江宁区,118.83,31.95,2024-07-26 02:29
CN-AG-202406-11378,小麦,河北省,大名县,115.174914,36.324124,2023-10-27,2023-10-27 [深耕整地] -> 2023-12-04 [秋播种子处理] -> 2024-01-11 [越冬水灌溉] -> 2024-02-18 [拔节期追肥] -> 2024-03-27 [条锈病防治] -> 2024-05-04 [干热风防护],2024-06-10 09:34,9625.69,大名县第2深加工基地,"115.155518,36.272124",磁选除杂->着水润麦->多级研磨->高方筛理->包装,2024-06-12 14:34,2024-06-12 21:41,WH-CN-173,钢板筒仓,2024-06-13 09:41,2024-06-29 09:41,准低温低氧控制,LOG-CN-56172369718,全封闭货车,"干燥, 禁止异味混载",2024-06-29 18:41,2024-07-05 05:16,北京市,朝阳区,116.48,39.92,2024-07-08 05:16
CN-AG-202409-11379,玉米,辽宁省,昌图县,124.142132,42.816955,2024-05-26,2024-05-26 [免耕直播] -> 2024-06-17 [苗期中耕] -> 2024-07-09 [喇叭口期追肥] -> 2024-07-31 [大斑病防治] -> 2024-08-22 [人工授粉辅助],2024-09-09 14:03,11083.44,昌图县第5深加工基地,"124.112878,42.772279",物理清理->脱粒烘干->破碎加工->筛理分级,2024-09-12 17:03,2024-09-12 20:49,WH-CN-857,现代化圆筒仓,2024-09-13 00:49,2024-09-29 00:49,避光控温控制,LOG-CN-21730432195,重型散粮卡车,"通风良好, 严控高温",2024-09-29 14:49,2024-10-01 12:12,深圳市,宝安区,113.88,22.55,2024-10-02 12:12
CN-AG-202409-11380,水稻,广西壮族自治区,桂平市,110.089282,23.430119,2024-05-06,2024-05-06 [播种育秧] -> 2024-05-29 [田间底肥] -> 2024-06-21 [插秧作业] -> 2024-07-14 [分蘖期灌溉] -> 2024-08-06 [除草控虫] -> 2024-08-29 [晒田补肥],2024-09-24 14:14,31218.02,桂平市第5深加工基地,"110.079167,23.392928",清理去石->砻谷脱壳->糙米碾白->抛光->色选->包装,2024-09-25 17:14,2024-09-26 00:19,WH-CN-823,平房仓(准低温),2024-09-26 05:19,2024-11-05 05:19,准低温低氧控制,LOG-CN-97214707748,散粮车,"防潮, 湿度<14%",2024-11-05 17:19,2024-11-09 21:19,深圳市,宝安区,113.88,22.55,2024-11-11 21:19
CN-AG-202410-11381,玉米,安徽省,蒙城县,116.504125,33.263445,2024-06-23,2024-06-23 [免耕直播] -> 2024-07-15 [苗期中耕] -> 2024-08-06 [喇叭口期追肥] -> 2024-08-28 [大斑病防治] -> 2024-09-19 [人工授粉辅助],2024-10-06 08:02,13450.55,蒙城县第5深加工基地,"116.551629,33.262779",物理清理->脱粒烘干->破碎加工->筛理分级,2024-10-09 11:02,2024-10-09 14:13,WH-CN-473,现代化圆筒仓,2024-10-09 22:13,2024-10-25 22:13,避光控温控制,LOG-CN-55555241258,重型散粮卡车,"通风良好, 严控高温",2024-10-26 04:13,2024-10-29 14:20,北京市,海淀区,116.3,39.96,2024-10-31 14:20
CN-AG-202409-11382,玉米,辽宁省,昌图县,124.085119,42.772202,2024-05-28,2024-05-28 [免耕直播] -> 2024-06-19 [苗期中耕] -> 2024-07-11 [喇叭口期追肥] -> 2024-08-02 [大斑病防治] -> 2024-08-24 [人工授粉辅助],2024-09-15 08:33,19711.05,昌图县第4深加工基地,"124.102668,42.780909",物理清理->脱粒烘干->破碎加工->筛理分级,2024-09-16 10:33,2024-09-16 19:42,WH-CN-245,现代化圆筒仓,2024-09-17 00:42,2024-11-05 00:42,避光控温控制,LOG-CN-64188894896,重型散粮卡车,"通风良好, 严控高温",2024-11-05 10:42,2024-11-08 08:58,成都市,新都区,104.15,30.82,2024-11-10 08:58
CN-AG-202409-11383,大豆,山东省,莒南县,118.865401,35.192997,2024-05-28,2024-05-28 [拌种包衣] -> 2024-06-22 [等距点播] -> 2024-07-17 [结荚期根外追肥] -> 2024-08-11 [食心虫绿色防控] -> 2024-09-05 [除草中耕],2024-09-27 09:38,22535.9,莒南县第4深加工基地,"118.822086,35.163267",磁选->破碎压胚->高温压榨->物理过滤->精炼,2024-10-01 14:38,2024-10-01 21:23,WH-CN-868,不锈钢储油罐区,2024-10-02 02:23,2024-10-27 02:23,准低温低氧控制,LOG-CN-41892954197,罐式车,"避光, 控温25℃下",2024-10-27 09:23,2024-11-01 02:11,西安市,未央区,108.94,34.29,2024-11-04 02:11
CN-AG-202410-11384,水稻,湖南省,南县,112.445255,29.317462,2024-05-16,2024-05-16 [播种育秧] -> 2024-06-08 [田间底肥] -> 2024-07-01 [插秧作业] -> 2024-07-24 [分蘖期灌溉] -> 2024-08-16 [除草控虫] -> 2024-09-08 [晒田补肥],2024-10-04 10:47,11845.9,南县第5深加工基地,"112.399345,29.360564",清理去石->砻谷脱壳->糙米碾白->抛光->色选->包装,2024-10-08 15:47,2024-10-08 22:55,WH-CN-589,平房仓(准低温),2024-10-09 05:55,2024-10-20 05:55,准低温低氧控制,LOG-CN-51864934815,散粮车,"防潮, 湿度<14%",2024-10-20 18:55,2024-10-22 21:24,武汉市,江岸区,114.3,30.59,2024-10-23 21:24
CN-AG-202409-11385,大豆,黑龙江省,嫩江市,125.237947,49.122805,2024-05-04,2024-05-04 [拌种包衣] -> 2024-05-29 [等距点播] -> 2024-06-23 [结荚期根外追肥] -> 2024-07-18 [食心虫绿色防控] -> 2024-08-12 [除草中耕],2024-09-07 12:42,5029.7,嫩江市第1深加工基地,"125.226564,49.17736",磁选->破碎压胚->高温压榨->物理过滤->精炼,2024-09-08 16:42,2024-09-08 21:44,WH-CN-173,不锈钢储油罐区,2024-09-09 07:44,2024-10-13 07:44,准低温低氧控制,LOG-CN-73589292987,罐式车,"避光, 控温25℃下",2024-10-13 19:44,2024-10-15 22:30,广州市,白云区,113.27,23.15,2024-10-16 22:30
CN-AG-202409-11386,花生,河北省,大名县,115.099033,36.295127,2024-05-12,2024-05-12 [清棵蹲苗] -> 2024-06-05 [培土迎葑] -> 2024-06-29 [钙镁肥补充] -> 2024-07-23 [下针期控旺] -> 2024-08-16 [地下虫害防治],2024-09-06 09:23,14167.62,大名县第1深加工基地,"115.140986,36.272248",剥壳分选->烘炒->压榨提取->物理精炼,2024-09-09 15:23,2024-09-09 19:49,WH-CN-961,避光库房,2024-09-10 00:49,2024-10-28 00:49,避光控温控制,LOG-CN-62614431394,厢式货车,避光防潮,2024-10-28 12:49,2024-10-30 15:45,南京市,南京浦口区,118.62,32.05,2024-11-01 15:45
CN-AG-202409-11387,花生,河南省,唐河县,112.786279,32.650898,2024-05-20,2024-05-20 [清棵蹲苗] -> 2024-06-13 [培土迎葑] -> 2024-07-07 [钙镁肥补充] -> 2024-07-31 [下针期控旺] -> 2024-08-24 [地下虫害防治],2024-09-19 16:57,22024.75,唐河县第5深加工基地,"112.827701,32.675201",剥壳分选->烘炒->压榨提取->物理精炼,2024-09-20 19:57,2024-09-21 01:40,WH-CN-756,避光库房,2024-09-21 13:40,2024-11-05 13:40,避光控温控制,LOG-CN-62518161484,厢式货车,避光防潮,2024-11-05 19:40,2024-11-08 07:14,深圳市,福田区,114.05,22.54,2024-11-09 07:14
CN-AG-202410-11388,玉米,内蒙古自治区,突泉县,121.583245,46.383158,2024-07-04,2024-07-04 [免耕直播] -> 2024-07-26 [苗期中耕] -> 2024-08-17 [喇叭口期追肥] -> 2024-09-08 [大斑病防治] -> 2024-09-30 [人工授粉辅助],2024-10-19 10:47,36774.5,突泉县第1深加工基地,"121.574207,46.336699",物理清理->脱粒烘干->破碎加工->筛理分级,2024-10-20 13:47,2024-10-20 20:24,WH-CN-486,现代化圆筒仓,2024-10-21 00:24,2024-11-24 00:24,避光控温控制,LOG-CN-30124461180,重型散粮卡车,"通风良好, 严控高温",2024-11-24 09:24,2024-11-26 20:28,武汉市,东西湖区,114.13,30.62,2024-11-27 20:28
CN-AG-202409-11389,水稻,湖南省,南县,112.42831,29.3135,2024-05-04,2024-05-04 [播种育秧] -> 2024-05-27 [田间底肥] -> 2024-06-19 [插秧作业] -> 2024-07-12 [分蘖期灌溉] -> 2024-08-04 [除草控虫] -> 2024-08-27 [晒田补肥],2024-09-18 15:10,29378.32,南县第4深加工基地,"112.402782,29.355502",清理去石->砻谷脱壳->糙米碾白->抛光->色选->包装,2024-09-20 19:10,2024-09-21 01:45,WH-CN-767,平房仓(准低温),2024-09-21 06:45,2024-11-03 06:45,准低温低氧控制,LOG-CN-77978093889,散粮车,"防潮, 湿度<14%",2024-11-03 13:45,2024-11-07 09:52,深圳市,福田区,114.05,22.54,2024-11-09 09:52
CN-AG-202409-11390,花生,山东省,平度市,120.009721,36.760915,2024-05-31,2024-05-31 [清棵蹲苗] -> 2024-06-24 [培土迎葑] -> 2024-07-18 [钙镁肥补充] -> 2024-08-11 [下针期控旺] -> 2024-09-04 [地下虫害防治],2024-09-27 17:30,14770.58,平度市第4深加工基地,"119.945583,36.775271",剥壳分选->烘炒->压榨提取->物理精炼,2024-10-01 23:30,2024-10-02 07:07,WH-CN-909,避光库房,2024-10-02 11:07,2024-11-01 11:07,避光控温控制,LOG-CN-59037827454,厢式货车,避光防潮,2024-11-01 18:07,2024-11-05 08:14,广州市,天河区,113.33,23.13,2024-11-06 08:14
CN-AG-202409-11391,水稻,湖北省,监利市,112.842957,29.881681,2024-04-12,2024-04-12 [播种育秧] -> 2024-05-05 [田间底肥] -> 2024-05-28 [插秧作业] -> 2024-06-20 [分蘖期灌溉] -> 2024-07-13 [除草控虫] -> 2024-08-05 [晒田补肥],2024-09-01 14:04,39337.44,监利市第3深加工基地,"112.904507,29.833934",清理去石->砻谷脱壳->糙米碾白->抛光->色选->包装,2024-09-03 18:04,2024-09-04 00:02,WH-CN-952,平房仓(准低温),2024-09-04 07:02,2024-09-20 07:02,准低温低氧控制,LOG-CN-71643084767,散粮车,"防潮, 湿度<14%",2024-09-20 14:02,2024-09-22 11:40,南京市,玄武区,118.79,32.06,2024-09-24 11:40
CN-AG-202406-11392,大麦,新疆维吾尔自治区,奇台县,89.646933,44.060365,2024-03-02,2024-03-02 [翻耕播种] -> 2024-03-27 [分蘖期施氮] -> 2024-04-21 [化学除草] -> 2024-05-16 [灌浆期监控],2024-06-14 17:19,29868.46,奇台县第5深加工基地,"89.581306,44.029512",杂质清理->脱壳处理->分级磨皮->包装,2024-06-18 20:19,2024-06-19 02:58,WH-CN-699,平房仓,2024-06-19 14:58,2024-07-31 14:58,避光控温控制,LOG-CN-61769611519,散装车,防霉通风,2024-08-01 05:58,2024-08-03 09:31,上海市,浦东新区,121.54,31.22,2024-08-06 09:31
CN-AG-202409-11393,水稻,湖北省,监利市,112.917557,29.868621,2024-04-22,2024-04-22 [播种育秧] -> 2024-05-15 [田间底肥] -> 2024-06-07 [插秧作业] -> 2024-06-30 [分蘖期灌溉] -> 2024-07-23 [除草控虫] -> 2024-08-15 [晒田补肥],2024-09-04 11:41,33086.65,监利市第2深加工基地,"112.892567,29.832947",清理去石->砻谷脱壳->糙米碾白->抛光->色选->包装,2024-09-08 13:41,2024-09-08 19:49,WH-CN-531,平房仓(准低温),2024-09-09 06:49,2024-10-11 06:49,准低温低氧控制,LOG-CN-26840236930,散粮车,"防潮, 湿度<14%",2024-10-11 14:49,2024-10-13 05:13,深圳市,宝安区,113.88,22.55,2024-10-14 05:13
CN-AG-202407-11394,大麦,甘肃省,永昌县,102.027898,38.258022,2024-04-12,2024-04-12 [翻耕播种] -> 2024-05-07 [分蘖期施氮] -> 2024-06-01 [化学除草] -> 2024-06-26 [灌浆期监控],2024-07-20 16:21,15354.87,永昌县第5深加工基地,"101.968783,38.248236",杂质清理->脱壳处理->分级磨皮->包装,2024-07-21 18:21,2024-07-21 23:29,WH-CN-895,平房仓,2024-07-22 03:29,2024-08-16 03:29,避光控温控制,LOG-CN-80149306882,散装车,防霉通风,2024-08-16 11:29,2024-08-20 15:51,西安市,长安区,108.87,34.15,2024-08-23 15:51
CN-AG-202409-11395,大豆,内蒙古自治区,突泉县,121.553475,46.274794,2024-05-21,2024-05-21 [拌种包衣] -> 2024-06-15 [等距点播] -> 2024-07-10 [结荚期根外追肥] -> 2024-08-04 [食心虫绿色防控] -> 2024-08-29 [除草中耕],2024-09-27 11:43,8704.45,突泉县第3深加工基地,"121.57403,46.336528",磁选->破碎压胚->高温压榨->物理过滤->精炼,2024-09-28 14:43,2024-09-28 21:19,WH-CN-171,不锈钢储油罐区,2024-09-29 05:19,2024-10-22 05:19,准低温低氧控制,LOG-CN-95184778698,罐式车,"避光, 控温25℃下",2024-10-22 16:19,2024-10-27 20:16,广州市,天河区,113.33,23.13,2024-10-29 20:16
CN-AG-202410-11396,水稻,广西壮族自治区,武宣县,109.606612,23.585121,2024-06-01,2024-06-01 [播种育秧] -> 2024-06-24 [田间底肥] -> 2024-07-17 [插秧作业] -> 2024-08-09 [分蘖期灌溉] -> 2024-09-01 [除草控虫] -> 2024-09-24 [晒田补肥],2024-10-18 09:40,18830.77,武宣县第5深加工基地,"109.65938,23.588538",清理去石->砻谷脱壳->糙米碾白->抛光->色选->包装,2024-10-22 14:40,2024-10-22 18:41,WH-CN-712,平房仓(准低温),2024-10-22 23:41,2024-11-12 23:41,准低温低氧控制,LOG-CN-58366142755,散粮车,"防潮, 湿度<14%",2024-11-13 05:41,2024-11-14 21:25,深圳市,南山区,113.93,22.54,2024-11-17 21:25
CN-AG-202405-11397,油菜籽,甘肃省,民乐县,100.82693,38.481427,2023-10-27,2023-10-27 [育苗移栽] -> 2023-12-18 [越冬防冻肥] -> 2024-02-08 [薹期水肥调节] -> 2024-03-31 [菌核病无人机防治],2024-05-24 16:16,25923.55,民乐县第5深加工基地,"100.810506,38.426233",多级筛选->炒籽->螺旋压榨->精制过滤,2024-05-26 18:16,2024-05-26 23:26,WH-CN-777,恒温罐区,2024-05-27 09:26,2024-06-19 09:26,避光控温控制,LOG-CN-56114541506,罐式车,"避光, 防氧化",2024-06-19 18:26,2024-06-20 20:23,北京市,丰台区,116.28,39.85,2024-06-22 20:23
CN-AG-202405-11398,油菜籽,四川省,中江县,104.726708,30.977927,2023-10-22,2023-10-22 [育苗移栽] -> 2023-12-13 [越冬防冻肥] -> 2024-02-03 [薹期水肥调节] -> 2024-03-26 [菌核病无人机防治],2024-05-23 12:23,32173.99,中江县第2深加工基地,"104.669557,31.027201",多级筛选->炒籽->螺旋压榨->精制过滤,2024-05-27 15:23,2024-05-27 23:15,WH-CN-436,恒温罐区,2024-05-28 07:15,2024-06-09 07:15,避光控温控制,LOG-CN-66233782004,罐式车,"避光, 防氧化",2024-06-09 14:15,2024-06-13 00:45,广州市,番禺区,113.38,22.93,2024-06-16 00:45
CN-AG-202406-11399,小麦,河北省,宁晋县,114.941901,37.602634,2023-10-19,2023-10-19 [深耕整地] -> 2023-11-26 [秋播种子处理] -> 2024-01-03 [越冬水灌溉] -> 2024-02-10 [拔节期追肥] -> 2024-03-19 [条锈病防治] -> 2024-04-26 [干热风防护],2024-06-07 11:39,15280.7,宁晋县第1深加工基地,"114.924306,37.623245",磁选除杂->着水润麦->多级研磨->高方筛理->包装,2024-06-09 16:39,2024-06-09 23:00,WH-CN-823,钢板筒仓,2024-06-10 03:00,2024-07-20 03:00,准低温低氧控制,LOG-CN-35425698031,全封闭货车,"干燥, 禁止异味混载",2024-07-20 16:00,2024-07-25 04:14,广州市,天河区,113.33,23.13,2024-07-28 04:14
CN-AG-202408-11400,花生,河南省,正阳县,114.35788,32.572177,2024-04-24,2024-04-24 [清棵蹲苗] -> 2024-05-18 [培土迎葑] -> 2024-06-11 [钙镁肥补充] -> 2024-07-05 [下针期控旺] -> 2024-07-29 [地下虫害防治],2024-08-21 10:47,20185.78,正阳县第3深加工基地,"114.38311,32.592505",剥壳分选->烘炒->压榨提取->物理精炼,2024-08-22 16:47,2024-08-22 23:45,WH-CN-114,避光库房,2024-08-23 06:45,2024-09-05 06:45,避光控温控制,LOG-CN-25222558694,厢式货车,避光防潮,2024-09-05 15:45,2024-09-07 15:31,南京市,南京浦口区,118.62,32.05,2024-09-08 15:31
CN-AG-202410-11401,玉米,四川省,三台县,105.101722,31.034776,2024-06-18,2024-06-18 [免耕直播] -> 2024-07-10 [苗期中耕] -> 2024-08-01 [喇叭口期追肥] -> 2024-08-23 [大斑病防治] -> 2024-09-14 [人工授粉辅助],2024-10-09 10:18,15767.76,三台县第4深加工基地,"105.097817,31.097394",物理清理->脱粒烘干->破碎加工->筛理分级,2024-10-12 13:18,2024-10-12 21:30,WH-CN-459,现代化圆筒仓,2024-10-13 01:30,2024-11-02 01:30,避光控温控制,LOG-CN-22618527618,重型散粮卡车,"通风良好, 严控高温",2024-11-02 12:30,2024-11-03 13:14,成都市,武侯区,104.04,30.64,2024-11-06 13:14
CN-AG-202409-11402,水稻,辽宁省,盘山县,122.035116,41.233885,2024-04-29,2024-04-29 [播种育秧] -> 2024-05-22 [田间底肥] -> 2024-06-14 [插秧作业] -> 2024-07-07 [分蘖期灌溉] -> 2024-07-30 [除草控虫] -> 2024-08-22 [晒田补肥],2024-09-11 14:17,36403.92,盘山县第4深加工基地,"122.043415,41.231539",清理去石->砻谷脱壳->糙米碾白->抛光->色选->包装,2024-09-14 16:17,2024-09-14 21:25,WH-CN-139,平房仓(准低温),2024-09-15 08:25,2024-10-17 08:25,准低温低氧控制,LOG-CN-50028747280,散粮车,"防潮, 湿度<14%",2024-10-17 22:25,2024-10-22 06:10,深圳市,宝安区,113.88,22.55,2024-10-23 06:10
CN-AG-202406-11403,小麦,四川省,安岳县,105.299359,30.138551,2023-11-05,2023-11-05 [深耕整地] -> 2023-12-13 [秋播种子处理] -> 2024-01-20 [越冬水灌溉] -> 2024-02-27 [拔节期追肥] -> 2024-04-05 [条锈病防治] -> 2024-05-13 [干热风防护],2024-06-27 13:05,16140.71,安岳县第3深加工基地,"105.336777,30.098426",磁选除杂->着水润麦->多级研磨->高方筛理->包装,2024-06-28 19:05,2024-06-29 04:37,WH-CN-731,钢板筒仓,2024-06-29 10:37,2024-08-02 10:37,准低温低氧控制,LOG-CN-32622313445,全封闭货车,"干燥, 禁止异味混载",2024-08-02 17:37,2024-08-03 21:18,上海市,宝山区,121.48,31.4,2024-08-04 21:18
CN-AG-202409-11404,水稻,湖南省,安乡县,112.139182,29.455254,2024-05-02,2024-05-02 [播种育秧] -> 2024-05-25 [田间底肥] -> 2024-06-17 [插秧作业] -> 2024-07-10 [分蘖期灌溉] -> 2024-08-02 [除草控虫] -> 2024-08-25 [晒田补肥],2024-09-21 10:15,23804.08,安乡县第1深加工基地,"112.16385,29.411011",清理去石->砻谷脱壳->糙米碾白->抛光->色选->包装,2024-09-25 15:15,2024-09-25 21:26,WH-CN-682,平房仓(准低温),2024-09-26 07:26,2024-11-13 07:26,准低温低氧控制,LOG-CN-19663884051,散粮车,"防潮, 湿度<14%",2024-11-13 22:26,2024-11-16 18:40,广州市,天河区,113.33,23.13,2024-11-17 18:40
CN-AG-202409-11405,玉米,吉林省,公主岭市,124.869334,43.472225,2024-06-11,2024-06-11 [免耕直播] -> 2024-07-03 [苗期中耕] -> 2024-07-25 [喇叭口期追肥] -> 2024-08-16 [大斑病防治] -> 2024-09-07 [人工授粉辅助],2024-09-27 17:50,31063.79,公主岭市第3深加工基地,"124.825201,43.52641",物理清理->脱粒烘干->破碎加工->筛理分级,2024-09-30 20:50,2024-10-01 01:43,WH-CN-519,现代化圆筒仓,2024-10-01 07:43,2024-10-29 07:43,避光控温控制,LOG-CN-36591497396,重型散粮卡车,"通风良好, 严控高温",2024-10-29 19:43,2024-11-03 09:54,北京市,海淀区,116.3,39.96,2024-11-06 09:54
CN-AG-202408-11406,花生,河南省,正阳县,114.421247,32.545852,2024-04-11,2024-04-11 [清棵蹲苗] -> 2024-05-05 [培土迎葑] -> 2024-05-29 [钙镁肥补充] -> 2024-06-22 [下针期控旺] -> 2024-07-16 [地下虫害防治],2024-08-09 11:30,33417.74,正阳县第2深加工基地,"114.376848,32.598761",剥壳分选->烘炒->压榨提取->物理精炼,2024-08-10 17:30,2024-08-10 23:15,WH-CN-391,避光库房,2024-08-11 09:15,2024-09-29 09:15,避光控温控制,LOG-CN-33888694007,厢式货车,避光防潮,2024-09-29 15:15,2024-10-03 07:42,成都市,新都区,104.15,30.82,2024-10-05 07:42
CN-AG-202406-11407,小麦,河北省,藁城区,114.790962,38.035577,2023-10-26,2023-10-26 [深耕整地] -> 2023-12-03 [秋播种子处理] -> 2024-01-10 [越冬水灌溉] -> 2024-02-17 [拔节期追肥] -> 2024-03-26 [条锈病防治] -> 2024-05-03 [干热风防护],2024-06-11 08:28,33243.62,藁城区第3深加工基地,"114.841649,38.035133",磁选除杂->着水润麦->多级研磨->高方筛理->包装,2024-06-13 12:28,2024-06-13 21:58,WH-CN-723,钢板筒仓,2024-06-14 01:58,2024-07-30 01:58,准低温低氧控制,LOG-CN-40100233491,全封闭货车,"干燥, 禁止异味混载",2024-07-30 15:58,2024-08-04 01:55,武汉市,洪山区,114.34,30.5,2024-08-07 01:55
CN-AG-202405-11408,油菜籽,湖南省,安乡县,112.132588,29.372391,2023-10-13,2023-10-13 [育苗移栽] -> 2023-12-04 [越冬防冻肥] -> 2024-01-25 [薹期水肥调节] -> 2024-03-17 [菌核病无人机防治],2024-05-10 13:13,12049.32,安乡县第1深加工基地,"112.16114,29.403685",多级筛选->炒籽->螺旋压榨->精制过滤,2024-05-11 18:13,2024-05-12 00:10,WH-CN-880,恒温罐区,2024-05-12 09:10,2024-05-24 09:10,避光控温控制,LOG-CN-55478132812,罐式车,"避光, 防氧化",2024-05-24 16:10,2024-05-29 22:45,成都市,龙泉驿区,104.27,30.55,2024-06-01 22:45
CN-AG-202411-11409,棉花,甘肃省,瓜州县,95.810842,40.520536,2024-05-07,2024-05-07 [覆膜播种] -> 2024-06-12 [人工打顶] -> 2024-07-18 [叶面喷施补硼] -> 2024-08-23 [枯萎病监测] -> 2024-09-28 [喷施脱叶剂],2024-11-07 12:18,20994.48,瓜州县第4深加工基地,"95.76098,40.50035",皮棉清理->锯齿轧花->纤维分级->压力打包,2024-11-11 17:18,2024-11-12 00:12,WH-CN-817,专业纤维库,2024-11-12 10:12,2024-12-19 10:12,避光控温控制,LOG-CN-70586920586,高栏平板车,"严禁烟火, 防静电, 干燥",2024-12-20 00:12,2024-12-24 06:49,西安市,长安区,108.87,34.15,2024-12-26 06:49
CN-AG-202410-11410,水稻,广西壮族自治区,武宣县,109.698339,23.598732,2024-06-02,2024-06-02 [播种育秧] -> 2024-06-25 [田间底肥] -> 2024-07-18 [插秧作业] -> 2024-08-10 [分蘖期灌溉] -> 2024-09-02 [除草控虫] -> 2024-09-25 [晒田补肥],2024-10-19 08:05,21815.21,武宣县第3深加工基地,"109.656992,23.586535",清理去石->砻谷脱壳->糙米碾白->抛光->色选->包装,2024-10-23 10:05,2024-10-23 13:16,WH-CN-528,平房仓(准低温),2024-10-23 17:16,2024-11-15 17:16,准低温低氧控制,LOG-CN-11399267596,散粮车,"防潮, 湿度<14%",2024-11-16 06:16,2024-11-17 19:37,成都市,新都区,104.15,30.82,2024-11-19 19:37
CN-AG-202409-11411,玉米,四川省,三台县,105.062906,31.101562,2024-06-05,2024-06-05 [免耕直播] -> 2024-06-27 [苗期中耕] -> 2024-07-19 [喇叭口期追肥] -> 2024-08-10 [大斑病防治] -> 2024-09-01 [人工授粉辅助],2024-09-18 16:27,26374.37,三台县第4深加工基地,"105.094705,31.080532",物理清理->脱粒烘干->破碎加工->筛理分级,2024-09-19 21:27,2024-09-20 04:08,WH-CN-689,现代化圆筒仓,2024-09-20 12:08,2024-10-16 12:08,避光控温控制,LOG-CN-55170698949,重型散粮卡车,"通风良好, 严控高温",2024-10-16 22:08,2024-10-21 14:21,广州市,天河区,113.33,23.13,2024-10-23 14:21
CN-AG-202409-11412,大豆,黑龙江省,富锦市,132.039691,47.265078,2024-05-23,2024-05-23 [拌种包衣] -> 2024-06-17 [等距点播] -> 2024-07-12 [结荚期根外追肥] -> 2024-08-06 [食心虫绿色防控] -> 2024-08-31 [除草中耕],2024-09-25 08:41,31228.65,富锦市第3深加工基地,"132.033505,47.254834",磁选->破碎压胚->高温压榨->物理过滤->精炼,2024-09-29 13:41,2024-09-29 23:29,WH-CN-282,不锈钢储油罐区,2024-09-30 06:29,2024-11-10 06:29,准低温低氧控制,LOG-CN-86430681580,罐式车,"避光, 控温25℃下",2024-11-10 12:29,2024-11-12 06:21,武汉市,江岸区,114.3,30.59,2024-11-15 06:21
CN-AG-202410-11413,水稻,江苏省,兴化市,119.832298,32.894706,2024-06-12,2024-06-12 [播种育秧] -> 2024-07-05 [田间底肥] -> 2024-07-28 [插秧作业] -> 2024-08-20 [分蘖期灌溉] -> 2024-09-12 [除草控虫] -> 2024-10-05 [晒田补肥],2024-10-27 16:37,23862.11,兴化市第4深加工基地,"119.842597,32.922522",清理去石->砻谷脱壳->糙米碾白->抛光->色选->包装,2024-10-30 21:37,2024-10-31 01:10,WH-CN-538,平房仓(准低温),2024-10-31 09:10,2024-11-12 09:10,准低温低氧控制,LOG-CN-34672732467,散粮车,"防潮, 湿度<14%",2024-11-12 15:10,2024-11-17 07:04,广州市,白云区,113.27,23.15,2024-11-18 07:04
CN-AG-202409-11414,玉米,河北省,藁城区,114.883032,38.051143,2024-06-05,2024-06-05 [免耕直播] -> 2024-06-27 [苗期中耕] -> 2024-07-19 [喇叭口期追肥] -> 2024-08-10 [大斑病防治] -> 2024-09-01 [人工授粉辅助],2024-09-21 14:48,17277.79,藁城区第1深加工基地,"114.842567,38.039255",物理清理->脱粒烘干->破碎加工->筛理分级,2024-09-24 20:48,2024-09-25 01:23,WH-CN-837,现代化圆筒仓,2024-09-25 11:23,2024-11-09 11:23,避光控温控制,LOG-CN-22197271122,重型散粮卡车,"通风良好, 严控高温",2024-11-09 23:23,2024-11-12 00:43,北京市,丰台区,116.28,39.85,2024-11-15 00:43
CN-AG-202409-11415,玉米,黑龙江省,富锦市,131.982678,47.212092,2024-05-27,2024-05-27 [免耕直播] -> 2024-06-18 [苗期中耕] -> 2024-07-10 [喇叭口期追肥] -> 2024-08-01 [大斑病防治] -> 2024-08-23 [人工授粉辅助],2024-09-15 16:36,22140.39,富锦市第3深加工基地,"132.031575,47.256257",物理清理->脱粒烘干->破碎加工->筛理分级,2024-09-18 18:36,2024-09-19 03:58,WH-CN-636,现代化圆筒仓,2024-09-19 10:58,2024-09-29 10:58,避光控温控制,LOG-CN-16334424555,重型散粮卡车,"通风良好, 严控高温",2024-09-30 00:58,2024-10-03 00:07,成都市,新都区,104.15,30.82,2024-10-06 00:07
CN-AG-202410-11416,玉米,内蒙古自治区,五原县,108.293775,41.114194,2024-06-28,2024-06-28 [免耕直播] -> 2024-07-20 [苗期中耕] -> 2024-08-11 [喇叭口期追肥] -> 2024-09-02 [大斑病防治] -> 2024-09-24 [人工授粉辅助],2024-10-14 10:03,32330.91,五原县第4深加工基地,"108.266689,41.104066",物理清理->脱粒烘干->破碎加工->筛理分级,2024-10-18 13:03,2024-10-18 17:42,WH-CN-865,现代化圆筒仓,2024-10-19 01:42,2024-11-16 01:42,避光控温控制,LOG-CN-41115342224,重型散粮卡车,"通风良好, 严控高温",2024-11-16 16:42,2024-11-19 02:07,深圳市,宝安区,113.88,22.55,2024-11-22 02:07
CN-AG-202409-11417,玉米,辽宁省,昌图县,124.139702,42.726746,2024-05-18,2024-05-18 [免耕直播] -> 2024-06-09 [苗期中耕] -> 2024-07-01 [喇叭口期追肥] -> 2024-07-23 [大斑病防治] -> 2024-08-14 [人工授粉辅助],2024-09-07 11:23,21134.44,昌图县第4深加工基地,"124.105723,42.787017",物理清理->脱粒烘干->破碎加工->筛理分级,2024-09-11 13:23,2024-09-11 19:57,WH-CN-277,现代化圆筒仓,2024-09-11 23:57,2024-10-19 23:57,避光控温控制,LOG-CN-68734545564,重型散粮卡车,"通风良好, 严控高温",2024-10-20 12:57,2024-10-23 03:14,深圳市,福田区,114.05,22.54,2024-10-25 03:14
CN-AG-202409-11418,玉米,辽宁省,黑山县,122.097699,41.706854,2024-05-26,2024-05-26 [免耕直播] -> 2024-06-17 [苗期中耕] -> 2024-07-09 [喇叭口期追肥] -> 2024-07-31 [大斑病防治] -> 2024-08-22 [人工授粉辅助],2024-09-13 15:34,26464.65,黑山县第3深加工基地,"122.110668,41.699159",物理清理->脱粒烘干->破碎加工->筛理分级,2024-09-14 21:34,2024-09-15 05:18,WH-CN-765,现代化圆筒仓,2024-09-15 17:18,2024-11-02 17:18,避光控温控制,LOG-CN-28615600684,重型散粮卡车,"通风良好, 严控高温",2024-11-03 03:18,2024-11-08 07:49,西安市,未央区,108.94,34.29,2024-11-10 07:49
CN-AG-202409-11419,水稻,湖南省,南县,112.35998,29.369575,2024-04-29,2024-04-29 [播种育秧] -> 2024-05-22 [田间底肥] -> 2024-06-14 [插秧作业] -> 2024-07-07 [分蘖期灌溉] -> 2024-07-30 [除草控虫] -> 2024-08-22 [晒田补肥],2024-09-15 15:50,35524.18,南县第1深加工基地,"112.393518,29.364244",清理去石->砻谷脱壳->糙米碾白->抛光->色选->包装,2024-09-16 18:50,2024-09-17 01:23,WH-CN-987,平房仓(准低温),2024-09-17 11:23,2024-10-26 11:23,准低温低氧控制,LOG-CN-67896238469,散粮车,"防潮, 湿度<14%",2024-10-27 00:23,2024-10-29 12:24,南京市,南京浦口区,118.62,32.05,2024-10-31 12:24
CN-AG-202409-11420,水稻,江苏省,射阳县,120.249324,33.718246,2024-04-23,2024-04-23 [播种育秧] -> 2024-05-16 [田间底肥] -> 2024-06-08 [插秧作业] -> 2024-07-01 [分蘖期灌溉] -> 2024-07-24 [除草控虫] -> 2024-08-16 [晒田补肥],2024-09-10 17:28,7036.61,射阳县第1深加工基地,"120.244234,33.758297",清理去石->砻谷脱壳->糙米碾白->抛光->色选->包装,2024-09-12 21:28,2024-09-13 00:43,WH-CN-758,平房仓(准低温),2024-09-13 05:43,2024-10-13 05:43,准低温低氧控制,LOG-CN-17377152549,散粮车,"防潮, 湿度<14%",2024-10-13 14:43,2024-10-14 22:22,西安市,雁塔区,108.94,34.21,2024-10-17 22:22
CN-AG-202405-11421,油菜籽,湖南省,安乡县,112.201077,29.367309,2023-10-28,2023-10-28 [育苗移栽] -> 2023-12-19 [越冬防冻肥] -> 2024-02-09 [薹期水肥调节] -> 2024-04-01 [菌核病无人机防治],2024-05-26 14:23,27914.29,安乡县第4深加工基地,"112.178236,29.410012",多级筛选->炒籽->螺旋压榨->精制过滤,2024-05-29 20:23,2024-05-30 00:09,WH-CN-474,恒温罐区,2024-05-30 07:09,2024-06-27 07:09,避光控温控制,LOG-CN-54006242679,罐式车,"避光, 防氧化",2024-06-27 16:09,2024-07-01 12:00,成都市,龙泉驿区,104.27,30.55,2024-07-03 12:00
CN-AG-202406-11422,小麦,新疆维吾尔自治区,奇台县,89.607511,43.977594,2023-10-23,2023-10-23 [深耕整地] -> 2023-11-30 [秋播种子处理] -> 2024-01-07 [越冬水灌溉] -> 2024-02-14 [拔节期追肥] -> 2024-03-23 [条锈病防治] -> 2024-04-30 [干热风防护],2024-06-14 14:02,25472.0,奇台县第3深加工基地,"89.583135,44.014658",磁选除杂->着水润麦->多级研磨->高方筛理->包装,2024-06-15 16:02,2024-06-15 20:45,WH-CN-944,钢板筒仓,2024-06-16 07:45,2024-06-27 07:45,准低温低氧控制,LOG-CN-20399899261,全封闭货车,"干燥, 禁止异味混载",2024-06-27 13:45,2024-07-02 12:00,上海市,浦东新区,121.54,31.22,2024-07-04 12:00
CN-AG-202407-11423,大麦,吉林省,前郭县,124.821242,45.132012,2024-03-29,2024-03-29 [翻耕播种] -> 2024-04-23 [分蘖期施氮] -> 2024-05-18 [化学除草] -> 2024-06-12 [灌浆期监控],2024-07-03 09:35,21463.43,前郭县第4深加工基地,"124.806189,45.115097",杂质清理->脱壳处理->分级磨皮->包装,2024-07-06 15:35,2024-07-06 19:55,WH-CN-195,平房仓,2024-07-07 06:55,2024-08-03 06:55,避光控温控制,LOG-CN-98092900425,散装车,防霉通风,2024-08-03 13:55,2024-08-06 05:41,南京市,江宁区,118.83,31.95,2024-08-08 05:41
CN-AG-202410-11424,玉米,四川省,三台县,105.078657,31.083757,2024-07-02,2024-07-02 [免耕直播] -> 2024-07-24 [苗期中耕] -> 2024-08-15 [喇叭口期追肥] -> 2024-09-06 [大斑病防治] -> 2024-09-28 [人工授粉辅助],2024-10-22 08:17,29920.52,三台县第3深加工基地,"105.085845,31.099682",物理清理->脱粒烘干->破碎加工->筛理分级,2024-10-26 13:17,2024-10-26 21:30,WH-CN-513,现代化圆筒仓,2024-10-27 07:30,2024-12-11 07:30,避光控温控制,LOG-CN-89888104928,重型散粮卡车,"通风良好, 严控高温",2024-12-11 22:30,2024-12-13 01:17,广州市,番禺区,113.38,22.93,2024-12-15 01:17
CN-AG-202409-11425,玉米,山东省,汶上县,116.462546,35.705378,2024-05-24,2024-05-24 [免耕直播] -> 2024-06-15 [苗期中耕] -> 2024-07-07 [喇叭口期追肥] -> 2024-07-29 [大斑病防治] -> 2024-08-20 [人工授粉辅助],2024-09-09 10:44,16044.1,汶上县第4深加工基地,"116.475046,35.731292",物理清理->脱粒烘干->破碎加工->筛理分级,2024-09-11 12:44,2024-09-11 21:27,WH-CN-796,现代化圆筒仓,2024-09-12 03:27,2024-10-28 03:27,避光控温控制,LOG-CN-92643628175,重型散粮卡车,"通风良好, 严控高温",2024-10-28 15:27,2024-10-31 04:21,广州市,白云区,113.27,23.15,2024-11-01 04:21
CN-AG-202409-11426,水稻,湖北省,枣阳市,112.721882,32.179835,2024-04-23,2024-04-23 [播种育秧] -> 2024-05-16 [田间底肥] -> 2024-06-08 [插秧作业] -> 2024-07-01 [分蘖期灌溉] -> 2024-07-24 [除草控虫] -> 2024-08-16 [晒田补肥],2024-09-05 09:16,20787.35,枣阳市第2深加工基地,"112.74207,32.137916",清理去石->砻谷脱壳->糙米碾白->抛光->色选->包装,2024-09-08 11:16,2024-09-08 15:36,WH-CN-318,平房仓(准低温),2024-09-08 20:36,2024-10-22 20:36,准低温低氧控制,LOG-CN-89679216633,散粮车,"防潮, 湿度<14%",2024-10-23 02:36,2024-10-25 18:07,南京市,江宁区,118.83,31.95,2024-10-27 18:07
CN-AG-202407-11427,大麦,吉林省,前郭县,124.858838,45.128788,2024-04-18,2024-04-18 [翻耕播种] -> 2024-05-13 [分蘖期施氮] -> 2024-06-07 [化学除草] -> 2024-07-02 [灌浆期监控],2024-07-24 16:21,8608.91,前郭县第2深加工基地,"124.819367,45.103375",杂质清理->脱壳处理->分级磨皮->包装,2024-07-27 21:21,2024-07-28 02:24,WH-CN-839,平房仓,2024-07-28 10:24,2024-08-15 10:24,避光控温控制,LOG-CN-76591527966,散装车,防霉通风,2024-08-15 21:24,2024-08-20 02:40,北京市,朝阳区,116.48,39.92,2024-08-22 02:40
CN-AG-202410-11428,水稻,四川省,三台县,105.143486,31.084346,2024-05-11,2024-05-11 [播种育秧] -> 2024-06-03 [田间底肥] -> 2024-06-26 [插秧作业] -> 2024-07-19 [分蘖期灌溉] -> 2024-08-11 [除草控虫] -> 2024-09-03 [晒田补肥],2024-10-03 16:58,7672.42,三台县第2深加工基地,"105.086032,31.093536",清理去石->砻谷脱壳->糙米碾白->抛光->色选->包装,2024-10-07 21:58,2024-10-08 03:06,WH-CN-108,平房仓(准低温),2024-10-08 14:06,2024-11-17 14:06,准低温低氧控制,LOG-CN-57851752100,散粮车,"防潮, 湿度<14%",2024-11-17 23:06,2024-11-19 10:19,成都市,武侯区,104.04,30.64,2024-11-21 10:19
CN-AG-202409-11429,大豆,安徽省,怀远县,117.176448,32.932596,2024-05-07,2024-05-07 [拌种包衣] -> 2024-06-01 [等距点播] -> 2024-06-26 [结荚期根外追肥] -> 2024-07-21 [食心虫绿色防控] -> 2024-08-15 [除草中耕],2024-09-09 14:49,24263.21,怀远县第3深加工基地,"117.192877,32.96186",磁选->破碎压胚->高温压榨->物理过滤->精炼,2024-09-10 18:49,2024-09-10 23:06,WH-CN-451,不锈钢储油罐区,2024-09-11 11:06,2024-10-25 11:06,准低温低氧控制,LOG-CN-95370310537,罐式车,"避光, 控温25℃下",2024-10-25 19:06,2024-10-30 11:13,武汉市,东西湖区,114.13,30.62,2024-11-01 11:13
CN-AG-202405-11430,油菜籽,四川省,中江县,104.660753,30.982559,2023-10-29,2023-10-29 [育苗移栽] -> 2023-12-20 [越冬防冻肥] -> 2024-02-10 [薹期水肥调节] -> 2024-04-02 [菌核病无人机防治],2024-05-23 09:58,12529.63,中江县第2深加工基地,"104.662828,31.035912",多级筛选->炒籽->螺旋压榨->精制过滤,2024-05-27 13:58,2024-05-27 19:32,WH-CN-974,恒温罐区,2024-05-28 07:32,2024-06-14 07:32,避光控温控制,LOG-CN-87726456440,罐式车,"避光, 防氧化",2024-06-14 18:32,2024-06-19 20:11,南京市,江宁区,118.83,31.95,2024-06-20 20:11
CN-AG-202409-11431,大豆,内蒙古自治区,突泉县,121.587211,46.285638,2024-05-21,2024-05-21 [拌种包衣] -> 2024-06-15 [等距点播] -> 2024-07-10 [结荚期根外追肥] -> 2024-08-04 [食心虫绿色防控] -> 2024-08-29 [除草中耕],2024-09-18 08:46,15911.49,突泉县第2深加工基地,"121.561952,46.323944",磁选->破碎压胚->高温压榨->物理过滤->精炼,2024-09-20 14:46,2024-09-20 17:49,WH-CN-205,不锈钢储油罐区,2024-09-21 01:49,2024-10-25 01:49,准低温低氧控制,LOG-CN-94564201160,罐式车,"避光, 控温25℃下",2024-10-25 09:49,2024-10-30 04:27,深圳市,南山区,113.93,22.54,2024-10-31 04:27
CN-AG-202406-11432,小麦,山东省,汶上县,116.530848,35.690022,2023-11-04,2023-11-04 [深耕整地] -> 2023-12-12 [秋播种子处理] -> 2024-01-19 [越冬水灌溉] -> 2024-02-26 [拔节期追肥] -> 2024-04-04 [条锈病防治] -> 2024-05-12 [干热风防护],2024-06-25 08:53,15350.3,汶上县第4深加工基地,"116.477081,35.736429",磁选除杂->着水润麦->多级研磨->高方筛理->包装,2024-06-26 11:53,2024-06-26 14:55,WH-CN-190,钢板筒仓,2024-06-27 02:55,2024-07-27 02:55,准低温低氧控制,LOG-CN-40909341330,全封闭货车,"干燥, 禁止异味混载",2024-07-27 11:55,2024-07-30 01:00,广州市,白云区,113.27,23.15,2024-07-31 01:00
CN-AG-202407-11433,大麦,吉林省,前郭县,124.814473,45.128698,2024-04-08,2024-04-08 [翻耕播种] -> 2024-05-03 [分蘖期施氮] -> 2024-05-28 [化学除草] -> 2024-06-22 [灌浆期监控],2024-07-12 11:54,23648.84,前郭县第1深加工基地,"124.813653,45.113542",杂质清理->脱壳处理->分级磨皮->包装,2024-07-13 15:54,2024-07-13 20:18,WH-CN-148,平房仓,2024-07-14 00:18,2024-08-05 00:18,避光控温控制,LOG-CN-58993839114,散装车,防霉通风,2024-08-05 10:18,2024-08-06 11:46,北京市,海淀区,116.3,39.96,2024-08-08 11:46
CN-AG-202410-11434,玉米,四川省,中江县,104.641932,31.045448,2024-06-22,2024-06-22 [免耕直播] -> 2024-07-14 [苗期中耕] -> 2024-08-05 [喇叭口期追肥] -> 2024-08-27 [大斑病防治] -> 2024-09-18 [人工授粉辅助],2024-10-11 15:26,37856.58,中江县第5深加工基地,"104.669111,31.02078",物理清理->脱粒烘干->破碎加工->筛理分级,2024-10-13 19:26,2024-10-14 00:42,WH-CN-373,现代化圆筒仓,2024-10-14 08:42,2024-10-31 08:42,避光控温控制,LOG-CN-28645497599,重型散粮卡车,"通风良好, 严控高温",2024-10-31 23:42,2024-11-02 11:51,广州市,番禺区,113.38,22.93,2024-11-04 11:51
CN-AG-202410-11435,水稻,吉林省,榆树市,126.55834,44.866917,2024-05-31,2024-05-31 [播种育秧] -> 2024-06-23 [田间底肥] -> 2024-07-16 [插秧作业] -> 2024-08-08 [分蘖期灌溉] -> 2024-08-31 [除草控虫] -> 2024-09-23 [晒田补肥],2024-10-22 09:59,36331.0,榆树市第5深加工基地,"126.559832,44.826648",清理去石->砻谷脱壳->糙米碾白->抛光->色选->包装,2024-10-23 11:59,2024-10-23 18:03,WH-CN-751,平房仓(准低温),2024-10-23 23:03,2024-11-26 23:03,准低温低氧控制,LOG-CN-32043553490,散粮车,"防潮, 湿度<14%",2024-11-27 14:03,2024-11-29 01:04,南京市,南京浦口区,118.62,32.05,2024-11-30 01:04
CN-AG-202409-11436,玉米,广西壮族自治区,宾阳县,108.833013,23.169634,2024-06-05,2024-06-05 [免耕直播] -> 2024-06-27 [苗期中耕] -> 2024-07-19 [喇叭口期追肥] -> 2024-08-10 [大斑病防治] -> 2024-09-01 [人工授粉辅助],2024-09-26 09:25,17454.39,宾阳县第4深加工基地,"108.819599,23.213486",物理清理->脱粒烘干->破碎加工->筛理分级,2024-09-28 14:25,2024-09-28 23:57,WH-CN-274,现代化圆筒仓,2024-09-29 11:57,2024-10-17 11:57,避光控温控制,LOG-CN-89964917468,重型散粮卡车,"通风良好, 严控高温",2024-10-17 18:57,2024-10-22 04:48,广州市,番禺区,113.38,22.93,2024-10-24 04:48
CN-AG-202406-11437,小麦,河北省,藁城区,114.862401,38.088272,2023-11-01,2023-11-01 [深耕整地] -> 2023-12-09 [秋播种子处理] -> 2024-01-16 [越冬水灌溉] -> 2024-02-23 [拔节期追肥] -> 2024-04-01 [条锈病防治] -> 2024-05-09 [干热风防护],2024-06-17 11:40,32987.85,藁城区第3深加工基地,"114.845971,38.024872",磁选除杂->着水润麦->多级研磨->高方筛理->包装,2024-06-21 17:40,2024-06-22 02:59,WH-CN-604,钢板筒仓,2024-06-22 07:59,2024-07-02 07:59,准低温低氧控制,LOG-CN-83584254000,全封闭货车,"干燥, 禁止异味混载",2024-07-02 22:59,2024-07-05 04:07,北京市,海淀区,116.3,39.96,2024-07-08 04:07
CN-AG-202405-11438,油菜籽,四川省,安岳县,105.363684,30.052843,2023-10-29,2023-10-29 [育苗移栽] -> 2023-12-20 [越冬防冻肥] -> 2024-02-10 [薹期水肥调节] -> 2024-04-02 [菌核病无人机防治],2024-05-23 11:10,33177.15,安岳县第5深加工基地,"105.327657,30.108204",多级筛选->炒籽->螺旋压榨->精制过滤,2024-05-24 13:10,2024-05-24 21:10,WH-CN-574,恒温罐区,2024-05-25 08:10,2024-06-21 08:10,避光控温控制,LOG-CN-26919059930,罐式车,"避光, 防氧化",2024-06-21 21:10,2024-06-26 19:18,武汉市,东西湖区,114.13,30.62,2024-06-28 19:18
CN-AG-202410-11439,棉花,新疆维吾尔自治区,沙雅县,82.771617,41.235676,2024-04-18,2024-04-18 [覆膜播种] -> 2024-05-24 [人工打顶] -> 2024-06-29 [叶面喷施补硼] -> 2024-08-04 [枯萎病监测] -> 2024-09-09 [喷施脱叶剂],2024-10-10 13:11,6003.8,沙雅县第2深加工基地,"82.776207,41.218755",皮棉清理->锯齿轧花->纤维分级->压力打包,2024-10-13 19:11,2024-10-14 04:32,WH-CN-368,专业纤维库,2024-10-14 08:32,2024-11-02 08:32,避光控温控制,LOG-CN-65889523462,高栏平板车,"严禁烟火, 防静电, 干燥",2024-11-02 20:32,2024-11-04 01:50,南京市,玄武区,118.79,32.06,2024-11-07 01:50
CN-AG-202409-11440,大豆,山东省,莒南县,118.882341,35.201456,2024-05-06,2024-05-06 [拌种包衣] -> 2024-05-31 [等距点播] -> 2024-06-25 [结荚期根外追肥] -> 2024-07-20 [食心虫绿色防控] -> 2024-08-14 [除草中耕],2024-09-09 15:51,16566.87,莒南县第4深加工基地,"118.823496,35.178815",磁选->破碎压胚->高温压榨->物理过滤->精炼,2024-09-12 17:51,2024-09-13 02:28,WH-CN-804,不锈钢储油罐区,2024-09-13 06:28,2024-10-09 06:28,准低温低氧控制,LOG-CN-36884714086,罐式车,"避光, 控温25℃下",2024-10-09 20:28,2024-10-14 18:05,上海市,宝山区,121.48,31.4,2024-10-17 18:05
CN-AG-202409-11441,大豆,黑龙江省,嫩江市,125.248492,49.214969,2024-05-12,2024-05-12 [拌种包衣] -> 2024-06-06 [等距点播] -> 2024-07-01 [结荚期根外追肥] -> 2024-07-26 [食心虫绿色防控] -> 2024-08-20 [除草中耕],2024-09-11 13:27,39388.76,嫩江市第5深加工基地,"125.211346,49.165057",磁选->破碎压胚->高温压榨->物理过滤->精炼,2024-09-13 19:27,2024-09-14 02:43,WH-CN-738,不锈钢储油罐区,2024-09-14 13:43,2024-10-27 13:43,准低温低氧控制,LOG-CN-43627824072,罐式车,"避光, 控温25℃下",2024-10-28 01:43,2024-10-30 22:10,西安市,长安区,108.87,34.15,2024-11-02 22:10
CN-AG-202410-11442,玉米,吉林省,公主岭市,124.869465,43.49216,2024-06-29,2024-06-29 [免耕直播] -> 2024-07-21 [苗期中耕] -> 2024-08-12 [喇叭口期追肥] -> 2024-09-03 [大斑病防治] -> 2024-09-25 [人工授粉辅助],2024-10-22 08:26,37273.67,公主岭市第4深加工基地,"124.824421,43.522664",物理清理->脱粒烘干->破碎加工->筛理分级,2024-10-24 11:26,2024-10-24 21:07,WH-CN-950,现代化圆筒仓,2024-10-25 01:07,2024-11-09 01:07,避光控温控制,LOG-CN-46889996856,重型散粮卡车,"通风良好, 严控高温",2024-11-09 10:07,2024-11-13 09:31,上海市,宝山区,121.48,31.4,2024-11-14 09:31
CN-AG-202409-11443,玉米,广西壮族自治区,宾阳县,108.836327,23.180858,2024-06-12,2024-06-12 [免耕直播] -> 2024-07-04 [苗期中耕] -> 2024-07-26 [喇叭口期追肥] -> 2024-08-17 [大斑病防治] -> 2024-09-08 [人工授粉辅助],2024-09-25 17:39,30544.84,宾阳县第5深加工基地,"108.807506,23.200562",物理清理->脱粒烘干->破碎加工->筛理分级,2024-09-27 23:39,2024-09-28 02:17,WH-CN-272,现代化圆筒仓,2024-09-28 09:17,2024-10-29 09:17,避光控温控制,LOG-CN-51100851959,重型散粮卡车,"通风良好, 严控高温",2024-10-29 19:17,2024-11-02 13:54,上海市,宝山区,121.48,31.4,2024-11-04 13:54
CN-AG-202408-11444,花生,河南省,正阳县,114.337532,32.61521,2024-04-07,2024-04-07 [清棵蹲苗] -> 2024-05-01 [培土迎葑] -> 2024-05-25 [钙镁肥补充] -> 2024-06-18 [下针期控旺] -> 2024-07-12 [地下虫害防治],2024-08-09 15:51,38505.95,正阳县第4深加工基地,"114.374701,32.60646",剥壳分选->烘炒->压榨提取->物理精炼,2024-08-10 19:51,2024-08-11 00:20,WH-CN-585,避光库房,2024-08-11 08:20,2024-09-18 08:20,避光控温控制,LOG-CN-96822990942,厢式货车,避光防潮,2024-09-18 17:20,2024-09-22 20:42,广州市,番禺区,113.38,22.93,2024-09-23 20:42
CN-AG-202409-11445,水稻,吉林省,榆树市,126.538624,44.838274,2024-04-23,2024-04-23 [播种育秧] -> 2024-05-16 [田间底肥] -> 2024-06-08 [插秧作业] -> 2024-07-01 [分蘖期灌溉] -> 2024-07-24 [除草控虫] -> 2024-08-16 [晒田补肥],2024-09-05 14:31,25755.04,榆树市第2深加工基地,"126.542149,44.821921",清理去石->砻谷脱壳->糙米碾白->抛光->色选->包装,2024-09-08 20:31,2024-09-09 05:29,WH-CN-476,平房仓(准低温),2024-09-09 17:29,2024-10-14 17:29,准低温低氧控制,LOG-CN-35279773964,散粮车,"防潮, 湿度<14%",2024-10-15 05:29,2024-10-19 22:11,南京市,江宁区,118.83,31.95,2024-10-20 22:11
CN-AG-202409-11446,水稻,湖北省,监利市,112.949148,29.77203,2024-05-10,2024-05-10 [播种育秧] -> 2024-06-02 [田间底肥] -> 2024-06-25 [插秧作业] -> 2024-07-18 [分蘖期灌溉] -> 2024-08-10 [除草控虫] -> 2024-09-02 [晒田补肥],2024-09-25 09:33,30462.26,监利市第4深加工基地,"112.906394,29.825393",清理去石->砻谷脱壳->糙米碾白->抛光->色选->包装,2024-09-27 12:33,2024-09-27 18:14,WH-CN-596,平房仓(准低温),2024-09-28 01:14,2024-10-10 01:14,准低温低氧控制,LOG-CN-69728598000,散粮车,"防潮, 湿度<14%",2024-10-10 15:14,2024-10-13 10:41,南京市,南京浦口区,118.62,32.05,2024-10-16 10:41
CN-AG-202405-11447,油菜籽,四川省,安岳县,105.295372,30.159922,2023-10-23,2023-10-23 [育苗移栽] -> 2023-12-14 [越冬防冻肥] -> 2024-02-04 [薹期水肥调节] -> 2024-03-27 [菌核病无人机防治],2024-05-20 14:17,13086.79,安岳县第2深加工基地,"105.333257,30.095303",多级筛选->炒籽->螺旋压榨->精制过滤,2024-05-22 19:17,2024-05-23 00:04,WH-CN-183,恒温罐区,2024-05-23 08:04,2024-07-08 08:04,避光控温控制,LOG-CN-78451592248,罐式车,"避光, 防氧化",2024-07-08 21:04,2024-07-11 15:13,武汉市,东西湖区,114.13,30.62,2024-07-12 15:13
CN-AG-202409-11448,花生,河南省,唐河县,112.879898,32.735854,2024-05-20,2024-05-20 [清棵蹲苗] -> 2024-06-13 [培土迎葑] -> 2024-07-07 [钙镁肥补充] -> 2024-07-31 [下针期控旺] -> 2024-08-24 [地下虫害防治],2024-09-20 10:59,38975.64,唐河县第4深加工基地,"112.835902,32.680058",剥壳分选->烘炒->压榨提取->物理精炼,2024-09-24 14:59,2024-09-24 22:04,WH-CN-800,避光库房,2024-09-25 09:04,2024-10-22 09:04,避光控温控制,LOG-CN-35462905424,厢式货车,避光防潮,2024-10-22 16:04,2024-10-27 10:44,上海市,宝山区,121.48,31.4,2024-10-29 10:44
CN-AG-202406-11449,小麦,江苏省,兴化市,119.907293,32.88629,2023-11-03,2023-11-03 [深耕整地] -> 2023-12-11 [秋播种子处理] -> 2024-01-18 [越冬水灌溉] -> 2024-02-25 [拔节期追肥] -> 2024-04-03 [条锈病防治] -> 2024-05-11 [干热风防护],2024-06-25 09:53,17445.74,兴化市第3深加工基地,"119.843275,32.939287",磁选除杂->着水润麦->多级研磨->高方筛理->包装,2024-06-26 15:53,2024-06-26 23:39,WH-CN-173,钢板筒仓,2024-06-27 10:39,2024-08-03 10:39,准低温低氧控制,LOG-CN-60541041120,全封闭货车,"干燥, 禁止异味混载",2024-08-03 19:39,2024-08-06 06:18,成都市,龙泉驿区,104.27,30.55,2024-08-08 06:18
CN-AG-202410-11450,玉米,四川省,三台县,105.042019,31.065931,2024-06-14,2024-06-14 [免耕直播] -> 2024-07-06 [苗期中耕] -> 2024-07-28 [喇叭口期追肥] -> 2024-08-19 [大斑病防治] -> 2024-09-10 [人工授粉辅助],2024-10-04 17:25,34227.46,三台县第4深加工基地,"105.096319,31.085434",物理清理->脱粒烘干->破碎加工->筛理分级,2024-10-08 20:25,2024-10-09 05:04,WH-CN-903,现代化圆筒仓,2024-10-09 09:04,2024-10-22 09:04,避光控温控制,LOG-CN-18751593510,重型散粮卡车,"通风良好, 严控高温",2024-10-22 23:04,2024-10-28 07:15,深圳市,南山区,113.93,22.54,2024-10-29 07:15
CN-AG-202408-11451,花生,河南省,唐河县,112.780608,32.665398,2024-04-11,2024-04-11 [清棵蹲苗] -> 2024-05-05 [培土迎葑] -> 2024-05-29 [钙镁肥补充] -> 2024-06-22 [下针期控旺] -> 2024-07-16 [地下虫害防治],2024-08-06 12:09,24870.4,唐河县第5深加工基地,"112.839628,32.676845",剥壳分选->烘炒->压榨提取->物理精炼,2024-08-09 18:09,2024-08-10 03:24,WH-CN-884,避光库房,2024-08-10 10:24,2024-09-08 10:24,避光控温控制,LOG-CN-66925667359,厢式货车,避光防潮,2024-09-08 22:24,2024-09-12 02:59,广州市,白云区,113.27,23.15,2024-09-13 02:59
CN-AG-202409-11452,水稻,四川省,三台县,105.079939,31.105562,2024-05-10,2024-05-10 [播种育秧] -> 2024-06-02 [田间底肥] -> 2024-06-25 [插秧作业] -> 2024-07-18 [分蘖期灌溉] -> 2024-08-10 [除草控虫] -> 2024-09-02 [晒田补肥],2024-09-26 16:02,13470.38,三台县第5深加工基地,"105.099724,31.083331",清理去石->砻谷脱壳->糙米碾白->抛光->色选->包装,2024-09-27 19:02,2024-09-27 23:12,WH-CN-508,平房仓(准低温),2024-09-28 07:12,2024-11-12 07:12,准低温低氧控制,LOG-CN-77632295181,散粮车,"防潮, 湿度<14%",2024-11-12 18:12,2024-11-14 22:40,北京市,朝阳区,116.48,39.92,2024-11-17 22:40
CN-AG-202409-11453,大豆,辽宁省,昌图县,124.083777,42.818502,2024-05-12,2024-05-12 [拌种包衣] -> 2024-06-06 [等距点播] -> 2024-07-01 [结荚期根外追肥] -> 2024-07-26 [食心虫绿色防控] -> 2024-08-20 [除草中耕],2024-09-09 12:26,37598.82,昌图县第4深加工基地,"124.101133,42.771401",磁选->破碎压胚->高温压榨->物理过滤->精炼,2024-09-12 15:26,2024-09-12 22:55,WH-CN-748,不锈钢储油罐区,2024-09-13 04:55,2024-10-18 04:55,准低温低氧控制,LOG-CN-30188558837,罐式车,"避光, 控温25℃下",2024-10-18 16:55,2024-10-22 07:49,北京市,丰台区,116.28,39.85,2024-10-24 07:49
CN-AG-202406-11454,小麦,安徽省,蒙城县,116.569692,33.214445,2023-11-06,2023-11-06 [深耕整地] -> 2023-12-14 [秋播种子处理] -> 2024-01-21 [越冬水灌溉] -> 2024-02-28 [拔节期追肥] -> 2024-04-06 [条锈病防治] -> 2024-05-14 [干热风防护],2024-06-21 13:47,20555.66,蒙城县第2深加工基地,"116.559935,33.268575",磁选除杂->着水润麦->多级研磨->高方筛理->包装,2024-06-25 17:47,2024-06-26 01:36,WH-CN-922,钢板筒仓,2024-06-26 06:36,2024-07-12 06:36,准低温低氧控制,LOG-CN-59397756872,全封闭货车,"干燥, 禁止异味混载",2024-07-12 20:36,2024-07-18 05:58,广州市,番禺区,113.38,22.93,2024-07-20 05:58
CN-AG-202409-11455,大豆,黑龙江省,嫩江市,125.213506,49.211153,2024-05-05,2024-05-05 [拌种包衣] -> 2024-05-30 [等距点播] -> 2024-06-24 [结荚期根外追肥] -> 2024-07-19 [食心虫绿色防控] -> 2024-08-13 [除草中耕],2024-09-12 13:46,36996.5,嫩江市第4深加工基地,"125.224637,49.174172",磁选->破碎压胚->高温压榨->物理过滤->精炼,2024-09-14 19:46,2024-09-15 00:21,WH-CN-286,不锈钢储油罐区,2024-09-15 04:21,2024-10-26 04:21,准低温低氧控制,LOG-CN-46149816264,罐式车,"避光, 控温25℃下",2024-10-26 15:21,2024-10-30 13:29,西安市,未央区,108.94,34.29,2024-10-31 13:29
CN-AG-202410-11456,玉米,内蒙古自治区,五原县,108.243346,41.060876,2024-06-29,2024-06-29 [免耕直播] -> 2024-07-21 [苗期中耕] -> 2024-08-12 [喇叭口期追肥] -> 2024-09-03 [大斑病防治] -> 2024-09-25 [人工授粉辅助],2024-10-16 16:17,29393.86,五原县第1深加工基地,"108.251414,41.102746",物理清理->脱粒烘干->破碎加工->筛理分级,2024-10-20 18:17,2024-10-21 00:35,WH-CN-721,现代化圆筒仓,2024-10-21 12:35,2024-12-09 12:35,避光控温控制,LOG-CN-20758345212,重型散粮卡车,"通风良好, 严控高温",2024-12-09 23:35,2024-12-11 10:17,北京市,海淀区,116.3,39.96,2024-12-14 10:17
CN-AG-202410-11457,水稻,江苏省,射阳县,120.254176,33.733385,2024-05-21,2024-05-21 [播种育秧] -> 2024-06-13 [田间底肥] -> 2024-07-06 [插秧作业] -> 2024-07-29 [分蘖期灌溉] -> 2024-08-21 [除草控虫] -> 2024-09-13 [晒田补肥],2024-10-12 09:09,37117.85,射阳县第5深加工基地,"120.249491,33.759924",清理去石->砻谷脱壳->糙米碾白->抛光->色选->包装,2024-10-15 13:09,2024-10-15 16:28,WH-CN-654,平房仓(准低温),2024-10-16 00:28,2024-12-03 00:28,准低温低氧控制,LOG-CN-79483306672,散粮车,"防潮, 湿度<14%",2024-12-03 09:28,2024-12-07 23:34,广州市,白云区,113.27,23.15,2024-12-09 23:34
CN-AG-202410-11458,水稻,广西壮族自治区,桂平市,110.071848,23.427927,2024-06-05,2024-06-05 [播种育秧] -> 2024-06-28 [田间底肥] -> 2024-07-21 [插秧作业] -> 2024-08-13 [分蘖期灌溉] -> 2024-09-05 [除草控虫] -> 2024-09-28 [晒田补肥],2024-10-22 17:30,16415.03,桂平市第5深加工基地,"110.081908,23.395928",清理去石->砻谷脱壳->糙米碾白->抛光->色选->包装,2024-10-26 22:30,2024-10-27 04:42,WH-CN-369,平房仓(准低温),2024-10-27 13:42,2024-11-30 13:42,准低温低氧控制,LOG-CN-38812200470,散粮车,"防潮, 湿度<14%",2024-11-30 19:42,2024-12-04 08:43,武汉市,东西湖区,114.13,30.62,2024-12-06 08:43
CN-AG-202405-11459,油菜籽,四川省,安岳县,105.319313,30.146391,2023-10-26,2023-10-26 [育苗移栽] -> 2023-12-17 [越冬防冻肥] -> 2024-02-07 [薹期水肥调节] -> 2024-03-30 [菌核病无人机防治],2024-05-25 14:34,31868.86,安岳县第1深加工基地,"105.3326,30.102086",多级筛选->炒籽->螺旋压榨->精制过滤,2024-05-29 16:34,2024-05-29 21:56,WH-CN-598,恒温罐区,2024-05-30 07:56,2024-07-15 07:56,避光控温控制,LOG-CN-49689754025,罐式车,"避光, 防氧化",2024-07-15 13:56,2024-07-21 00:33,广州市,天河区,113.33,23.13,2024-07-23 00:33
CN-AG-202409-11460,水稻,辽宁省,盘山县,121.997317,41.230086,2024-04-23,2024-04-23 [播种育秧] -> 2024-05-16 [田间底肥] -> 2024-06-08 [插秧作业] -> 2024-07-01 [分蘖期灌溉] -> 2024-07-24 [除草控虫] -> 2024-08-16 [晒田补肥],2024-09-12 17:29,31827.49,盘山县第5深加工基地,"122.030333,41.231871",清理去石->砻谷脱壳->糙米碾白->抛光->色选->包装,2024-09-13 19:29,2024-09-14 03:38,WH-CN-369,平房仓(准低温),2024-09-14 07:38,2024-10-01 07:38,准低温低氧控制,LOG-CN-76729015465,散粮车,"防潮, 湿度<14%",2024-10-01 17:38,2024-10-05 05:07,上海市,闵行区,121.38,31.11,2024-10-06 05:07
CN-AG-202409-11461,花生,辽宁省,黑山县,122.088377,41.734824,2024-05-15,2024-05-15 [清棵蹲苗] -> 2024-06-08 [培土迎葑] -> 2024-07-02 [钙镁肥补充] -> 2024-07-26 [下针期控旺] -> 2024-08-19 [地下虫害防治],2024-09-12 15:32,23688.85,黑山县第3深加工基地,"122.124721,41.68423",剥壳分选->烘炒->压榨提取->物理精炼,2024-09-16 19:32,2024-09-16 22:55,WH-CN-578,避光库房,2024-09-17 05:55,2024-10-18 05:55,避光控温控制,LOG-CN-92523487340,厢式货车,避光防潮,2024-10-18 18:55,2024-10-21 10:01,成都市,新都区,104.15,30.82,2024-10-23 10:01
CN-AG-202409-11462,玉米,广西壮族自治区,宾阳县,108.810725,23.188402,2024-05-21,2024-05-21 [免耕直播] -> 2024-06-12 [苗期中耕] -> 2024-07-04 [喇叭口期追肥] -> 2024-07-26 [大斑病防治] -> 2024-08-17 [人工授粉辅助],2024-09-08 10:34,17674.39,宾阳县第5深加工基地,"108.819195,23.20325",物理清理->脱粒烘干->破碎加工->筛理分级,2024-09-11 14:34,2024-09-11 21:46,WH-CN-200,现代化圆筒仓,2024-09-12 01:46,2024-10-29 01:46,避光控温控制,LOG-CN-68641856133,重型散粮卡车,"通风良好, 严控高温",2024-10-29 16:46,2024-11-01 07:39,武汉市,江岸区,114.3,30.59,2024-11-03 07:39
CN-AG-202406-11463,小麦,河北省,宁晋县,114.963655,37.66219,2023-11-10,2023-11-10 [深耕整地] -> 2023-12-18 [秋播种子处理] -> 2024-01-25 [越冬水灌溉] -> 2024-03-03 [拔节期追肥] -> 2024-04-10 [条锈病防治] -> 2024-05-18 [干热风防护],2024-06-26 16:49,5638.5,宁晋县第1深加工基地,"114.925247,37.618135",磁选除杂->着水润麦->多级研磨->高方筛理->包装,2024-06-27 19:49,2024-06-28 01:49,WH-CN-357,钢板筒仓,2024-06-28 07:49,2024-07-23 07:49,准低温低氧控制,LOG-CN-74320585850,全封闭货车,"干燥, 禁止异味混载",2024-07-23 17:49,2024-07-27 01:49,深圳市,宝安区,113.88,22.55,2024-07-29 01:49
CN-AG-202406-11464,小麦,四川省,安岳县,105.271034,30.057265,2023-11-03,2023-11-03 [深耕整地] -> 2023-12-11 [秋播种子处理] -> 2024-01-18 [越冬水灌溉] -> 2024-02-25 [拔节期追肥] -> 2024-04-03 [条锈病防治] -> 2024-05-11 [干热风防护],2024-06-24 15:42,23137.05,安岳县第2深加工基地,"105.331732,30.090399",磁选除杂->着水润麦->多级研磨->高方筛理->包装,2024-06-28 18:42,2024-06-28 23:40,WH-CN-611,钢板筒仓,2024-06-29 04:40,2024-08-13 04:40,准低温低氧控制,LOG-CN-52686950150,全封闭货车,"干燥, 禁止异味混载",2024-08-13 15:40,2024-08-17 17:01,武汉市,东西湖区,114.13,30.62,2024-08-18 17:01
CN-AG-202406-11465,小麦,山东省,汶上县,116.482162,35.724647,2023-10-20,2023-10-20 [深耕整地] -> 2023-11-27 [秋播种子处理] -> 2024-01-04 [越冬水灌溉] -> 2024-02-11 [拔节期追肥] -> 2024-03-20 [条锈病防治] -> 2024-04-27 [干热风防护],2024-06-04 15:01,31529.25,汶上县第4深加工基地,"116.478454,35.720149",磁选除杂->着水润麦->多级研磨->高方筛理->包装,2024-06-08 17:01,2024-06-08 19:40,WH-CN-867,钢板筒仓,2024-06-09 00:40,2024-07-18 00:40,准低温低氧控制,LOG-CN-71775449279,全封闭货车,"干燥, 禁止异味混载",2024-07-18 06:40,2024-07-22 19:34,武汉市,东西湖区,114.13,30.62,2024-07-23 19:34
CN-AG-202405-11466,油菜籽,湖南省,安乡县,112.163123,29.436168,2023-10-15,2023-10-15 [育苗移栽] -> 2023-12-06 [越冬防冻肥] -> 2024-01-27 [薹期水肥调节] -> 2024-03-19 [菌核病无人机防治],2024-05-16 16:27,25240.53,安乡县第2深加工基地,"112.16466,29.414644",多级筛选->炒籽->螺旋压榨->精制过滤,2024-05-18 22:27,2024-05-19 03:37,WH-CN-780,恒温罐区,2024-05-19 12:37,2024-06-04 12:37,避光控温控制,LOG-CN-68348750625,罐式车,"避光, 防氧化",2024-06-04 20:37,2024-06-06 11:24,南京市,南京浦口区,118.62,32.05,2024-06-08 11:24
CN-AG-202408-11467,花生,江苏省,东海县,118.780612,34.577577,2024-04-13,2024-04-13 [清棵蹲苗] -> 2024-05-07 [培土迎葑] -> 2024-05-31 [钙镁肥补充] -> 2024-06-24 [下针期控旺] -> 2024-07-18 [地下虫害防治],2024-08-12 11:50,9649.38,东海县第5深加工基地,"118.764734,34.534215",剥壳分选->烘炒->压榨提取->物理精炼,2024-08-16 14:50,2024-08-16 20:28,WH-CN-319,避光库房,2024-08-17 05:28,2024-09-29 05:28,避光控温控制,LOG-CN-40982310057,厢式货车,避光防潮,2024-09-29 18:28,2024-10-01 01:57,南京市,玄武区,118.79,32.06,2024-10-02 01:57
CN-AG-202408-11468,花生,山东省,莒南县,118.869593,35.185364,2024-04-23,2024-04-23 [清棵蹲苗] -> 2024-05-17 [培土迎葑] -> 2024-06-10 [钙镁肥补充] -> 2024-07-04 [下针期控旺] -> 2024-07-28 [地下虫害防治],2024-08-20 08:04,19181.6,莒南县第2深加工基地,"118.825166,35.168313",剥壳分选->烘炒->压榨提取->物理精炼,2024-08-22 10:04,2024-08-22 17:43,WH-CN-421,避光库房,2024-08-23 04:43,2024-09-21 04:43,避光控温控制,LOG-CN-68273155151,厢式货车,避光防潮,2024-09-21 14:43,2024-09-25 20:57,广州市,白云区,113.27,23.15,2024-09-27 20:57
CN-AG-202410-11469,水稻,江苏省,东海县,118.790312,34.584041,2024-05-25,2024-05-25 [播种育秧] -> 2024-06-17 [田间底肥] -> 2024-07-10 [插秧作业] -> 2024-08-02 [分蘖期灌溉] -> 2024-08-25 [除草控虫] -> 2024-09-17 [晒田补肥],2024-10-17 08:12,33852.67,东海县第5深加工基地,"118.769758,34.538962",清理去石->砻谷脱壳->糙米碾白->抛光->色选->包装,2024-10-18 10:12,2024-10-18 16:35,WH-CN-278,平房仓(准低温),2024-10-18 23:35,2024-11-20 23:35,准低温低氧控制,LOG-CN-32946743837,散粮车,"防潮, 湿度<14%",2024-11-21 13:35,2024-11-26 21:44,南京市,江宁区,118.83,31.95,2024-11-28 21:44
CN-AG-202409-11470,玉米,广西壮族自治区,宾阳县,108.825216,23.174511,2024-06-02,2024-06-02 [免耕直播] -> 2024-06-24 [苗期中耕] -> 2024-07-16 [喇叭口期追肥] -> 2024-08-07 [大斑病防治] -> 2024-08-29 [人工授粉辅助],2024-09-24 15:51,28527.67,宾阳县第2深加工基地,"108.819913,23.207175",物理清理->脱粒烘干->破碎加工->筛理分级,2024-09-27 17:51,2024-09-27 21:33,WH-CN-915,现代化圆筒仓,2024-09-28 09:33,2024-11-10 09:33,避光控温控制,LOG-CN-34920548476,重型散粮卡车,"通风良好, 严控高温",2024-11-11 00:33,2024-11-12 13:38,南京市,江宁区,118.83,31.95,2024-11-13 13:38
CN-AG-202409-11471,大豆,吉林省,公主岭市,124.818306,43.517622,2024-05-08,2024-05-08 [拌种包衣] -> 2024-06-02 [等距点播] -> 2024-06-27 [结荚期根外追肥] -> 2024-07-22 [食心虫绿色防控] -> 2024-08-16 [除草中耕],2024-09-11 10:51,20802.67,公主岭市第3深加工基地,"124.828335,43.521317",磁选->破碎压胚->高温压榨->物理过滤->精炼,2024-09-12 12:51,2024-09-12 20:20,WH-CN-744,不锈钢储油罐区,2024-09-13 07:20,2024-10-27 07:20,准低温低氧控制,LOG-CN-47061768856,罐式车,"避光, 控温25℃下",2024-10-27 22:20,2024-10-30 13:45,广州市,白云区,113.27,23.15,2024-11-01 13:45
CN-AG-202409-11472,玉米,河北省,藁城区,114.834136,38.066098,2024-05-19,2024-05-19 [免耕直播] -> 2024-06-10 [苗期中耕] -> 2024-07-02 [喇叭口期追肥] -> 2024-07-24 [大斑病防治] -> 2024-08-15 [人工授粉辅助],2024-09-06 13:43,16991.31,藁城区第2深加工基地,"114.841725,38.034374",物理清理->脱粒烘干->破碎加工->筛理分级,2024-09-09 17:43,2024-09-09 20:52,WH-CN-491,现代化圆筒仓,2024-09-10 01:52,2024-10-23 01:52,避光控温控制,LOG-CN-74086780665,重型散粮卡车,"通风良好, 严控高温",2024-10-23 15:52,2024-10-28 05:46,上海市,宝山区,121.48,31.4,2024-10-31 05:46
CN-AG-202409-11473,大豆,内蒙古自治区,阿荣旗,123.473078,48.119084,2024-04-30,2024-04-30 [拌种包衣] -> 2024-05-25 [等距点播] -> 2024-06-19 [结荚期根外追肥] -> 2024-07-14 [食心虫绿色防控] -> 2024-08-08 [除草中耕],2024-09-05 08:13,35168.44,阿荣旗第1深加工基地,"123.504916,48.119279",磁选->破碎压胚->高温压榨->物理过滤->精炼,2024-09-06 14:13,2024-09-06 18:33,WH-CN-366,不锈钢储油罐区,2024-09-07 05:33,2024-10-14 05:33,准低温低氧控制,LOG-CN-32052849284,罐式车,"避光, 控温25℃下",2024-10-14 19:33,2024-10-19 23:30,成都市,武侯区,104.04,30.64,2024-10-21 23:30
CN-AG-202410-11474,玉米,黑龙江省,富锦市,132.010249,47.299781,2024-07-06,2024-07-06 [免耕直播] -> 2024-07-28 [苗期中耕] -> 2024-08-19 [喇叭口期追肥] -> 2024-09-10 [大斑病防治] -> 2024-10-02 [人工授粉辅助],2024-10-22 16:15,36899.64,富锦市第1深加工基地,"132.030661,47.259045",物理清理->脱粒烘干->破碎加工->筛理分级,2024-10-24 20:15,2024-10-25 01:01,WH-CN-300,现代化圆筒仓,2024-10-25 05:01,2024-11-10 05:01,避光控温控制,LOG-CN-78726432143,重型散粮卡车,"通风良好, 严控高温",2024-11-10 18:01,2024-11-12 15:35,上海市,浦东新区,121.54,31.22,2024-11-13 15:35
CN-AG-202406-11475,小麦,安徽省,寿县,116.785153,32.585785,2023-10-25,2023-10-25 [深耕整地] -> 2023-12-02 [秋播种子处理] -> 2024-01-09 [越冬水灌溉] -> 2024-02-16 [拔节期追肥] -> 2024-03-25 [条锈病防治] -> 2024-05-02 [干热风防护],2024-06-15 15:02,10053.34,寿县第5深加工基地,"116.777516,32.562588",磁选除杂->着水润麦->多级研磨->高方筛理->包装,2024-06-16 20:02,2024-06-17 04:10,WH-CN-482,钢板筒仓,2024-06-17 15:10,2024-07-24 15:10,准低温低氧控制,LOG-CN-74435606131,全封闭货车,"干燥, 禁止异味混载",2024-07-25 00:10,2024-07-30 03:39,上海市,宝山区,121.48,31.4,2024-08-01 03:39
CN-AG-202406-11476,小麦,河北省,大名县,115.164754,36.231898,2023-11-08,2023-11-08 [深耕整地] -> 2023-12-16 [秋播种子处理] -> 2024-01-23 [越冬水灌溉] -> 2024-03-01 [拔节期追肥] -> 2024-04-08 [条锈病防治] -> 2024-05-16 [干热风防护],2024-06-21 14:11,22535.14,大名县第5深加工基地,"115.15556,36.278937",磁选除杂->着水润麦->多级研磨->高方筛理->包装,2024-06-25 17:11,2024-06-25 20:02,WH-CN-327,钢板筒仓,2024-06-26 04:02,2024-08-09 04:02,准低温低氧控制,LOG-CN-40256825294,全封闭货车,"干燥, 禁止异味混载",2024-08-09 10:02,2024-08-13 22:21,南京市,南京浦口区,118.62,32.05,2024-08-14 22:21
CN-AG-202410-11477,水稻,广西壮族自治区,宾阳县,108.769748,23.176456,2024-06-10,2024-06-10 [播种育秧] -> 2024-07-03 [田间底肥] -> 2024-07-26 [插秧作业] -> 2024-08-18 [分蘖期灌溉] -> 2024-09-10 [除草控虫] -> 2024-10-03 [晒田补肥],2024-10-28 12:41,6295.17,宾阳县第2深加工基地,"108.818532,23.208127",清理去石->砻谷脱壳->糙米碾白->抛光->色选->包装,2024-11-01 16:41,2024-11-02 00:25,WH-CN-723,平房仓(准低温),2024-11-02 10:25,2024-12-11 10:25,准低温低氧控制,LOG-CN-12928011361,散粮车,"防潮, 湿度<14%",2024-12-12 01:25,2024-12-16 07:30,成都市,武侯区,104.04,30.64,2024-12-18 07:30
CN-AG-202409-11478,玉米,河北省,藁城区,114.830271,38.055251,2024-06-06,2024-06-06 [免耕直播] -> 2024-06-28 [苗期中耕] -> 2024-07-20 [喇叭口期追肥] -> 2024-08-11 [大斑病防治] -> 2024-09-02 [人工授粉辅助],2024-09-19 15:41,30808.75,藁城区第3深加工基地,"114.831684,38.030345",物理清理->脱粒烘干->破碎加工->筛理分级,2024-09-21 19:41,2024-09-21 23:17,WH-CN-672,现代化圆筒仓,2024-09-22 08:17,2024-10-09 08:17,避光控温控制,LOG-CN-25349646932,重型散粮卡车,"通风良好, 严控高温",2024-10-09 14:17,2024-10-11 05:52,西安市,长安区,108.87,34.15,2024-10-12 05:52
CN-AG-202409-11479,玉米,内蒙古自治区,阿荣旗,123.529969,48.178149,2024-06-06,2024-06-06 [免耕直播] -> 2024-06-28 [苗期中耕] -> 2024-07-20 [喇叭口期追肥] -> 2024-08-11 [大斑病防治] -> 2024-09-02 [人工授粉辅助],2024-09-19 14:29,30501.89,阿荣旗第3深加工基地,"123.511716,48.115708",物理清理->脱粒烘干->破碎加工->筛理分级,2024-09-23 18:29,2024-09-23 22:28,WH-CN-275,现代化圆筒仓,2024-09-24 03:28,2024-10-25 03:28,避光控温控制,LOG-CN-27194675118,重型散粮卡车,"通风良好, 严控高温",2024-10-25 18:28,2024-10-28 02:08,深圳市,福田区,114.05,22.54,2024-10-30 02:08
CN-AG-202406-11480,小麦,新疆维吾尔自治区,奇台县,89.6459,43.973138,2023-10-30,2023-10-30 [深耕整地] -> 2023-12-07 [秋播种子处理] -> 2024-01-14 [越冬水灌溉] -> 2024-02-21 [拔节期追肥] -> 2024-03-30 [条锈病防治] -> 2024-05-07 [干热风防护],2024-06-19 08:35,24083.27,奇台县第5深加工基地,"89.592961,44.013496",磁选除杂->着水润麦->多级研磨->高方筛理->包装,2024-06-23 12:35,2024-06-23 21:50,WH-CN-947,钢板筒仓,2024-06-24 05:50,2024-08-05 05:50,准低温低氧控制,LOG-CN-37049886672,全封闭货车,"干燥, 禁止异味混载",2024-08-05 20:50,2024-08-08 02:02,北京市,朝阳区,116.48,39.92,2024-08-10 02:02
CN-AG-202409-11481,水稻,广西壮族自治区,桂平市,110.106107,23.359455,2024-04-29,2024-04-29 [播种育秧] -> 2024-05-22 [田间底肥] -> 2024-06-14 [插秧作业] -> 2024-07-07 [分蘖期灌溉] -> 2024-07-30 [除草控虫] -> 2024-08-22 [晒田补肥],2024-09-14 13:28,29710.65,桂平市第1深加工基地,"110.083468,23.395536",清理去石->砻谷脱壳->糙米碾白->抛光->色选->包装,2024-09-17 15:28,2024-09-17 22:03,WH-CN-126,平房仓(准低温),2024-09-18 06:03,2024-10-19 06:03,准低温低氧控制,LOG-CN-35237579208,散粮车,"防潮, 湿度<14%",2024-10-19 21:03,2024-10-22 00:52,成都市,龙泉驿区,104.27,30.55,2024-10-25 00:52
CN-AG-202406-11482,大麦,吉林省,前郭县,124.857096,45.12374,2024-03-15,2024-03-15 [翻耕播种] -> 2024-04-09 [分蘖期施氮] -> 2024-05-04 [化学除草] -> 2024-05-29 [灌浆期监控],2024-06-26 09:09,16860.62,前郭县第5深加工基地,"124.806618,45.101573",杂质清理->脱壳处理->分级磨皮->包装,2024-06-28 12:09,2024-06-28 15:23,WH-CN-564,平房仓,2024-06-29 00:23,2024-08-01 00:23,避光控温控制,LOG-CN-74853861256,散装车,防霉通风,2024-08-01 15:23,2024-08-02 17:22,西安市,长安区,108.87,34.15,2024-08-03 17:22
CN-AG-202406-11483,小麦,安徽省,蒙城县,116.618562,33.229794,2023-11-11,2023-11-11 [深耕整地] -> 2023-12-19 [秋播种子处理] -> 2024-01-26 [越冬水灌溉] -> 2024-03-04 [拔节期追肥] -> 2024-04-11 [条锈病防治] -> 2024-05-19 [干热风防护],2024-06-23 08:12,18369.54,蒙城县第3深加工基地,"116.564652,33.257788",磁选除杂->着水润麦->多级研磨->高方筛理->包装,2024-06-26 13:12,2024-06-26 19:58,WH-CN-195,钢板筒仓,2024-06-27 06:58,2024-07-10 06:58,准低温低氧控制,LOG-CN-65676418494,全封闭货车,"干燥, 禁止异味混载",2024-07-10 14:58,2024-07-12 23:56,成都市,武侯区,104.04,30.64,2024-07-15 23:56
CN-AG-202405-11484,油菜籽,甘肃省,民乐县,100.77545,38.452167,2023-10-09,2023-10-09 [育苗移栽] -> 2023-11-30 [越冬防冻肥] -> 2024-01-21 [薹期水肥调节] -> 2024-03-13 [菌核病无人机防治],2024-05-07 11:28,5328.65,民乐县第3深加工基地,"100.805626,38.42478",多级筛选->炒籽->螺旋压榨->精制过滤,2024-05-10 13:28,2024-05-10 22:25,WH-CN-329,恒温罐区,2024-05-11 10:25,2024-06-19 10:25,避光控温控制,LOG-CN-54281817216,罐式车,"避光, 防氧化",2024-06-19 23:25,2024-06-24 12:52,南京市,江宁区,118.83,31.95,2024-06-25 12:52
CN-AG-202409-11485,玉米,四川省,三台县,105.058119,31.079335,2024-06-07,2024-06-07 [免耕直播] -> 2024-06-29 [苗期中耕] -> 2024-07-21 [喇叭口期追肥] -> 2024-08-12 [大斑病防治] -> 2024-09-03 [人工授粉辅助],2024-09-27 09:40,30385.3,三台县第3深加工基地,"105.097588,31.080393",物理清理->脱粒烘干->破碎加工->筛理分级,2024-09-29 11:40,2024-09-29 16:06,WH-CN-873,现代化圆筒仓,2024-09-29 23:06,2024-10-20 23:06,避光控温控制,LOG-CN-78649180539,重型散粮卡车,"通风良好, 严控高温",2024-10-21 11:06,2024-10-26 10:59,成都市,新都区,104.15,30.82,2024-10-29 10:59
CN-AG-202406-11486,大麦,甘肃省,民乐县,100.790988,38.485873,2024-03-14,2024-03-14 [翻耕播种] -> 2024-04-08 [分蘖期施氮] -> 2024-05-03 [化学除草] -> 2024-05-28 [灌浆期监控],2024-06-25 08:19,34529.41,民乐县第5深加工基地,"100.800142,38.42677",杂质清理->脱壳处理->分级磨皮->包装,2024-06-28 14:19,2024-06-29 00:08,WH-CN-194,平房仓,2024-06-29 04:08,2024-08-15 04:08,避光控温控制,LOG-CN-61500210545,散装车,防霉通风,2024-08-15 17:08,2024-08-20 13:59,成都市,新都区,104.15,30.82,2024-08-21 13:59
CN-AG-202406-11487,小麦,河北省,藁城区,114.879053,38.05163,2023-11-09,2023-11-09 [深耕整地] -> 2023-12-17 [秋播种子处理] -> 2024-01-24 [越冬水灌溉] -> 2024-03-02 [拔节期追肥] -> 2024-04-09 [条锈病防治] -> 2024-05-17 [干热风防护],2024-06-28 12:10,8762.59,藁城区第4深加工基地,"114.833193,38.022932",磁选除杂->着水润麦->多级研磨->高方筛理->包装,2024-06-29 17:10,2024-06-30 00:44,WH-CN-689,钢板筒仓,2024-06-30 09:44,2024-08-16 09:44,准低温低氧控制,LOG-CN-63569651641,全封闭货车,"干燥, 禁止异味混载",2024-08-16 21:44,2024-08-22 07:51,成都市,龙泉驿区,104.27,30.55,2024-08-23 07:51
CN-AG-202406-11488,小麦,河南省,正阳县,114.393955,32.63481,2023-10-24,2023-10-24 [深耕整地] -> 2023-12-01 [秋播种子处理] -> 2024-01-08 [越冬水灌溉] -> 2024-02-15 [拔节期追肥] -> 2024-03-24 [条锈病防治] -> 2024-05-01 [干热风防护],2024-06-10 13:26,16824.87,正阳县第1深加工基地,"114.382451,32.590897",磁选除杂->着水润麦->多级研磨->高方筛理->包装,2024-06-14 16:26,2024-06-14 23:18,WH-CN-876,钢板筒仓,2024-06-15 10:18,2024-07-04 10:18,准低温低氧控制,LOG-CN-88182223976,全封闭货车,"干燥, 禁止异味混载",2024-07-05 01:18,2024-07-07 03:36,广州市,白云区,113.27,23.15,2024-07-10 03:36
CN-AG-202409-11489,大豆,黑龙江省,五常市,127.134247,44.90707,2024-05-14,2024-05-14 [拌种包衣] -> 2024-06-08 [等距点播] -> 2024-07-03 [结荚期根外追肥] -> 2024-07-28 [食心虫绿色防控] -> 2024-08-22 [除草中耕],2024-09-17 13:47,32362.57,五常市第4深加工基地,"127.156219,44.935395",磁选->破碎压胚->高温压榨->物理过滤->精炼,2024-09-18 18:47,2024-09-19 00:31,WH-CN-134,不锈钢储油罐区,2024-09-19 06:31,2024-10-25 06:31,准低温低氧控制,LOG-CN-73833101630,罐式车,"避光, 控温25℃下",2024-10-25 20:31,2024-10-27 13:30,上海市,浦东新区,121.54,31.22,2024-10-29 13:30
CN-AG-202409-11490,花生,江苏省,东海县,118.823658,34.528043,2024-05-28,2024-05-28 [清棵蹲苗] -> 2024-06-21 [培土迎葑] -> 2024-07-15 [钙镁肥补充] -> 2024-08-08 [下针期控旺] -> 2024-09-01 [地下虫害防治],2024-09-20 13:29,35776.96,东海县第4深加工基地,"118.775437,34.538129",剥壳分选->烘炒->压榨提取->物理精炼,2024-09-22 19:29,2024-09-23 02:48,WH-CN-171,避光库房,2024-09-23 12:48,2024-10-12 12:48,避光控温控制,LOG-CN-14661753141,厢式货车,避光防潮,2024-10-13 01:48,2024-10-16 13:25,南京市,玄武区,118.79,32.06,2024-10-17 13:25
CN-AG-202410-11491,水稻,江苏省,东海县,118.817704,34.538065,2024-05-13,2024-05-13 [播种育秧] -> 2024-06-05 [田间底肥] -> 2024-06-28 [插秧作业] -> 2024-07-21 [分蘖期灌溉] -> 2024-08-13 [除草控虫] -> 2024-09-05 [晒田补肥],2024-10-04 10:35,28954.38,东海县第2深加工基地,"118.761748,34.548155",清理去石->砻谷脱壳->糙米碾白->抛光->色选->包装,2024-10-08 13:35,2024-10-08 17:40,WH-CN-153,平房仓(准低温),2024-10-08 21:40,2024-11-13 21:40,准低温低氧控制,LOG-CN-30563416629,散粮车,"防潮, 湿度<14%",2024-11-14 06:40,2024-11-16 02:54,广州市,白云区,113.27,23.15,2024-11-17 02:54
CN-AG-202406-11492,小麦,内蒙古自治区,五原县,108.299064,41.152379,2023-10-22,2023-10-22 [深耕整地] -> 2023-11-29 [秋播种子处理] -> 2024-01-06 [越冬水灌溉] -> 2024-02-13 [拔节期追肥] -> 2024-03-22 [条锈病防治] -> 2024-04-29 [干热风防护],2024-06-09 14:01,11675.52,五原县第4深加工基地,"108.254018,41.105826",磁选除杂->着水润麦->多级研磨->高方筛理->包装,2024-06-10 19:01,2024-06-11 02:20,WH-CN-650,钢板筒仓,2024-06-11 10:20,2024-07-05 10:20,准低温低氧控制,LOG-CN-65318984362,全封闭货车,"干燥, 禁止异味混载",2024-07-06 01:20,2024-07-08 22:01,北京市,海淀区,116.3,39.96,2024-07-09 22:01
CN-AG-202406-11493,小麦,河南省,唐河县,112.872016,32.716614,2023-10-17,2023-10-17 [深耕整地] -> 2023-11-24 [秋播种子处理] -> 2024-01-01 [越冬水灌溉] -> 2024-02-08 [拔节期追肥] -> 2024-03-17 [条锈病防治] -> 2024-04-24 [干热风防护],2024-06-03 10:32,16771.61,唐河县第5深加工基地,"112.839045,32.675783",磁选除杂->着水润麦->多级研磨->高方筛理->包装,2024-06-05 15:32,2024-06-06 00:08,WH-CN-590,钢板筒仓,2024-06-06 04:08,2024-06-18 04:08,准低温低氧控制,LOG-CN-41527820365,全封闭货车,"干燥, 禁止异味混载",2024-06-18 14:08,2024-06-22 10:04,南京市,江宁区,118.83,31.95,2024-06-25 10:04
CN-AG-202409-11494,玉米,辽宁省,昌图县,124.067989,42.725983,2024-05-22,2024-05-22 [免耕直播] -> 2024-06-13 [苗期中耕] -> 2024-07-05 [喇叭口期追肥] -> 2024-07-27 [大斑病防治] -> 2024-08-18 [人工授粉辅助],2024-09-09 10:23,17780.72,昌图县第1深加工基地,"124.111516,42.780752",物理清理->脱粒烘干->破碎加工->筛理分级,2024-09-12 13:23,2024-09-12 20:24,WH-CN-591,现代化圆筒仓,2024-09-13 00:24,2024-10-13 00:24,避光控温控制,LOG-CN-84836698580,重型散粮卡车,"通风良好, 严控高温",2024-10-13 12:24,2024-10-18 13:43,深圳市,南山区,113.93,22.54,2024-10-19 13:43
CN-AG-202405-11495,油菜籽,湖北省,监利市,112.842036,29.847418,2023-10-06,2023-10-06 [育苗移栽] -> 2023-11-27 [越冬防冻肥] -> 2024-01-18 [薹期水肥调节] -> 2024-03-10 [菌核病无人机防治],2024-05-01 10:02,24606.39,监利市第4深加工基地,"112.890892,29.839207",多级筛选->炒籽->螺旋压榨->精制过滤,2024-05-03 13:02,2024-05-03 16:34,WH-CN-313,恒温罐区,2024-05-03 23:34,2024-05-17 23:34,避光控温控制,LOG-CN-91395731352,罐式车,"避光, 防氧化",2024-05-18 06:34,2024-05-22 14:19,西安市,雁塔区,108.94,34.21,2024-05-24 14:19
CN-AG-202410-11496,水稻,湖南省,安乡县,112.111682,29.367167,2024-05-30,2024-05-30 [播种育秧] -> 2024-06-22 [田间底肥] -> 2024-07-15 [插秧作业] -> 2024-08-07 [分蘖期灌溉] -> 2024-08-30 [除草控虫] -> 2024-09-22 [晒田补肥],2024-10-19 16:49,11078.84,安乡县第1深加工基地,"112.178645,29.411337",清理去石->砻谷脱壳->糙米碾白->抛光->色选->包装,2024-10-21 22:49,2024-10-22 05:33,WH-CN-585,平房仓(准低温),2024-10-22 12:33,2024-11-05 12:33,准低温低氧控制,LOG-CN-64019682550,散粮车,"防潮, 湿度<14%",2024-11-05 22:33,2024-11-09 22:56,成都市,武侯区,104.04,30.64,2024-11-11 22:56
CN-AG-202406-11497,小麦,河南省,正阳县,114.418719,32.619914,2023-10-30,2023-10-30 [深耕整地] -> 2023-12-07 [秋播种子处理] -> 2024-01-14 [越冬水灌溉] -> 2024-02-21 [拔节期追肥] -> 2024-03-30 [条锈病防治] -> 2024-05-07 [干热风防护],2024-06-14 08:15,6446.46,正阳县第5深加工基地,"114.38084,32.590266",磁选除杂->着水润麦->多级研磨->高方筛理->包装,2024-06-16 14:15,2024-06-16 21:30,WH-CN-599,钢板筒仓,2024-06-17 09:30,2024-06-27 09:30,准低温低氧控制,LOG-CN-54290645316,全封闭货车,"干燥, 禁止异味混载",2024-06-27 15:30,2024-06-30 08:35,西安市,雁塔区,108.94,34.21,2024-07-03 08:35
CN-AG-202409-11498,水稻,广西壮族自治区,桂平市,110.079876,23.385148,2024-04-17,2024-04-17 [播种育秧] -> 2024-05-10 [田间底肥] -> 2024-06-02 [插秧作业] -> 2024-06-25 [分蘖期灌溉] -> 2024-07-18 [除草控虫] -> 2024-08-10 [晒田补肥],2024-09-01 10:43,23543.96,桂平市第5深加工基地,"110.083689,23.381444",清理去石->砻谷脱壳->糙米碾白->抛光->色选->包装,2024-09-02 12:43,2024-09-02 21:23,WH-CN-240,平房仓(准低温),2024-09-03 08:23,2024-10-06 08:23,准低温低氧控制,LOG-CN-21579988039,散粮车,"防潮, 湿度<14%",2024-10-06 18:23,2024-10-08 02:48,成都市,龙泉驿区,104.27,30.55,2024-10-10 02:48
CN-AG-202410-11499,水稻,吉林省,榆树市,126.581818,44.820386,2024-05-25,2024-05-25 [播种育秧] -> 2024-06-17 [田间底肥] -> 2024-07-10 [插秧作业] -> 2024-08-02 [分蘖期灌溉] -> 2024-08-25 [除草控虫] -> 2024-09-17 [晒田补肥],2024-10-14 10:55,10978.36,榆树市第1深加工基地,"126.542988,44.819706",清理去石->砻谷脱壳->糙米碾白->抛光->色选->包装,2024-10-17 12:55,2024-10-17 22:04,WH-CN-335,平房仓(准低温),2024-10-18 03:04,2024-11-19 03:04,准低温低氧控制,LOG-CN-16005407985,散粮车,"防潮, 湿度<14%",2024-11-19 18:04,2024-11-23 03:20,广州市,白云区,113.27,23.15,2024-11-25 03:20
CN-AG-202406-11500,小麦,安徽省,寿县,116.740686,32.587791,2023-11-09,2023-11-09 [深耕整地] -> 2023-12-17 [秋播种子处理] -> 2024-01-24 [越冬水灌溉] -> 2024-03-02 [拔节期追肥] -> 2024-04-09 [条锈病防治] -> 2024-05-17 [干热风防护],2024-06-24 16:59,18926.38,寿县第1深加工基地,"116.782262,32.577448",磁选除杂->着水润麦->多级研磨->高方筛理->包装,2024-06-26 18:59,2024-06-27 02:22,WH-CN-536,钢板筒仓,2024-06-27 11:22,2024-08-08 11:22,准低温低氧控制,LOG-CN-54064714020,全封闭货车,"干燥, 禁止异味混载",2024-08-08 20:22,2024-08-13 12:57,西安市,雁塔区,108.94,34.21,2024-08-14 12:57
CN-AG-202409-11501,水稻,江苏省,东海县,118.825481,34.498864,2024-04-22,2024-04-22 [播种育秧] -> 2024-05-15 [田间底肥] -> 2024-06-07 [插秧作业] -> 2024-06-30 [分蘖期灌溉] -> 2024-07-23 [除草控虫] -> 2024-08-15 [晒田补肥],2024-09-05 14:31,8740.01,东海县第4深加工基地,"118.761458,34.540367",清理去石->砻谷脱壳->糙米碾白->抛光->色选->包装,2024-09-08 20:31,2024-09-09 01:56,WH-CN-608,平房仓(准低温),2024-09-09 13:56,2024-09-25 13:56,准低温低氧控制,LOG-CN-10567942708,散粮车,"防潮, 湿度<14%",2024-09-25 20:56,2024-09-28 18:58,西安市,雁塔区,108.94,34.21,2024-10-01 18:58
CN-AG-202405-11502,油菜籽,四川省,中江县,104.640384,31.04522,2023-10-11,2023-10-11 [育苗移栽] -> 2023-12-02 [越冬防冻肥] -> 2024-01-23 [薹期水肥调节] -> 2024-03-15 [菌核病无人机防治],2024-05-03 17:08,20748.71,中江县第1深加工基地,"104.676356,31.036074",多级筛选->炒籽->螺旋压榨->精制过滤,2024-05-04 23:08,2024-05-05 02:57,WH-CN-951,恒温罐区,2024-05-05 14:57,2024-06-06 14:57,避光控温控制,LOG-CN-88463265036,罐式车,"避光, 防氧化",2024-06-06 23:57,2024-06-11 18:06,广州市,天河区,113.33,23.13,2024-06-14 18:06
CN-AG-202410-11503,水稻,四川省,三台县,105.090224,31.147474,2024-06-04,2024-06-04 [播种育秧] -> 2024-06-27 [田间底肥] -> 2024-07-20 [插秧作业] -> 2024-08-12 [分蘖期灌溉] -> 2024-09-04 [除草控虫] -> 2024-09-27 [晒田补肥],2024-10-19 13:32,27607.36,三台县第1深加工基地,"105.09507,31.089099",清理去石->砻谷脱壳->糙米碾白->抛光->色选->包装,2024-10-20 17:32,2024-10-21 00:36,WH-CN-389,平房仓(准低温),2024-10-21 09:36,2024-11-20 09:36,准低温低氧控制,LOG-CN-34058439579,散粮车,"防潮, 湿度<14%",2024-11-20 21:36,2024-11-23 01:27,上海市,浦东新区,121.54,31.22,2024-11-26 01:27
CN-AG-202409-11504,大豆,黑龙江省,富锦市,132.03563,47.205896,2024-05-29,2024-05-29 [拌种包衣] -> 2024-06-23 [等距点播] -> 2024-07-18 [结荚期根外追肥] -> 2024-08-12 [食心虫绿色防控] -> 2024-09-06 [除草中耕],2024-09-27 15:19,17103.95,富锦市第1深加工基地,"132.021789,47.250925",磁选->破碎压胚->高温压榨->物理过滤->精炼,2024-09-30 18:19,2024-09-30 23:22,WH-CN-629,不锈钢储油罐区,2024-10-01 11:22,2024-11-09 11:22,准低温低氧控制,LOG-CN-86990192787,罐式车,"避光, 控温25℃下",2024-11-09 23:22,2024-11-11 19:46,深圳市,宝安区,113.88,22.55,2024-11-12 19:46
CN-AG-202406-11505,大麦,甘肃省,永昌县,102.012394,38.230158,2024-02-29,2024-02-29 [翻耕播种] -> 2024-03-25 [分蘖期施氮] -> 2024-04-19 [化学除草] -> 2024-05-14 [灌浆期监控],2024-06-10 17:50,15700.08,永昌县第3深加工基地,"101.961985,38.247123",杂质清理->脱壳处理->分级磨皮->包装,2024-06-14 20:50,2024-06-15 05:48,WH-CN-980,平房仓,2024-06-15 15:48,2024-07-24 15:48,避光控温控制,LOG-CN-92911340017,散装车,防霉通风,2024-07-25 01:48,2024-07-27 16:00,西安市,雁塔区,108.94,34.21,2024-07-30 16:00
CN-AG-202409-11506,水稻,江苏省,射阳县,120.221523,33.700887,2024-05-01,2024-05-01 [播种育秧] -> 2024-05-24 [田间底肥] -> 2024-06-16 [插秧作业] -> 2024-07-09 [分蘖期灌溉] -> 2024-08-01 [除草控虫] -> 2024-08-24 [晒田补肥],2024-09-20 14:23,14457.37,射阳县第5深加工基地,"120.242578,33.757495",清理去石->砻谷脱壳->糙米碾白->抛光->色选->包装,2024-09-21 18:23,2024-09-22 00:20,WH-CN-762,平房仓(准低温),2024-09-22 08:20,2024-10-16 08:20,准低温低氧控制,LOG-CN-95979931626,散粮车,"防潮, 湿度<14%",2024-10-16 23:20,2024-10-21 00:23,北京市,朝阳区,116.48,39.92,2024-10-22 00:23
CN-AG-202406-11507,小麦,河南省,滑县,114.47214,35.5964,2023-10-29,2023-10-29 [深耕整地] -> 2023-12-06 [秋播种子处理] -> 2024-01-13 [越冬水灌溉] -> 2024-02-20 [拔节期追肥] -> 2024-03-29 [条锈病防治] -> 2024-05-06 [干热风防护],2024-06-16 17:55,17401.78,滑县第2深加工基地,"114.517121,35.572463",磁选除杂->着水润麦->多级研磨->高方筛理->包装,2024-06-17 19:55,2024-06-18 04:34,WH-CN-589,钢板筒仓,2024-06-18 08:34,2024-08-03 08:34,准低温低氧控制,LOG-CN-28963138166,全封闭货车,"干燥, 禁止异味混载",2024-08-03 23:34,2024-08-05 08:00,成都市,武侯区,104.04,30.64,2024-08-08 08:00
CN-AG-202406-11508,小麦,河南省,滑县,114.488043,35.60467,2023-10-27,2023-10-27 [深耕整地] -> 2023-12-04 [秋播种子处理] -> 2024-01-11 [越冬水灌溉] -> 2024-02-18 [拔节期追肥] -> 2024-03-27 [条锈病防治] -> 2024-05-04 [干热风防护],2024-06-13 10:08,30124.13,滑县第3深加工基地,"114.514714,35.572784",磁选除杂->着水润麦->多级研磨->高方筛理->包装,2024-06-16 16:08,2024-06-16 19:56,WH-CN-950,钢板筒仓,2024-06-16 23:56,2024-07-10 23:56,准低温低氧控制,LOG-CN-28606175202,全封闭货车,"干燥, 禁止异味混载",2024-07-11 08:56,2024-07-12 15:34,南京市,南京浦口区,118.62,32.05,2024-07-13 15:34
CN-AG-202410-11509,棉花,江苏省,射阳县,120.294841,33.775639,2024-04-24,2024-04-24 [覆膜播种] -> 2024-05-30 [人工打顶] -> 2024-07-05 [叶面喷施补硼] -> 2024-08-10 [枯萎病监测] -> 2024-09-15 [喷施脱叶剂],2024-10-23 09:48,35758.07,射阳县第1深加工基地,"120.257332,33.742536",皮棉清理->锯齿轧花->纤维分级->压力打包,2024-10-25 12:48,2024-10-25 18:40,WH-CN-634,专业纤维库,2024-10-26 02:40,2024-11-09 02:40,避光控温控制,LOG-CN-28321880486,高栏平板车,"严禁烟火, 防静电, 干燥",2024-11-09 13:40,2024-11-12 19:16,成都市,龙泉驿区,104.27,30.55,2024-11-13 19:16
CN-AG-202405-11510,油菜籽,四川省,中江县,104.625253,31.041229,2023-10-15,2023-10-15 [育苗移栽] -> 2023-12-06 [越冬防冻肥] -> 2024-01-27 [薹期水肥调节] -> 2024-03-19 [菌核病无人机防治],2024-05-11 17:33,19540.35,中江县第4深加工基地,"104.663217,31.028551",多级筛选->炒籽->螺旋压榨->精制过滤,2024-05-15 21:33,2024-05-16 01:26,WH-CN-906,恒温罐区,2024-05-16 07:26,2024-07-01 07:26,避光控温控制,LOG-CN-22602461642,罐式车,"避光, 防氧化",2024-07-01 18:26,2024-07-06 00:52,深圳市,宝安区,113.88,22.55,2024-07-09 00:52
CN-AG-202408-11511,花生,山东省,莒南县,118.861064,35.194042,2024-04-27,2024-04-27 [清棵蹲苗] -> 2024-05-21 [培土迎葑] -> 2024-06-14 [钙镁肥补充] -> 2024-07-08 [下针期控旺] -> 2024-08-01 [地下虫害防治],2024-08-26 10:10,26178.99,莒南县第1深加工基地,"118.830123,35.162116",剥壳分选->烘炒->压榨提取->物理精炼,2024-08-28 14:10,2024-08-28 20:38,WH-CN-688,避光库房,2024-08-29 03:38,2024-10-03 03:38,避光控温控制,LOG-CN-66073384137,厢式货车,避光防潮,2024-10-03 09:38,2024-10-08 05:50,武汉市,洪山区,114.34,30.5,2024-10-09 05:50
CN-AG-202406-11512,小麦,河南省,正阳县,114.43234,32.637755,2023-10-20,2023-10-20 [深耕整地] -> 2023-11-27 [秋播种子处理] -> 2024-01-04 [越冬水灌溉] -> 2024-02-11 [拔节期追肥] -> 2024-03-20 [条锈病防治] -> 2024-04-27 [干热风防护],2024-06-03 12:19,11161.26,正阳县第2深加工基地,"114.389006,32.60027",磁选除杂->着水润麦->多级研磨->高方筛理->包装,2024-06-07 18:19,2024-06-08 00:59,WH-CN-227,钢板筒仓,2024-06-08 07:59,2024-07-08 07:59,准低温低氧控制,LOG-CN-93324737858,全封闭货车,"干燥, 禁止异味混载",2024-07-08 13:59,2024-07-13 09:57,武汉市,江岸区,114.3,30.59,2024-07-15 09:57
CN-AG-202406-11513,小麦,安徽省,蒙城县,116.547303,33.264283,2023-11-07,2023-11-07 [深耕整地] -> 2023-12-15 [秋播种子处理] -> 2024-01-22 [越冬水灌溉] -> 2024-02-29 [拔节期追肥] -> 2024-04-07 [条锈病防治] -> 2024-05-15 [干热风防护],2024-06-24 14:28,14701.18,蒙城县第2深加工基地,"116.55986,33.266964",磁选除杂->着水润麦->多级研磨->高方筛理->包装,2024-06-27 20:28,2024-06-28 00:53,WH-CN-857,钢板筒仓,2024-06-28 07:53,2024-07-27 07:53,准低温低氧控制,LOG-CN-32964157705,全封闭货车,"干燥, 禁止异味混载",2024-07-27 22:53,2024-07-31 02:30,深圳市,宝安区,113.88,22.55,2024-08-01 02:30
CN-AG-202409-11514,大豆,安徽省,怀远县,117.198837,32.966628,2024-05-11,2024-05-11 [拌种包衣] -> 2024-06-05 [等距点播] -> 2024-06-30 [结荚期根外追肥] -> 2024-07-25 [食心虫绿色防控] -> 2024-08-19 [除草中耕],2024-09-11 15:12,12286.7,怀远县第2深加工基地,"117.206639,32.976936",磁选->破碎压胚->高温压榨->物理过滤->精炼,2024-09-12 18:12,2024-09-12 22:48,WH-CN-335,不锈钢储油罐区,2024-09-13 02:48,2024-10-23 02:48,准低温低氧控制,LOG-CN-50471908875,罐式车,"避光, 控温25℃下",2024-10-23 13:48,2024-10-25 21:28,深圳市,南山区,113.93,22.54,2024-10-28 21:28
CN-AG-202409-11515,玉米,辽宁省,昌图县,124.089996,42.768422,2024-05-24,2024-05-24 [免耕直播] -> 2024-06-15 [苗期中耕] -> 2024-07-07 [喇叭口期追肥] -> 2024-07-29 [大斑病防治] -> 2024-08-20 [人工授粉辅助],2024-09-10 15:59,6568.78,昌图县第1深加工基地,"124.111455,42.779839",物理清理->脱粒烘干->破碎加工->筛理分级,2024-09-11 21:59,2024-09-12 05:04,WH-CN-509,现代化圆筒仓,2024-09-12 14:04,2024-10-04 14:04,避光控温控制,LOG-CN-27386876968,重型散粮卡车,"通风良好, 严控高温",2024-10-04 20:04,2024-10-07 02:18,西安市,雁塔区,108.94,34.21,2024-10-09 02:18
CN-AG-202407-11516,大麦,甘肃省,永昌县,102.005275,38.2086,2024-03-30,2024-03-30 [翻耕播种] -> 2024-04-24 [分蘖期施氮] -> 2024-05-19 [化学除草] -> 2024-06-13 [灌浆期监控],2024-07-04 08:31,14568.4,永昌县第2深加工基地,"101.966681,38.23973",杂质清理->脱壳处理->分级磨皮->包装,2024-07-07 12:31,2024-07-07 17:47,WH-CN-763,平房仓,2024-07-08 05:47,2024-08-18 05:47,避光控温控制,LOG-CN-51554253799,散装车,防霉通风,2024-08-18 15:47,2024-08-23 01:31,北京市,丰台区,116.28,39.85,2024-08-24 01:31
CN-AG-202409-11517,花生,山东省,平度市,119.918661,36.732819,2024-05-02,2024-05-02 [清棵蹲苗] -> 2024-05-26 [培土迎葑] -> 2024-06-19 [钙镁肥补充] -> 2024-07-13 [下针期控旺] -> 2024-08-06 [地下虫害防治],2024-09-03 09:37,37948.31,平度市第5深加工基地,"119.946102,36.788986",剥壳分选->烘炒->压榨提取->物理精炼,2024-09-05 13:37,2024-09-05 23:03,WH-CN-177,避光库房,2024-09-06 08:03,2024-09-21 08:03,避光控温控制,LOG-CN-21108428462,厢式货车,避光防潮,2024-09-21 17:03,2024-09-25 10:54,广州市,白云区,113.27,23.15,2024-09-26 10:54
CN-AG-202406-11518,小麦,甘肃省,永昌县,101.965281,38.200263,2023-10-27,2023-10-27 [深耕整地] -> 2023-12-04 [秋播种子处理] -> 2024-01-11 [越冬水灌溉] -> 2024-02-18 [拔节期追肥] -> 2024-03-27 [条锈病防治] -> 2024-05-04 [干热风防护],2024-06-12 11:46,22366.22,永昌县第1深加工基地,"101.960703,38.236142",磁选除杂->着水润麦->多级研磨->高方筛理->包装,2024-06-15 13:46,2024-06-15 21:31,WH-CN-501,钢板筒仓,2024-06-16 08:31,2024-07-03 08:31,准低温低氧控制,LOG-CN-32465316514,全封闭货车,"干燥, 禁止异味混载",2024-07-03 21:31,2024-07-08 21:51,武汉市,东西湖区,114.13,30.62,2024-07-10 21:51
CN-AG-202410-11519,水稻,安徽省,怀远县,117.205293,32.948777,2024-05-26,2024-05-26 [播种育秧] -> 2024-06-18 [田间底肥] -> 2024-07-11 [插秧作业] -> 2024-08-03 [分蘖期灌溉] -> 2024-08-26 [除草控虫] -> 2024-09-18 [晒田补肥],2024-10-14 11:01,5324.03,怀远县第1深加工基地,"117.197131,32.971034",清理去石->砻谷脱壳->糙米碾白->抛光->色选->包装,2024-10-15 16:01,2024-10-15 19:39,WH-CN-569,平房仓(准低温),2024-10-16 00:39,2024-11-29 00:39,准低温低氧控制,LOG-CN-53263882246,散粮车,"防潮, 湿度<14%",2024-11-29 12:39,2024-12-01 18:59,武汉市,东西湖区,114.13,30.62,2024-12-02 18:59
CN-AG-202406-11520,小麦,黑龙江省,嫩江市,125.275862,49.163676,2023-10-13,2023-10-13 [深耕整地] -> 2023-11-20 [秋播种子处理] -> 2023-12-28 [越冬水灌溉] -> 2024-02-04 [拔节期追肥] -> 2024-03-13 [条锈病防治] -> 2024-04-20 [干热风防护],2024-06-02 13:38,12552.02,嫩江市第4深加工基地,"125.215165,49.167547",磁选除杂->着水润麦->多级研磨->高方筛理->包装,2024-06-06 19:38,2024-06-07 05:02,WH-CN-124,钢板筒仓,2024-06-07 14:02,2024-07-13 14:02,准低温低氧控制,LOG-CN-16464726272,全封闭货车,"干燥, 禁止异味混载",2024-07-13 21:02,2024-07-16 12:14,西安市,未央区,108.94,34.29,2024-07-19 12:14
CN-AG-202409-11521,水稻,湖南省,南县,112.394932,29.329216,2024-04-16,2024-04-16 [播种育秧] -> 2024-05-09 [田间底肥] -> 2024-06-01 [插秧作业] -> 2024-06-24 [分蘖期灌溉] -> 2024-07-17 [除草控虫] -> 2024-08-09 [晒田补肥],2024-09-02 09:58,8435.71,南县第5深加工基地,"112.39412,29.36519",清理去石->砻谷脱壳->糙米碾白->抛光->色选->包装,2024-09-06 11:58,2024-09-06 21:42,WH-CN-312,平房仓(准低温),2024-09-07 01:42,2024-09-30 01:42,准低温低氧控制,LOG-CN-44524084865,散粮车,"防潮, 湿度<14%",2024-09-30 15:42,2024-10-04 11:14,广州市,白云区,113.27,23.15,2024-10-07 11:14
CN-AG-202406-11522,小麦,河北省,宁晋县,114.862538,37.645116,2023-10-26,2023-10-26 [深耕整地] -> 2023-12-03 [秋播种子处理] -> 2024-01-10 [越冬水灌溉] -> 2024-02-17 [拔节期追肥] -> 2024-03-26 [条锈病防治] -> 2024-05-03 [干热风防护],2024-06-08 16:33,6601.11,宁晋县第3深加工基地,"114.925517,37.618379",磁选除杂->着水润麦->多级研磨->高方筛理->包装,2024-06-12 22:33,2024-06-13 05:05,WH-CN-742,钢板筒仓,2024-06-13 17:05,2024-07-15 17:05,准低温低氧控制,LOG-CN-64078843948,全封闭货车,"干燥, 禁止异味混载",2024-07-16 04:05,2024-07-19 10:04,上海市,宝山区,121.48,31.4,2024-07-22 10:04
CN-AG-202408-11523,花生,山东省,平度市,119.957648,36.760648,2024-04-12,2024-04-12 [清棵蹲苗] -> 2024-05-06 [培土迎葑] -> 2024-05-30 [钙镁肥补充] -> 2024-06-23 [下针期控旺] -> 2024-07-17 [地下虫害防治],2024-08-13 15:11,38027.39,平度市第3深加工基地,"119.95484,36.7741",剥壳分选->烘炒->压榨提取->物理精炼,2024-08-14 17:11,2024-08-14 23:46,WH-CN-558,避光库房,2024-08-15 05:46,2024-09-25 05:46,避光控温控制,LOG-CN-96562221688,厢式货车,避光防潮,2024-09-25 19:46,2024-09-27 10:29,广州市,天河区,113.33,23.13,2024-09-30 10:29
CN-AG-202409-11524,玉米,内蒙古自治区,阿荣旗,123.552305,48.066273,2024-05-30,2024-05-30 [免耕直播] -> 2024-06-21 [苗期中耕] -> 2024-07-13 [喇叭口期追肥] -> 2024-08-04 [大斑病防治] -> 2024-08-26 [人工授粉辅助],2024-09-12 14:18,31608.23,阿荣旗第5深加工基地,"123.517488,48.113964",物理清理->脱粒烘干->破碎加工->筛理分级,2024-09-16 20:18,2024-09-17 00:42,WH-CN-743,现代化圆筒仓,2024-09-17 04:42,2024-10-31 04:42,避光控温控制,LOG-CN-91555611971,重型散粮卡车,"通风良好, 严控高温",2024-10-31 16:42,2024-11-04 22:10,深圳市,福田区,114.05,22.54,2024-11-07 22:10
CN-AG-202410-11525,玉米,山东省,汶上县,116.506722,35.712304,2024-06-21,2024-06-21 [免耕直播] -> 2024-07-13 [苗期中耕] -> 2024-08-04 [喇叭口期追肥] -> 2024-08-26 [大斑病防治] -> 2024-09-17 [人工授粉辅助],2024-10-12 12:38,18262.14,汶上县第5深加工基地,"116.488118,35.726385",物理清理->脱粒烘干->破碎加工->筛理分级,2024-10-14 17:38,2024-10-15 00:04,WH-CN-840,现代化圆筒仓,2024-10-15 05:04,2024-11-10 05:04,避光控温控制,LOG-CN-71924221344,重型散粮卡车,"通风良好, 严控高温",2024-11-10 15:04,2024-11-14 15:06,南京市,江宁区,118.83,31.95,2024-11-16 15:06
CN-AG-202410-11526,玉米,山东省,汶上县,116.441422,35.685196,2024-07-11,2024-07-11 [免耕直播] -> 2024-08-02 [苗期中耕] -> 2024-08-24 [喇叭口期追肥] -> 2024-09-15 [大斑病防治] -> 2024-10-07 [人工授粉辅助],2024-10-25 15:57,12252.99,汶上县第3深加工基地,"116.471639,35.729861",物理清理->脱粒烘干->破碎加工->筛理分级,2024-10-26 20:57,2024-10-27 02:02,WH-CN-354,现代化圆筒仓,2024-10-27 11:02,2024-12-03 11:02,避光控温控制,LOG-CN-79103467549,重型散粮卡车,"通风良好, 严控高温",2024-12-04 02:02,2024-12-09 07:25,北京市,海淀区,116.3,39.96,2024-12-11 07:25
CN-AG-202409-11527,水稻,吉林省,榆树市,126.603252,44.783518,2024-05-07,2024-05-07 [播种育秧] -> 2024-05-30 [田间底肥] -> 2024-06-22 [插秧作业] -> 2024-07-15 [分蘖期灌溉] -> 2024-08-07 [除草控虫] -> 2024-08-30 [晒田补肥],2024-09-19 10:01,21688.62,榆树市第2深加工基地,"126.547525,44.82953",清理去石->砻谷脱壳->糙米碾白->抛光->色选->包装,2024-09-21 14:01,2024-09-21 21:01,WH-CN-118,平房仓(准低温),2024-09-22 06:01,2024-10-29 06:01,准低温低氧控制,LOG-CN-38677526180,散粮车,"防潮, 湿度<14%",2024-10-29 15:01,2024-11-03 17:31,武汉市,洪山区,114.34,30.5,2024-11-06 17:31
CN-AG-202409-11528,大豆,辽宁省,昌图县,124.115379,42.830794,2024-05-25,2024-05-25 [拌种包衣] -> 2024-06-19 [等距点播] -> 2024-07-14 [结荚期根外追肥] -> 2024-08-08 [食心虫绿色防控] -> 2024-09-02 [除草中耕],2024-09-23 16:30,10025.21,昌图县第1深加工基地,"124.114048,42.775395",磁选->破碎压胚->高温压榨->物理过滤->精炼,2024-09-25 21:30,2024-09-26 00:55,WH-CN-241,不锈钢储油罐区,2024-09-26 09:55,2024-10-24 09:55,准低温低氧控制,LOG-CN-61341765678,罐式车,"避光, 控温25℃下",2024-10-24 17:55,2024-10-25 19:49,西安市,长安区,108.87,34.15,2024-10-26 19:49
CN-AG-202410-11529,玉米,河南省,滑县,114.578695,35.589068,2024-06-14,2024-06-14 [免耕直播] -> 2024-07-06 [苗期中耕] -> 2024-07-28 [喇叭口期追肥] -> 2024-08-19 [大斑病防治] -> 2024-09-10 [人工授粉辅助],2024-10-01 08:21,13291.55,滑县第5深加工基地,"114.523441,35.565301",物理清理->脱粒烘干->破碎加工->筛理分级,2024-10-02 14:21,2024-10-02 23:12,WH-CN-589,现代化圆筒仓,2024-10-03 03:12,2024-11-18 03:12,避光控温控制,LOG-CN-49234975584,重型散粮卡车,"通风良好, 严控高温",2024-11-18 16:12,2024-11-21 19:52,深圳市,宝安区,113.88,22.55,2024-11-23 19:52
CN-AG-202406-11530,小麦,河北省,藁城区,114.793638,37.976243,2023-10-22,2023-10-22 [深耕整地] -> 2023-11-29 [秋播种子处理] -> 2024-01-06 [越冬水灌溉] -> 2024-02-13 [拔节期追肥] -> 2024-03-22 [条锈病防治] -> 2024-04-29 [干热风防护],2024-06-07 08:12,10508.6,藁城区第3深加工基地,"114.849989,38.020078",磁选除杂->着水润麦->多级研磨->高方筛理->包装,2024-06-09 14:12,2024-06-09 18:34,WH-CN-733,钢板筒仓,2024-06-09 22:34,2024-06-20 22:34,准低温低氧控制,LOG-CN-44088461407,全封闭货车,"干燥, 禁止异味混载",2024-06-21 05:34,2024-06-23 18:48,北京市,丰台区,116.28,39.85,2024-06-25 18:48
CN-AG-202409-11531,大豆,黑龙江省,富锦市,132.064407,47.286273,2024-04-28,2024-04-28 [拌种包衣] -> 2024-05-23 [等距点播] -> 2024-06-17 [结荚期根外追肥] -> 2024-07-12 [食心虫绿色防控] -> 2024-08-06 [除草中耕],2024-09-04 15:36,17572.92,富锦市第5深加工基地,"132.026001,47.250195",磁选->破碎压胚->高温压榨->物理过滤->精炼,2024-09-08 19:36,2024-09-09 00:24,WH-CN-720,不锈钢储油罐区,2024-09-09 10:24,2024-10-13 10:24,准低温低氧控制,LOG-CN-64968912415,罐式车,"避光, 控温25℃下",2024-10-14 01:24,2024-10-17 17:08,广州市,番禺区,113.38,22.93,2024-10-18 17:08
CN-AG-202411-11532,棉花,新疆维吾尔自治区,玛纳斯县,86.184161,44.258152,2024-05-09,2024-05-09 [覆膜播种] -> 2024-06-14 [人工打顶] -> 2024-07-20 [叶面喷施补硼] -> 2024-08-25 [枯萎病监测] -> 2024-09-30 [喷施脱叶剂],2024-11-05 15:49,6363.35,玛纳斯县第4深加工基地,"86.215126,44.297519",皮棉清理->锯齿轧花->纤维分级->压力打包,2024-11-09 17:49,2024-11-09 20:21,WH-CN-861,专业纤维库,2024-11-10 02:21,2024-11-28 02:21,避光控温控制,LOG-CN-72140006751,高栏平板车,"严禁烟火, 防静电, 干燥",2024-11-28 10:21,2024-11-30 15:18,深圳市,福田区,114.05,22.54,2024-12-02 15:18
CN-AG-202410-11533,玉米,辽宁省,昌图县,124.059298,42.784759,2024-06-11,2024-06-11 [免耕直播] -> 2024-07-03 [苗期中耕] -> 2024-07-25 [喇叭口期追肥] -> 2024-08-16 [大斑病防治] -> 2024-09-07 [人工授粉辅助],2024-10-03 13:33,19089.14,昌图县第1深加工基地,"124.102047,42.770361",物理清理->脱粒烘干->破碎加工->筛理分级,2024-10-04 17:33,2024-10-04 20:55,WH-CN-826,现代化圆筒仓,2024-10-05 08:55,2024-11-24 08:55,避光控温控制,LOG-CN-36541578586,重型散粮卡车,"通风良好, 严控高温",2024-11-24 14:55,2024-11-27 09:59,广州市,番禺区,113.38,22.93,2024-11-29 09:59
CN-AG-202410-11534,水稻,湖南省,南县,112.451983,29.34926,2024-05-31,2024-05-31 [播种育秧] -> 2024-06-23 [田间底肥] -> 2024-07-16 [插秧作业] -> 2024-08-08 [分蘖期灌溉] -> 2024-08-31 [除草控虫] -> 2024-09-23 [晒田补肥],2024-10-17 16:18,18681.78,南县第3深加工基地,"112.406037,29.362748",清理去石->砻谷脱壳->糙米碾白->抛光->色选->包装,2024-10-21 22:18,2024-10-22 01:05,WH-CN-949,平房仓(准低温),2024-10-22 13:05,2024-11-25 13:05,准低温低氧控制,LOG-CN-52338831537,散粮车,"防潮, 湿度<14%",2024-11-25 20:05,2024-11-28 13:13,深圳市,南山区,113.93,22.54,2024-11-30 13:13
CN-AG-202406-11535,小麦,河南省,正阳县,114.3634,32.595965,2023-10-16,2023-10-16 [深耕整地] -> 2023-11-23 [秋播种子处理] -> 2023-12-31 [越冬水灌溉] -> 2024-02-07 [拔节期追肥] -> 2024-03-16 [条锈病防治] -> 2024-04-23 [干热风防护],2024-06-01 10:10,13214.69,正阳县第1深加工基地,"114.387519,32.592168",磁选除杂->着水润麦->多级研磨->高方筛理->包装,2024-06-03 14:10,2024-06-03 21:14,WH-CN-407,钢板筒仓,2024-06-04 09:14,2024-07-09 09:14,准低温低氧控制,LOG-CN-15871182837,全封闭货车,"干燥, 禁止异味混载",2024-07-09 16:14,2024-07-12 00:09,深圳市,宝安区,113.88,22.55,2024-07-14 00:09
CN-AG-202409-11536,玉米,内蒙古自治区,突泉县,121.530174,46.363979,2024-06-03,2024-06-03 [免耕直播] -> 2024-06-25 [苗期中耕] -> 2024-07-17 [喇叭口期追肥] -> 2024-08-08 [大斑病防治] -> 2024-08-30 [人工授粉辅助],2024-09-18 08:44,5224.04,突泉县第1深加工基地,"121.569747,46.330245",物理清理->脱粒烘干->破碎加工->筛理分级,2024-09-22 13:44,2024-09-22 21:37,WH-CN-125,现代化圆筒仓,2024-09-23 02:37,2024-10-19 02:37,避光控温控制,LOG-CN-71262100479,重型散粮卡车,"通风良好, 严控高温",2024-10-19 11:37,2024-10-24 01:13,上海市,宝山区,121.48,31.4,2024-10-26 01:13
CN-AG-202409-11537,水稻,吉林省,前郭县,124.863542,45.125011,2024-05-06,2024-05-06 [播种育秧] -> 2024-05-29 [田间底肥] -> 2024-06-21 [插秧作业] -> 2024-07-14 [分蘖期灌溉] -> 2024-08-06 [除草控虫] -> 2024-08-29 [晒田补肥],2024-09-27 17:51,28417.82,前郭县第2深加工基地,"124.810804,45.111595",清理去石->砻谷脱壳->糙米碾白->抛光->色选->包装,2024-09-29 21:51,2024-09-30 07:34,WH-CN-396,平房仓(准低温),2024-09-30 17:34,2024-11-17 17:34,准低温低氧控制,LOG-CN-40259189142,散粮车,"防潮, 湿度<14%",2024-11-18 06:34,2024-11-21 11:09,广州市,白云区,113.27,23.15,2024-11-24 11:09
CN-AG-202405-11538,油菜籽,甘肃省,民乐县,100.757549,38.376039,2023-10-10,2023-10-10 [育苗移栽] -> 2023-12-01 [越冬防冻肥] -> 2024-01-22 [薹期水肥调节] -> 2024-03-14 [菌核病无人机防治],2024-05-03 11:48,29409.27,民乐县第2深加工基地,"100.800649,38.423747",多级筛选->炒籽->螺旋压榨->精制过滤,2024-05-04 13:48,2024-05-04 23:37,WH-CN-260,恒温罐区,2024-05-05 11:37,2024-06-24 11:37,避光控温控制,LOG-CN-97251671559,罐式车,"避光, 防氧化",2024-06-24 17:37,2024-06-27 13:35,上海市,闵行区,121.38,31.11,2024-06-28 13:35
CN-AG-202409-11539,水稻,辽宁省,盘山县,122.0668,41.269202,2024-04-28,2024-04-28 [播种育秧] -> 2024-05-21 [田间底肥] -> 2024-06-13 [插秧作业] -> 2024-07-06 [分蘖期灌溉] -> 2024-07-29 [除草控虫] -> 2024-08-21 [晒田补肥],2024-09-10 12:28,21057.0,盘山县第2深加工基地,"122.046722,41.232721",清理去石->砻谷脱壳->糙米碾白->抛光->色选->包装,2024-09-13 17:28,2024-09-13 19:58,WH-CN-170,平房仓(准低温),2024-09-14 03:58,2024-09-27 03:58,准低温低氧控制,LOG-CN-35863352250,散粮车,"防潮, 湿度<14%",2024-09-27 10:58,2024-09-30 00:40,南京市,江宁区,118.83,31.95,2024-10-03 00:40
CN-AG-202409-11540,大豆,辽宁省,昌图县,124.086141,42.738574,2024-05-23,2024-05-23 [拌种包衣] -> 2024-06-17 [等距点播] -> 2024-07-12 [结荚期根外追肥] -> 2024-08-06 [食心虫绿色防控] -> 2024-08-31 [除草中耕],2024-09-25 14:17,20924.79,昌图县第3深加工基地,"124.107446,42.77498",磁选->破碎压胚->高温压榨->物理过滤->精炼,2024-09-29 17:17,2024-09-30 02:18,WH-CN-127,不锈钢储油罐区,2024-09-30 08:18,2024-11-08 08:18,准低温低氧控制,LOG-CN-36725365785,罐式车,"避光, 控温25℃下",2024-11-08 21:18,2024-11-13 01:35,武汉市,东西湖区,114.13,30.62,2024-11-14 01:35
CN-AG-202409-11541,花生,江苏省,东海县,118.768674,34.51056,2024-05-20,2024-05-20 [清棵蹲苗] -> 2024-06-13 [培土迎葑] -> 2024-07-07 [钙镁肥补充] -> 2024-07-31 [下针期控旺] -> 2024-08-24 [地下虫害防治],2024-09-20 17:39,15112.57,东海县第2深加工基地,"118.779731,34.538148",剥壳分选->烘炒->压榨提取->物理精炼,2024-09-24 19:39,2024-09-25 03:18,WH-CN-935,避光库房,2024-09-25 10:18,2024-10-20 10:18,避光控温控制,LOG-CN-64245752966,厢式货车,避光防潮,2024-10-20 19:18,2024-10-23 22:05,上海市,宝山区,121.48,31.4,2024-10-26 22:05
CN-AG-202408-11542,花生,河南省,正阳县,114.337062,32.546711,2024-05-01,2024-05-01 [清棵蹲苗] -> 2024-05-25 [培土迎葑] -> 2024-06-18 [钙镁肥补充] -> 2024-07-12 [下针期控旺] -> 2024-08-05 [地下虫害防治],2024-08-27 14:01,37391.09,正阳县第4深加工基地,"114.382517,32.591057",剥壳分选->烘炒->压榨提取->物理精炼,2024-08-29 19:01,2024-08-30 03:59,WH-CN-347,避光库房,2024-08-30 14:59,2024-10-01 14:59,避光控温控制,LOG-CN-17887775693,厢式货车,避光防潮,2024-10-02 04:59,2024-10-03 10:21,深圳市,福田区,114.05,22.54,2024-10-05 10:21
CN-AG-202410-11543,水稻,吉林省,前郭县,124.850373,45.056541,2024-06-02,2024-06-02 [播种育秧] -> 2024-06-25 [田间底肥] -> 2024-07-18 [插秧作业] -> 2024-08-10 [分蘖期灌溉] -> 2024-09-02 [除草控虫] -> 2024-09-25 [晒田补肥],2024-10-21 13:18,20428.43,前郭县第5深加工基地,"124.81054,45.110239",清理去石->砻谷脱壳->糙米碾白->抛光->色选->包装,2024-10-22 16:18,2024-10-22 21:32,WH-CN-509,平房仓(准低温),2024-10-23 04:32,2024-11-27 04:32,准低温低氧控制,LOG-CN-93596724382,散粮车,"防潮, 湿度<14%",2024-11-27 14:32,2024-11-28 16:35,北京市,海淀区,116.3,39.96,2024-11-30 16:35
CN-AG-202406-11544,小麦,河南省,正阳县,114.340498,32.607391,2023-11-04,2023-11-04 [深耕整地] -> 2023-12-12 [秋播种子处理] -> 2024-01-19 [越冬水灌溉] -> 2024-02-26 [拔节期追肥] -> 2024-04-04 [条锈病防治] -> 2024-05-12 [干热风防护],2024-06-17 12:33,5137.51,正阳县第1深加工基地,"114.376376,32.593954",磁选除杂->着水润麦->多级研磨->高方筛理->包装,2024-06-21 14:33,2024-06-21 22:35,WH-CN-555,钢板筒仓,2024-06-22 05:35,2024-07-27 05:35,准低温低氧控制,LOG-CN-43765411919,全封闭货车,"干燥, 禁止异味混载",2024-07-27 11:35,2024-07-30 22:26,上海市,浦东新区,121.54,31.22,2024-08-01 22:26
CN-AG-202410-11545,玉米,四川省,三台县,105.055214,31.10122,2024-07-03,2024-07-03 [免耕直播] -> 2024-07-25 [苗期中耕] -> 2024-08-16 [喇叭口期追肥] -> 2024-09-07 [大斑病防治] -> 2024-09-29 [人工授粉辅助],2024-10-19 12:38,31561.14,三台县第1深加工基地,"105.099402,31.082327",物理清理->脱粒烘干->破碎加工->筛理分级,2024-10-21 14:38,2024-10-21 20:55,WH-CN-137,现代化圆筒仓,2024-10-22 08:55,2024-11-07 08:55,避光控温控制,LOG-CN-92798516930,重型散粮卡车,"通风良好, 严控高温",2024-11-07 21:55,2024-11-09 11:31,上海市,浦东新区,121.54,31.22,2024-11-12 11:31
CN-AG-202409-11546,玉米,黑龙江省,富锦市,132.066324,47.192638,2024-05-26,2024-05-26 [免耕直播] -> 2024-06-17 [苗期中耕] -> 2024-07-09 [喇叭口期追肥] -> 2024-07-31 [大斑病防治] -> 2024-08-22 [人工授粉辅助],2024-09-09 12:18,23164.4,富锦市第5深加工基地,"132.025944,47.255761",物理清理->脱粒烘干->破碎加工->筛理分级,2024-09-12 16:18,2024-09-13 02:02,WH-CN-847,现代化圆筒仓,2024-09-13 12:02,2024-10-21 12:02,避光控温控制,LOG-CN-58715422437,重型散粮卡车,"通风良好, 严控高温",2024-10-21 21:02,2024-10-24 02:44,成都市,武侯区,104.04,30.64,2024-10-27 02:44
CN-AG-202410-11547,棉花,新疆维吾尔自治区,玛纳斯县,86.167475,44.256275,2024-04-21,2024-04-21 [覆膜播种] -> 2024-05-27 [人工打顶] -> 2024-07-02 [叶面喷施补硼] -> 2024-08-07 [枯萎病监测] -> 2024-09-12 [喷施脱叶剂],2024-10-16 08:52,26927.77,玛纳斯县第3深加工基地,"86.212856,44.303949",皮棉清理->锯齿轧花->纤维分级->压力打包,2024-10-18 12:52,2024-10-18 17:26,WH-CN-319,专业纤维库,2024-10-18 21:26,2024-10-31 21:26,避光控温控制,LOG-CN-64629153307,高栏平板车,"严禁烟火, 防静电, 干燥",2024-11-01 12:26,2024-11-05 14:37,成都市,新都区,104.15,30.82,2024-11-07 14:37
CN-AG-202410-11548,水稻,辽宁省,盘山县,122.092498,41.273929,2024-05-23,2024-05-23 [播种育秧] -> 2024-06-15 [田间底肥] -> 2024-07-08 [插秧作业] -> 2024-07-31 [分蘖期灌溉] -> 2024-08-23 [除草控虫] -> 2024-09-15 [晒田补肥],2024-10-08 09:29,33412.56,盘山县第3深加工基地,"122.033117,41.243839",清理去石->砻谷脱壳->糙米碾白->抛光->色选->包装,2024-10-11 14:29,2024-10-11 22:54,WH-CN-966,平房仓(准低温),2024-10-12 04:54,2024-11-08 04:54,准低温低氧控制,LOG-CN-63798984268,散粮车,"防潮, 湿度<14%",2024-11-08 12:54,2024-11-10 14:44,西安市,长安区,108.87,34.15,2024-11-13 14:44
CN-AG-202406-11549,小麦,山东省,平度市,119.991063,36.749213,2023-11-10,2023-11-10 [深耕整地] -> 2023-12-18 [秋播种子处理] -> 2024-01-25 [越冬水灌溉] -> 2024-03-03 [拔节期追肥] -> 2024-04-10 [条锈病防治] -> 2024-05-18 [干热风防护],2024-06-28 15:42,37109.38,平度市第4深加工基地,"119.94145,36.774186",磁选除杂->着水润麦->多级研磨->高方筛理->包装,2024-07-02 17:42,2024-07-02 22:25,WH-CN-550,钢板筒仓,2024-07-03 03:25,2024-07-28 03:25,准低温低氧控制,LOG-CN-18320320564,全封闭货车,"干燥, 禁止异味混载",2024-07-28 12:25,2024-08-02 17:32,成都市,新都区,104.15,30.82,2024-08-04 17:32
CN-AG-202410-11550,水稻,江苏省,兴化市,119.838303,32.954394,2024-05-29,2024-05-29 [播种育秧] -> 2024-06-21 [田间底肥] -> 2024-07-14 [插秧作业] -> 2024-08-06 [分蘖期灌溉] -> 2024-08-29 [除草控虫] -> 2024-09-21 [晒田补肥],2024-10-12 16:41,5857.42,兴化市第5深加工基地,"119.853005,32.938401",清理去石->砻谷脱壳->糙米碾白->抛光->色选->包装,2024-10-16 19:41,2024-10-17 05:13,WH-CN-670,平房仓(准低温),2024-10-17 14:13,2024-11-25 14:13,准低温低氧控制,LOG-CN-38399850837,散粮车,"防潮, 湿度<14%",2024-11-25 21:13,2024-11-28 22:21,广州市,天河区,113.33,23.13,2024-11-30 22:21
CN-AG-202406-11551,小麦,山东省,汶上县,116.533743,35.68085,2023-10-20,2023-10-20 [深耕整地] -> 2023-11-27 [秋播种子处理] -> 2024-01-04 [越冬水灌溉] -> 2024-02-11 [拔节期追肥] -> 2024-03-20 [条锈病防治] -> 2024-04-27 [干热风防护],2024-06-10 14:13,25975.49,汶上县第2深加工基地,"116.476744,35.725171",磁选除杂->着水润麦->多级研磨->高方筛理->包装,2024-06-14 16:13,2024-06-14 19:35,WH-CN-356,钢板筒仓,2024-06-15 03:35,2024-08-04 03:35,准低温低氧控制,LOG-CN-30020612082,全封闭货车,"干燥, 禁止异味混载",2024-08-04 16:35,2024-08-05 17:29,武汉市,江岸区,114.3,30.59,2024-08-06 17:29
CN-AG-202410-11552,水稻,安徽省,寿县,116.726147,32.558271,2024-05-26,2024-05-26 [播种育秧] -> 2024-06-18 [田间底肥] -> 2024-07-11 [插秧作业] -> 2024-08-03 [分蘖期灌溉] -> 2024-08-26 [除草控虫] -> 2024-09-18 [晒田补肥],2024-10-13 17:09,6676.87,寿县第1深加工基地,"116.772466,32.56993",清理去石->砻谷脱壳->糙米碾白->抛光->色选->包装,2024-10-16 20:09,2024-10-17 03:48,WH-CN-902,平房仓(准低温),2024-10-17 07:48,2024-11-17 07:48,准低温低氧控制,LOG-CN-26402551871,散粮车,"防潮, 湿度<14%",2024-11-17 15:48,2024-11-20 16:51,北京市,丰台区,116.28,39.85,2024-11-21 16:51
CN-AG-202409-11553,水稻,广西壮族自治区,宾阳县,108.792085,23.198116,2024-05-14,2024-05-14 [播种育秧] -> 2024-06-06 [田间底肥] -> 2024-06-29 [插秧作业] -> 2024-07-22 [分蘖期灌溉] -> 2024-08-14 [除草控虫] -> 2024-09-06 [晒田补肥],2024-09-27 13:27,9876.03,宾阳县第1深加工基地,"108.816063,23.215457",清理去石->砻谷脱壳->糙米碾白->抛光->色选->包装,2024-10-01 15:27,2024-10-02 01:10,WH-CN-975,平房仓(准低温),2024-10-02 12:10,2024-10-24 12:10,准低温低氧控制,LOG-CN-10992086250,散粮车,"防潮, 湿度<14%",2024-10-25 03:10,2024-10-29 11:42,成都市,龙泉驿区,104.27,30.55,2024-10-30 11:42
CN-AG-202409-11554,玉米,吉林省,榆树市,126.533986,44.77841,2024-05-29,2024-05-29 [免耕直播] -> 2024-06-20 [苗期中耕] -> 2024-07-12 [喇叭口期追肥] -> 2024-08-03 [大斑病防治] -> 2024-08-25 [人工授粉辅助],2024-09-17 12:42,28285.87,榆树市第5深加工基地,"126.543028,44.817467",物理清理->脱粒烘干->破碎加工->筛理分级,2024-09-18 18:42,2024-09-19 04:28,WH-CN-227,现代化圆筒仓,2024-09-19 14:28,2024-10-29 14:28,避光控温控制,LOG-CN-74334411412,重型散粮卡车,"通风良好, 严控高温",2024-10-29 23:28,2024-10-31 08:31,广州市,天河区,113.33,23.13,2024-11-02 08:31
CN-AG-202406-11555,小麦,四川省,安岳县,105.354867,30.135814,2023-11-10,2023-11-10 [深耕整地] -> 2023-12-18 [秋播种子处理] -> 2024-01-25 [越冬水灌溉] -> 2024-03-03 [拔节期追肥] -> 2024-04-10 [条锈病防治] -> 2024-05-18 [干热风防护],2024-06-28 13:20,23419.42,安岳县第4深加工基地,"105.327334,30.093808",磁选除杂->着水润麦->多级研磨->高方筛理->包装,2024-06-29 19:20,2024-06-29 23:00,WH-CN-941,钢板筒仓,2024-06-30 05:00,2024-07-14 05:00,准低温低氧控制,LOG-CN-24119391405,全封闭货车,"干燥, 禁止异味混载",2024-07-14 11:00,2024-07-17 15:13,广州市,天河区,113.33,23.13,2024-07-18 15:13
CN-AG-202406-11556,小麦,安徽省,寿县,116.795385,32.522697,2023-11-09,2023-11-09 [深耕整地] -> 2023-12-17 [秋播种子处理] -> 2024-01-24 [越冬水灌溉] -> 2024-03-02 [拔节期追肥] -> 2024-04-09 [条锈病防治] -> 2024-05-17 [干热风防护],2024-06-21 11:53,16090.25,寿县第5深加工基地,"116.789719,32.562427",磁选除杂->着水润麦->多级研磨->高方筛理->包装,2024-06-23 14:53,2024-06-23 20:54,WH-CN-705,钢板筒仓,2024-06-24 04:54,2024-07-11 04:54,准低温低氧控制,LOG-CN-66118547824,全封闭货车,"干燥, 禁止异味混载",2024-07-11 13:54,2024-07-14 20:26,南京市,南京浦口区,118.62,32.05,2024-07-15 20:26
CN-AG-202410-11557,水稻,江苏省,射阳县,120.236829,33.783682,2024-05-16,2024-05-16 [播种育秧] -> 2024-06-08 [田间底肥] -> 2024-07-01 [插秧作业] -> 2024-07-24 [分蘖期灌溉] -> 2024-08-16 [除草控虫] -> 2024-09-08 [晒田补肥],2024-10-01 11:09,33176.44,射阳县第4深加工基地,"120.258227,33.751571",清理去石->砻谷脱壳->糙米碾白->抛光->色选->包装,2024-10-02 17:09,2024-10-03 01:54,WH-CN-204,平房仓(准低温),2024-10-03 08:54,2024-10-24 08:54,准低温低氧控制,LOG-CN-62290388790,散粮车,"防潮, 湿度<14%",2024-10-24 22:54,2024-10-26 18:50,武汉市,洪山区,114.34,30.5,2024-10-29 18:50
CN-AG-202410-11558,水稻,湖南省,桃源县,111.44094,28.906492,2024-05-28,2024-05-28 [播种育秧] -> 2024-06-20 [田间底肥] -> 2024-07-13 [插秧作业] -> 2024-08-05 [分蘖期灌溉] -> 2024-08-28 [除草控虫] -> 2024-09-20 [晒田补肥],2024-10-19 12:38,14744.74,桃源县第2深加工基地,"111.486863,28.897574",清理去石->砻谷脱壳->糙米碾白->抛光->色选->包装,2024-10-22 15:38,2024-10-22 19:43,WH-CN-920,平房仓(准低温),2024-10-23 04:43,2024-11-13 04:43,准低温低氧控制,LOG-CN-68539518553,散粮车,"防潮, 湿度<14%",2024-11-13 14:43,2024-11-16 05:26,南京市,江宁区,118.83,31.95,2024-11-19 05:26
CN-AG-202409-11559,水稻,湖北省,枣阳市,112.768087,32.147306,2024-05-12,2024-05-12 [播种育秧] -> 2024-06-04 [田间底肥] -> 2024-06-27 [插秧作业] -> 2024-07-20 [分蘖期灌溉] -> 2024-08-12 [除草控虫] -> 2024-09-04 [晒田补肥],2024-09-28 09:04,22488.88,枣阳市第1深加工基地,"112.757879,32.137336",清理去石->砻谷脱壳->糙米碾白->抛光->色选->包装,2024-09-30 12:04,2024-09-30 14:57,WH-CN-961,平房仓(准低温),2024-10-01 00:57,2024-10-27 00:57,准低温低氧控制,LOG-CN-54383950147,散粮车,"防潮, 湿度<14%",2024-10-27 14:57,2024-10-28 18:17,北京市,丰台区,116.28,39.85,2024-10-31 18:17
CN-AG-202409-11560,玉米,广西壮族自治区,武宣县,109.611382,23.640375,2024-06-10,2024-06-10 [免耕直播] -> 2024-07-02 [苗期中耕] -> 2024-07-24 [喇叭口期追肥] -> 2024-08-15 [大斑病防治] -> 2024-09-06 [人工授粉辅助],2024-09-25 14:44,29963.38,武宣县第3深加工基地,"109.66481,23.590883",物理清理->脱粒烘干->破碎加工->筛理分级,2024-09-29 20:44,2024-09-30 03:19,WH-CN-499,现代化圆筒仓,2024-09-30 07:19,2024-10-20 07:19,避光控温控制,LOG-CN-44160950432,重型散粮卡车,"通风良好, 严控高温",2024-10-20 14:19,2024-10-25 06:28,武汉市,东西湖区,114.13,30.62,2024-10-26 06:28
CN-AG-202410-11561,棉花,江苏省,射阳县,120.262806,33.780831,2024-04-16,2024-04-16 [覆膜播种] -> 2024-05-22 [人工打顶] -> 2024-06-27 [叶面喷施补硼] -> 2024-08-02 [枯萎病监测] -> 2024-09-07 [喷施脱叶剂],2024-10-14 10:56,11132.32,射阳县第3深加工基地,"120.255948,33.743336",皮棉清理->锯齿轧花->纤维分级->压力打包,2024-10-18 12:56,2024-10-18 17:16,WH-CN-452,专业纤维库,2024-10-18 23:16,2024-11-09 23:16,避光控温控制,LOG-CN-94430011611,高栏平板车,"严禁烟火, 防静电, 干燥",2024-11-10 09:16,2024-11-11 18:50,武汉市,东西湖区,114.13,30.62,2024-11-12 18:50
CN-AG-202410-11562,水稻,湖南省,南县,112.350336,29.386413,2024-06-05,2024-06-05 [播种育秧] -> 2024-06-28 [田间底肥] -> 2024-07-21 [插秧作业] -> 2024-08-13 [分蘖期灌溉] -> 2024-09-05 [除草控虫] -> 2024-09-28 [晒田补肥],2024-10-25 11:46,13919.96,南县第4深加工基地,"112.39348,29.359276",清理去石->砻谷脱壳->糙米碾白->抛光->色选->包装,2024-10-27 17:46,2024-10-28 03:21,WH-CN-375,平房仓(准低温),2024-10-28 12:21,2024-12-08 12:21,准低温低氧控制,LOG-CN-21519916780,散粮车,"防潮, 湿度<14%",2024-12-08 19:21,2024-12-12 20:02,武汉市,江岸区,114.3,30.59,2024-12-13 20:02
CN-AG-202410-11563,玉米,吉林省,公主岭市,124.76217,43.500497,2024-07-02,2024-07-02 [免耕直播] -> 2024-07-24 [苗期中耕] -> 2024-08-15 [喇叭口期追肥] -> 2024-09-06 [大斑病防治] -> 2024-09-28 [人工授粉辅助],2024-10-22 11:25,8642.55,公主岭市第2深加工基地,"124.820998,43.518007",物理清理->脱粒烘干->破碎加工->筛理分级,2024-10-23 14:25,2024-10-23 22:58,WH-CN-473,现代化圆筒仓,2024-10-24 10:58,2024-11-30 10:58,避光控温控制,LOG-CN-87086393712,重型散粮卡车,"通风良好, 严控高温",2024-11-30 22:58,2024-12-05 10:27,广州市,白云区,113.27,23.15,2024-12-07 10:27
CN-AG-202406-11564,小麦,河南省,滑县,114.539619,35.58435,2023-10-26,2023-10-26 [深耕整地] -> 2023-12-03 [秋播种子处理] -> 2024-01-10 [越冬水灌溉] -> 2024-02-17 [拔节期追肥] -> 2024-03-26 [条锈病防治] -> 2024-05-03 [干热风防护],2024-06-07 08:50,24551.68,滑县第5深加工基地,"114.514309,35.576726",磁选除杂->着水润麦->多级研磨->高方筛理->包装,2024-06-08 12:50,2024-06-08 18:43,WH-CN-577,钢板筒仓,2024-06-09 01:43,2024-06-21 01:43,准低温低氧控制,LOG-CN-35187812915,全封闭货车,"干燥, 禁止异味混载",2024-06-21 09:43,2024-06-25 17:59,广州市,番禺区,113.38,22.93,2024-06-28 17:59
CN-AG-202410-11565,水稻,辽宁省,盘山县,122.082184,41.194458,2024-06-06,2024-06-06 [播种育秧] -> 2024-06-29 [田间底肥] -> 2024-07-22 [插秧作业] -> 2024-08-14 [分蘖期灌溉] -> 2024-09-06 [除草控虫] -> 2024-09-29 [晒田补肥],2024-10-22 16:33,11436.22,盘山县第4深加工基地,"122.049495,41.233132",清理去石->砻谷脱壳->糙米碾白->抛光->色选->包装,2024-10-23 19:33,2024-10-24 03:28,WH-CN-236,平房仓(准低温),2024-10-24 14:28,2024-11-17 14:28,准低温低氧控制,LOG-CN-18618210508,散粮车,"防潮, 湿度<14%",2024-11-18 00:28,2024-11-21 21:50,南京市,江宁区,118.83,31.95,2024-11-22 21:50
CN-AG-202409-11566,玉米,四川省,中江县,104.670105,31.071105,2024-05-28,2024-05-28 [免耕直播] -> 2024-06-19 [苗期中耕] -> 2024-07-11 [喇叭口期追肥] -> 2024-08-02 [大斑病防治] -> 2024-08-24 [人工授粉辅助],2024-09-18 12:08,27023.07,中江县第3深加工基地,"104.661948,31.039628",物理清理->脱粒烘干->破碎加工->筛理分级,2024-09-22 16:08,2024-09-23 01:42,WH-CN-167,现代化圆筒仓,2024-09-23 06:42,2024-10-30 06:42,避光控温控制,LOG-CN-92278732118,重型散粮卡车,"通风良好, 严控高温",2024-10-30 21:42,2024-11-04 15:09,广州市,白云区,113.27,23.15,2024-11-05 15:09
CN-AG-202409-11567,花生,河南省,唐河县,112.846587,32.656368,2024-05-06,2024-05-06 [清棵蹲苗] -> 2024-05-30 [培土迎葑] -> 2024-06-23 [钙镁肥补充] -> 2024-07-17 [下针期控旺] -> 2024-08-10 [地下虫害防治],2024-09-03 08:01,9511.43,唐河县第4深加工基地,"112.838567,32.677",剥壳分选->烘炒->压榨提取->物理精炼,2024-09-04 10:01,2024-09-04 16:53,WH-CN-998,避光库房,2024-09-04 21:53,2024-10-23 21:53,避光控温控制,LOG-CN-36512481887,厢式货车,避光防潮,2024-10-24 11:53,2024-10-29 14:09,成都市,新都区,104.15,30.82,2024-11-01 14:09
CN-AG-202409-11568,水稻,广西壮族自治区,武宣县,109.665929,23.537875,2024-04-18,2024-04-18 [播种育秧] -> 2024-05-11 [田间底肥] -> 2024-06-03 [插秧作业] -> 2024-06-26 [分蘖期灌溉] -> 2024-07-19 [除草控虫] -> 2024-08-11 [晒田补肥],2024-09-07 14:00,36654.51,武宣县第3深加工基地,"109.663055,23.591817",清理去石->砻谷脱壳->糙米碾白->抛光->色选->包装,2024-09-09 17:00,2024-09-09 21:33,WH-CN-799,平房仓(准低温),2024-09-10 06:33,2024-09-22 06:33,准低温低氧控制,LOG-CN-99418104762,散粮车,"防潮, 湿度<14%",2024-09-22 20:33,2024-09-25 01:33,广州市,番禺区,113.38,22.93,2024-09-28 01:33
CN-AG-202411-11569,棉花,甘肃省,瓜州县,95.753748,40.48068,2024-05-19,2024-05-19 [覆膜播种] -> 2024-06-24 [人工打顶] -> 2024-07-30 [叶面喷施补硼] -> 2024-09-04 [枯萎病监测] -> 2024-10-10 [喷施脱叶剂],2024-11-11 11:36,34408.18,瓜州县第4深加工基地,"95.763899,40.516874",皮棉清理->锯齿轧花->纤维分级->压力打包,2024-11-15 17:36,2024-11-15 21:18,WH-CN-726,专业纤维库,2024-11-16 09:18,2024-11-27 09:18,避光控温控制,LOG-CN-76821753125,高栏平板车,"严禁烟火, 防静电, 干燥",2024-11-27 21:18,2024-11-30 01:25,上海市,闵行区,121.38,31.11,2024-12-02 01:25
CN-AG-202409-11570,水稻,广西壮族自治区,桂平市,110.087519,23.429224,2024-04-26,2024-04-26 [播种育秧] -> 2024-05-19 [田间底肥] -> 2024-06-11 [插秧作业] -> 2024-07-04 [分蘖期灌溉] -> 2024-07-27 [除草控虫] -> 2024-08-19 [晒田补肥],2024-09-08 11:54,25309.97,桂平市第1深加工基地,"110.084272,23.395244",清理去石->砻谷脱壳->糙米碾白->抛光->色选->包装,2024-09-11 15:54,2024-09-11 20:46,WH-CN-131,平房仓(准低温),2024-09-12 04:46,2024-09-26 04:46,准低温低氧控制,LOG-CN-85959822002,散粮车,"防潮, 湿度<14%",2024-09-26 11:46,2024-09-29 19:11,北京市,海淀区,116.3,39.96,2024-10-01 19:11
CN-AG-202410-11571,玉米,河南省,滑县,114.528258,35.534901,2024-06-30,2024-06-30 [免耕直播] -> 2024-07-22 [苗期中耕] -> 2024-08-13 [喇叭口期追肥] -> 2024-09-04 [大斑病防治] -> 2024-09-26 [人工授粉辅助],2024-10-18 08:06,9535.79,滑县第1深加工基地,"114.518642,35.577354",物理清理->脱粒烘干->破碎加工->筛理分级,2024-10-19 13:06,2024-10-19 19:04,WH-CN-221,现代化圆筒仓,2024-10-20 03:04,2024-11-08 03:04,避光控温控制,LOG-CN-11540453562,重型散粮卡车,"通风良好, 严控高温",2024-11-08 11:04,2024-11-12 05:04,南京市,南京浦口区,118.62,32.05,2024-11-15 05:04
CN-AG-202406-11572,小麦,河南省,唐河县,112.824266,32.735991,2023-11-02,2023-11-02 [深耕整地] -> 2023-12-10 [秋播种子处理] -> 2024-01-17 [越冬水灌溉] -> 2024-02-24 [拔节期追肥] -> 2024-04-02 [条锈病防治] -> 2024-05-10 [干热风防护],2024-06-20 17:45,10692.56,唐河县第5深加工基地,"112.827789,32.672856",磁选除杂->着水润麦->多级研磨->高方筛理->包装,2024-06-21 20:45,2024-06-22 00:17,WH-CN-149,钢板筒仓,2024-06-22 09:17,2024-07-12 09:17,准低温低氧控制,LOG-CN-80112666211,全封闭货车,"干燥, 禁止异味混载",2024-07-12 17:17,2024-07-17 10:32,武汉市,江岸区,114.3,30.59,2024-07-20 10:32
CN-AG-202405-11573,油菜籽,湖北省,钟祥市,112.558367,31.224204,2023-10-25,2023-10-25 [育苗移栽] -> 2023-12-16 [越冬防冻肥] -> 2024-02-06 [薹期水肥调节] -> 2024-03-29 [菌核病无人机防治],2024-05-21 15:40,11946.71,钟祥市第3深加工基地,"112.587625,31.177362",多级筛选->炒籽->螺旋压榨->精制过滤,2024-05-23 19:40,2024-05-24 00:28,WH-CN-147,恒温罐区,2024-05-24 04:28,2024-06-22 04:28,避光控温控制,LOG-CN-26198848388,罐式车,"避光, 防氧化",2024-06-22 12:28,2024-06-25 08:15,西安市,未央区,108.94,34.29,2024-06-28 08:15
CN-AG-202410-11574,水稻,吉林省,前郭县,124.759991,45.092022,2024-06-07,2024-06-07 [播种育秧] -> 2024-06-30 [田间底肥] -> 2024-07-23 [插秧作业] -> 2024-08-15 [分蘖期灌溉] -> 2024-09-07 [除草控虫] -> 2024-09-30 [晒田补肥],2024-10-25 10:52,19065.31,前郭县第2深加工基地,"124.80623,45.114491",清理去石->砻谷脱壳->糙米碾白->抛光->色选->包装,2024-10-28 16:52,2024-10-29 01:13,WH-CN-184,平房仓(准低温),2024-10-29 11:13,2024-11-19 11:13,准低温低氧控制,LOG-CN-74352242690,散粮车,"防潮, 湿度<14%",2024-11-20 01:13,2024-11-23 23:47,西安市,未央区,108.94,34.29,2024-11-24 23:47
CN-AG-202410-11575,棉花,甘肃省,瓜州县,95.763119,40.543951,2024-04-04,2024-04-04 [覆膜播种] -> 2024-05-10 [人工打顶] -> 2024-06-15 [叶面喷施补硼] -> 2024-07-21 [枯萎病监测] -> 2024-08-26 [喷施脱叶剂],2024-10-01 12:58,11233.18,瓜州县第2深加工基地,"95.775558,40.509705",皮棉清理->锯齿轧花->纤维分级->压力打包,2024-10-02 18:58,2024-10-03 01:29,WH-CN-476,专业纤维库,2024-10-03 06:29,2024-11-16 06:29,避光控温控制,LOG-CN-60383562993,高栏平板车,"严禁烟火, 防静电, 干燥",2024-11-16 16:29,2024-11-22 02:26,南京市,玄武区,118.79,32.06,2024-11-23 02:26
CN-AG-202409-11576,水稻,湖南省,桃源县,111.473175,28.885884,2024-04-23,2024-04-23 [播种育秧] -> 2024-05-16 [田间底肥] -> 2024-06-08 [插秧作业] -> 2024-07-01 [分蘖期灌溉] -> 2024-07-24 [除草控虫] -> 2024-08-16 [晒田补肥],2024-09-11 13:36,32911.83,桃源县第2深加工基地,"111.477347,28.897524",清理去石->砻谷脱壳->糙米碾白->抛光->色选->包装,2024-09-15 17:36,2024-09-15 23:53,WH-CN-118,平房仓(准低温),2024-09-16 10:53,2024-11-03 10:53,准低温低氧控制,LOG-CN-51698296416,散粮车,"防潮, 湿度<14%",2024-11-03 19:53,2024-11-09 00:21,上海市,浦东新区,121.54,31.22,2024-11-12 00:21
CN-AG-202409-11577,花生,山东省,平度市,119.987056,36.783114,2024-05-09,2024-05-09 [清棵蹲苗] -> 2024-06-02 [培土迎葑] -> 2024-06-26 [钙镁肥补充] -> 2024-07-20 [下针期控旺] -> 2024-08-13 [地下虫害防治],2024-09-05 15:55,32929.73,平度市第1深加工基地,"119.950485,36.777235",剥壳分选->烘炒->压榨提取->物理精炼,2024-09-08 17:55,2024-09-08 21:09,WH-CN-999,避光库房,2024-09-09 07:09,2024-09-19 07:09,避光控温控制,LOG-CN-32195904526,厢式货车,避光防潮,2024-09-19 22:09,2024-09-23 10:07,武汉市,东西湖区,114.13,30.62,2024-09-24 10:07
CN-AG-202409-11578,水稻,辽宁省,盘山县,122.012333,41.260487,2024-04-25,2024-04-25 [播种育秧] -> 2024-05-18 [田间底肥] -> 2024-06-10 [插秧作业] -> 2024-07-03 [分蘖期灌溉] -> 2024-07-26 [除草控虫] -> 2024-08-18 [晒田补肥],2024-09-13 16:38,27246.69,盘山县第5深加工基地,"122.048668,41.23555",清理去石->砻谷脱壳->糙米碾白->抛光->色选->包装,2024-09-14 18:38,2024-09-15 01:31,WH-CN-700,平房仓(准低温),2024-09-15 08:31,2024-10-12 08:31,准低温低氧控制,LOG-CN-10976165691,散粮车,"防潮, 湿度<14%",2024-10-12 15:31,2024-10-14 08:13,西安市,未央区,108.94,34.29,2024-10-17 08:13
CN-AG-202410-11579,水稻,广西壮族自治区,桂平市,110.089262,23.416824,2024-05-30,2024-05-30 [播种育秧] -> 2024-06-22 [田间底肥] -> 2024-07-15 [插秧作业] -> 2024-08-07 [分蘖期灌溉] -> 2024-08-30 [除草控虫] -> 2024-09-22 [晒田补肥],2024-10-13 09:47,29357.61,桂平市第1深加工基地,"110.070586,23.392954",清理去石->砻谷脱壳->糙米碾白->抛光->色选->包装,2024-10-15 15:47,2024-10-15 23:26,WH-CN-901,平房仓(准低温),2024-10-16 10:26,2024-12-01 10:26,准低温低氧控制,LOG-CN-36716099746,散粮车,"防潮, 湿度<14%",2024-12-01 17:26,2024-12-06 03:24,广州市,白云区,113.27,23.15,2024-12-08 03:24
CN-AG-202405-11580,油菜籽,湖北省,监利市,112.901141,29.844172,2023-10-30,2023-10-30 [育苗移栽] -> 2023-12-21 [越冬防冻肥] -> 2024-02-11 [薹期水肥调节] -> 2024-04-03 [菌核病无人机防治],2024-05-27 10:32,13494.95,监利市第5深加工基地,"112.897188,29.830915",多级筛选->炒籽->螺旋压榨->精制过滤,2024-05-31 16:32,2024-06-01 00:35,WH-CN-108,恒温罐区,2024-06-01 05:35,2024-07-15 05:35,避光控温控制,LOG-CN-12770468155,罐式车,"避光, 防氧化",2024-07-15 20:35,2024-07-19 08:00,成都市,武侯区,104.04,30.64,2024-07-22 08:00
CN-AG-202410-11581,水稻,安徽省,寿县,116.743201,32.519777,2024-05-28,2024-05-28 [播种育秧] -> 2024-06-20 [田间底肥] -> 2024-07-13 [插秧作业] -> 2024-08-05 [分蘖期灌溉] -> 2024-08-28 [除草控虫] -> 2024-09-20 [晒田补肥],2024-10-19 12:39,25353.56,寿县第2深加工基地,"116.778174,32.579015",清理去石->砻谷脱壳->糙米碾白->抛光->色选->包装,2024-10-22 16:39,2024-10-22 21:49,WH-CN-861,平房仓(准低温),2024-10-23 08:49,2024-11-18 08:49,准低温低氧控制,LOG-CN-29009710924,散粮车,"防潮, 湿度<14%",2024-11-18 15:49,2024-11-19 21:17,成都市,龙泉驿区,104.27,30.55,2024-11-21 21:17
CN-AG-202410-11582,玉米,河北省,藁城区,114.786325,38.026002,2024-07-01,2024-07-01 [免耕直播] -> 2024-07-23 [苗期中耕] -> 2024-08-14 [喇叭口期追肥] -> 2024-09-05 [大斑病防治] -> 2024-09-27 [人工授粉辅助],2024-10-21 11:19,12325.43,藁城区第5深加工基地,"114.844344,38.020751",物理清理->脱粒烘干->破碎加工->筛理分级,2024-10-24 17:19,2024-10-24 20:44,WH-CN-628,现代化圆筒仓,2024-10-25 06:44,2024-11-05 06:44,避光控温控制,LOG-CN-98590893087,重型散粮卡车,"通风良好, 严控高温",2024-11-05 17:44,2024-11-09 20:25,成都市,武侯区,104.04,30.64,2024-11-12 20:25
CN-AG-202410-11583,水稻,湖南省,安乡县,112.171045,29.414571,2024-06-04,2024-06-04 [播种育秧] -> 2024-06-27 [田间底肥] -> 2024-07-20 [插秧作业] -> 2024-08-12 [分蘖期灌溉] -> 2024-09-04 [除草控虫] -> 2024-09-27 [晒田补肥],2024-10-26 17:45,39517.78,安乡县第5深加工基地,"112.174895,29.404862",清理去石->砻谷脱壳->糙米碾白->抛光->色选->包装,2024-10-30 21:45,2024-10-31 04:34,WH-CN-173,平房仓(准低温),2024-10-31 13:34,2024-12-08 13:34,准低温低氧控制,LOG-CN-76049796728,散粮车,"防潮, 湿度<14%",2024-12-09 02:34,2024-12-11 21:00,深圳市,宝安区,113.88,22.55,2024-12-14 21:00
CN-AG-202405-11584,油菜籽,湖北省,监利市,112.862792,29.790188,2023-10-15,2023-10-15 [育苗移栽] -> 2023-12-06 [越冬防冻肥] -> 2024-01-27 [薹期水肥调节] -> 2024-03-19 [菌核病无人机防治],2024-05-10 08:31,16070.6,监利市第1深加工基地,"112.895726,29.829214",多级筛选->炒籽->螺旋压榨->精制过滤,2024-05-11 13:31,2024-05-11 21:34,WH-CN-757,恒温罐区,2024-05-12 02:34,2024-06-20 02:34,避光控温控制,LOG-CN-12690445219,罐式车,"避光, 防氧化",2024-06-20 09:34,2024-06-25 01:14,西安市,未央区,108.94,34.29,2024-06-26 01:14
CN-AG-202406-11585,小麦,安徽省,蒙城县,116.577429,33.229696,2023-11-04,2023-11-04 [深耕整地] -> 2023-12-12 [秋播种子处理] -> 2024-01-19 [越冬水灌溉] -> 2024-02-26 [拔节期追肥] -> 2024-04-04 [条锈病防治] -> 2024-05-12 [干热风防护],2024-06-19 10:09,16902.36,蒙城县第5深加工基地,"116.56649,33.263019",磁选除杂->着水润麦->多级研磨->高方筛理->包装,2024-06-21 16:09,2024-06-21 21:23,WH-CN-441,钢板筒仓,2024-06-22 05:23,2024-07-02 05:23,准低温低氧控制,LOG-CN-40869162818,全封闭货车,"干燥, 禁止异味混载",2024-07-02 17:23,2024-07-06 20:00,深圳市,福田区,114.05,22.54,2024-07-09 20:00
CN-AG-202410-11586,水稻,吉林省,前郭县,124.75877,45.100125,2024-05-22,2024-05-22 [播种育秧] -> 2024-06-14 [田间底肥] -> 2024-07-07 [插秧作业] -> 2024-07-30 [分蘖期灌溉] -> 2024-08-22 [除草控虫] -> 2024-09-14 [晒田补肥],2024-10-11 11:10,29149.02,前郭县第2深加工基地,"124.8196,45.105473",清理去石->砻谷脱壳->糙米碾白->抛光->色选->包装,2024-10-13 15:10,2024-10-13 23:35,WH-CN-243,平房仓(准低温),2024-10-14 08:35,2024-10-31 08:35,准低温低氧控制,LOG-CN-31339883909,散粮车,"防潮, 湿度<14%",2024-10-31 21:35,2024-11-02 16:51,成都市,新都区,104.15,30.82,2024-11-05 16:51
CN-AG-202406-11587,小麦,甘肃省,永昌县,101.995168,38.251551,2023-10-29,2023-10-29 [深耕整地] -> 2023-12-06 [秋播种子处理] -> 2024-01-13 [越冬水灌溉] -> 2024-02-20 [拔节期追肥] -> 2024-03-29 [条锈病防治] -> 2024-05-06 [干热风防护],2024-06-16 09:18,36963.64,永昌县第2深加工基地,"101.970364,38.230147",磁选除杂->着水润麦->多级研磨->高方筛理->包装,2024-06-19 11:18,2024-06-19 18:47,WH-CN-137,钢板筒仓,2024-06-20 01:47,2024-07-22 01:47,准低温低氧控制,LOG-CN-66010473151,全封闭货车,"干燥, 禁止异味混载",2024-07-22 12:47,2024-07-27 05:15,武汉市,江岸区,114.3,30.59,2024-07-28 05:15
CN-AG-202410-11588,水稻,辽宁省,盘山县,122.048308,41.184503,2024-05-17,2024-05-17 [播种育秧] -> 2024-06-09 [田间底肥] -> 2024-07-02 [插秧作业] -> 2024-07-25 [分蘖期灌溉] -> 2024-08-17 [除草控虫] -> 2024-09-09 [晒田补肥],2024-10-03 11:26,13724.85,盘山县第5深加工基地,"122.049368,41.248415",清理去石->砻谷脱壳->糙米碾白->抛光->色选->包装,2024-10-06 15:26,2024-10-06 22:44,WH-CN-195,平房仓(准低温),2024-10-07 06:44,2024-11-16 06:44,准低温低氧控制,LOG-CN-75057909443,散粮车,"防潮, 湿度<14%",2024-11-16 14:44,2024-11-18 04:19,南京市,玄武区,118.79,32.06,2024-11-21 04:19
CN-AG-202410-11589,水稻,广西壮族自治区,桂平市,110.074985,23.394866,2024-05-23,2024-05-23 [播种育秧] -> 2024-06-15 [田间底肥] -> 2024-07-08 [插秧作业] -> 2024-07-31 [分蘖期灌溉] -> 2024-08-23 [除草控虫] -> 2024-09-15 [晒田补肥],2024-10-11 08:28,14914.92,桂平市第5深加工基地,"110.083472,23.3989",清理去石->砻谷脱壳->糙米碾白->抛光->色选->包装,2024-10-12 11:28,2024-10-12 15:24,WH-CN-811,平房仓(准低温),2024-10-12 21:24,2024-11-25 21:24,准低温低氧控制,LOG-CN-41579610979,散粮车,"防潮, 湿度<14%",2024-11-26 03:24,2024-11-29 01:48,深圳市,宝安区,113.88,22.55,2024-12-01 01:48
CN-AG-202410-11590,水稻,广西壮族自治区,宾阳县,108.805887,23.157788,2024-05-25,2024-05-25 [播种育秧] -> 2024-06-17 [田间底肥] -> 2024-07-10 [插秧作业] -> 2024-08-02 [分蘖期灌溉] -> 2024-08-25 [除草控虫] -> 2024-09-17 [晒田补肥],2024-10-12 13:20,31885.61,宾阳县第5深加工基地,"108.809396,23.204805",清理去石->砻谷脱壳->糙米碾白->抛光->色选->包装,2024-10-15 15:20,2024-10-15 18:54,WH-CN-921,平房仓(准低温),2024-10-16 04:54,2024-11-08 04:54,准低温低氧控制,LOG-CN-51541628993,散粮车,"防潮, 湿度<14%",2024-11-08 10:54,2024-11-12 02:25,武汉市,江岸区,114.3,30.59,2024-11-14 02:25
CN-AG-202406-11591,小麦,内蒙古自治区,五原县,108.269857,41.094656,2023-11-01,2023-11-01 [深耕整地] -> 2023-12-09 [秋播种子处理] -> 2024-01-16 [越冬水灌溉] -> 2024-02-23 [拔节期追肥] -> 2024-04-01 [条锈病防治] -> 2024-05-09 [干热风防护],2024-06-16 14:54,19010.76,五原县第4深加工基地,"108.253285,41.097135",磁选除杂->着水润麦->多级研磨->高方筛理->包装,2024-06-17 18:54,2024-06-18 03:11,WH-CN-838,钢板筒仓,2024-06-18 13:11,2024-06-30 13:11,准低温低氧控制,LOG-CN-69957274679,全封闭货车,"干燥, 禁止异味混载",2024-06-30 21:11,2024-07-05 13:58,北京市,丰台区,116.28,39.85,2024-07-06 13:58
CN-AG-202409-11592,水稻,湖南省,安乡县,112.209624,29.410446,2024-05-10,2024-05-10 [播种育秧] -> 2024-06-02 [田间底肥] -> 2024-06-25 [插秧作业] -> 2024-07-18 [分蘖期灌溉] -> 2024-08-10 [除草控虫] -> 2024-09-02 [晒田补肥],2024-09-22 10:09,37849.29,安乡县第4深加工基地,"112.166767,29.41328",清理去石->砻谷脱壳->糙米碾白->抛光->色选->包装,2024-09-26 14:09,2024-09-26 19:31,WH-CN-124,平房仓(准低温),2024-09-26 23:31,2024-10-31 23:31,准低温低氧控制,LOG-CN-31937895514,散粮车,"防潮, 湿度<14%",2024-11-01 14:31,2024-11-02 18:58,上海市,闵行区,121.38,31.11,2024-11-05 18:58
CN-AG-202409-11593,大豆,黑龙江省,嫩江市,125.269465,49.222263,2024-05-18,2024-05-18 [拌种包衣] -> 2024-06-12 [等距点播] -> 2024-07-07 [结荚期根外追肥] -> 2024-08-01 [食心虫绿色防控] -> 2024-08-26 [除草中耕],2024-09-19 11:16,27716.87,嫩江市第2深加工基地,"125.210788,49.164187",磁选->破碎压胚->高温压榨->物理过滤->精炼,2024-09-20 16:16,2024-09-20 22:29,WH-CN-873,不锈钢储油罐区,2024-09-21 09:29,2024-10-11 09:29,准低温低氧控制,LOG-CN-88302454754,罐式车,"避光, 控温25℃下",2024-10-11 17:29,2024-10-16 14:33,上海市,闵行区,121.38,31.11,2024-10-19 14:33
CN-AG-202406-11594,小麦,四川省,安岳县,105.369313,30.128957,2023-10-28,2023-10-28 [深耕整地] -> 2023-12-05 [秋播种子处理] -> 2024-01-12 [越冬水灌溉] -> 2024-02-19 [拔节期追肥] -> 2024-03-28 [条锈病防治] -> 2024-05-05 [干热风防护],2024-06-19 14:50,6474.33,安岳县第1深加工基地,"105.337797,30.109357",磁选除杂->着水润麦->多级研磨->高方筛理->包装,2024-06-21 16:50,2024-06-21 19:21,WH-CN-672,钢板筒仓,2024-06-22 04:21,2024-07-16 04:21,准低温低氧控制,LOG-CN-79343611155,全封闭货车,"干燥, 禁止异味混载",2024-07-16 11:21,2024-07-18 07:32,北京市,海淀区,116.3,39.96,2024-07-20 07:32
CN-AG-202409-11595,大豆,内蒙古自治区,突泉县,121.573606,46.342064,2024-05-20,2024-05-20 [拌种包衣] -> 2024-06-14 [等距点播] -> 2024-07-09 [结荚期根外追肥] -> 2024-08-03 [食心虫绿色防控] -> 2024-08-28 [除草中耕],2024-09-24 12:11,32625.01,突泉县第5深加工基地,"121.564933,46.320557",磁选->破碎压胚->高温压榨->物理过滤->精炼,2024-09-25 16:11,2024-09-25 21:07,WH-CN-248,不锈钢储油罐区,2024-09-26 09:07,2024-10-26 09:07,准低温低氧控制,LOG-CN-61806494719,罐式车,"避光, 控温25℃下",2024-10-26 23:07,2024-10-30 20:03,西安市,长安区,108.87,34.15,2024-11-01 20:03
CN-AG-202409-11596,大豆,内蒙古自治区,阿荣旗,123.52542,48.115154,2024-05-26,2024-05-26 [拌种包衣] -> 2024-06-20 [等距点播] -> 2024-07-15 [结荚期根外追肥] -> 2024-08-09 [食心虫绿色防控] -> 2024-09-03 [除草中耕],2024-09-23 16:53,22614.43,阿荣旗第3深加工基地,"123.514853,48.121145",磁选->破碎压胚->高温压榨->物理过滤->精炼,2024-09-24 19:53,2024-09-25 01:58,WH-CN-240,不锈钢储油罐区,2024-09-25 13:58,2024-10-08 13:58,准低温低氧控制,LOG-CN-75587379281,罐式车,"避光, 控温25℃下",2024-10-09 01:58,2024-10-13 20:24,成都市,龙泉驿区,104.27,30.55,2024-10-15 20:24
CN-AG-202409-11597,花生,河北省,大名县,115.157794,36.253572,2024-05-29,2024-05-29 [清棵蹲苗] -> 2024-06-22 [培土迎葑] -> 2024-07-16 [钙镁肥补充] -> 2024-08-09 [下针期控旺] -> 2024-09-02 [地下虫害防治],2024-09-27 08:41,21302.17,大名县第3深加工基地,"115.148273,36.271763",剥壳分选->烘炒->压榨提取->物理精炼,2024-09-30 13:41,2024-09-30 17:30,WH-CN-580,避光库房,2024-10-01 01:30,2024-11-01 01:30,避光控温控制,LOG-CN-85139671338,厢式货车,避光防潮,2024-11-01 14:30,2024-11-03 17:58,广州市,白云区,113.27,23.15,2024-11-06 17:58
CN-AG-202409-11598,水稻,湖北省,枣阳市,112.773208,32.160019,2024-04-24,2024-04-24 [播种育秧] -> 2024-05-17 [田间底肥] -> 2024-06-09 [插秧作业] -> 2024-07-02 [分蘖期灌溉] -> 2024-07-25 [除草控虫] -> 2024-08-17 [晒田补肥],2024-09-15 08:51,22988.22,枣阳市第5深加工基地,"112.745558,32.139813",清理去石->砻谷脱壳->糙米碾白->抛光->色选->包装,2024-09-18 13:51,2024-09-18 19:03,WH-CN-564,平房仓(准低温),2024-09-19 06:03,2024-10-28 06:03,准低温低氧控制,LOG-CN-83672231932,散粮车,"防潮, 湿度<14%",2024-10-28 18:03,2024-10-30 05:12,西安市,雁塔区,108.94,34.21,2024-11-02 05:12
CN-AG-202409-11599,花生,河南省,正阳县,114.359544,32.599783,2024-05-16,2024-05-16 [清棵蹲苗] -> 2024-06-09 [培土迎葑] -> 2024-07-03 [钙镁肥补充] -> 2024-07-27 [下针期控旺] -> 2024-08-20 [地下虫害防治],2024-09-17 08:50,5939.6,正阳县第3深加工基地,"114.387139,32.598812",剥壳分选->烘炒->压榨提取->物理精炼,2024-09-19 14:50,2024-09-20 00:07,WH-CN-300,避光库房,2024-09-20 06:07,2024-10-25 06:07,避光控温控制,LOG-CN-78142605650,厢式货车,避光防潮,2024-10-25 18:07,2024-10-28 02:14,上海市,宝山区,121.48,31.4,2024-10-30 02:14
CN-AG-202409-11600,大豆,吉林省,公主岭市,124.865893,43.542105,2024-05-08,2024-05-08 [拌种包衣] -> 2024-06-02 [等距点播] -> 2024-06-27 [结荚期根外追肥] -> 2024-07-22 [食心虫绿色防控] -> 2024-08-16 [除草中耕],2024-09-11 14:46,10052.08,公主岭市第5深加工基地,"124.827467,43.51407",磁选->破碎压胚->高温压榨->物理过滤->精炼,2024-09-12 17:46,2024-09-12 20:54,WH-CN-636,不锈钢储油罐区,2024-09-13 06:54,2024-10-17 06:54,准低温低氧控制,LOG-CN-28307335029,罐式车,"避光, 控温25℃下",2024-10-17 21:54,2024-10-20 21:34,成都市,龙泉驿区,104.27,30.55,2024-10-21 21:34
CN-AG-202409-11601,水稻,湖北省,钟祥市,112.626632,31.117171,2024-04-24,2024-04-24 [播种育秧] -> 2024-05-17 [田间底肥] -> 2024-06-09 [插秧作业] -> 2024-07-02 [分蘖期灌溉] -> 2024-07-25 [除草控虫] -> 2024-08-17 [晒田补肥],2024-09-12 12:05,37583.67,钟祥市第1深加工基地,"112.576292,31.166581",清理去石->砻谷脱壳->糙米碾白->抛光->色选->包装,2024-09-13 14:05,2024-09-13 21:30,WH-CN-582,平房仓(准低温),2024-09-14 02:30,2024-11-02 02:30,准低温低氧控制,LOG-CN-76144154972,散粮车,"防潮, 湿度<14%",2024-11-02 08:30,2024-11-06 02:58,成都市,新都区,104.15,30.82,2024-11-07 02:58
CN-AG-202409-11602,大豆,辽宁省,昌图县,124.162883,42.781451,2024-04-25,2024-04-25 [拌种包衣] -> 2024-05-20 [等距点播] -> 2024-06-14 [结荚期根外追肥] -> 2024-07-09 [食心虫绿色防控] -> 2024-08-03 [除草中耕],2024-09-02 15:29,18054.65,昌图县第4深加工基地,"124.107045,42.770956",磁选->破碎压胚->高温压榨->物理过滤->精炼,2024-09-03 17:29,2024-09-04 00:00,WH-CN-711,不锈钢储油罐区,2024-09-04 08:00,2024-09-17 08:00,准低温低氧控制,LOG-CN-71758653736,罐式车,"避光, 控温25℃下",2024-09-17 17:00,2024-09-20 23:35,成都市,武侯区,104.04,30.64,2024-09-23 23:35
CN-AG-202410-11603,水稻,广西壮族自治区,武宣县,109.647527,23.632789,2024-06-01,2024-06-01 [播种育秧] -> 2024-06-24 [田间底肥] -> 2024-07-17 [插秧作业] -> 2024-08-09 [分蘖期灌溉] -> 2024-09-01 [除草控虫] -> 2024-09-24 [晒田补肥],2024-10-14 09:42,22372.68,武宣县第3深加工基地,"109.658496,23.583983",清理去石->砻谷脱壳->糙米碾白->抛光->色选->包装,2024-10-17 11:42,2024-10-17 14:58,WH-CN-128,平房仓(准低温),2024-10-17 18:58,2024-12-02 18:58,准低温低氧控制,LOG-CN-34595185028,散粮车,"防潮, 湿度<14%",2024-12-03 07:58,2024-12-04 14:50,北京市,朝阳区,116.48,39.92,2024-12-05 14:50
CN-AG-202409-11604,大豆,黑龙江省,五常市,127.19985,44.916266,2024-05-04,2024-05-04 [拌种包衣] -> 2024-05-29 [等距点播] -> 2024-06-23 [结荚期根外追肥] -> 2024-07-18 [食心虫绿色防控] -> 2024-08-12 [除草中耕],2024-09-05 13:42,26703.64,五常市第4深加工基地,"127.150102,44.935239",磁选->破碎压胚->高温压榨->物理过滤->精炼,2024-09-09 16:42,2024-09-10 01:03,WH-CN-473,不锈钢储油罐区,2024-09-10 08:03,2024-10-29 08:03,准低温低氧控制,LOG-CN-95489035432,罐式车,"避光, 控温25℃下",2024-10-29 15:03,2024-10-30 16:46,广州市,天河区,113.33,23.13,2024-10-31 16:46
CN-AG-202405-11605,油菜籽,湖南省,桃源县,111.475833,28.958604,2023-10-19,2023-10-19 [育苗移栽] -> 2023-12-10 [越冬防冻肥] -> 2024-01-31 [薹期水肥调节] -> 2024-03-23 [菌核病无人机防治],2024-05-21 15:43,17129.2,桃源县第4深加工基地,"111.475245,28.891165",多级筛选->炒籽->螺旋压榨->精制过滤,2024-05-24 18:43,2024-05-25 04:37,WH-CN-779,恒温罐区,2024-05-25 14:37,2024-06-24 14:37,避光控温控制,LOG-CN-47546586273,罐式车,"避光, 防氧化",2024-06-25 00:37,2024-06-27 09:30,西安市,长安区,108.87,34.15,2024-06-28 09:30
CN-AG-202409-11606,水稻,广西壮族自治区,宾阳县,108.768828,23.202328,2024-04-24,2024-04-24 [播种育秧] -> 2024-05-17 [田间底肥] -> 2024-06-09 [插秧作业] -> 2024-07-02 [分蘖期灌溉] -> 2024-07-25 [除草控虫] -> 2024-08-17 [晒田补肥],2024-09-10 09:25,13342.44,宾阳县第5深加工基地,"108.815337,23.218951",清理去石->砻谷脱壳->糙米碾白->抛光->色选->包装,2024-09-11 13:25,2024-09-11 22:33,WH-CN-885,平房仓(准低温),2024-09-12 05:33,2024-10-20 05:33,准低温低氧控制,LOG-CN-64767680170,散粮车,"防潮, 湿度<14%",2024-10-20 16:33,2024-10-22 04:30,成都市,武侯区,104.04,30.64,2024-10-23 04:30
CN-AG-202405-11607,油菜籽,湖南省,安乡县,112.180897,29.382194,2023-10-16,2023-10-16 [育苗移栽] -> 2023-12-07 [越冬防冻肥] -> 2024-01-28 [薹期水肥调节] -> 2024-03-20 [菌核病无人机防治],2024-05-18 09:47,15541.25,安乡县第1深加工基地,"112.178826,29.414429",多级筛选->炒籽->螺旋压榨->精制过滤,2024-05-22 11:47,2024-05-22 21:25,WH-CN-919,恒温罐区,2024-05-23 09:25,2024-06-22 09:25,避光控温控制,LOG-CN-80279280393,罐式车,"避光, 防氧化",2024-06-22 16:25,2024-06-28 00:15,武汉市,江岸区,114.3,30.59,2024-06-30 00:15
CN-AG-202406-11608,小麦,河南省,正阳县,114.381823,32.645796,2023-10-19,2023-10-19 [深耕整地] -> 2023-11-26 [秋播种子处理] -> 2024-01-03 [越冬水灌溉] -> 2024-02-10 [拔节期追肥] -> 2024-03-19 [条锈病防治] -> 2024-04-26 [干热风防护],2024-06-09 12:37,17441.97,正阳县第3深加工基地,"114.381243,32.605493",磁选除杂->着水润麦->多级研磨->高方筛理->包装,2024-06-10 18:37,2024-06-10 21:36,WH-CN-371,钢板筒仓,2024-06-11 04:36,2024-07-12 04:36,准低温低氧控制,LOG-CN-11420350050,全封闭货车,"干燥, 禁止异味混载",2024-07-12 14:36,2024-07-17 12:38,南京市,玄武区,118.79,32.06,2024-07-20 12:38
CN-AG-202405-11609,油菜籽,湖南省,安乡县,112.123769,29.416324,2023-10-11,2023-10-11 [育苗移栽] -> 2023-12-02 [越冬防冻肥] -> 2024-01-23 [薹期水肥调节] -> 2024-03-15 [菌核病无人机防治],2024-05-06 12:23,33023.83,安乡县第1深加工基地,"112.170591,29.402523",多级筛选->炒籽->螺旋压榨->精制过滤,2024-05-09 15:23,2024-05-09 21:38,WH-CN-647,恒温罐区,2024-05-10 02:38,2024-05-26 02:38,避光控温控制,LOG-CN-66909542052,罐式车,"避光, 防氧化",2024-05-26 08:38,2024-05-31 02:11,上海市,浦东新区,121.54,31.22,2024-06-02 02:11
CN-AG-202410-11610,水稻,广西壮族自治区,桂平市,110.022524,23.362263,2024-06-05,2024-06-05 [播种育秧] -> 2024-06-28 [田间底肥] -> 2024-07-21 [插秧作业] -> 2024-08-13 [分蘖期灌溉] -> 2024-09-05 [除草控虫] -> 2024-09-28 [晒田补肥],2024-10-20 11:52,27779.2,桂平市第5深加工基地,"110.07065,23.394457",清理去石->砻谷脱壳->糙米碾白->抛光->色选->包装,2024-10-21 14:52,2024-10-21 20:24,WH-CN-108,平房仓(准低温),2024-10-22 06:24,2024-11-08 06:24,准低温低氧控制,LOG-CN-27850728684,散粮车,"防潮, 湿度<14%",2024-11-08 19:24,2024-11-13 16:08,深圳市,福田区,114.05,22.54,2024-11-14 16:08
CN-AG-202410-11611,玉米,广西壮族自治区,宾阳县,108.814703,23.221433,2024-06-15,2024-06-15 [免耕直播] -> 2024-07-07 [苗期中耕] -> 2024-07-29 [喇叭口期追肥] -> 2024-08-20 [大斑病防治] -> 2024-09-11 [人工授粉辅助],2024-10-05 13:39,35256.21,宾阳县第5深加工基地,"108.809684,23.219376",物理清理->脱粒烘干->破碎加工->筛理分级,2024-10-07 15:39,2024-10-07 21:00,WH-CN-244,现代化圆筒仓,2024-10-08 06:00,2024-11-05 06:00,避光控温控制,LOG-CN-22749118936,重型散粮卡车,"通风良好, 严控高温",2024-11-05 20:00,2024-11-09 09:58,广州市,番禺区,113.38,22.93,2024-11-12 09:58
CN-AG-202410-11612,玉米,河南省,滑县,114.526203,35.517632,2024-06-30,2024-06-30 [免耕直播] -> 2024-07-22 [苗期中耕] -> 2024-08-13 [喇叭口期追肥] -> 2024-09-04 [大斑病防治] -> 2024-09-26 [人工授粉辅助],2024-10-20 16:17,37159.78,滑县第4深加工基地,"114.529937,35.576822",物理清理->脱粒烘干->破碎加工->筛理分级,2024-10-23 21:17,2024-10-23 23:49,WH-CN-913,现代化圆筒仓,2024-10-24 07:49,2024-11-14 07:49,避光控温控制,LOG-CN-35252599604,重型散粮卡车,"通风良好, 严控高温",2024-11-14 14:49,2024-11-18 04:35,深圳市,南山区,113.93,22.54,2024-11-21 04:35
CN-AG-202407-11613,大麦,吉林省,前郭县,124.788436,45.101641,2024-03-23,2024-03-23 [翻耕播种] -> 2024-04-17 [分蘖期施氮] -> 2024-05-12 [化学除草] -> 2024-06-06 [灌浆期监控],2024-07-03 15:11,26688.57,前郭县第5深加工基地,"124.803825,45.118133",杂质清理->脱壳处理->分级磨皮->包装,2024-07-06 21:11,2024-07-07 00:05,WH-CN-630,平房仓,2024-07-07 08:05,2024-08-08 08:05,避光控温控制,LOG-CN-94392039906,散装车,防霉通风,2024-08-08 16:05,2024-08-11 22:33,广州市,番禺区,113.38,22.93,2024-08-13 22:33
CN-AG-202410-11614,水稻,江苏省,射阳县,120.238686,33.763851,2024-05-24,2024-05-24 [播种育秧] -> 2024-06-16 [田间底肥] -> 2024-07-09 [插秧作业] -> 2024-08-01 [分蘖期灌溉] -> 2024-08-24 [除草控虫] -> 2024-09-16 [晒田补肥],2024-10-11 12:17,37417.15,射阳县第2深加工基地,"120.246946,33.740822",清理去石->砻谷脱壳->糙米碾白->抛光->色选->包装,2024-10-14 17:17,2024-10-15 02:15,WH-CN-839,平房仓(准低温),2024-10-15 10:15,2024-10-29 10:15,准低温低氧控制,LOG-CN-91327868941,散粮车,"防潮, 湿度<14%",2024-10-29 16:15,2024-10-31 07:13,深圳市,南山区,113.93,22.54,2024-11-03 07:13
CN-AG-202410-11615,水稻,广西壮族自治区,武宣县,109.682331,23.561827,2024-05-13,2024-05-13 [播种育秧] -> 2024-06-05 [田间底肥] -> 2024-06-28 [插秧作业] -> 2024-07-21 [分蘖期灌溉] -> 2024-08-13 [除草控虫] -> 2024-09-05 [晒田补肥],2024-10-01 13:38,5952.54,武宣县第2深加工基地,"109.655361,23.598976",清理去石->砻谷脱壳->糙米碾白->抛光->色选->包装,2024-10-03 18:38,2024-10-03 23:58,WH-CN-960,平房仓(准低温),2024-10-04 04:58,2024-11-20 04:58,准低温低氧控制,LOG-CN-82917609564,散粮车,"防潮, 湿度<14%",2024-11-20 16:58,2024-11-23 00:31,深圳市,南山区,113.93,22.54,2024-11-26 00:31
CN-AG-202410-11616,玉米,河南省,滑县,114.466643,35.607376,2024-06-27,2024-06-27 [免耕直播] -> 2024-07-19 [苗期中耕] -> 2024-08-10 [喇叭口期追肥] -> 2024-09-01 [大斑病防治] -> 2024-09-23 [人工授粉辅助],2024-10-20 11:27,29543.07,滑县第2深加工基地,"114.511411,35.570762",物理清理->脱粒烘干->破碎加工->筛理分级,2024-10-23 16:27,2024-10-23 19:57,WH-CN-988,现代化圆筒仓,2024-10-24 00:57,2024-11-26 00:57,避光控温控制,LOG-CN-18144366445,重型散粮卡车,"通风良好, 严控高温",2024-11-26 12:57,2024-11-28 06:42,南京市,南京浦口区,118.62,32.05,2024-11-29 06:42
CN-AG-202411-11617,棉花,江苏省,射阳县,120.281962,33.802084,2024-05-12,2024-05-12 [覆膜播种] -> 2024-06-17 [人工打顶] -> 2024-07-23 [叶面喷施补硼] -> 2024-08-28 [枯萎病监测] -> 2024-10-03 [喷施脱叶剂],2024-11-11 17:16,13444.54,射阳县第1深加工基地,"120.256478,33.753159",皮棉清理->锯齿轧花->纤维分级->压力打包,2024-11-12 21:16,2024-11-13 01:44,WH-CN-318,专业纤维库,2024-11-13 06:44,2024-12-17 06:44,避光控温控制,LOG-CN-73724415563,高栏平板车,"严禁烟火, 防静电, 干燥",2024-12-17 14:44,2024-12-21 00:24,北京市,朝阳区,116.48,39.92,2024-12-23 00:24
CN-AG-202410-11618,水稻,广西壮族自治区,桂平市,110.136273,23.407702,2024-05-11,2024-05-11 [播种育秧] -> 2024-06-03 [田间底肥] -> 2024-06-26 [插秧作业] -> 2024-07-19 [分蘖期灌溉] -> 2024-08-11 [除草控虫] -> 2024-09-03 [晒田补肥],2024-10-03 16:26,9552.05,桂平市第1深加工基地,"110.088493,23.394279",清理去石->砻谷脱壳->糙米碾白->抛光->色选->包装,2024-10-05 20:26,2024-10-06 01:28,WH-CN-314,平房仓(准低温),2024-10-06 12:28,2024-11-07 12:28,准低温低氧控制,LOG-CN-74486083124,散粮车,"防潮, 湿度<14%",2024-11-07 19:28,2024-11-13 02:19,南京市,玄武区,118.79,32.06,2024-11-14 02:19
CN-AG-202406-11619,小麦,湖北省,枣阳市,112.704048,32.132056,2023-10-31,2023-10-31 [深耕整地] -> 2023-12-08 [秋播种子处理] -> 2024-01-15 [越冬水灌溉] -> 2024-02-22 [拔节期追肥] -> 2024-03-31 [条锈病防治] -> 2024-05-08 [干热风防护],2024-06-18 08:57,20155.29,枣阳市第3深加工基地,"112.742537,32.130564",磁选除杂->着水润麦->多级研磨->高方筛理->包装,2024-06-22 10:57,2024-06-22 16:10,WH-CN-181,钢板筒仓,2024-06-23 00:10,2024-07-25 00:10,准低温低氧控制,LOG-CN-31598197944,全封闭货车,"干燥, 禁止异味混载",2024-07-25 12:10,2024-07-28 12:24,武汉市,东西湖区,114.13,30.62,2024-07-30 12:24
CN-AG-202406-11620,小麦,四川省,安岳县,105.327899,30.111099,2023-10-14,2023-10-14 [深耕整地] -> 2023-11-21 [秋播种子处理] -> 2023-12-29 [越冬水灌溉] -> 2024-02-05 [拔节期追肥] -> 2024-03-14 [条锈病防治] -> 2024-04-21 [干热风防护],2024-06-05 09:10,31641.29,安岳县第2深加工基地,"105.320201,30.102452",磁选除杂->着水润麦->多级研磨->高方筛理->包装,2024-06-09 14:10,2024-06-09 21:39,WH-CN-649,钢板筒仓,2024-06-10 01:39,2024-07-10 01:39,准低温低氧控制,LOG-CN-71360301432,全封闭货车,"干燥, 禁止异味混载",2024-07-10 16:39,2024-07-15 12:17,成都市,龙泉驿区,104.27,30.55,2024-07-18 12:17
CN-AG-202406-11621,小麦,黑龙江省,嫩江市,125.21896,49.133381,2023-10-11,2023-10-11 [深耕整地] -> 2023-11-18 [秋播种子处理] -> 2023-12-26 [越冬水灌溉] -> 2024-02-02 [拔节期追肥] -> 2024-03-11 [条锈病防治] -> 2024-04-18 [干热风防护],2024-06-02 11:05,37128.75,嫩江市第2深加工基地,"125.217672,49.17901",磁选除杂->着水润麦->多级研磨->高方筛理->包装,2024-06-04 14:05,2024-06-04 23:32,WH-CN-988,钢板筒仓,2024-06-05 11:32,2024-07-20 11:32,准低温低氧控制,LOG-CN-80358587794,全封闭货车,"干燥, 禁止异味混载",2024-07-20 19:32,2024-07-22 22:19,西安市,雁塔区,108.94,34.21,2024-07-23 22:19
CN-AG-202406-11622,小麦,江苏省,兴化市,119.875764,32.920925,2023-11-07,2023-11-07 [深耕整地] -> 2023-12-15 [秋播种子处理] -> 2024-01-22 [越冬水灌溉] -> 2024-02-29 [拔节期追肥] -> 2024-04-07 [条锈病防治] -> 2024-05-15 [干热风防护],2024-06-26 15:59,18255.17,兴化市第1深加工基地,"119.845979,32.932076",磁选除杂->着水润麦->多级研磨->高方筛理->包装,2024-06-30 18:59,2024-07-01 01:07,WH-CN-839,钢板筒仓,2024-07-01 13:07,2024-08-01 13:07,准低温低氧控制,LOG-CN-28224409228,全封闭货车,"干燥, 禁止异味混载",2024-08-01 21:07,2024-08-05 16:36,广州市,白云区,113.27,23.15,2024-08-08 16:36
CN-AG-202409-11623,大豆,黑龙江省,五常市,127.116124,44.919298,2024-05-17,2024-05-17 [拌种包衣] -> 2024-06-11 [等距点播] -> 2024-07-06 [结荚期根外追肥] -> 2024-07-31 [食心虫绿色防控] -> 2024-08-25 [除草中耕],2024-09-18 11:53,14308.59,五常市第3深加工基地,"127.142613,44.93932",磁选->破碎压胚->高温压榨->物理过滤->精炼,2024-09-22 13:53,2024-09-22 22:43,WH-CN-932,不锈钢储油罐区,2024-09-23 02:43,2024-10-29 02:43,准低温低氧控制,LOG-CN-60269297453,罐式车,"避光, 控温25℃下",2024-10-29 16:43,2024-10-31 22:35,广州市,番禺区,113.38,22.93,2024-11-01 22:35
CN-AG-202410-11624,水稻,安徽省,寿县,116.723101,32.55462,2024-05-22,2024-05-22 [播种育秧] -> 2024-06-14 [田间底肥] -> 2024-07-07 [插秧作业] -> 2024-07-30 [分蘖期灌溉] -> 2024-08-22 [除草控虫] -> 2024-09-14 [晒田补肥],2024-10-14 10:12,29700.16,寿县第4深加工基地,"116.785609,32.564436",清理去石->砻谷脱壳->糙米碾白->抛光->色选->包装,2024-10-16 15:12,2024-10-16 21:57,WH-CN-323,平房仓(准低温),2024-10-17 01:57,2024-10-30 01:57,准低温低氧控制,LOG-CN-42050257902,散粮车,"防潮, 湿度<14%",2024-10-30 10:57,2024-11-02 06:30,成都市,龙泉驿区,104.27,30.55,2024-11-04 06:30
CN-AG-202406-11625,小麦,四川省,安岳县,105.279608,30.064141,2023-10-30,2023-10-30 [深耕整地] -> 2023-12-07 [秋播种子处理] -> 2024-01-14 [越冬水灌溉] -> 2024-02-21 [拔节期追肥] -> 2024-03-30 [条锈病防治] -> 2024-05-07 [干热风防护],2024-06-18 13:52,15162.38,安岳县第4深加工基地,"105.320199,30.099489",磁选除杂->着水润麦->多级研磨->高方筛理->包装,2024-06-19 17:52,2024-06-20 02:25,WH-CN-633,钢板筒仓,2024-06-20 08:25,2024-07-16 08:25,准低温低氧控制,LOG-CN-43002241639,全封闭货车,"干燥, 禁止异味混载",2024-07-16 16:25,2024-07-19 10:46,北京市,丰台区,116.28,39.85,2024-07-21 10:46
CN-AG-202410-11626,水稻,湖南省,南县,112.436915,29.310172,2024-06-07,2024-06-07 [播种育秧] -> 2024-06-30 [田间底肥] -> 2024-07-23 [插秧作业] -> 2024-08-15 [分蘖期灌溉] -> 2024-09-07 [除草控虫] -> 2024-09-30 [晒田补肥],2024-10-21 08:18,18990.58,南县第4深加工基地,"112.408303,29.365429",清理去石->砻谷脱壳->糙米碾白->抛光->色选->包装,2024-10-22 13:18,2024-10-22 19:52,WH-CN-338,平房仓(准低温),2024-10-23 07:52,2024-12-06 07:52,准低温低氧控制,LOG-CN-63805818837,散粮车,"防潮, 湿度<14%",2024-12-06 22:52,2024-12-10 04:32,上海市,闵行区,121.38,31.11,2024-12-12 04:32
CN-AG-202408-11627,花生,山东省,平度市,119.971981,36.822542,2024-04-07,2024-04-07 [清棵蹲苗] -> 2024-05-01 [培土迎葑] -> 2024-05-25 [钙镁肥补充] -> 2024-06-18 [下针期控旺] -> 2024-07-12 [地下虫害防治],2024-08-10 12:32,38769.5,平度市第2深加工基地,"119.955657,36.771047",剥壳分选->烘炒->压榨提取->物理精炼,2024-08-13 17:32,2024-08-14 00:17,WH-CN-390,避光库房,2024-08-14 07:17,2024-09-06 07:17,避光控温控制,LOG-CN-93942400010,厢式货车,避光防潮,2024-09-06 15:17,2024-09-10 23:11,广州市,番禺区,113.38,22.93,2024-09-11 23:11
CN-AG-202409-11628,花生,山东省,平度市,119.98589,36.821461,2024-05-31,2024-05-31 [清棵蹲苗] -> 2024-06-24 [培土迎葑] -> 2024-07-18 [钙镁肥补充] -> 2024-08-11 [下针期控旺] -> 2024-09-04 [地下虫害防治],2024-09-23 15:01,19440.31,平度市第5深加工基地,"119.944658,36.78017",剥壳分选->烘炒->压榨提取->物理精炼,2024-09-27 18:01,2024-09-27 22:33,WH-CN-708,避光库房,2024-09-28 06:33,2024-10-28 06:33,避光控温控制,LOG-CN-37157211138,厢式货车,避光防潮,2024-10-28 18:33,2024-10-31 05:35,成都市,武侯区,104.04,30.64,2024-11-02 05:35
CN-AG-202409-11629,玉米,吉林省,榆树市,126.57726,44.86144,2024-06-07,2024-06-07 [免耕直播] -> 2024-06-29 [苗期中耕] -> 2024-07-21 [喇叭口期追肥] -> 2024-08-12 [大斑病防治] -> 2024-09-03 [人工授粉辅助],2024-09-23 08:14,17454.88,榆树市第5深加工基地,"126.543114,44.829615",物理清理->脱粒烘干->破碎加工->筛理分级,2024-09-24 10:14,2024-09-24 14:47,WH-CN-739,现代化圆筒仓,2024-09-25 02:47,2024-11-05 02:47,避光控温控制,LOG-CN-53178770999,重型散粮卡车,"通风良好, 严控高温",2024-11-05 10:47,2024-11-09 08:01,上海市,闵行区,121.38,31.11,2024-11-10 08:01
CN-AG-202405-11630,油菜籽,湖北省,钟祥市,112.545416,31.13708,2023-10-21,2023-10-21 [育苗移栽] -> 2023-12-12 [越冬防冻肥] -> 2024-02-02 [薹期水肥调节] -> 2024-03-25 [菌核病无人机防治],2024-05-18 08:07,27957.8,钟祥市第4深加工基地,"112.573738,31.175851",多级筛选->炒籽->螺旋压榨->精制过滤,2024-05-20 11:07,2024-05-20 17:31,WH-CN-269,恒温罐区,2024-05-21 01:31,2024-06-12 01:31,避光控温控制,LOG-CN-20569086903,罐式车,"避光, 防氧化",2024-06-12 14:31,2024-06-13 16:39,武汉市,江岸区,114.3,30.59,2024-06-16 16:39
CN-AG-202409-11631,花生,河南省,唐河县,112.889827,32.627999,2024-05-19,2024-05-19 [清棵蹲苗] -> 2024-06-12 [培土迎葑] -> 2024-07-06 [钙镁肥补充] -> 2024-07-30 [下针期控旺] -> 2024-08-23 [地下虫害防治],2024-09-20 14:42,17979.87,唐河县第3深加工基地,"112.836705,32.670496",剥壳分选->烘炒->压榨提取->物理精炼,2024-09-23 19:42,2024-09-24 04:08,WH-CN-126,避光库房,2024-09-24 12:08,2024-10-26 12:08,避光控温控制,LOG-CN-56776627553,厢式货车,避光防潮,2024-10-27 03:08,2024-10-29 22:47,西安市,未央区,108.94,34.29,2024-11-01 22:47
CN-AG-202406-11632,小麦,河南省,唐河县,112.870994,32.663844,2023-10-14,2023-10-14 [深耕整地] -> 2023-11-21 [秋播种子处理] -> 2023-12-29 [越冬水灌溉] -> 2024-02-05 [拔节期追肥] -> 2024-03-14 [条锈病防治] -> 2024-04-21 [干热风防护],2024-06-05 17:45,17074.09,唐河县第2深加工基地,"112.838033,32.681092",磁选除杂->着水润麦->多级研磨->高方筛理->包装,2024-06-06 22:45,2024-06-07 02:13,WH-CN-806,钢板筒仓,2024-06-07 10:13,2024-07-19 10:13,准低温低氧控制,LOG-CN-28523947521,全封闭货车,"干燥, 禁止异味混载",2024-07-19 17:13,2024-07-23 16:27,武汉市,江岸区,114.3,30.59,2024-07-26 16:27
CN-AG-202409-11633,玉米,广西壮族自治区,宾阳县,108.751092,23.261143,2024-06-03,2024-06-03 [免耕直播] -> 2024-06-25 [苗期中耕] -> 2024-07-17 [喇叭口期追肥] -> 2024-08-08 [大斑病防治] -> 2024-08-30 [人工授粉辅助],2024-09-26 08:29,22199.91,宾阳县第3深加工基地,"108.805007,23.201508",物理清理->脱粒烘干->破碎加工->筛理分级,2024-09-28 10:29,2024-09-28 16:20,WH-CN-427,现代化圆筒仓,2024-09-29 01:20,2024-10-15 01:20,避光控温控制,LOG-CN-14934650155,重型散粮卡车,"通风良好, 严控高温",2024-10-15 09:20,2024-10-16 20:39,上海市,宝山区,121.48,31.4,2024-10-18 20:39
CN-AG-202406-11634,小麦,内蒙古自治区,五原县,108.306593,41.120318,2023-10-26,2023-10-26 [深耕整地] -> 2023-12-03 [秋播种子处理] -> 2024-01-10 [越冬水灌溉] -> 2024-02-17 [拔节期追肥] -> 2024-03-26 [条锈病防治] -> 2024-05-03 [干热风防护],2024-06-16 14:48,17683.16,五原县第2深加工基地,"108.262139,41.099199",磁选除杂->着水润麦->多级研磨->高方筛理->包装,2024-06-19 19:48,2024-06-20 00:01,WH-CN-276,钢板筒仓,2024-06-20 04:01,2024-08-01 04:01,准低温低氧控制,LOG-CN-52915383812,全封闭货车,"干燥, 禁止异味混载",2024-08-01 10:01,2024-08-03 10:53,广州市,白云区,113.27,23.15,2024-08-06 10:53
CN-AG-202406-11635,小麦,河南省,滑县,114.556596,35.53262,2023-11-01,2023-11-01 [深耕整地] -> 2023-12-09 [秋播种子处理] -> 2024-01-16 [越冬水灌溉] -> 2024-02-23 [拔节期追肥] -> 2024-04-01 [条锈病防治] -> 2024-05-09 [干热风防护],2024-06-19 11:49,33795.92,滑县第1深加工基地,"114.515372,35.579347",磁选除杂->着水润麦->多级研磨->高方筛理->包装,2024-06-21 15:49,2024-06-21 23:48,WH-CN-470,钢板筒仓,2024-06-22 03:48,2024-08-07 03:48,准低温低氧控制,LOG-CN-34309663464,全封闭货车,"干燥, 禁止异味混载",2024-08-07 11:48,2024-08-12 18:33,成都市,武侯区,104.04,30.64,2024-08-13 18:33
CN-AG-202409-11636,大豆,山东省,莒南县,118.780334,35.169379,2024-05-22,2024-05-22 [拌种包衣] -> 2024-06-16 [等距点播] -> 2024-07-11 [结荚期根外追肥] -> 2024-08-05 [食心虫绿色防控] -> 2024-08-30 [除草中耕],2024-09-19 17:03,19232.27,莒南县第1深加工基地,"118.830056,35.171183",磁选->破碎压胚->高温压榨->物理过滤->精炼,2024-09-22 22:03,2024-09-23 05:44,WH-CN-666,不锈钢储油罐区,2024-09-23 13:44,2024-10-08 13:44,准低温低氧控制,LOG-CN-95470039871,罐式车,"避光, 控温25℃下",2024-10-08 22:44,2024-10-10 18:04,广州市,番禺区,113.38,22.93,2024-10-12 18:04
CN-AG-202409-11637,水稻,吉林省,前郭县,124.803048,45.067332,2024-05-11,2024-05-11 [播种育秧] -> 2024-06-03 [田间底肥] -> 2024-06-26 [插秧作业] -> 2024-07-19 [分蘖期灌溉] -> 2024-08-11 [除草控虫] -> 2024-09-03 [晒田补肥],2024-09-26 12:47,26819.45,前郭县第2深加工基地,"124.810437,45.106682",清理去石->砻谷脱壳->糙米碾白->抛光->色选->包装,2024-09-29 18:47,2024-09-30 03:20,WH-CN-572,平房仓(准低温),2024-09-30 12:20,2024-11-09 12:20,准低温低氧控制,LOG-CN-84850624022,散粮车,"防潮, 湿度<14%",2024-11-09 21:20,2024-11-14 02:09,上海市,浦东新区,121.54,31.22,2024-11-17 02:09
CN-AG-202408-11638,花生,河北省,大名县,115.091019,36.290279,2024-04-21,2024-04-21 [清棵蹲苗] -> 2024-05-15 [培土迎葑] -> 2024-06-08 [钙镁肥补充] -> 2024-07-02 [下针期控旺] -> 2024-07-26 [地下虫害防治],2024-08-16 11:18,6380.17,大名县第3深加工基地,"115.15426,36.28522",剥壳分选->烘炒->压榨提取->物理精炼,2024-08-17 13:18,2024-08-17 17:05,WH-CN-706,避光库房,2024-08-17 21:05,2024-09-06 21:05,避光控温控制,LOG-CN-52345360892,厢式货车,避光防潮,2024-09-07 06:05,2024-09-10 22:10,上海市,宝山区,121.48,31.4,2024-09-11 22:10
CN-AG-202405-11639,油菜籽,湖北省,钟祥市,112.526352,31.153954,2023-10-28,2023-10-28 [育苗移栽] -> 2023-12-19 [越冬防冻肥] -> 2024-02-09 [薹期水肥调节] -> 2024-04-01 [菌核病无人机防治],2024-05-20 16:38,8769.23,钟祥市第5深加工基地,"112.589104,31.175099",多级筛选->炒籽->螺旋压榨->精制过滤,2024-05-21 22:38,2024-05-22 04:22,WH-CN-989,恒温罐区,2024-05-22 14:22,2024-06-20 14:22,避光控温控制,LOG-CN-16829381131,罐式车,"避光, 防氧化",2024-06-20 23:22,2024-06-22 14:14,武汉市,洪山区,114.34,30.5,2024-06-25 14:14
CN-AG-202409-11640,水稻,安徽省,怀远县,117.178823,32.938818,2024-05-05,2024-05-05 [播种育秧] -> 2024-05-28 [田间底肥] -> 2024-06-20 [插秧作业] -> 2024-07-13 [分蘖期灌溉] -> 2024-08-05 [除草控虫] -> 2024-08-28 [晒田补肥],2024-09-22 11:12,18954.23,怀远县第1深加工基地,"117.201539,32.963676",清理去石->砻谷脱壳->糙米碾白->抛光->色选->包装,2024-09-26 17:12,2024-09-27 01:54,WH-CN-407,平房仓(准低温),2024-09-27 08:54,2024-10-13 08:54,准低温低氧控制,LOG-CN-20669785941,散粮车,"防潮, 湿度<14%",2024-10-13 17:54,2024-10-18 19:21,西安市,雁塔区,108.94,34.21,2024-10-21 19:21
CN-AG-202409-11641,水稻,黑龙江省,五常市,127.132743,44.888581,2024-04-30,2024-04-30 [播种育秧] -> 2024-05-23 [田间底肥] -> 2024-06-15 [插秧作业] -> 2024-07-08 [分蘖期灌溉] -> 2024-07-31 [除草控虫] -> 2024-08-23 [晒田补肥],2024-09-20 09:56,31720.49,五常市第2深加工基地,"127.151202,44.93394",清理去石->砻谷脱壳->糙米碾白->抛光->色选->包装,2024-09-24 13:56,2024-09-24 16:44,WH-CN-378,平房仓(准低温),2024-09-25 01:44,2024-10-06 01:44,准低温低氧控制,LOG-CN-88441120727,散粮车,"防潮, 湿度<14%",2024-10-06 10:44,2024-10-11 14:54,上海市,浦东新区,121.54,31.22,2024-10-12 14:54
CN-AG-202406-11642,小麦,山东省,汶上县,116.47043,35.716376,2023-10-27,2023-10-27 [深耕整地] -> 2023-12-04 [秋播种子处理] -> 2024-01-11 [越冬水灌溉] -> 2024-02-18 [拔节期追肥] -> 2024-03-27 [条锈病防治] -> 2024-05-04 [干热风防护],2024-06-16 09:16,21073.06,汶上县第2深加工基地,"116.470117,35.731242",磁选除杂->着水润麦->多级研磨->高方筛理->包装,2024-06-20 14:16,2024-06-20 19:42,WH-CN-177,钢板筒仓,2024-06-20 23:42,2024-07-31 23:42,准低温低氧控制,LOG-CN-65085144206,全封闭货车,"干燥, 禁止异味混载",2024-08-01 07:42,2024-08-04 05:27,西安市,未央区,108.94,34.29,2024-08-07 05:27
CN-AG-202406-11643,小麦,内蒙古自治区,五原县,108.305751,41.049421,2023-10-13,2023-10-13 [深耕整地] -> 2023-11-20 [秋播种子处理] -> 2023-12-28 [越冬水灌溉] -> 2024-02-04 [拔节期追肥] -> 2024-03-13 [条锈病防治] -> 2024-04-20 [干热风防护],2024-06-01 11:42,26421.8,五原县第2深加工基地,"108.264136,41.091558",磁选除杂->着水润麦->多级研磨->高方筛理->包装,2024-06-02 13:42,2024-06-02 21:45,WH-CN-161,钢板筒仓,2024-06-03 01:45,2024-07-03 01:45,准低温低氧控制,LOG-CN-63362930881,全封闭货车,"干燥, 禁止异味混载",2024-07-03 10:45,2024-07-08 12:39,西安市,雁塔区,108.94,34.21,2024-07-11 12:39
CN-AG-202410-11644,棉花,江苏省,射阳县,120.222482,33.800405,2024-04-16,2024-04-16 [覆膜播种] -> 2024-05-22 [人工打顶] -> 2024-06-27 [叶面喷施补硼] -> 2024-08-02 [枯萎病监测] -> 2024-09-07 [喷施脱叶剂],2024-10-12 17:38,29150.76,射阳县第1深加工基地,"120.251378,33.74741",皮棉清理->锯齿轧花->纤维分级->压力打包,2024-10-16 23:38,2024-10-17 09:29,WH-CN-129,专业纤维库,2024-10-17 19:29,2024-11-21 19:29,避光控温控制,LOG-CN-25002974760,高栏平板车,"严禁烟火, 防静电, 干燥",2024-11-22 03:29,2024-11-27 05:44,深圳市,宝安区,113.88,22.55,2024-11-28 05:44
CN-AG-202409-11645,水稻,广西壮族自治区,桂平市,110.133029,23.435805,2024-05-07,2024-05-07 [播种育秧] -> 2024-05-30 [田间底肥] -> 2024-06-22 [插秧作业] -> 2024-07-15 [分蘖期灌溉] -> 2024-08-07 [除草控虫] -> 2024-08-30 [晒田补肥],2024-09-26 08:37,12542.24,桂平市第1深加工基地,"110.071732,23.394791",清理去石->砻谷脱壳->糙米碾白->抛光->色选->包装,2024-09-27 12:37,2024-09-27 20:42,WH-CN-918,平房仓(准低温),2024-09-28 00:42,2024-11-12 00:42,准低温低氧控制,LOG-CN-64772155249,散粮车,"防潮, 湿度<14%",2024-11-12 09:42,2024-11-14 08:55,南京市,玄武区,118.79,32.06,2024-11-16 08:55
CN-AG-202409-11646,花生,山东省,平度市,119.939236,36.800298,2024-05-10,2024-05-10 [清棵蹲苗] -> 2024-06-03 [培土迎葑] -> 2024-06-27 [钙镁肥补充] -> 2024-07-21 [下针期控旺] -> 2024-08-14 [地下虫害防治],2024-09-10 16:44,22251.06,平度市第2深加工基地,"119.940983,36.779414",剥壳分选->烘炒->压榨提取->物理精炼,2024-09-12 22:44,2024-09-13 08:42,WH-CN-637,避光库房,2024-09-13 14:42,2024-10-08 14:42,避光控温控制,LOG-CN-30153929274,厢式货车,避光防潮,2024-10-09 05:42,2024-10-14 02:42,西安市,未央区,108.94,34.29,2024-10-17 02:42
CN-AG-202410-11647,水稻,广西壮族自治区,桂平市,110.114862,23.352927,2024-06-06,2024-06-06 [播种育秧] -> 2024-06-29 [田间底肥] -> 2024-07-22 [插秧作业] -> 2024-08-14 [分蘖期灌溉] -> 2024-09-06 [除草控虫] -> 2024-09-29 [晒田补肥],2024-10-24 12:22,32239.99,桂平市第2深加工基地,"110.076033,23.389079",清理去石->砻谷脱壳->糙米碾白->抛光->色选->包装,2024-10-25 15:22,2024-10-25 23:09,WH-CN-538,平房仓(准低温),2024-10-26 04:09,2024-12-11 04:09,准低温低氧控制,LOG-CN-85143068663,散粮车,"防潮, 湿度<14%",2024-12-11 13:09,2024-12-14 04:42,南京市,玄武区,118.79,32.06,2024-12-15 04:42
CN-AG-202405-11648,油菜籽,湖北省,钟祥市,112.622528,31.156082,2023-10-06,2023-10-06 [育苗移栽] -> 2023-11-27 [越冬防冻肥] -> 2024-01-18 [薹期水肥调节] -> 2024-03-10 [菌核病无人机防治],2024-05-07 14:56,17743.23,钟祥市第3深加工基地,"112.575446,31.17498",多级筛选->炒籽->螺旋压榨->精制过滤,2024-05-09 17:56,2024-05-09 22:29,WH-CN-523,恒温罐区,2024-05-10 10:29,2024-05-21 10:29,避光控温控制,LOG-CN-47793836478,罐式车,"避光, 防氧化",2024-05-21 19:29,2024-05-24 23:45,北京市,海淀区,116.3,39.96,2024-05-26 23:45
CN-AG-202405-11649,油菜籽,湖北省,监利市,112.87024,29.7841,2023-10-25,2023-10-25 [育苗移栽] -> 2023-12-16 [越冬防冻肥] -> 2024-02-06 [薹期水肥调节] -> 2024-03-29 [菌核病无人机防治],2024-05-23 12:06,17082.25,监利市第2深加工基地,"112.901632,29.838415",多级筛选->炒籽->螺旋压榨->精制过滤,2024-05-25 17:06,2024-05-26 02:08,WH-CN-688,恒温罐区,2024-05-26 07:08,2024-06-13 07:08,避光控温控制,LOG-CN-76324023037,罐式车,"避光, 防氧化",2024-06-13 16:08,2024-06-15 05:37,北京市,海淀区,116.3,39.96,2024-06-17 05:37
CN-AG-202406-11650,小麦,河北省,宁晋县,114.931567,37.624018,2023-10-24,2023-10-24 [深耕整地] -> 2023-12-01 [秋播种子处理] -> 2024-01-08 [越冬水灌溉] -> 2024-02-15 [拔节期追肥] -> 2024-03-24 [条锈病防治] -> 2024-05-01 [干热风防护],2024-06-09 13:32,8945.89,宁晋县第3深加工基地,"114.926142,37.617321",磁选除杂->着水润麦->多级研磨->高方筛理->包装,2024-06-10 19:32,2024-06-10 22:54,WH-CN-828,钢板筒仓,2024-06-11 03:54,2024-07-08 03:54,准低温低氧控制,LOG-CN-18883890577,全封闭货车,"干燥, 禁止异味混载",2024-07-08 14:54,2024-07-11 23:05,成都市,武侯区,104.04,30.64,2024-07-14 23:05
CN-AG-202406-11651,小麦,河北省,大名县,115.10401,36.282794,2023-10-23,2023-10-23 [深耕整地] -> 2023-11-30 [秋播种子处理] -> 2024-01-07 [越冬水灌溉] -> 2024-02-14 [拔节期追肥] -> 2024-03-23 [条锈病防治] -> 2024-04-30 [干热风防护],2024-06-04 12:24,16892.48,大名县第3深加工基地,"115.150737,36.272581",磁选除杂->着水润麦->多级研磨->高方筛理->包装,2024-06-06 17:24,2024-06-06 20:32,WH-CN-488,钢板筒仓,2024-06-07 01:32,2024-07-20 01:32,准低温低氧控制,LOG-CN-61416546275,全封闭货车,"干燥, 禁止异味混载",2024-07-20 07:32,2024-07-25 11:53,广州市,白云区,113.27,23.15,2024-07-27 11:53
CN-AG-202405-11652,油菜籽,甘肃省,民乐县,100.787002,38.482388,2023-10-17,2023-10-17 [育苗移栽] -> 2023-12-08 [越冬防冻肥] -> 2024-01-29 [薹期水肥调节] -> 2024-03-21 [菌核病无人机防治],2024-05-17 11:24,14544.19,民乐县第3深加工基地,"100.815282,38.437391",多级筛选->炒籽->螺旋压榨->精制过滤,2024-05-20 14:24,2024-05-20 21:09,WH-CN-387,恒温罐区,2024-05-21 08:09,2024-06-05 08:09,避光控温控制,LOG-CN-57209764832,罐式车,"避光, 防氧化",2024-06-05 17:09,2024-06-08 07:05,成都市,武侯区,104.04,30.64,2024-06-11 07:05
CN-AG-202405-11653,油菜籽,湖南省,安乡县,112.114361,29.379737,2023-11-03,2023-11-03 [育苗移栽] -> 2023-12-25 [越冬防冻肥] -> 2024-02-15 [薹期水肥调节] -> 2024-04-07 [菌核病无人机防治],2024-05-26 14:01,38476.14,安乡县第5深加工基地,"112.17457,29.402037",多级筛选->炒籽->螺旋压榨->精制过滤,2024-05-28 16:01,2024-05-29 01:46,WH-CN-485,恒温罐区,2024-05-29 06:46,2024-06-13 06:46,避光控温控制,LOG-CN-90744791623,罐式车,"避光, 防氧化",2024-06-13 14:46,2024-06-15 10:17,南京市,南京浦口区,118.62,32.05,2024-06-16 10:17
CN-AG-202406-11654,小麦,安徽省,寿县,116.764553,32.53396,2023-11-04,2023-11-04 [深耕整地] -> 2023-12-12 [秋播种子处理] -> 2024-01-19 [越冬水灌溉] -> 2024-02-26 [拔节期追肥] -> 2024-04-04 [条锈病防治] -> 2024-05-12 [干热风防护],2024-06-23 09:41,27084.33,寿县第1深加工基地,"116.784509,32.570034",磁选除杂->着水润麦->多级研磨->高方筛理->包装,2024-06-25 14:41,2024-06-25 23:59,WH-CN-908,钢板筒仓,2024-06-26 11:59,2024-07-20 11:59,准低温低氧控制,LOG-CN-38284408209,全封闭货车,"干燥, 禁止异味混载",2024-07-20 17:59,2024-07-24 20:19,武汉市,东西湖区,114.13,30.62,2024-07-27 20:19
CN-AG-202405-11655,油菜籽,甘肃省,民乐县,100.798764,38.383588,2023-10-14,2023-10-14 [育苗移栽] -> 2023-12-05 [越冬防冻肥] -> 2024-01-26 [薹期水肥调节] -> 2024-03-18 [菌核病无人机防治],2024-05-14 13:02,13815.72,民乐县第3深加工基地,"100.810817,38.429701",多级筛选->炒籽->螺旋压榨->精制过滤,2024-05-15 15:02,2024-05-15 19:08,WH-CN-293,恒温罐区,2024-05-16 05:08,2024-06-11 05:08,避光控温控制,LOG-CN-78552866000,罐式车,"避光, 防氧化",2024-06-11 15:08,2024-06-16 23:41,北京市,朝阳区,116.48,39.92,2024-06-19 23:41
CN-AG-202410-11656,棉花,江苏省,射阳县,120.210601,33.788203,2024-04-24,2024-04-24 [覆膜播种] -> 2024-05-30 [人工打顶] -> 2024-07-05 [叶面喷施补硼] -> 2024-08-10 [枯萎病监测] -> 2024-09-15 [喷施脱叶剂],2024-10-23 14:11,31209.63,射阳县第4深加工基地,"120.253858,33.756157",皮棉清理->锯齿轧花->纤维分级->压力打包,2024-10-26 20:11,2024-10-27 01:32,WH-CN-689,专业纤维库,2024-10-27 06:32,2024-11-25 06:32,避光控温控制,LOG-CN-50069051648,高栏平板车,"严禁烟火, 防静电, 干燥",2024-11-25 17:32,2024-11-28 01:50,广州市,番禺区,113.38,22.93,2024-12-01 01:50
CN-AG-202409-11657,花生,辽宁省,黑山县,122.143943,41.696704,2024-05-29,2024-05-29 [清棵蹲苗] -> 2024-06-22 [培土迎葑] -> 2024-07-16 [钙镁肥补充] -> 2024-08-09 [下针期控旺] -> 2024-09-02 [地下虫害防治],2024-09-27 13:54,36114.78,黑山县第1深加工基地,"122.112768,41.68824",剥壳分选->烘炒->压榨提取->物理精炼,2024-09-29 18:54,2024-09-30 00:19,WH-CN-763,避光库房,2024-09-30 06:19,2024-11-11 06:19,避光控温控制,LOG-CN-74393693618,厢式货车,避光防潮,2024-11-11 13:19,2024-11-14 19:18,北京市,朝阳区,116.48,39.92,2024-11-17 19:18
CN-AG-202410-11658,玉米,内蒙古自治区,五原县,108.262961,41.119892,2024-06-28,2024-06-28 [免耕直播] -> 2024-07-20 [苗期中耕] -> 2024-08-11 [喇叭口期追肥] -> 2024-09-02 [大斑病防治] -> 2024-09-24 [人工授粉辅助],2024-10-15 17:42,19789.69,五原县第5深加工基地,"108.25676,41.102787",物理清理->脱粒烘干->破碎加工->筛理分级,2024-10-18 23:42,2024-10-19 03:46,WH-CN-720,现代化圆筒仓,2024-10-19 10:46,2024-11-18 10:46,避光控温控制,LOG-CN-17955320411,重型散粮卡车,"通风良好, 严控高温",2024-11-18 19:46,2024-11-22 18:00,上海市,闵行区,121.38,31.11,2024-11-23 18:00
CN-AG-202410-11659,玉米,吉林省,榆树市,126.560484,44.868824,2024-06-17,2024-06-17 [免耕直播] -> 2024-07-09 [苗期中耕] -> 2024-07-31 [喇叭口期追肥] -> 2024-08-22 [大斑病防治] -> 2024-09-13 [人工授粉辅助],2024-10-01 15:35,35588.49,榆树市第5深加工基地,"126.548996,44.811708",物理清理->脱粒烘干->破碎加工->筛理分级,2024-10-03 21:35,2024-10-04 02:30,WH-CN-408,现代化圆筒仓,2024-10-04 11:30,2024-11-11 11:30,避光控温控制,LOG-CN-51057470329,重型散粮卡车,"通风良好, 严控高温",2024-11-11 20:30,2024-11-13 02:24,南京市,玄武区,118.79,32.06,2024-11-15 02:24
CN-AG-202406-11660,大麦,吉林省,前郭县,124.845296,45.140763,2024-03-13,2024-03-13 [翻耕播种] -> 2024-04-07 [分蘖期施氮] -> 2024-05-02 [化学除草] -> 2024-05-27 [灌浆期监控],2024-06-21 11:20,17572.0,前郭县第4深加工基地,"124.817895,45.109892",杂质清理->脱壳处理->分级磨皮->包装,2024-06-23 17:20,2024-06-23 21:33,WH-CN-774,平房仓,2024-06-24 04:33,2024-08-03 04:33,避光控温控制,LOG-CN-89422289148,散装车,防霉通风,2024-08-03 18:33,2024-08-09 02:03,广州市,番禺区,113.38,22.93,2024-08-12 02:03
CN-AG-202405-11661,油菜籽,湖北省,钟祥市,112.569272,31.14212,2023-10-05,2023-10-05 [育苗移栽] -> 2023-11-26 [越冬防冻肥] -> 2024-01-17 [薹期水肥调节] -> 2024-03-09 [菌核病无人机防治],2024-05-02 10:26,35923.6,钟祥市第1深加工基地,"112.587925,31.177972",多级筛选->炒籽->螺旋压榨->精制过滤,2024-05-06 14:26,2024-05-06 22:22,WH-CN-955,恒温罐区,2024-05-07 09:22,2024-06-16 09:22,避光控温控制,LOG-CN-82542453987,罐式车,"避光, 防氧化",2024-06-16 20:22,2024-06-20 14:57,上海市,浦东新区,121.54,31.22,2024-06-21 14:57
CN-AG-202405-11662,油菜籽,湖南省,桃源县,111.523078,28.922286,2023-10-23,2023-10-23 [育苗移栽] -> 2023-12-14 [越冬防冻肥] -> 2024-02-04 [薹期水肥调节] -> 2024-03-27 [菌核病无人机防治],2024-05-24 08:31,27737.25,桃源县第1深加工基地,"111.4873,28.891775",多级筛选->炒籽->螺旋压榨->精制过滤,2024-05-25 10:31,2024-05-25 16:34,WH-CN-696,恒温罐区,2024-05-25 21:34,2024-06-08 21:34,避光控温控制,LOG-CN-82397079629,罐式车,"避光, 防氧化",2024-06-09 07:34,2024-06-11 15:58,成都市,龙泉驿区,104.27,30.55,2024-06-14 15:58
CN-AG-202407-11663,大麦,甘肃省,永昌县,101.9314,38.218474,2024-04-04,2024-04-04 [翻耕播种] -> 2024-04-29 [分蘖期施氮] -> 2024-05-24 [化学除草] -> 2024-06-18 [灌浆期监控],2024-07-12 12:11,28418.69,永昌县第3深加工基地,"101.968359,38.234787",杂质清理->脱壳处理->分级磨皮->包装,2024-07-16 15:11,2024-07-16 23:55,WH-CN-672,平房仓,2024-07-17 11:55,2024-08-30 11:55,避光控温控制,LOG-CN-72258029091,散装车,防霉通风,2024-08-30 19:55,2024-09-02 02:26,武汉市,东西湖区,114.13,30.62,2024-09-05 02:26
CN-AG-202410-11664,水稻,黑龙江省,五常市,127.128468,44.900143,2024-06-04,2024-06-04 [播种育秧] -> 2024-06-27 [田间底肥] -> 2024-07-20 [插秧作业] -> 2024-08-12 [分蘖期灌溉] -> 2024-09-04 [除草控虫] -> 2024-09-27 [晒田补肥],2024-10-18 16:56,31981.31,五常市第1深加工基地,"127.145924,44.9227",清理去石->砻谷脱壳->糙米碾白->抛光->色选->包装,2024-10-20 20:56,2024-10-21 01:30,WH-CN-663,平房仓(准低温),2024-10-21 07:30,2024-11-21 07:30,准低温低氧控制,LOG-CN-35636282742,散粮车,"防潮, 湿度<14%",2024-11-21 14:30,2024-11-26 15:11,上海市,浦东新区,121.54,31.22,2024-11-29 15:11
CN-AG-202406-11665,小麦,新疆维吾尔自治区,玛纳斯县,86.203022,44.308674,2023-10-29,2023-10-29 [深耕整地] -> 2023-12-06 [秋播种子处理] -> 2024-01-13 [越冬水灌溉] -> 2024-02-20 [拔节期追肥] -> 2024-03-29 [条锈病防治] -> 2024-05-06 [干热风防护],2024-06-19 17:03,27630.55,玛纳斯县第3深加工基地,"86.214929,44.296934",磁选除杂->着水润麦->多级研磨->高方筛理->包装,2024-06-23 22:03,2024-06-24 04:03,WH-CN-570,钢板筒仓,2024-06-24 08:03,2024-07-13 08:03,准低温低氧控制,LOG-CN-66105919353,全封闭货车,"干燥, 禁止异味混载",2024-07-13 17:03,2024-07-17 15:16,南京市,江宁区,118.83,31.95,2024-07-20 15:16
CN-AG-202406-11666,小麦,河南省,正阳县,114.410815,32.647221,2023-10-23,2023-10-23 [深耕整地] -> 2023-11-30 [秋播种子处理] -> 2024-01-07 [越冬水灌溉] -> 2024-02-14 [拔节期追肥] -> 2024-03-23 [条锈病防治] -> 2024-04-30 [干热风防护],2024-06-04 08:53,23470.54,正阳县第5深加工基地,"114.384889,32.59664",磁选除杂->着水润麦->多级研磨->高方筛理->包装,2024-06-06 13:53,2024-06-06 16:27,WH-CN-869,钢板筒仓,2024-06-06 20:27,2024-07-14 20:27,准低温低氧控制,LOG-CN-68983538089,全封闭货车,"干燥, 禁止异味混载",2024-07-15 09:27,2024-07-19 04:16,北京市,朝阳区,116.48,39.92,2024-07-20 04:16
CN-AG-202409-11667,水稻,江苏省,兴化市,119.805638,32.888238,2024-04-20,2024-04-20 [播种育秧] -> 2024-05-13 [田间底肥] -> 2024-06-05 [插秧作业] -> 2024-06-28 [分蘖期灌溉] -> 2024-07-21 [除草控虫] -> 2024-08-13 [晒田补肥],2024-09-02 15:51,23928.87,兴化市第4深加工基地,"119.856154,32.926913",清理去石->砻谷脱壳->糙米碾白->抛光->色选->包装,2024-09-04 19:51,2024-09-05 02:39,WH-CN-800,平房仓(准低温),2024-09-05 10:39,2024-10-23 10:39,准低温低氧控制,LOG-CN-92360303203,散粮车,"防潮, 湿度<14%",2024-10-23 22:39,2024-10-27 13:25,广州市,番禺区,113.38,22.93,2024-10-29 13:25
CN-AG-202406-11668,小麦,河北省,大名县,115.09759,36.249562,2023-11-12,2023-11-12 [深耕整地] -> 2023-12-20 [秋播种子处理] -> 2024-01-27 [越冬水灌溉] -> 2024-03-05 [拔节期追肥] -> 2024-04-12 [条锈病防治] -> 2024-05-20 [干热风防护],2024-06-28 15:51,14666.18,大名县第5深加工基地,"115.157175,36.272634",磁选除杂->着水润麦->多级研磨->高方筛理->包装,2024-07-01 19:51,2024-07-02 01:43,WH-CN-622,钢板筒仓,2024-07-02 10:43,2024-08-09 10:43,准低温低氧控制,LOG-CN-79407357365,全封闭货车,"干燥, 禁止异味混载",2024-08-09 23:43,2024-08-13 02:06,广州市,白云区,113.27,23.15,2024-08-16 02:06
CN-AG-202409-11669,大豆,辽宁省,昌图县,124.080384,42.796054,2024-05-14,2024-05-14 [拌种包衣] -> 2024-06-08 [等距点播] -> 2024-07-03 [结荚期根外追肥] -> 2024-07-28 [食心虫绿色防控] -> 2024-08-22 [除草中耕],2024-09-16 15:36,18902.07,昌图县第2深加工基地,"124.110552,42.781106",磁选->破碎压胚->高温压榨->物理过滤->精炼,2024-09-17 17:36,2024-09-17 21:45,WH-CN-159,不锈钢储油罐区,2024-09-18 05:45,2024-10-19 05:45,准低温低氧控制,LOG-CN-28110617147,罐式车,"避光, 控温25℃下",2024-10-19 11:45,2024-10-21 11:12,广州市,天河区,113.33,23.13,2024-10-22 11:12
CN-AG-202410-11670,玉米,河北省,藁城区,114.807983,38.048652,2024-06-20,2024-06-20 [免耕直播] -> 2024-07-12 [苗期中耕] -> 2024-08-03 [喇叭口期追肥] -> 2024-08-25 [大斑病防治] -> 2024-09-16 [人工授粉辅助],2024-10-06 13:28,20143.82,藁城区第3深加工基地,"114.836187,38.037288",物理清理->脱粒烘干->破碎加工->筛理分级,2024-10-08 15:28,2024-10-08 23:11,WH-CN-250,现代化圆筒仓,2024-10-09 03:11,2024-11-17 03:11,避光控温控制,LOG-CN-29959984861,重型散粮卡车,"通风良好, 严控高温",2024-11-17 15:11,2024-11-19 20:32,成都市,武侯区,104.04,30.64,2024-11-20 20:32
CN-AG-202411-11671,棉花,甘肃省,瓜州县,95.711935,40.533296,2024-06-01,2024-06-01 [覆膜播种] -> 2024-07-07 [人工打顶] -> 2024-08-12 [叶面喷施补硼] -> 2024-09-17 [枯萎病监测] -> 2024-10-23 [喷施脱叶剂],2024-11-24 15:23,30204.27,瓜州县第3深加工基地,"95.767034,40.507453",皮棉清理->锯齿轧花->纤维分级->压力打包,2024-11-26 19:23,2024-11-27 03:55,WH-CN-960,专业纤维库,2024-11-27 15:55,2024-12-19 15:55,避光控温控制,LOG-CN-62441299290,高栏平板车,"严禁烟火, 防静电, 干燥",2024-12-20 06:55,2024-12-24 09:56,西安市,长安区,108.87,34.15,2024-12-25 09:56
CN-AG-202408-11672,花生,河北省,大名县,115.098728,36.285218,2024-04-09,2024-04-09 [清棵蹲苗] -> 2024-05-03 [培土迎葑] -> 2024-05-27 [钙镁肥补充] -> 2024-06-20 [下针期控旺] -> 2024-07-14 [地下虫害防治],2024-08-05 15:27,13080.72,大名县第2深加工基地,"115.144356,36.285803",剥壳分选->烘炒->压榨提取->物理精炼,2024-08-07 19:27,2024-08-07 23:03,WH-CN-905,避光库房,2024-08-08 05:03,2024-09-21 05:03,避光控温控制,LOG-CN-43559550930,厢式货车,避光防潮,2024-09-21 17:03,2024-09-23 13:52,武汉市,东西湖区,114.13,30.62,2024-09-26 13:52
CN-AG-202406-11673,小麦,安徽省,蒙城县,116.596385,33.281245,2023-10-29,2023-10-29 [深耕整地] -> 2023-12-06 [秋播种子处理] -> 2024-01-13 [越冬水灌溉] -> 2024-02-20 [拔节期追肥] -> 2024-03-29 [条锈病防治] -> 2024-05-06 [干热风防护],2024-06-11 17:13,9990.12,蒙城县第2深加工基地,"116.564818,33.261238",磁选除杂->着水润麦->多级研磨->高方筛理->包装,2024-06-12 20:13,2024-06-13 05:37,WH-CN-357,钢板筒仓,2024-06-13 12:37,2024-07-23 12:37,准低温低氧控制,LOG-CN-35915958691,全封闭货车,"干燥, 禁止异味混载",2024-07-24 02:37,2024-07-28 19:14,北京市,朝阳区,116.48,39.92,2024-07-30 19:14
CN-AG-202410-11674,水稻,江苏省,东海县,118.752664,34.559423,2024-05-22,2024-05-22 [播种育秧] -> 2024-06-14 [田间底肥] -> 2024-07-07 [插秧作业] -> 2024-07-30 [分蘖期灌溉] -> 2024-08-22 [除草控虫] -> 2024-09-14 [晒田补肥],2024-10-07 11:14,9475.89,东海县第4深加工基地,"118.765894,34.546177",清理去石->砻谷脱壳->糙米碾白->抛光->色选->包装,2024-10-08 17:14,2024-10-09 02:39,WH-CN-660,平房仓(准低温),2024-10-09 14:39,2024-11-01 14:39,准低温低氧控制,LOG-CN-44414032396,散粮车,"防潮, 湿度<14%",2024-11-02 02:39,2024-11-06 12:28,成都市,龙泉驿区,104.27,30.55,2024-11-07 12:28
CN-AG-202411-11675,棉花,江苏省,射阳县,120.279448,33.758546,2024-05-03,2024-05-03 [覆膜播种] -> 2024-06-08 [人工打顶] -> 2024-07-14 [叶面喷施补硼] -> 2024-08-19 [枯萎病监测] -> 2024-09-24 [喷施脱叶剂],2024-11-04 17:33,15352.73,射阳县第3深加工基地,"120.246055,33.747579",皮棉清理->锯齿轧花->纤维分级->压力打包,2024-11-07 19:33,2024-11-08 02:07,WH-CN-414,专业纤维库,2024-11-08 12:07,2024-12-24 12:07,避光控温控制,LOG-CN-23503718438,高栏平板车,"严禁烟火, 防静电, 干燥",2024-12-24 18:07,2024-12-29 05:47,南京市,南京浦口区,118.62,32.05,2024-12-31 05:47
CN-AG-202406-11676,小麦,山东省,汶上县,116.518156,35.725122,2023-11-01,2023-11-01 [深耕整地] -> 2023-12-09 [秋播种子处理] -> 2024-01-16 [越冬水灌溉] -> 2024-02-23 [拔节期追肥] -> 2024-04-01 [条锈病防治] -> 2024-05-09 [干热风防护],2024-06-15 17:42,20003.68,汶上县第5深加工基地,"116.480902,35.738598",磁选除杂->着水润麦->多级研磨->高方筛理->包装,2024-06-19 21:42,2024-06-20 00:27,WH-CN-471,钢板筒仓,2024-06-20 09:27,2024-07-13 09:27,准低温低氧控制,LOG-CN-38418683369,全封闭货车,"干燥, 禁止异味混载",2024-07-13 22:27,2024-07-16 00:08,广州市,番禺区,113.38,22.93,2024-07-19 00:08
CN-AG-202405-11677,油菜籽,甘肃省,民乐县,100.858393,38.449376,2023-10-26,2023-10-26 [育苗移栽] -> 2023-12-17 [越冬防冻肥] -> 2024-02-07 [薹期水肥调节] -> 2024-03-30 [菌核病无人机防治],2024-05-21 17:02,5800.0,民乐县第2深加工基地,"100.804642,38.421971",多级筛选->炒籽->螺旋压榨->精制过滤,2024-05-25 23:02,2024-05-26 06:42,WH-CN-196,恒温罐区,2024-05-26 17:42,2024-07-08 17:42,避光控温控制,LOG-CN-81270098490,罐式车,"避光, 防氧化",2024-07-09 02:42,2024-07-10 13:26,深圳市,宝安区,113.88,22.55,2024-07-12 13:26
CN-AG-202406-11678,小麦,山东省,汶上县,116.518849,35.755068,2023-11-13,2023-11-13 [深耕整地] -> 2023-12-21 [秋播种子处理] -> 2024-01-28 [越冬水灌溉] -> 2024-03-06 [拔节期追肥] -> 2024-04-13 [条锈病防治] -> 2024-05-21 [干热风防护],2024-06-26 13:49,31859.46,汶上县第4深加工基地,"116.478302,35.737141",磁选除杂->着水润麦->多级研磨->高方筛理->包装,2024-06-27 16:49,2024-06-27 22:08,WH-CN-761,钢板筒仓,2024-06-28 02:08,2024-08-02 02:08,准低温低氧控制,LOG-CN-42030760777,全封闭货车,"干燥, 禁止异味混载",2024-08-02 16:08,2024-08-05 19:48,南京市,江宁区,118.83,31.95,2024-08-08 19:48
CN-AG-202406-11679,小麦,河南省,正阳县,114.372534,32.550721,2023-10-31,2023-10-31 [深耕整地] -> 2023-12-08 [秋播种子处理] -> 2024-01-15 [越冬水灌溉] -> 2024-02-22 [拔节期追肥] -> 2024-03-31 [条锈病防治] -> 2024-05-08 [干热风防护],2024-06-16 09:55,5033.94,正阳县第5深加工基地,"114.375824,32.594615",磁选除杂->着水润麦->多级研磨->高方筛理->包装,2024-06-20 12:55,2024-06-20 16:37,WH-CN-442,钢板筒仓,2024-06-21 04:37,2024-08-07 04:37,准低温低氧控制,LOG-CN-49450127156,全封闭货车,"干燥, 禁止异味混载",2024-08-07 19:37,2024-08-09 07:33,武汉市,东西湖区,114.13,30.62,2024-08-12 07:33
CN-AG-202411-11680,棉花,新疆维吾尔自治区,沙雅县,82.729063,41.252672,2024-05-10,2024-05-10 [覆膜播种] -> 2024-06-15 [人工打顶] -> 2024-07-21 [叶面喷施补硼] -> 2024-08-26 [枯萎病监测] -> 2024-10-01 [喷施脱叶剂],2024-11-06 10:06,12974.82,沙雅县第5深加工基地,"82.778553,41.226552",皮棉清理->锯齿轧花->纤维分级->压力打包,2024-11-09 16:06,2024-11-10 01:04,WH-CN-363,专业纤维库,2024-11-10 11:04,2024-12-05 11:04,避光控温控制,LOG-CN-55591450318,高栏平板车,"严禁烟火, 防静电, 干燥",2024-12-05 20:04,2024-12-09 21:47,西安市,未央区,108.94,34.29,2024-12-11 21:47
CN-AG-202405-11681,油菜籽,湖南省,桃源县,111.430758,28.911528,2023-10-10,2023-10-10 [育苗移栽] -> 2023-12-01 [越冬防冻肥] -> 2024-01-22 [薹期水肥调节] -> 2024-03-14 [菌核病无人机防治],2024-05-07 16:36,22171.01,桃源县第1深加工基地,"111.471794,28.896747",多级筛选->炒籽->螺旋压榨->精制过滤,2024-05-10 20:36,2024-05-11 02:38,WH-CN-154,恒温罐区,2024-05-11 11:38,2024-06-17 11:38,避光控温控制,LOG-CN-22249987353,罐式车,"避光, 防氧化",2024-06-17 18:38,2024-06-21 06:41,武汉市,洪山区,114.34,30.5,2024-06-24 06:41
CN-AG-202410-11682,玉米,黑龙江省,富锦市,132.066871,47.305385,2024-06-18,2024-06-18 [免耕直播] -> 2024-07-10 [苗期中耕] -> 2024-08-01 [喇叭口期追肥] -> 2024-08-23 [大斑病防治] -> 2024-09-14 [人工授粉辅助],2024-10-07 14:42,14977.84,富锦市第5深加工基地,"132.024472,47.249193",物理清理->脱粒烘干->破碎加工->筛理分级,2024-10-09 17:42,2024-10-09 23:11,WH-CN-562,现代化圆筒仓,2024-10-10 09:11,2024-11-18 09:11,避光控温控制,LOG-CN-88460040439,重型散粮卡车,"通风良好, 严控高温",2024-11-18 17:11,2024-11-20 14:57,深圳市,宝安区,113.88,22.55,2024-11-21 14:57
CN-AG-202406-11683,小麦,内蒙古自治区,五原县,108.241352,41.152015,2023-11-09,2023-11-09 [深耕整地] -> 2023-12-17 [秋播种子处理] -> 2024-01-24 [越冬水灌溉] -> 2024-03-02 [拔节期追肥] -> 2024-04-09 [条锈病防治] -> 2024-05-17 [干热风防护],2024-06-22 14:00,39165.69,五原县第2深加工基地,"108.261263,41.09322",磁选除杂->着水润麦->多级研磨->高方筛理->包装,2024-06-23 16:00,2024-06-23 23:38,WH-CN-523,钢板筒仓,2024-06-24 03:38,2024-07-23 03:38,准低温低氧控制,LOG-CN-49984177510,全封闭货车,"干燥, 禁止异味混载",2024-07-23 09:38,2024-07-28 09:06,南京市,江宁区,118.83,31.95,2024-07-29 09:06
CN-AG-202410-11684,水稻,江苏省,东海县,118.71046,34.593253,2024-05-30,2024-05-30 [播种育秧] -> 2024-06-22 [田间底肥] -> 2024-07-15 [插秧作业] -> 2024-08-07 [分蘖期灌溉] -> 2024-08-30 [除草控虫] -> 2024-09-22 [晒田补肥],2024-10-17 13:39,15242.25,东海县第3深加工基地,"118.778769,34.534762",清理去石->砻谷脱壳->糙米碾白->抛光->色选->包装,2024-10-20 15:39,2024-10-20 22:16,WH-CN-753,平房仓(准低温),2024-10-21 08:16,2024-11-03 08:16,准低温低氧控制,LOG-CN-87092889376,散粮车,"防潮, 湿度<14%",2024-11-03 17:16,2024-11-07 08:22,北京市,丰台区,116.28,39.85,2024-11-09 08:22
CN-AG-202410-11685,玉米,辽宁省,昌图县,124.063589,42.74053,2024-06-26,2024-06-26 [免耕直播] -> 2024-07-18 [苗期中耕] -> 2024-08-09 [喇叭口期追肥] -> 2024-08-31 [大斑病防治] -> 2024-09-22 [人工授粉辅助],2024-10-12 15:52,35876.41,昌图县第3深加工基地,"124.117237,42.781404",物理清理->脱粒烘干->破碎加工->筛理分级,2024-10-15 20:52,2024-10-16 03:04,WH-CN-233,现代化圆筒仓,2024-10-16 11:04,2024-11-11 11:04,避光控温控制,LOG-CN-12459298359,重型散粮卡车,"通风良好, 严控高温",2024-11-11 20:04,2024-11-15 17:32,西安市,雁塔区,108.94,34.21,2024-11-18 17:32
CN-AG-202410-11686,玉米,广西壮族自治区,宾阳县,108.869348,23.207253,2024-06-30,2024-06-30 [免耕直播] -> 2024-07-22 [苗期中耕] -> 2024-08-13 [喇叭口期追肥] -> 2024-09-04 [大斑病防治] -> 2024-09-26 [人工授粉辅助],2024-10-14 13:58,22585.99,宾阳县第4深加工基地,"108.801481,23.213583",物理清理->脱粒烘干->破碎加工->筛理分级,2024-10-16 18:58,2024-10-17 02:05,WH-CN-380,现代化圆筒仓,2024-10-17 10:05,2024-11-24 10:05,避光控温控制,LOG-CN-58378610317,重型散粮卡车,"通风良好, 严控高温",2024-11-25 01:05,2024-11-28 21:04,西安市,雁塔区,108.94,34.21,2024-12-01 21:04
CN-AG-202406-11687,小麦,黑龙江省,嫩江市,125.208947,49.22914,2023-11-08,2023-11-08 [深耕整地] -> 2023-12-16 [秋播种子处理] -> 2024-01-23 [越冬水灌溉] -> 2024-03-01 [拔节期追肥] -> 2024-04-08 [条锈病防治] -> 2024-05-16 [干热风防护],2024-06-20 11:32,27572.35,嫩江市第4深加工基地,"125.221158,49.165748",磁选除杂->着水润麦->多级研磨->高方筛理->包装,2024-06-24 14:32,2024-06-24 23:24,WH-CN-387,钢板筒仓,2024-06-25 08:24,2024-07-08 08:24,准低温低氧控制,LOG-CN-34222671003,全封闭货车,"干燥, 禁止异味混载",2024-07-08 14:24,2024-07-12 08:19,广州市,天河区,113.33,23.13,2024-07-15 08:19
CN-AG-202405-11688,油菜籽,甘肃省,民乐县,100.760375,38.406517,2023-10-29,2023-10-29 [育苗移栽] -> 2023-12-20 [越冬防冻肥] -> 2024-02-10 [薹期水肥调节] -> 2024-04-02 [菌核病无人机防治],2024-05-25 11:22,22654.14,民乐县第1深加工基地,"100.808992,38.420029",多级筛选->炒籽->螺旋压榨->精制过滤,2024-05-29 17:22,2024-05-29 22:40,WH-CN-105,恒温罐区,2024-05-30 04:40,2024-06-16 04:40,避光控温控制,LOG-CN-85252607339,罐式车,"避光, 防氧化",2024-06-16 15:40,2024-06-19 16:42,广州市,天河区,113.33,23.13,2024-06-20 16:42
CN-AG-202409-11689,大豆,黑龙江省,嫩江市,125.228678,49.210424,2024-05-22,2024-05-22 [拌种包衣] -> 2024-06-16 [等距点播] -> 2024-07-11 [结荚期根外追肥] -> 2024-08-05 [食心虫绿色防控] -> 2024-08-30 [除草中耕],2024-09-28 12:26,14667.16,嫩江市第4深加工基地,"125.215737,49.179984",磁选->破碎压胚->高温压榨->物理过滤->精炼,2024-10-01 17:26,2024-10-01 23:34,WH-CN-852,不锈钢储油罐区,2024-10-02 03:34,2024-10-31 03:34,准低温低氧控制,LOG-CN-91235037733,罐式车,"避光, 控温25℃下",2024-10-31 16:34,2024-11-03 19:50,北京市,朝阳区,116.48,39.92,2024-11-05 19:50
CN-AG-202410-11690,水稻,辽宁省,盘山县,121.99917,41.213655,2024-05-20,2024-05-20 [播种育秧] -> 2024-06-12 [田间底肥] -> 2024-07-05 [插秧作业] -> 2024-07-28 [分蘖期灌溉] -> 2024-08-20 [除草控虫] -> 2024-09-12 [晒田补肥],2024-10-03 10:11,29855.62,盘山县第1深加工基地,"122.035704,41.233281",清理去石->砻谷脱壳->糙米碾白->抛光->色选->包装,2024-10-06 12:11,2024-10-06 21:07,WH-CN-753,平房仓(准低温),2024-10-07 04:07,2024-11-22 04:07,准低温低氧控制,LOG-CN-17038723443,散粮车,"防潮, 湿度<14%",2024-11-22 15:07,2024-11-25 11:42,南京市,南京浦口区,118.62,32.05,2024-11-27 11:42
CN-AG-202406-11691,小麦,黑龙江省,嫩江市,125.268691,49.205141,2023-10-27,2023-10-27 [深耕整地] -> 2023-12-04 [秋播种子处理] -> 2024-01-11 [越冬水灌溉] -> 2024-02-18 [拔节期追肥] -> 2024-03-27 [条锈病防治] -> 2024-05-04 [干热风防护],2024-06-11 16:38,23046.87,嫩江市第3深加工基地,"125.214646,49.179502",磁选除杂->着水润麦->多级研磨->高方筛理->包装,2024-06-13 19:38,2024-06-14 01:18,WH-CN-867,钢板筒仓,2024-06-14 07:18,2024-07-28 07:18,准低温低氧控制,LOG-CN-13704868300,全封闭货车,"干燥, 禁止异味混载",2024-07-28 19:18,2024-07-29 19:24,南京市,南京浦口区,118.62,32.05,2024-07-30 19:24
CN-AG-202406-11692,小麦,新疆维吾尔自治区,玛纳斯县,86.189391,44.345756,2023-10-25,2023-10-25 [深耕整地] -> 2023-12-02 [秋播种子处理] -> 2024-01-09 [越冬水灌溉] -> 2024-02-16 [拔节期追肥] -> 2024-03-25 [条锈病防治] -> 2024-05-02 [干热风防护],2024-06-07 16:00,24562.78,玛纳斯县第4深加工基地,"86.2174,44.292257",磁选除杂->着水润麦->多级研磨->高方筛理->包装,2024-06-08 18:00,2024-06-08 22:04,WH-CN-865,钢板筒仓,2024-06-09 06:04,2024-07-11 06:04,准低温低氧控制,LOG-CN-99826367478,全封闭货车,"干燥, 禁止异味混载",2024-07-11 20:04,2024-07-13 08:02,西安市,雁塔区,108.94,34.21,2024-07-15 08:02
CN-AG-202406-11693,大麦,吉林省,前郭县,124.769768,45.126333,2024-02-28,2024-02-28 [翻耕播种] -> 2024-03-24 [分蘖期施氮] -> 2024-04-18 [化学除草] -> 2024-05-13 [灌浆期监控],2024-06-07 14:40,19412.45,前郭县第4深加工基地,"124.805745,45.108597",杂质清理->脱壳处理->分级磨皮->包装,2024-06-08 18:40,2024-06-09 00:02,WH-CN-183,平房仓,2024-06-09 05:02,2024-07-25 05:02,避光控温控制,LOG-CN-67989215319,散装车,防霉通风,2024-07-25 20:02,2024-07-28 00:55,上海市,宝山区,121.48,31.4,2024-07-31 00:55
CN-AG-202409-11694,玉米,广西壮族自治区,宾阳县,108.80441,23.238415,2024-06-03,2024-06-03 [免耕直播] -> 2024-06-25 [苗期中耕] -> 2024-07-17 [喇叭口期追肥] -> 2024-08-08 [大斑病防治] -> 2024-08-30 [人工授粉辅助],2024-09-16 08:34,19789.76,宾阳县第2深加工基地,"108.801095,23.219786",物理清理->脱粒烘干->破碎加工->筛理分级,2024-09-19 14:34,2024-09-19 18:19,WH-CN-705,现代化圆筒仓,2024-09-20 01:19,2024-10-10 01:19,避光控温控制,LOG-CN-36714710524,重型散粮卡车,"通风良好, 严控高温",2024-10-10 14:19,2024-10-15 07:25,武汉市,洪山区,114.34,30.5,2024-10-18 07:25
CN-AG-202408-11695,花生,辽宁省,黑山县,122.117828,41.672602,2024-04-14,2024-04-14 [清棵蹲苗] -> 2024-05-08 [培土迎葑] -> 2024-06-01 [钙镁肥补充] -> 2024-06-25 [下针期控旺] -> 2024-07-19 [地下虫害防治],2024-08-09 17:22,22360.93,黑山县第5深加工基地,"122.116319,41.690063",剥壳分选->烘炒->压榨提取->物理精炼,2024-08-11 19:22,2024-08-12 02:40,WH-CN-669,避光库房,2024-08-12 10:40,2024-08-24 10:40,避光控温控制,LOG-CN-63037505588,厢式货车,避光防潮,2024-08-24 23:40,2024-08-29 13:44,北京市,朝阳区,116.48,39.92,2024-08-31 13:44
CN-AG-202411-11696,棉花,新疆维吾尔自治区,沙雅县,82.82497,41.247509,2024-05-21,2024-05-21 [覆膜播种] -> 2024-06-26 [人工打顶] -> 2024-08-01 [叶面喷施补硼] -> 2024-09-06 [枯萎病监测] -> 2024-10-12 [喷施脱叶剂],2024-11-18 08:24,39813.71,沙雅县第5深加工基地,"82.786102,41.228774",皮棉清理->锯齿轧花->纤维分级->压力打包,2024-11-19 10:24,2024-11-19 18:47,WH-CN-950,专业纤维库,2024-11-20 00:47,2024-12-26 00:47,避光控温控制,LOG-CN-66149963060,高栏平板车,"严禁烟火, 防静电, 干燥",2024-12-26 06:47,2024-12-30 18:01,广州市,番禺区,113.38,22.93,2024-12-31 18:01
CN-AG-202408-11697,花生,河南省,唐河县,112.836065,32.72207,2024-04-05,2024-04-05 [清棵蹲苗] -> 2024-04-29 [培土迎葑] -> 2024-05-23 [钙镁肥补充] -> 2024-06-16 [下针期控旺] -> 2024-07-10 [地下虫害防治],2024-08-06 09:07,32296.97,唐河县第5深加工基地,"112.82607,32.686518",剥壳分选->烘炒->压榨提取->物理精炼,2024-08-10 11:07,2024-08-10 20:42,WH-CN-964,避光库房,2024-08-11 01:42,2024-09-24 01:42,避光控温控制,LOG-CN-36721791888,厢式货车,避光防潮,2024-09-24 09:42,2024-09-28 23:27,上海市,浦东新区,121.54,31.22,2024-10-01 23:27
CN-AG-202410-11698,玉米,吉林省,榆树市,126.52803,44.807817,2024-06-21,2024-06-21 [免耕直播] -> 2024-07-13 [苗期中耕] -> 2024-08-04 [喇叭口期追肥] -> 2024-08-26 [大斑病防治] -> 2024-09-17 [人工授粉辅助],2024-10-12 17:55,33559.79,榆树市第3深加工基地,"126.545712,44.819348",物理清理->脱粒烘干->破碎加工->筛理分级,2024-10-16 23:55,2024-10-17 08:33,WH-CN-714,现代化圆筒仓,2024-10-17 14:33,2024-10-30 14:33,避光控温控制,LOG-CN-84863319247,重型散粮卡车,"通风良好, 严控高温",2024-10-30 23:33,2024-11-01 14:23,南京市,玄武区,118.79,32.06,2024-11-03 14:23
CN-AG-202409-11699,水稻,广西壮族自治区,宾阳县,108.787541,23.265393,2024-05-06,2024-05-06 [播种育秧] -> 2024-05-29 [田间底肥] -> 2024-06-21 [插秧作业] -> 2024-07-14 [分蘖期灌溉] -> 2024-08-06 [除草控虫] -> 2024-08-29 [晒田补肥],2024-09-19 14:40,31408.7,宾阳县第2深加工基地,"108.810536,23.201961",清理去石->砻谷脱壳->糙米碾白->抛光->色选->包装,2024-09-23 20:40,2024-09-23 23:34,WH-CN-911,平房仓(准低温),2024-09-24 07:34,2024-10-26 07:34,准低温低氧控制,LOG-CN-11813303127,散粮车,"防潮, 湿度<14%",2024-10-26 15:34,2024-10-28 02:38,北京市,海淀区,116.3,39.96,2024-10-29 02:38
CN-AG-202410-11700,水稻,湖北省,监利市,112.853265,29.776852,2024-06-12,2024-06-12 [播种育秧] -> 2024-07-05 [田间底肥] -> 2024-07-28 [插秧作业] -> 2024-08-20 [分蘖期灌溉] -> 2024-09-12 [除草控虫] -> 2024-10-05 [晒田补肥],2024-10-26 12:49,13982.9,监利市第5深加工基地,"112.899287,29.824388",清理去石->砻谷脱壳->糙米碾白->抛光->色选->包装,2024-10-27 16:49,2024-10-27 21:29,WH-CN-960,平房仓(准低温),2024-10-28 07:29,2024-11-09 07:29,准低温低氧控制,LOG-CN-45373719082,散粮车,"防潮, 湿度<14%",2024-11-09 22:29,2024-11-13 14:27,上海市,宝山区,121.48,31.4,2024-11-14 14:27
CN-AG-202406-11701,小麦,江苏省,兴化市,119.885963,32.92199,2023-10-23,2023-10-23 [深耕整地] -> 2023-11-30 [秋播种子处理] -> 2024-01-07 [越冬水灌溉] -> 2024-02-14 [拔节期追肥] -> 2024-03-23 [条锈病防治] -> 2024-04-30 [干热风防护],2024-06-09 17:56,16916.81,兴化市第4深加工基地,"119.848526,32.934789",磁选除杂->着水润麦->多级研磨->高方筛理->包装,2024-06-10 22:56,2024-06-11 01:31,WH-CN-708,钢板筒仓,2024-06-11 10:31,2024-07-23 10:31,准低温低氧控制,LOG-CN-42459223321,全封闭货车,"干燥, 禁止异味混载",2024-07-23 18:31,2024-07-28 11:00,北京市,海淀区,116.3,39.96,2024-07-30 11:00
CN-AG-202409-11702,水稻,广西壮族自治区,桂平市,110.057976,23.370045,2024-04-25,2024-04-25 [播种育秧] -> 2024-05-18 [田间底肥] -> 2024-06-10 [插秧作业] -> 2024-07-03 [分蘖期灌溉] -> 2024-07-26 [除草控虫] -> 2024-08-18 [晒田补肥],2024-09-16 12:09,20507.19,桂平市第4深加工基地,"110.071041,23.39548",清理去石->砻谷脱壳->糙米碾白->抛光->色选->包装,2024-09-19 14:09,2024-09-19 19:15,WH-CN-283,平房仓(准低温),2024-09-20 01:15,2024-11-08 01:15,准低温低氧控制,LOG-CN-99168227107,散粮车,"防潮, 湿度<14%",2024-11-08 16:15,2024-11-11 13:44,北京市,海淀区,116.3,39.96,2024-11-14 13:44
CN-AG-202410-11703,水稻,湖北省,枣阳市,112.785465,32.071539,2024-05-30,2024-05-30 [播种育秧] -> 2024-06-22 [田间底肥] -> 2024-07-15 [插秧作业] -> 2024-08-07 [分蘖期灌溉] -> 2024-08-30 [除草控虫] -> 2024-09-22 [晒田补肥],2024-10-13 14:38,9321.2,枣阳市第3深加工基地,"112.742618,32.129543",清理去石->砻谷脱壳->糙米碾白->抛光->色选->包装,2024-10-16 17:38,2024-10-16 20:30,WH-CN-788,平房仓(准低温),2024-10-17 01:30,2024-11-21 01:30,准低温低氧控制,LOG-CN-64598482415,散粮车,"防潮, 湿度<14%",2024-11-21 09:30,2024-11-25 05:10,成都市,龙泉驿区,104.27,30.55,2024-11-27 05:10
CN-AG-202405-11704,油菜籽,湖北省,监利市,112.9519,29.798268,2023-10-04,2023-10-04 [育苗移栽] -> 2023-11-25 [越冬防冻肥] -> 2024-01-16 [薹期水肥调节] -> 2024-03-08 [菌核病无人机防治],2024-05-05 14:08,31879.78,监利市第3深加工基地,"112.904196,29.83719",多级筛选->炒籽->螺旋压榨->精制过滤,2024-05-09 19:08,2024-05-09 22:21,WH-CN-711,恒温罐区,2024-05-10 03:21,2024-06-13 03:21,避光控温控制,LOG-CN-29422243222,罐式车,"避光, 防氧化",2024-06-13 17:21,2024-06-16 20:48,南京市,玄武区,118.79,32.06,2024-06-17 20:48
CN-AG-202411-11705,棉花,甘肃省,瓜州县,95.772439,40.507867,2024-05-19,2024-05-19 [覆膜播种] -> 2024-06-24 [人工打顶] -> 2024-07-30 [叶面喷施补硼] -> 2024-09-04 [枯萎病监测] -> 2024-10-10 [喷施脱叶剂],2024-11-16 08:07,33765.09,瓜州县第4深加工基地,"95.779315,40.519505",皮棉清理->锯齿轧花->纤维分级->压力打包,2024-11-19 13:07,2024-11-19 16:57,WH-CN-235,专业纤维库,2024-11-20 03:57,2024-12-31 03:57,避光控温控制,LOG-CN-19475907910,高栏平板车,"严禁烟火, 防静电, 干燥",2024-12-31 11:57,2025-01-01 20:54,成都市,武侯区,104.04,30.64,2025-01-03 20:54
CN-AG-202410-11706,棉花,新疆维吾尔自治区,沙雅县,82.817333,41.185832,2024-04-12,2024-04-12 [覆膜播种] -> 2024-05-18 [人工打顶] -> 2024-06-23 [叶面喷施补硼] -> 2024-07-29 [枯萎病监测] -> 2024-09-03 [喷施脱叶剂],2024-10-09 10:12,34319.0,沙雅县第3深加工基地,"82.774271,41.213945",皮棉清理->锯齿轧花->纤维分级->压力打包,2024-10-11 14:12,2024-10-11 23:45,WH-CN-714,专业纤维库,2024-10-12 09:45,2024-10-24 09:45,避光控温控制,LOG-CN-70398058565,高栏平板车,"严禁烟火, 防静电, 干燥",2024-10-24 20:45,2024-10-29 20:38,北京市,丰台区,116.28,39.85,2024-11-01 20:38
CN-AG-202406-11707,小麦,新疆维吾尔自治区,奇台县,89.5786,44.041131,2023-11-14,2023-11-14 [深耕整地] -> 2023-12-22 [秋播种子处理] -> 2024-01-29 [越冬水灌溉] -> 2024-03-07 [拔节期追肥] -> 2024-04-14 [条锈病防治] -> 2024-05-22 [干热风防护],2024-06-28 08:21,14526.83,奇台县第4深加工基地,"89.58178,44.028631",磁选除杂->着水润麦->多级研磨->高方筛理->包装,2024-06-29 12:21,2024-06-29 21:05,WH-CN-117,钢板筒仓,2024-06-30 04:05,2024-07-31 04:05,准低温低氧控制,LOG-CN-93019085585,全封闭货车,"干燥, 禁止异味混载",2024-07-31 13:05,2024-08-05 09:12,深圳市,福田区,114.05,22.54,2024-08-08 09:12
CN-AG-202405-11708,油菜籽,四川省,中江县,104.720223,31.031383,2023-10-28,2023-10-28 [育苗移栽] -> 2023-12-19 [越冬防冻肥] -> 2024-02-09 [薹期水肥调节] -> 2024-04-01 [菌核病无人机防治],2024-05-22 10:15,36807.07,中江县第1深加工基地,"104.663131,31.038082",多级筛选->炒籽->螺旋压榨->精制过滤,2024-05-24 12:15,2024-05-24 14:48,WH-CN-387,恒温罐区,2024-05-24 19:48,2024-06-12 19:48,避光控温控制,LOG-CN-13702775487,罐式车,"避光, 防氧化",2024-06-13 04:48,2024-06-18 00:54,成都市,龙泉驿区,104.27,30.55,2024-06-20 00:54
CN-AG-202409-11709,水稻,湖北省,枣阳市,112.764295,32.113997,2024-04-17,2024-04-17 [播种育秧] -> 2024-05-10 [田间底肥] -> 2024-06-02 [插秧作业] -> 2024-06-25 [分蘖期灌溉] -> 2024-07-18 [除草控虫] -> 2024-08-10 [晒田补肥],2024-09-09 11:43,19947.94,枣阳市第5深加工基地,"112.75936,32.123188",清理去石->砻谷脱壳->糙米碾白->抛光->色选->包装,2024-09-13 16:43,2024-09-14 00:15,WH-CN-250,平房仓(准低温),2024-09-14 12:15,2024-10-03 12:15,准低温低氧控制,LOG-CN-19569556584,散粮车,"防潮, 湿度<14%",2024-10-03 20:15,2024-10-05 09:14,成都市,武侯区,104.04,30.64,2024-10-06 09:14
CN-AG-202409-11710,玉米,内蒙古自治区,五原县,108.220034,41.14977,2024-06-04,2024-06-04 [免耕直播] -> 2024-06-26 [苗期中耕] -> 2024-07-18 [喇叭口期追肥] -> 2024-08-09 [大斑病防治] -> 2024-08-31 [人工授粉辅助],2024-09-17 09:41,31418.72,五原县第4深加工基地,"108.251708,41.092423",物理清理->脱粒烘干->破碎加工->筛理分级,2024-09-18 15:41,2024-09-18 21:27,WH-CN-930,现代化圆筒仓,2024-09-19 03:27,2024-10-18 03:27,避光控温控制,LOG-CN-58672700015,重型散粮卡车,"通风良好, 严控高温",2024-10-18 14:27,2024-10-22 02:00,广州市,白云区,113.27,23.15,2024-10-25 02:00
CN-AG-202409-11711,大豆,安徽省,怀远县,117.163235,33.019133,2024-05-11,2024-05-11 [拌种包衣] -> 2024-06-05 [等距点播] -> 2024-06-30 [结荚期根外追肥] -> 2024-07-25 [食心虫绿色防控] -> 2024-08-19 [除草中耕],2024-09-10 13:55,16009.85,怀远县第3深加工基地,"117.198977,32.968326",磁选->破碎压胚->高温压榨->物理过滤->精炼,2024-09-14 16:55,2024-09-15 01:57,WH-CN-865,不锈钢储油罐区,2024-09-15 09:57,2024-10-27 09:57,准低温低氧控制,LOG-CN-27977356223,罐式车,"避光, 控温25℃下",2024-10-27 22:57,2024-11-02 08:37,广州市,天河区,113.33,23.13,2024-11-03 08:37
CN-AG-202405-11712,油菜籽,四川省,安岳县,105.278608,30.111881,2023-10-12,2023-10-12 [育苗移栽] -> 2023-12-03 [越冬防冻肥] -> 2024-01-24 [薹期水肥调节] -> 2024-03-16 [菌核病无人机防治],2024-05-11 09:04,30767.58,安岳县第2深加工基地,"105.33863,30.094535",多级筛选->炒籽->螺旋压榨->精制过滤,2024-05-13 15:04,2024-05-13 17:46,WH-CN-623,恒温罐区,2024-05-14 02:46,2024-05-26 02:46,避光控温控制,LOG-CN-78557055467,罐式车,"避光, 防氧化",2024-05-26 13:46,2024-05-29 12:00,深圳市,南山区,113.93,22.54,2024-06-01 12:00
CN-AG-202411-11713,棉花,新疆维吾尔自治区,玛纳斯县,86.243755,44.349009,2024-05-18,2024-05-18 [覆膜播种] -> 2024-06-23 [人工打顶] -> 2024-07-29 [叶面喷施补硼] -> 2024-09-03 [枯萎病监测] -> 2024-10-09 [喷施脱叶剂],2024-11-15 14:30,29736.92,玛纳斯县第5深加工基地,"86.20654,44.290388",皮棉清理->锯齿轧花->纤维分级->压力打包,2024-11-19 19:30,2024-11-20 04:02,WH-CN-557,专业纤维库,2024-11-20 08:02,2025-01-03 08:02,避光控温控制,LOG-CN-30036565675,高栏平板车,"严禁烟火, 防静电, 干燥",2025-01-03 22:02,2025-01-07 13:21,广州市,番禺区,113.38,22.93,2025-01-09 13:21
CN-AG-202410-11714,水稻,吉林省,榆树市,126.523023,44.835355,2024-05-22,2024-05-22 [播种育秧] -> 2024-06-14 [田间底肥] -> 2024-07-07 [插秧作业] -> 2024-07-30 [分蘖期灌溉] -> 2024-08-22 [除草控虫] -> 2024-09-14 [晒田补肥],2024-10-07 09:43,27983.34,榆树市第1深加工基地,"126.552678,44.828192",清理去石->砻谷脱壳->糙米碾白->抛光->色选->包装,2024-10-11 15:43,2024-10-11 21:17,WH-CN-592,平房仓(准低温),2024-10-12 04:17,2024-10-28 04:17,准低温低氧控制,LOG-CN-52268478418,散粮车,"防潮, 湿度<14%",2024-10-28 12:17,2024-10-31 14:25,武汉市,东西湖区,114.13,30.62,2024-11-01 14:25
CN-AG-202407-11715,大麦,吉林省,前郭县,124.859081,45.058629,2024-04-03,2024-04-03 [翻耕播种] -> 2024-04-28 [分蘖期施氮] -> 2024-05-23 [化学除草] -> 2024-06-17 [灌浆期监控],2024-07-08 08:40,18368.29,前郭县第3深加工基地,"124.801554,45.119155",杂质清理->脱壳处理->分级磨皮->包装,2024-07-09 13:40,2024-07-09 16:51,WH-CN-460,平房仓,2024-07-10 00:51,2024-08-07 00:51,避光控温控制,LOG-CN-73169637220,散装车,防霉通风,2024-08-07 15:51,2024-08-12 20:46,武汉市,洪山区,114.34,30.5,2024-08-15 20:46
CN-AG-202406-11716,小麦,河南省,正阳县,114.356404,32.603883,2023-10-17,2023-10-17 [深耕整地] -> 2023-11-24 [秋播种子处理] -> 2024-01-01 [越冬水灌溉] -> 2024-02-08 [拔节期追肥] -> 2024-03-17 [条锈病防治] -> 2024-04-24 [干热风防护],2024-06-07 09:38,37649.29,正阳县第2深加工基地,"114.373593,32.597857",磁选除杂->着水润麦->多级研磨->高方筛理->包装,2024-06-11 11:38,2024-06-11 21:03,WH-CN-737,钢板筒仓,2024-06-12 02:03,2024-07-15 02:03,准低温低氧控制,LOG-CN-72772081382,全封闭货车,"干燥, 禁止异味混载",2024-07-15 11:03,2024-07-17 22:53,深圳市,福田区,114.05,22.54,2024-07-20 22:53
CN-AG-202409-11717,玉米,黑龙江省,富锦市,132.084958,47.259369,2024-06-09,2024-06-09 [免耕直播] -> 2024-07-01 [苗期中耕] -> 2024-07-23 [喇叭口期追肥] -> 2024-08-14 [大斑病防治] -> 2024-09-05 [人工授粉辅助],2024-09-25 08:47,30092.94,富锦市第1深加工基地,"132.021658,47.250061",物理清理->脱粒烘干->破碎加工->筛理分级,2024-09-28 11:47,2024-09-28 16:47,WH-CN-851,现代化圆筒仓,2024-09-29 00:47,2024-11-16 00:47,避光控温控制,LOG-CN-80998743061,重型散粮卡车,"通风良好, 严控高温",2024-11-16 14:47,2024-11-21 08:09,西安市,未央区,108.94,34.29,2024-11-24 08:09
CN-AG-202410-11718,水稻,安徽省,怀远县,117.180827,32.9844,2024-06-02,2024-06-02 [播种育秧] -> 2024-06-25 [田间底肥] -> 2024-07-18 [插秧作业] -> 2024-08-10 [分蘖期灌溉] -> 2024-09-02 [除草控虫] -> 2024-09-25 [晒田补肥],2024-10-17 14:03,23023.92,怀远县第4深加工基地,"117.198694,32.977119",清理去石->砻谷脱壳->糙米碾白->抛光->色选->包装,2024-10-18 18:03,2024-10-19 01:26,WH-CN-395,平房仓(准低温),2024-10-19 07:26,2024-11-29 07:26,准低温低氧控制,LOG-CN-39720422321,散粮车,"防潮, 湿度<14%",2024-11-29 20:26,2024-12-03 04:24,成都市,武侯区,104.04,30.64,2024-12-04 04:24
CN-AG-202406-11719,小麦,内蒙古自治区,五原县,108.222933,41.063141,2023-10-16,2023-10-16 [深耕整地] -> 2023-11-23 [秋播种子处理] -> 2023-12-31 [越冬水灌溉] -> 2024-02-07 [拔节期追肥] -> 2024-03-16 [条锈病防治] -> 2024-04-23 [干热风防护],2024-06-06 10:14,39319.62,五原县第5深加工基地,"108.255312,41.105375",磁选除杂->着水润麦->多级研磨->高方筛理->包装,2024-06-09 14:14,2024-06-09 21:29,WH-CN-323,钢板筒仓,2024-06-10 01:29,2024-07-18 01:29,准低温低氧控制,LOG-CN-64965083656,全封闭货车,"干燥, 禁止异味混载",2024-07-18 14:29,2024-07-20 17:12,北京市,海淀区,116.3,39.96,2024-07-21 17:12
CN-AG-202410-11720,水稻,湖北省,钟祥市,112.544706,31.202068,2024-05-26,2024-05-26 [播种育秧] -> 2024-06-18 [田间底肥] -> 2024-07-11 [插秧作业] -> 2024-08-03 [分蘖期灌溉] -> 2024-08-26 [除草控虫] -> 2024-09-18 [晒田补肥],2024-10-15 15:46,5438.26,钟祥市第4深加工基地,"112.57931,31.166434",清理去石->砻谷脱壳->糙米碾白->抛光->色选->包装,2024-10-18 17:46,2024-10-19 00:11,WH-CN-486,平房仓(准低温),2024-10-19 04:11,2024-11-12 04:11,准低温低氧控制,LOG-CN-32072909815,散粮车,"防潮, 湿度<14%",2024-11-12 16:11,2024-11-17 17:33,南京市,江宁区,118.83,31.95,2024-11-19 17:33
CN-AG-202405-11721,油菜籽,湖北省,钟祥市,112.631808,31.223184,2023-10-26,2023-10-26 [育苗移栽] -> 2023-12-17 [越冬防冻肥] -> 2024-02-07 [薹期水肥调节] -> 2024-03-30 [菌核病无人机防治],2024-05-28 10:50,31689.51,钟祥市第2深加工基地,"112.577164,31.164137",多级筛选->炒籽->螺旋压榨->精制过滤,2024-05-30 12:50,2024-05-30 20:17,WH-CN-536,恒温罐区,2024-05-31 03:17,2024-07-12 03:17,避光控温控制,LOG-CN-39164735208,罐式车,"避光, 防氧化",2024-07-12 11:17,2024-07-16 00:52,南京市,南京浦口区,118.62,32.05,2024-07-18 00:52
CN-AG-202409-11722,水稻,湖南省,桃源县,111.481198,28.857928,2024-05-12,2024-05-12 [播种育秧] -> 2024-06-04 [田间底肥] -> 2024-06-27 [插秧作业] -> 2024-07-20 [分蘖期灌溉] -> 2024-08-12 [除草控虫] -> 2024-09-04 [晒田补肥],2024-09-28 08:58,38831.78,桃源县第1深加工基地,"111.488015,28.899212",清理去石->砻谷脱壳->糙米碾白->抛光->色选->包装,2024-10-01 14:58,2024-10-02 00:37,WH-CN-379,平房仓(准低温),2024-10-02 10:37,2024-11-17 10:37,准低温低氧控制,LOG-CN-59577153603,散粮车,"防潮, 湿度<14%",2024-11-17 16:37,2024-11-20 20:02,广州市,番禺区,113.38,22.93,2024-11-23 20:02
CN-AG-202409-11723,玉米,内蒙古自治区,突泉县,121.556028,46.381601,2024-05-21,2024-05-21 [免耕直播] -> 2024-06-12 [苗期中耕] -> 2024-07-04 [喇叭口期追肥] -> 2024-07-26 [大斑病防治] -> 2024-08-17 [人工授粉辅助],2024-09-07 12:41,17301.95,突泉县第2深加工基地,"121.577925,46.329835",物理清理->脱粒烘干->破碎加工->筛理分级,2024-09-09 16:41,2024-09-09 23:37,WH-CN-367,现代化圆筒仓,2024-09-10 07:37,2024-10-27 07:37,避光控温控制,LOG-CN-23663646461,重型散粮卡车,"通风良好, 严控高温",2024-10-27 21:37,2024-11-01 09:56,上海市,浦东新区,121.54,31.22,2024-11-03 09:56
CN-AG-202409-11724,大豆,黑龙江省,富锦市,131.970439,47.286805,2024-05-17,2024-05-17 [拌种包衣] -> 2024-06-11 [等距点播] -> 2024-07-06 [结荚期根外追肥] -> 2024-07-31 [食心虫绿色防控] -> 2024-08-25 [除草中耕],2024-09-15 16:43,19376.94,富锦市第3深加工基地,"132.028435,47.246401",磁选->破碎压胚->高温压榨->物理过滤->精炼,2024-09-19 18:43,2024-09-19 23:50,WH-CN-693,不锈钢储油罐区,2024-09-20 11:50,2024-10-14 11:50,准低温低氧控制,LOG-CN-88908309044,罐式车,"避光, 控温25℃下",2024-10-15 01:50,2024-10-16 13:55,南京市,江宁区,118.83,31.95,2024-10-19 13:55
CN-AG-202405-11725,油菜籽,甘肃省,民乐县,100.773949,38.397566,2023-10-19,2023-10-19 [育苗移栽] -> 2023-12-10 [越冬防冻肥] -> 2024-01-31 [薹期水肥调节] -> 2024-03-23 [菌核病无人机防治],2024-05-20 11:31,18991.22,民乐县第4深加工基地,"100.812867,38.420756",多级筛选->炒籽->螺旋压榨->精制过滤,2024-05-22 13:31,2024-05-22 17:47,WH-CN-632,恒温罐区,2024-05-23 03:47,2024-06-14 03:47,避光控温控制,LOG-CN-76539226339,罐式车,"避光, 防氧化",2024-06-14 18:47,2024-06-18 09:58,南京市,江宁区,118.83,31.95,2024-06-20 09:58
CN-AG-202409-11726,玉米,安徽省,蒙城县,116.506282,33.231501,2024-05-29,2024-05-29 [免耕直播] -> 2024-06-20 [苗期中耕] -> 2024-07-12 [喇叭口期追肥] -> 2024-08-03 [大斑病防治] -> 2024-08-25 [人工授粉辅助],2024-09-12 16:27,5822.04,蒙城县第5深加工基地,"116.566038,33.25462",物理清理->脱粒烘干->破碎加工->筛理分级,2024-09-14 20:27,2024-09-14 23:42,WH-CN-768,现代化圆筒仓,2024-09-15 10:42,2024-10-11 10:42,避光控温控制,LOG-CN-32753792414,重型散粮卡车,"通风良好, 严控高温",2024-10-11 21:42,2024-10-14 02:31,上海市,宝山区,121.48,31.4,2024-10-17 02:31
CN-AG-202406-11727,小麦,江苏省,兴化市,119.847968,32.972179,2023-10-17,2023-10-17 [深耕整地] -> 2023-11-24 [秋播种子处理] -> 2024-01-01 [越冬水灌溉] -> 2024-02-08 [拔节期追肥] -> 2024-03-17 [条锈病防治] -> 2024-04-24 [干热风防护],2024-06-07 11:38,12838.03,兴化市第1深加工基地,"119.859557,32.928321",磁选除杂->着水润麦->多级研磨->高方筛理->包装,2024-06-08 16:38,2024-06-09 02:22,WH-CN-442,钢板筒仓,2024-06-09 12:22,2024-06-26 12:22,准低温低氧控制,LOG-CN-80042104389,全封闭货车,"干燥, 禁止异味混载",2024-06-26 18:22,2024-06-28 06:26,武汉市,洪山区,114.34,30.5,2024-06-29 06:26
CN-AG-202409-11728,大豆,黑龙江省,五常市,127.115843,44.894068,2024-05-05,2024-05-05 [拌种包衣] -> 2024-05-30 [等距点播] -> 2024-06-24 [结荚期根外追肥] -> 2024-07-19 [食心虫绿色防控] -> 2024-08-13 [除草中耕],2024-09-06 11:26,8403.71,五常市第4深加工基地,"127.143455,44.925837",磁选->破碎压胚->高温压榨->物理过滤->精炼,2024-09-10 17:26,2024-09-10 21:16,WH-CN-895,不锈钢储油罐区,2024-09-11 02:16,2024-10-07 02:16,准低温低氧控制,LOG-CN-47895845728,罐式车,"避光, 控温25℃下",2024-10-07 08:16,2024-10-12 04:49,北京市,朝阳区,116.48,39.92,2024-10-14 04:49
CN-AG-202411-11729,棉花,江苏省,射阳县,120.2993,33.735524,2024-06-04,2024-06-04 [覆膜播种] -> 2024-07-10 [人工打顶] -> 2024-08-15 [叶面喷施补硼] -> 2024-09-20 [枯萎病监测] -> 2024-10-26 [喷施脱叶剂],2024-11-27 17:36,28320.74,射阳县第4深加工基地,"120.248239,33.752307",皮棉清理->锯齿轧花->纤维分级->压力打包,2024-11-30 22:36,2024-12-01 03:00,WH-CN-562,专业纤维库,2024-12-01 15:00,2024-12-12 15:00,避光控温控制,LOG-CN-87466474493,高栏平板车,"严禁烟火, 防静电, 干燥",2024-12-13 06:00,2024-12-17 07:24,南京市,江宁区,118.83,31.95,2024-12-19 07:24
CN-AG-202409-11730,水稻,广西壮族自治区,桂平市,110.025816,23.442129,2024-04-17,2024-04-17 [播种育秧] -> 2024-05-10 [田间底肥] -> 2024-06-02 [插秧作业] -> 2024-06-25 [分蘖期灌溉] -> 2024-07-18 [除草控虫] -> 2024-08-10 [晒田补肥],2024-09-02 10:48,24866.48,桂平市第4深加工基地,"110.081318,23.384206",清理去石->砻谷脱壳->糙米碾白->抛光->色选->包装,2024-09-06 13:48,2024-09-06 19:59,WH-CN-262,平房仓(准低温),2024-09-07 03:59,2024-10-01 03:59,准低温低氧控制,LOG-CN-48207192130,散粮车,"防潮, 湿度<14%",2024-10-01 14:59,2024-10-05 08:50,广州市,天河区,113.33,23.13,2024-10-07 08:50
CN-AG-202406-11731,小麦,山东省,汶上县,116.424747,35.743866,2023-10-31,2023-10-31 [深耕整地] -> 2023-12-08 [秋播种子处理] -> 2024-01-15 [越冬水灌溉] -> 2024-02-22 [拔节期追肥] -> 2024-03-31 [条锈病防治] -> 2024-05-08 [干热风防护],2024-06-22 13:23,15788.91,汶上县第5深加工基地,"116.482983,35.728061",磁选除杂->着水润麦->多级研磨->高方筛理->包装,2024-06-26 19:23,2024-06-26 23:33,WH-CN-198,钢板筒仓,2024-06-27 05:33,2024-08-07 05:33,准低温低氧控制,LOG-CN-37913583038,全封闭货车,"干燥, 禁止异味混载",2024-08-07 12:33,2024-08-09 03:16,西安市,雁塔区,108.94,34.21,2024-08-11 03:16
CN-AG-202406-11732,小麦,四川省,安岳县,105.346577,30.123768,2023-10-12,2023-10-12 [深耕整地] -> 2023-11-19 [秋播种子处理] -> 2023-12-27 [越冬水灌溉] -> 2024-02-03 [拔节期追肥] -> 2024-03-12 [条锈病防治] -> 2024-04-19 [干热风防护],2024-06-01 17:27,28574.26,安岳县第4深加工基地,"105.32187,30.096411",磁选除杂->着水润麦->多级研磨->高方筛理->包装,2024-06-04 22:27,2024-06-05 05:17,WH-CN-305,钢板筒仓,2024-06-05 17:17,2024-07-19 17:17,准低温低氧控制,LOG-CN-61289485561,全封闭货车,"干燥, 禁止异味混载",2024-07-19 23:17,2024-07-24 23:50,南京市,玄武区,118.79,32.06,2024-07-26 23:50
CN-AG-202409-11733,大豆,安徽省,怀远县,117.155451,32.961253,2024-05-28,2024-05-28 [拌种包衣] -> 2024-06-22 [等距点播] -> 2024-07-17 [结荚期根外追肥] -> 2024-08-11 [食心虫绿色防控] -> 2024-09-05 [除草中耕],2024-09-28 17:18,18846.47,怀远县第4深加工基地,"117.199503,32.978952",磁选->破碎压胚->高温压榨->物理过滤->精炼,2024-09-30 22:18,2024-10-01 03:08,WH-CN-773,不锈钢储油罐区,2024-10-01 11:08,2024-11-11 11:08,准低温低氧控制,LOG-CN-61000609383,罐式车,"避光, 控温25℃下",2024-11-11 23:08,2024-11-14 00:17,北京市,朝阳区,116.48,39.92,2024-11-16 00:17
CN-AG-202405-11734,油菜籽,湖南省,桃源县,111.511956,28.878071,2023-10-25,2023-10-25 [育苗移栽] -> 2023-12-16 [越冬防冻肥] -> 2024-02-06 [薹期水肥调节] -> 2024-03-29 [菌核病无人机防治],2024-05-24 13:33,33320.2,桃源县第2深加工基地,"111.476201,28.899959",多级筛选->炒籽->螺旋压榨->精制过滤,2024-05-28 18:33,2024-05-29 02:19,WH-CN-381,恒温罐区,2024-05-29 10:19,2024-07-15 10:19,避光控温控制,LOG-CN-73796021580,罐式车,"避光, 防氧化",2024-07-15 17:19,2024-07-18 13:41,成都市,龙泉驿区,104.27,30.55,2024-07-21 13:41
CN-AG-202406-11735,大麦,甘肃省,民乐县,100.854058,38.467436,2024-03-20,2024-03-20 [翻耕播种] -> 2024-04-14 [分蘖期施氮] -> 2024-05-09 [化学除草] -> 2024-06-03 [灌浆期监控],2024-06-23 10:16,23347.64,民乐县第4深加工基地,"100.800939,38.43346",杂质清理->脱壳处理->分级磨皮->包装,2024-06-26 13:16,2024-06-26 19:32,WH-CN-422,平房仓,2024-06-27 06:32,2024-07-17 06:32,避光控温控制,LOG-CN-43837878212,散装车,防霉通风,2024-07-17 16:32,2024-07-22 07:25,北京市,丰台区,116.28,39.85,2024-07-25 07:25
CN-AG-202410-11736,玉米,四川省,三台县,105.121595,31.097959,2024-06-13,2024-06-13 [免耕直播] -> 2024-07-05 [苗期中耕] -> 2024-07-27 [喇叭口期追肥] -> 2024-08-18 [大斑病防治] -> 2024-09-09 [人工授粉辅助],2024-10-01 11:28,30528.9,三台县第3深加工基地,"105.084573,31.08273",物理清理->脱粒烘干->破碎加工->筛理分级,2024-10-04 17:28,2024-10-05 03:21,WH-CN-512,现代化圆筒仓,2024-10-05 07:21,2024-11-14 07:21,避光控温控制,LOG-CN-38262370405,重型散粮卡车,"通风良好, 严控高温",2024-11-14 16:21,2024-11-18 12:34,北京市,海淀区,116.3,39.96,2024-11-19 12:34
CN-AG-202406-11737,小麦,新疆维吾尔自治区,奇台县,89.532415,44.065899,2023-10-29,2023-10-29 [深耕整地] -> 2023-12-06 [秋播种子处理] -> 2024-01-13 [越冬水灌溉] -> 2024-02-20 [拔节期追肥] -> 2024-03-29 [条锈病防治] -> 2024-05-06 [干热风防护],2024-06-14 17:24,8057.64,奇台县第1深加工基地,"89.589475,44.025055",磁选除杂->着水润麦->多级研磨->高方筛理->包装,2024-06-15 21:24,2024-06-16 06:49,WH-CN-839,钢板筒仓,2024-06-16 10:49,2024-07-26 10:49,准低温低氧控制,LOG-CN-65318797409,全封闭货车,"干燥, 禁止异味混载",2024-07-26 19:49,2024-07-28 03:40,深圳市,南山区,113.93,22.54,2024-07-30 03:40
CN-AG-202406-11738,小麦,内蒙古自治区,五原县,108.200852,41.093613,2023-11-14,2023-11-14 [深耕整地] -> 2023-12-22 [秋播种子处理] -> 2024-01-29 [越冬水灌溉] -> 2024-03-07 [拔节期追肥] -> 2024-04-14 [条锈病防治] -> 2024-05-22 [干热风防护],2024-06-27 08:20,12209.14,五原县第3深加工基地,"108.257196,41.106388",磁选除杂->着水润麦->多级研磨->高方筛理->包装,2024-06-28 11:20,2024-06-28 17:18,WH-CN-504,钢板筒仓,2024-06-29 02:18,2024-08-11 02:18,准低温低氧控制,LOG-CN-46366686843,全封闭货车,"干燥, 禁止异味混载",2024-08-11 15:18,2024-08-15 23:55,深圳市,宝安区,113.88,22.55,2024-08-17 23:55
CN-AG-202410-11739,玉米,四川省,三台县,105.111276,31.094892,2024-07-04,2024-07-04 [免耕直播] -> 2024-07-26 [苗期中耕] -> 2024-08-17 [喇叭口期追肥] -> 2024-09-08 [大斑病防治] -> 2024-09-30 [人工授粉辅助],2024-10-23 14:55,16748.6,三台县第2深加工基地,"105.09912,31.094053",物理清理->脱粒烘干->破碎加工->筛理分级,2024-10-24 17:55,2024-10-24 22:16,WH-CN-901,现代化圆筒仓,2024-10-25 04:16,2024-12-05 04:16,避光控温控制,LOG-CN-51126743074,重型散粮卡车,"通风良好, 严控高温",2024-12-05 19:16,2024-12-09 07:32,深圳市,宝安区,113.88,22.55,2024-12-10 07:32
CN-AG-202409-11740,玉米,吉林省,公主岭市,124.807966,43.523761,2024-05-12,2024-05-12 [免耕直播] -> 2024-06-03 [苗期中耕] -> 2024-06-25 [喇叭口期追肥] -> 2024-07-17 [大斑病防治] -> 2024-08-08 [人工授粉辅助],2024-09-01 10:40,25716.47,公主岭市第4深加工基地,"124.822842,43.529074",物理清理->脱粒烘干->破碎加工->筛理分级,2024-09-05 12:40,2024-09-05 19:17,WH-CN-587,现代化圆筒仓,2024-09-06 07:17,2024-09-23 07:17,避光控温控制,LOG-CN-98329358843,重型散粮卡车,"通风良好, 严控高温",2024-09-23 19:17,2024-09-26 09:50,武汉市,洪山区,114.34,30.5,2024-09-28 09:50
CN-AG-202409-11741,水稻,安徽省,寿县,116.735176,32.545778,2024-04-25,2024-04-25 [播种育秧] -> 2024-05-18 [田间底肥] -> 2024-06-10 [插秧作业] -> 2024-07-03 [分蘖期灌溉] -> 2024-07-26 [除草控虫] -> 2024-08-18 [晒田补肥],2024-09-08 08:27,34925.46,寿县第1深加工基地,"116.777244,32.576851",清理去石->砻谷脱壳->糙米碾白->抛光->色选->包装,2024-09-11 12:27,2024-09-11 16:47,WH-CN-927,平房仓(准低温),2024-09-12 01:47,2024-10-20 01:47,准低温低氧控制,LOG-CN-61158578554,散粮车,"防潮, 湿度<14%",2024-10-20 14:47,2024-10-24 10:24,武汉市,江岸区,114.3,30.59,2024-10-25 10:24
CN-AG-202410-11742,水稻,广西壮族自治区,宾阳县,108.806498,23.229256,2024-05-13,2024-05-13 [播种育秧] -> 2024-06-05 [田间底肥] -> 2024-06-28 [插秧作业] -> 2024-07-21 [分蘖期灌溉] -> 2024-08-13 [除草控虫] -> 2024-09-05 [晒田补肥],2024-10-02 10:48,27277.81,宾阳县第5深加工基地,"108.812034,23.203979",清理去石->砻谷脱壳->糙米碾白->抛光->色选->包装,2024-10-03 15:48,2024-10-04 01:38,WH-CN-796,平房仓(准低温),2024-10-04 13:38,2024-11-13 13:38,准低温低氧控制,LOG-CN-26932190789,散粮车,"防潮, 湿度<14%",2024-11-14 02:38,2024-11-15 10:08,武汉市,江岸区,114.3,30.59,2024-11-16 10:08
CN-AG-202410-11743,棉花,新疆维吾尔自治区,玛纳斯县,86.199601,44.247282,2024-05-01,2024-05-01 [覆膜播种] -> 2024-06-06 [人工打顶] -> 2024-07-12 [叶面喷施补硼] -> 2024-08-17 [枯萎病监测] -> 2024-09-22 [喷施脱叶剂],2024-10-24 14:59,25588.74,玛纳斯县第3深加工基地,"86.208721,44.300932",皮棉清理->锯齿轧花->纤维分级->压力打包,2024-10-26 20:59,2024-10-27 00:25,WH-CN-788,专业纤维库,2024-10-27 06:25,2024-11-18 06:25,避光控温控制,LOG-CN-43987688978,高栏平板车,"严禁烟火, 防静电, 干燥",2024-11-18 16:25,2024-11-21 15:03,西安市,未央区,108.94,34.29,2024-11-24 15:03
CN-AG-202410-11744,玉米,安徽省,蒙城县,116.599351,33.289841,2024-06-10,2024-06-10 [免耕直播] -> 2024-07-02 [苗期中耕] -> 2024-07-24 [喇叭口期追肥] -> 2024-08-15 [大斑病防治] -> 2024-09-06 [人工授粉辅助],2024-10-01 13:58,33653.45,蒙城县第3深加工基地,"116.550776,33.265425",物理清理->脱粒烘干->破碎加工->筛理分级,2024-10-02 18:58,2024-10-03 02:24,WH-CN-141,现代化圆筒仓,2024-10-03 07:24,2024-10-15 07:24,避光控温控制,LOG-CN-16425090576,重型散粮卡车,"通风良好, 严控高温",2024-10-15 18:24,2024-10-17 10:20,南京市,南京浦口区,118.62,32.05,2024-10-18 10:20
CN-AG-202411-11745,棉花,江苏省,射阳县,120.254393,33.713295,2024-05-20,2024-05-20 [覆膜播种] -> 2024-06-25 [人工打顶] -> 2024-07-31 [叶面喷施补硼] -> 2024-09-05 [枯萎病监测] -> 2024-10-11 [喷施脱叶剂],2024-11-15 16:46,28097.7,射阳县第1深加工基地,"120.256699,33.758696",皮棉清理->锯齿轧花->纤维分级->压力打包,2024-11-17 18:46,2024-11-17 23:12,WH-CN-988,专业纤维库,2024-11-18 07:12,2024-12-31 07:12,避光控温控制,LOG-CN-92731035012,高栏平板车,"严禁烟火, 防静电, 干燥",2024-12-31 16:12,2025-01-04 00:11,武汉市,江岸区,114.3,30.59,2025-01-06 00:11
CN-AG-202409-11746,玉米,辽宁省,黑山县,122.096385,41.731104,2024-06-04,2024-06-04 [免耕直播] -> 2024-06-26 [苗期中耕] -> 2024-07-18 [喇叭口期追肥] -> 2024-08-09 [大斑病防治] -> 2024-08-31 [人工授粉辅助],2024-09-17 08:39,30877.5,黑山县第1深加工基地,"122.119414,41.688589",物理清理->脱粒烘干->破碎加工->筛理分级,2024-09-19 10:39,2024-09-19 20:32,WH-CN-538,现代化圆筒仓,2024-09-20 07:32,2024-11-04 07:32,避光控温控制,LOG-CN-55179866568,重型散粮卡车,"通风良好, 严控高温",2024-11-04 19:32,2024-11-10 01:48,深圳市,宝安区,113.88,22.55,2024-11-11 01:48
CN-AG-202410-11747,玉米,四川省,中江县,104.613728,30.988885,2024-06-18,2024-06-18 [免耕直播] -> 2024-07-10 [苗期中耕] -> 2024-08-01 [喇叭口期追肥] -> 2024-08-23 [大斑病防治] -> 2024-09-14 [人工授粉辅助],2024-10-09 08:35,20249.98,中江县第3深加工基地,"104.664814,31.038938",物理清理->脱粒烘干->破碎加工->筛理分级,2024-10-12 14:35,2024-10-12 18:55,WH-CN-258,现代化圆筒仓,2024-10-12 22:55,2024-11-03 22:55,避光控温控制,LOG-CN-93422547943,重型散粮卡车,"通风良好, 严控高温",2024-11-04 04:55,2024-11-07 16:35,广州市,番禺区,113.38,22.93,2024-11-09 16:35
CN-AG-202405-11748,油菜籽,四川省,中江县,104.620005,30.998794,2023-10-29,2023-10-29 [育苗移栽] -> 2023-12-20 [越冬防冻肥] -> 2024-02-10 [薹期水肥调节] -> 2024-04-02 [菌核病无人机防治],2024-05-24 13:10,36858.91,中江县第3深加工基地,"104.671595,31.03857",多级筛选->炒籽->螺旋压榨->精制过滤,2024-05-25 16:10,2024-05-25 23:50,WH-CN-970,恒温罐区,2024-05-26 09:50,2024-06-29 09:50,避光控温控制,LOG-CN-65681359708,罐式车,"避光, 防氧化",2024-06-29 15:50,2024-07-03 20:42,深圳市,福田区,114.05,22.54,2024-07-04 20:42
CN-AG-202409-11749,大豆,山东省,莒南县,118.879389,35.190044,2024-05-02,2024-05-02 [拌种包衣] -> 2024-05-27 [等距点播] -> 2024-06-21 [结荚期根外追肥] -> 2024-07-16 [食心虫绿色防控] -> 2024-08-10 [除草中耕],2024-09-08 08:28,35323.36,莒南县第5深加工基地,"118.83243,35.166912",磁选->破碎压胚->高温压榨->物理过滤->精炼,2024-09-09 12:28,2024-09-09 17:18,WH-CN-465,不锈钢储油罐区,2024-09-09 21:18,2024-09-30 21:18,准低温低氧控制,LOG-CN-19513360471,罐式车,"避光, 控温25℃下",2024-10-01 05:18,2024-10-02 08:25,西安市,雁塔区,108.94,34.21,2024-10-03 08:25
CN-AG-202409-11750,水稻,湖北省,钟祥市,112.542413,31.114656,2024-04-16,2024-04-16 [播种育秧] -> 2024-05-09 [田间底肥] -> 2024-06-01 [插秧作业] -> 2024-06-24 [分蘖期灌溉] -> 2024-07-17 [除草控虫] -> 2024-08-09 [晒田补肥],2024-09-01 12:08,32361.68,钟祥市第1深加工基地,"112.585335,31.176625",清理去石->砻谷脱壳->糙米碾白->抛光->色选->包装,2024-09-02 18:08,2024-09-02 21:49,WH-CN-680,平房仓(准低温),2024-09-03 01:49,2024-10-07 01:49,准低温低氧控制,LOG-CN-18451222568,散粮车,"防潮, 湿度<14%",2024-10-07 11:49,2024-10-11 07:44,广州市,天河区,113.33,23.13,2024-10-12 07:44
CN-AG-202409-11751,大豆,山东省,莒南县,118.815217,35.152077,2024-05-18,2024-05-18 [拌种包衣] -> 2024-06-12 [等距点播] -> 2024-07-07 [结荚期根外追肥] -> 2024-08-01 [食心虫绿色防控] -> 2024-08-26 [除草中耕],2024-09-23 15:13,10262.63,莒南县第3深加工基地,"118.820005,35.170671",磁选->破碎压胚->高温压榨->物理过滤->精炼,2024-09-26 20:13,2024-09-27 05:10,WH-CN-753,不锈钢储油罐区,2024-09-27 16:10,2024-11-14 16:10,准低温低氧控制,LOG-CN-55869860372,罐式车,"避光, 控温25℃下",2024-11-15 07:10,2024-11-20 14:43,西安市,雁塔区,108.94,34.21,2024-11-23 14:43
CN-AG-202407-11752,大麦,甘肃省,永昌县,101.934988,38.208949,2024-04-22,2024-04-22 [翻耕播种] -> 2024-05-17 [分蘖期施氮] -> 2024-06-11 [化学除草] -> 2024-07-06 [灌浆期监控],2024-07-28 09:34,35382.57,永昌县第1深加工基地,"101.976118,38.23501",杂质清理->脱壳处理->分级磨皮->包装,2024-08-01 12:34,2024-08-01 22:24,WH-CN-616,平房仓,2024-08-02 05:24,2024-09-13 05:24,避光控温控制,LOG-CN-32949278009,散装车,防霉通风,2024-09-13 15:24,2024-09-15 08:01,广州市,白云区,113.27,23.15,2024-09-17 08:01
CN-AG-202406-11753,小麦,山东省,汶上县,116.442983,35.703561,2023-11-02,2023-11-02 [深耕整地] -> 2023-12-10 [秋播种子处理] -> 2024-01-17 [越冬水灌溉] -> 2024-02-24 [拔节期追肥] -> 2024-04-02 [条锈病防治] -> 2024-05-10 [干热风防护],2024-06-22 14:49,30435.19,汶上县第5深加工基地,"116.487313,35.730085",磁选除杂->着水润麦->多级研磨->高方筛理->包装,2024-06-23 18:49,2024-06-24 00:12,WH-CN-436,钢板筒仓,2024-06-24 04:12,2024-07-19 04:12,准低温低氧控制,LOG-CN-52283807230,全封闭货车,"干燥, 禁止异味混载",2024-07-19 11:12,2024-07-23 12:39,北京市,丰台区,116.28,39.85,2024-07-26 12:39
CN-AG-202407-11754,大麦,甘肃省,民乐县,100.759424,38.398962,2024-03-27,2024-03-27 [翻耕播种] -> 2024-04-21 [分蘖期施氮] -> 2024-05-16 [化学除草] -> 2024-06-10 [灌浆期监控],2024-07-04 13:00,15083.74,民乐县第3深加工基地,"100.814953,38.427128",杂质清理->脱壳处理->分级磨皮->包装,2024-07-07 19:00,2024-07-08 03:48,WH-CN-142,平房仓,2024-07-08 08:48,2024-08-07 08:48,避光控温控制,LOG-CN-11427802517,散装车,防霉通风,2024-08-07 23:48,2024-08-09 17:29,北京市,丰台区,116.28,39.85,2024-08-11 17:29
CN-AG-202409-11755,花生,江苏省,东海县,118.808015,34.546083,2024-05-17,2024-05-17 [清棵蹲苗] -> 2024-06-10 [培土迎葑] -> 2024-07-04 [钙镁肥补充] -> 2024-07-28 [下针期控旺] -> 2024-08-21 [地下虫害防治],2024-09-12 13:38,20352.38,东海县第3深加工基地,"118.775853,34.549192",剥壳分选->烘炒->压榨提取->物理精炼,2024-09-15 17:38,2024-09-16 00:28,WH-CN-407,避光库房,2024-09-16 12:28,2024-09-30 12:28,避光控温控制,LOG-CN-73721699385,厢式货车,避光防潮,2024-09-30 20:28,2024-10-05 08:37,北京市,丰台区,116.28,39.85,2024-10-07 08:37
CN-AG-202405-11756,油菜籽,四川省,安岳县,105.329201,30.112456,2023-10-15,2023-10-15 [育苗移栽] -> 2023-12-06 [越冬防冻肥] -> 2024-01-27 [薹期水肥调节] -> 2024-03-19 [菌核病无人机防治],2024-05-09 13:36,30783.13,安岳县第2深加工基地,"105.339686,30.090801",多级筛选->炒籽->螺旋压榨->精制过滤,2024-05-12 17:36,2024-05-13 03:36,WH-CN-594,恒温罐区,2024-05-13 08:36,2024-05-31 08:36,避光控温控制,LOG-CN-76984890268,罐式车,"避光, 防氧化",2024-05-31 21:36,2024-06-02 16:30,深圳市,宝安区,113.88,22.55,2024-06-04 16:30
CN-AG-202405-11757,油菜籽,四川省,中江县,104.628267,31.016018,2023-10-20,2023-10-20 [育苗移栽] -> 2023-12-11 [越冬防冻肥] -> 2024-02-01 [薹期水肥调节] -> 2024-03-24 [菌核病无人机防治],2024-05-16 08:45,37270.8,中江县第1深加工基地,"104.665686,31.033334",多级筛选->炒籽->螺旋压榨->精制过滤,2024-05-19 12:45,2024-05-19 20:22,WH-CN-546,恒温罐区,2024-05-20 04:22,2024-07-04 04:22,避光控温控制,LOG-CN-29011121050,罐式车,"避光, 防氧化",2024-07-04 16:22,2024-07-08 04:19,成都市,新都区,104.15,30.82,2024-07-10 04:19
CN-AG-202410-11758,玉米,内蒙古自治区,阿荣旗,123.520412,48.130293,2024-07-07,2024-07-07 [免耕直播] -> 2024-07-29 [苗期中耕] -> 2024-08-20 [喇叭口期追肥] -> 2024-09-11 [大斑病防治] -> 2024-10-03 [人工授粉辅助],2024-10-22 15:07,26842.28,阿荣旗第1深加工基地,"123.516722,48.118915",物理清理->脱粒烘干->破碎加工->筛理分级,2024-10-25 19:07,2024-10-26 02:37,WH-CN-484,现代化圆筒仓,2024-10-26 09:37,2024-11-26 09:37,避光控温控制,LOG-CN-24178227530,重型散粮卡车,"通风良好, 严控高温",2024-11-26 22:37,2024-11-30 06:05,北京市,朝阳区,116.48,39.92,2024-12-02 06:05
CN-AG-202411-11759,棉花,新疆维吾尔自治区,沙雅县,82.773836,41.191796,2024-05-09,2024-05-09 [覆膜播种] -> 2024-06-14 [人工打顶] -> 2024-07-20 [叶面喷施补硼] -> 2024-08-25 [枯萎病监测] -> 2024-09-30 [喷施脱叶剂],2024-11-05 15:25,33669.34,沙雅县第1深加工基地,"82.783272,41.220754",皮棉清理->锯齿轧花->纤维分级->压力打包,2024-11-07 17:25,2024-11-07 22:19,WH-CN-447,专业纤维库,2024-11-08 07:19,2024-11-25 07:19,避光控温控制,LOG-CN-54515347560,高栏平板车,"严禁烟火, 防静电, 干燥",2024-11-25 14:19,2024-11-29 06:17,深圳市,南山区,113.93,22.54,2024-12-02 06:17
CN-AG-202405-11760,油菜籽,湖北省,钟祥市,112.567377,31.204077,2023-10-15,2023-10-15 [育苗移栽] -> 2023-12-06 [越冬防冻肥] -> 2024-01-27 [薹期水肥调节] -> 2024-03-19 [菌核病无人机防治],2024-05-12 13:39,21927.9,钟祥市第4深加工基地,"112.573012,31.172921",多级筛选->炒籽->螺旋压榨->精制过滤,2024-05-15 18:39,2024-05-16 03:59,WH-CN-524,恒温罐区,2024-05-16 09:59,2024-06-02 09:59,避光控温控制,LOG-CN-16480996736,罐式车,"避光, 防氧化",2024-06-02 18:59,2024-06-04 21:22,南京市,南京浦口区,118.62,32.05,2024-06-07 21:22
CN-AG-202409-11761,水稻,湖北省,钟祥市,112.565967,31.221918,2024-04-28,2024-04-28 [播种育秧] -> 2024-05-21 [田间底肥] -> 2024-06-13 [插秧作业] -> 2024-07-06 [分蘖期灌溉] -> 2024-07-29 [除草控虫] -> 2024-08-21 [晒田补肥],2024-09-10 17:05,24570.44,钟祥市第2深加工基地,"112.570407,31.17459",清理去石->砻谷脱壳->糙米碾白->抛光->色选->包装,2024-09-14 19:05,2024-09-15 00:05,WH-CN-195,平房仓(准低温),2024-09-15 07:05,2024-09-30 07:05,准低温低氧控制,LOG-CN-72616693858,散粮车,"防潮, 湿度<14%",2024-09-30 18:05,2024-10-03 12:48,西安市,雁塔区,108.94,34.21,2024-10-05 12:48
CN-AG-202409-11762,水稻,湖南省,南县,112.39845,29.324622,2024-05-01,2024-05-01 [播种育秧] -> 2024-05-24 [田间底肥] -> 2024-06-16 [插秧作业] -> 2024-07-09 [分蘖期灌溉] -> 2024-08-01 [除草控虫] -> 2024-08-24 [晒田补肥],2024-09-13 16:24,18013.19,南县第5深加工基地,"112.400545,29.367565",清理去石->砻谷脱壳->糙米碾白->抛光->色选->包装,2024-09-15 18:24,2024-09-16 02:36,WH-CN-301,平房仓(准低温),2024-09-16 12:36,2024-09-28 12:36,准低温低氧控制,LOG-CN-21154963221,散粮车,"防潮, 湿度<14%",2024-09-28 18:36,2024-09-30 05:38,武汉市,东西湖区,114.13,30.62,2024-10-02 05:38
CN-AG-202410-11763,水稻,吉林省,前郭县,124.808056,45.161584,2024-06-14,2024-06-14 [播种育秧] -> 2024-07-07 [田间底肥] -> 2024-07-30 [插秧作业] -> 2024-08-22 [分蘖期灌溉] -> 2024-09-14 [除草控虫] -> 2024-10-07 [晒田补肥],2024-10-27 11:11,20170.02,前郭县第4深加工基地,"124.802395,45.109809",清理去石->砻谷脱壳->糙米碾白->抛光->色选->包装,2024-10-29 16:11,2024-10-29 21:06,WH-CN-701,平房仓(准低温),2024-10-30 01:06,2024-11-11 01:06,准低温低氧控制,LOG-CN-31657651369,散粮车,"防潮, 湿度<14%",2024-11-11 10:06,2024-11-16 04:19,深圳市,宝安区,113.88,22.55,2024-11-19 04:19
CN-AG-202410-11764,水稻,黑龙江省,五常市,127.119636,44.966319,2024-06-03,2024-06-03 [播种育秧] -> 2024-06-26 [田间底肥] -> 2024-07-19 [插秧作业] -> 2024-08-11 [分蘖期灌溉] -> 2024-09-03 [除草控虫] -> 2024-09-26 [晒田补肥],2024-10-17 10:41,31170.59,五常市第3深加工基地,"127.158216,44.937992",清理去石->砻谷脱壳->糙米碾白->抛光->色选->包装,2024-10-19 16:41,2024-10-19 21:43,WH-CN-963,平房仓(准低温),2024-10-20 05:43,2024-11-27 05:43,准低温低氧控制,LOG-CN-30634675409,散粮车,"防潮, 湿度<14%",2024-11-27 18:43,2024-12-01 02:08,上海市,闵行区,121.38,31.11,2024-12-02 02:08
CN-AG-202410-11765,水稻,黑龙江省,五常市,127.152428,44.983197,2024-05-31,2024-05-31 [播种育秧] -> 2024-06-23 [田间底肥] -> 2024-07-16 [插秧作业] -> 2024-08-08 [分蘖期灌溉] -> 2024-08-31 [除草控虫] -> 2024-09-23 [晒田补肥],2024-10-17 09:11,14018.0,五常市第5深加工基地,"127.15557,44.933542",清理去石->砻谷脱壳->糙米碾白->抛光->色选->包装,2024-10-19 14:11,2024-10-19 20:23,WH-CN-298,平房仓(准低温),2024-10-20 04:23,2024-11-29 04:23,准低温低氧控制,LOG-CN-34760416908,散粮车,"防潮, 湿度<14%",2024-11-29 16:23,2024-12-02 07:40,成都市,武侯区,104.04,30.64,2024-12-03 07:40
CN-AG-202410-11766,玉米,安徽省,蒙城县,116.572115,33.215722,2024-06-15,2024-06-15 [免耕直播] -> 2024-07-07 [苗期中耕] -> 2024-07-29 [喇叭口期追肥] -> 2024-08-20 [大斑病防治] -> 2024-09-11 [人工授粉辅助],2024-10-08 15:38,15888.5,蒙城县第5深加工基地,"116.559951,33.250686",物理清理->脱粒烘干->破碎加工->筛理分级,2024-10-11 21:38,2024-10-12 00:55,WH-CN-556,现代化圆筒仓,2024-10-12 12:55,2024-11-21 12:55,避光控温控制,LOG-CN-21440725184,重型散粮卡车,"通风良好, 严控高温",2024-11-21 22:55,2024-11-26 05:31,西安市,未央区,108.94,34.29,2024-11-27 05:31
CN-AG-202406-11767,小麦,河南省,正阳县,114.341951,32.558581,2023-11-06,2023-11-06 [深耕整地] -> 2023-12-14 [秋播种子处理] -> 2024-01-21 [越冬水灌溉] -> 2024-02-28 [拔节期追肥] -> 2024-04-06 [条锈病防治] -> 2024-05-14 [干热风防护],2024-06-27 17:13,26526.75,正阳县第1深加工基地,"114.378649,32.597301",磁选除杂->着水润麦->多级研磨->高方筛理->包装,2024-06-30 20:13,2024-06-30 23:30,WH-CN-256,钢板筒仓,2024-07-01 08:30,2024-08-01 08:30,准低温低氧控制,LOG-CN-64230856698,全封闭货车,"干燥, 禁止异味混载",2024-08-01 18:30,2024-08-06 05:39,南京市,江宁区,118.83,31.95,2024-08-07 05:39
CN-AG-202410-11768,水稻,湖南省,南县,112.348931,29.374781,2024-05-21,2024-05-21 [播种育秧] -> 2024-06-13 [田间底肥] -> 2024-07-06 [插秧作业] -> 2024-07-29 [分蘖期灌溉] -> 2024-08-21 [除草控虫] -> 2024-09-13 [晒田补肥],2024-10-09 17:24,13504.76,南县第2深加工基地,"112.393653,29.360074",清理去石->砻谷脱壳->糙米碾白->抛光->色选->包装,2024-10-13 23:24,2024-10-14 02:26,WH-CN-372,平房仓(准低温),2024-10-14 07:26,2024-11-27 07:26,准低温低氧控制,LOG-CN-84662460211,散粮车,"防潮, 湿度<14%",2024-11-27 22:26,2024-12-03 03:16,广州市,天河区,113.33,23.13,2024-12-04 03:16
CN-AG-202406-11769,小麦,安徽省,蒙城县,116.576489,33.268877,2023-10-18,2023-10-18 [深耕整地] -> 2023-11-25 [秋播种子处理] -> 2024-01-02 [越冬水灌溉] -> 2024-02-09 [拔节期追肥] -> 2024-03-18 [条锈病防治] -> 2024-04-25 [干热风防护],2024-06-02 11:29,22217.89,蒙城县第3深加工基地,"116.564766,33.261134",磁选除杂->着水润麦->多级研磨->高方筛理->包装,2024-06-04 16:29,2024-06-05 01:00,WH-CN-823,钢板筒仓,2024-06-05 13:00,2024-07-02 13:00,准低温低氧控制,LOG-CN-75828027138,全封闭货车,"干燥, 禁止异味混载",2024-07-02 20:00,2024-07-04 22:32,北京市,海淀区,116.3,39.96,2024-07-06 22:32
CN-AG-202409-11770,水稻,安徽省,怀远县,117.231813,32.950273,2024-04-18,2024-04-18 [播种育秧] -> 2024-05-11 [田间底肥] -> 2024-06-03 [插秧作业] -> 2024-06-26 [分蘖期灌溉] -> 2024-07-19 [除草控虫] -> 2024-08-11 [晒田补肥],2024-09-09 13:20,5074.51,怀远县第3深加工基地,"117.199684,32.968655",清理去石->砻谷脱壳->糙米碾白->抛光->色选->包装,2024-09-13 17:20,2024-09-14 01:35,WH-CN-445,平房仓(准低温),2024-09-14 12:35,2024-10-19 12:35,准低温低氧控制,LOG-CN-30335642243,散粮车,"防潮, 湿度<14%",2024-10-20 02:35,2024-10-23 04:10,武汉市,江岸区,114.3,30.59,2024-10-26 04:10
CN-AG-202410-11771,玉米,河北省,宁晋县,114.862203,37.637772,2024-06-22,2024-06-22 [免耕直播] -> 2024-07-14 [苗期中耕] -> 2024-08-05 [喇叭口期追肥] -> 2024-08-27 [大斑病防治] -> 2024-09-18 [人工授粉辅助],2024-10-09 12:38,17429.61,宁晋县第3深加工基地,"114.922372,37.62308",物理清理->脱粒烘干->破碎加工->筛理分级,2024-10-11 17:38,2024-10-11 22:02,WH-CN-918,现代化圆筒仓,2024-10-12 04:02,2024-11-20 04:02,避光控温控制,LOG-CN-32562299928,重型散粮卡车,"通风良好, 严控高温",2024-11-20 16:02,2024-11-22 05:18,北京市,海淀区,116.3,39.96,2024-11-24 05:18
CN-AG-202409-11772,大豆,黑龙江省,嫩江市,125.170295,49.147182,2024-04-30,2024-04-30 [拌种包衣] -> 2024-05-25 [等距点播] -> 2024-06-19 [结荚期根外追肥] -> 2024-07-14 [食心虫绿色防控] -> 2024-08-08 [除草中耕],2024-09-05 09:43,27105.03,嫩江市第1深加工基地,"125.228464,49.161819",磁选->破碎压胚->高温压榨->物理过滤->精炼,2024-09-09 14:43,2024-09-09 19:21,WH-CN-685,不锈钢储油罐区,2024-09-10 06:21,2024-09-26 06:21,准低温低氧控制,LOG-CN-82889938715,罐式车,"避光, 控温25℃下",2024-09-26 12:21,2024-09-28 19:41,武汉市,洪山区,114.34,30.5,2024-09-29 19:41
CN-AG-202409-11773,花生,山东省,莒南县,118.785252,35.192714,2024-05-21,2024-05-21 [清棵蹲苗] -> 2024-06-14 [培土迎葑] -> 2024-07-08 [钙镁肥补充] -> 2024-08-01 [下针期控旺] -> 2024-08-25 [地下虫害防治],2024-09-14 13:40,36935.44,莒南县第2深加工基地,"118.83185,35.167134",剥壳分选->烘炒->压榨提取->物理精炼,2024-09-16 16:40,2024-09-16 21:52,WH-CN-826,避光库房,2024-09-17 09:52,2024-10-17 09:52,避光控温控制,LOG-CN-81136059939,厢式货车,避光防潮,2024-10-17 16:52,2024-10-22 01:08,北京市,丰台区,116.28,39.85,2024-10-23 01:08
CN-AG-202406-11774,小麦,安徽省,寿县,116.725239,32.610269,2023-11-04,2023-11-04 [深耕整地] -> 2023-12-12 [秋播种子处理] -> 2024-01-19 [越冬水灌溉] -> 2024-02-26 [拔节期追肥] -> 2024-04-04 [条锈病防治] -> 2024-05-12 [干热风防护],2024-06-23 11:11,33014.01,寿县第5深加工基地,"116.787795,32.564733",磁选除杂->着水润麦->多级研磨->高方筛理->包装,2024-06-24 15:11,2024-06-24 18:46,WH-CN-179,钢板筒仓,2024-06-25 01:46,2024-07-18 01:46,准低温低氧控制,LOG-CN-16404077785,全封闭货车,"干燥, 禁止异味混载",2024-07-18 13:46,2024-07-19 19:44,上海市,浦东新区,121.54,31.22,2024-07-22 19:44
CN-AG-202406-11775,小麦,黑龙江省,嫩江市,125.184168,49.1111,2023-10-16,2023-10-16 [深耕整地] -> 2023-11-23 [秋播种子处理] -> 2023-12-31 [越冬水灌溉] -> 2024-02-07 [拔节期追肥] -> 2024-03-16 [条锈病防治] -> 2024-04-23 [干热风防护],2024-06-05 17:05,34653.56,嫩江市第4深加工基地,"125.222268,49.17918",磁选除杂->着水润麦->多级研磨->高方筛理->包装,2024-06-08 21:05,2024-06-09 03:30,WH-CN-119,钢板筒仓,2024-06-09 11:30,2024-07-26 11:30,准低温低氧控制,LOG-CN-34495446135,全封闭货车,"干燥, 禁止异味混载",2024-07-27 02:30,2024-07-31 06:31,南京市,江宁区,118.83,31.95,2024-08-02 06:31
CN-AG-202409-11776,大豆,山东省,莒南县,118.778039,35.141401,2024-05-02,2024-05-02 [拌种包衣] -> 2024-05-27 [等距点播] -> 2024-06-21 [结荚期根外追肥] -> 2024-07-16 [食心虫绿色防控] -> 2024-08-10 [除草中耕],2024-09-04 12:13,19983.73,莒南县第1深加工基地,"118.824895,35.160564",磁选->破碎压胚->高温压榨->物理过滤->精炼,2024-09-06 14:13,2024-09-06 19:22,WH-CN-709,不锈钢储油罐区,2024-09-06 23:22,2024-10-26 23:22,准低温低氧控制,LOG-CN-30406122431,罐式车,"避光, 控温25℃下",2024-10-27 10:22,2024-10-29 01:36,西安市,未央区,108.94,34.29,2024-10-30 01:36
CN-AG-202409-11777,花生,辽宁省,黑山县,122.10991,41.735778,2024-05-22,2024-05-22 [清棵蹲苗] -> 2024-06-15 [培土迎葑] -> 2024-07-09 [钙镁肥补充] -> 2024-08-02 [下针期控旺] -> 2024-08-26 [地下虫害防治],2024-09-18 17:29,14919.65,黑山县第1深加工基地,"122.128366,41.694407",剥壳分选->烘炒->压榨提取->物理精炼,2024-09-21 20:29,2024-09-22 06:00,WH-CN-724,避光库房,2024-09-22 17:00,2024-10-09 17:00,避光控温控制,LOG-CN-70671820236,厢式货车,避光防潮,2024-10-10 02:00,2024-10-15 12:09,成都市,龙泉驿区,104.27,30.55,2024-10-16 12:09
CN-AG-202406-11778,小麦,河南省,滑县,114.482953,35.558965,2023-10-19,2023-10-19 [深耕整地] -> 2023-11-26 [秋播种子处理] -> 2024-01-03 [越冬水灌溉] -> 2024-02-10 [拔节期追肥] -> 2024-03-19 [条锈病防治] -> 2024-04-26 [干热风防护],2024-06-06 14:27,38880.76,滑县第3深加工基地,"114.528162,35.570342",磁选除杂->着水润麦->多级研磨->高方筛理->包装,2024-06-09 19:27,2024-06-10 05:15,WH-CN-622,钢板筒仓,2024-06-10 09:15,2024-07-01 09:15,准低温低氧控制,LOG-CN-65929797104,全封闭货车,"干燥, 禁止异味混载",2024-07-01 21:15,2024-07-03 09:12,深圳市,福田区,114.05,22.54,2024-07-05 09:12
CN-AG-202411-11779,棉花,新疆维吾尔自治区,沙雅县,82.7279,41.256525,2024-05-18,2024-05-18 [覆膜播种] -> 2024-06-23 [人工打顶] -> 2024-07-29 [叶面喷施补硼] -> 2024-09-03 [枯萎病监测] -> 2024-10-09 [喷施脱叶剂],2024-11-11 13:21,20914.31,沙雅县第3深加工基地,"82.781438,41.223851",皮棉清理->锯齿轧花->纤维分级->压力打包,2024-11-15 18:21,2024-11-15 22:02,WH-CN-215,专业纤维库,2024-11-16 02:02,2024-12-11 02:02,避光控温控制,LOG-CN-10033141252,高栏平板车,"严禁烟火, 防静电, 干燥",2024-12-11 15:02,2024-12-16 14:05,南京市,南京浦口区,118.62,32.05,2024-12-17 14:05
CN-AG-202409-11780,大豆,山东省,莒南县,118.784698,35.218896,2024-05-05,2024-05-05 [拌种包衣] -> 2024-05-30 [等距点播] -> 2024-06-24 [结荚期根外追肥] -> 2024-07-19 [食心虫绿色防控] -> 2024-08-13 [除草中耕],2024-09-02 14:37,20877.4,莒南县第5深加工基地,"118.837589,35.170681",磁选->破碎压胚->高温压榨->物理过滤->精炼,2024-09-05 19:37,2024-09-05 22:45,WH-CN-307,不锈钢储油罐区,2024-09-06 03:45,2024-09-27 03:45,准低温低氧控制,LOG-CN-34954588595,罐式车,"避光, 控温25℃下",2024-09-27 17:45,2024-09-29 05:39,上海市,宝山区,121.48,31.4,2024-10-01 05:39
CN-AG-202406-11781,小麦,甘肃省,永昌县,101.967839,38.229203,2023-11-04,2023-11-04 [深耕整地] -> 2023-12-12 [秋播种子处理] -> 2024-01-19 [越冬水灌溉] -> 2024-02-26 [拔节期追肥] -> 2024-04-04 [条锈病防治] -> 2024-05-12 [干热风防护],2024-06-19 11:48,36373.46,永昌县第5深加工基地,"101.965563,38.231409",磁选除杂->着水润麦->多级研磨->高方筛理->包装,2024-06-20 15:48,2024-06-20 20:37,WH-CN-403,钢板筒仓,2024-06-21 08:37,2024-07-19 08:37,准低温低氧控制,LOG-CN-27988806817,全封闭货车,"干燥, 禁止异味混载",2024-07-19 20:37,2024-07-22 15:07,武汉市,洪山区,114.34,30.5,2024-07-23 15:07
CN-AG-202409-11782,玉米,辽宁省,昌图县,124.163415,42.758941,2024-05-17,2024-05-17 [免耕直播] -> 2024-06-08 [苗期中耕] -> 2024-06-30 [喇叭口期追肥] -> 2024-07-22 [大斑病防治] -> 2024-08-13 [人工授粉辅助],2024-09-05 12:11,30226.04,昌图县第3深加工基地,"124.109217,42.775653",物理清理->脱粒烘干->破碎加工->筛理分级,2024-09-08 17:11,2024-09-09 02:04,WH-CN-170,现代化圆筒仓,2024-09-09 14:04,2024-10-10 14:04,避光控温控制,LOG-CN-53227957852,重型散粮卡车,"通风良好, 严控高温",2024-10-10 21:04,2024-10-14 22:05,武汉市,东西湖区,114.13,30.62,2024-10-15 22:05
CN-AG-202409-11783,花生,河南省,正阳县,114.339462,32.620557,2024-05-09,2024-05-09 [清棵蹲苗] -> 2024-06-02 [培土迎葑] -> 2024-06-26 [钙镁肥补充] -> 2024-07-20 [下针期控旺] -> 2024-08-13 [地下虫害防治],2024-09-04 08:38,16049.82,正阳县第3深加工基地,"114.384771,32.599729",剥壳分选->烘炒->压榨提取->物理精炼,2024-09-06 12:38,2024-09-06 18:28,WH-CN-816,避光库房,2024-09-07 03:28,2024-10-02 03:28,避光控温控制,LOG-CN-37069697302,厢式货车,避光防潮,2024-10-02 12:28,2024-10-07 13:43,深圳市,南山区,113.93,22.54,2024-10-08 13:43
CN-AG-202410-11784,棉花,江苏省,射阳县,120.265151,33.794023,2024-04-23,2024-04-23 [覆膜播种] -> 2024-05-29 [人工打顶] -> 2024-07-04 [叶面喷施补硼] -> 2024-08-09 [枯萎病监测] -> 2024-09-14 [喷施脱叶剂],2024-10-19 16:57,8356.22,射阳县第4深加工基地,"120.242526,33.753381",皮棉清理->锯齿轧花->纤维分级->压力打包,2024-10-20 21:57,2024-10-21 07:01,WH-CN-110,专业纤维库,2024-10-21 15:01,2024-11-14 15:01,避光控温控制,LOG-CN-47566751393,高栏平板车,"严禁烟火, 防静电, 干燥",2024-11-14 21:01,2024-11-19 06:42,西安市,未央区,108.94,34.29,2024-11-20 06:42
CN-AG-202409-11785,水稻,江苏省,东海县,118.725909,34.593493,2024-05-06,2024-05-06 [播种育秧] -> 2024-05-29 [田间底肥] -> 2024-06-21 [插秧作业] -> 2024-07-14 [分蘖期灌溉] -> 2024-08-06 [除草控虫] -> 2024-08-29 [晒田补肥],2024-09-27 10:21,18093.92,东海县第5深加工基地,"118.765296,34.545493",清理去石->砻谷脱壳->糙米碾白->抛光->色选->包装,2024-09-29 16:21,2024-09-30 00:39,WH-CN-211,平房仓(准低温),2024-09-30 07:39,2024-10-23 07:39,准低温低氧控制,LOG-CN-63489580005,散粮车,"防潮, 湿度<14%",2024-10-23 20:39,2024-10-28 07:32,西安市,雁塔区,108.94,34.21,2024-10-31 07:32
CN-AG-202405-11786,油菜籽,湖南省,桃源县,111.506395,28.952031,2023-10-09,2023-10-09 [育苗移栽] -> 2023-11-30 [越冬防冻肥] -> 2024-01-21 [薹期水肥调节] -> 2024-03-13 [菌核病无人机防治],2024-05-02 13:38,7938.68,桃源县第4深加工基地,"111.474381,28.905076",多级筛选->炒籽->螺旋压榨->精制过滤,2024-05-06 16:38,2024-05-07 01:00,WH-CN-721,恒温罐区,2024-05-07 08:00,2024-05-18 08:00,避光控温控制,LOG-CN-86317609198,罐式车,"避光, 防氧化",2024-05-18 19:00,2024-05-23 15:23,上海市,浦东新区,121.54,31.22,2024-05-26 15:23
CN-AG-202409-11787,大豆,内蒙古自治区,阿荣旗,123.524138,48.113165,2024-05-13,2024-05-13 [拌种包衣] -> 2024-06-07 [等距点播] -> 2024-07-02 [结荚期根外追肥] -> 2024-07-27 [食心虫绿色防控] -> 2024-08-21 [除草中耕],2024-09-16 17:13,29647.26,阿荣旗第3深加工基地,"123.502079,48.125399",磁选->破碎压胚->高温压榨->物理过滤->精炼,2024-09-19 22:13,2024-09-20 00:57,WH-CN-990,不锈钢储油罐区,2024-09-20 12:57,2024-11-07 12:57,准低温低氧控制,LOG-CN-56128166981,罐式车,"避光, 控温25℃下",2024-11-07 22:57,2024-11-09 04:21,成都市,新都区,104.15,30.82,2024-11-11 04:21
CN-AG-202410-11788,水稻,湖南省,安乡县,112.216826,29.465484,2024-05-26,2024-05-26 [播种育秧] -> 2024-06-18 [田间底肥] -> 2024-07-11 [插秧作业] -> 2024-08-03 [分蘖期灌溉] -> 2024-08-26 [除草控虫] -> 2024-09-18 [晒田补肥],2024-10-15 08:42,16211.83,安乡县第2深加工基地,"112.176455,29.405407",清理去石->砻谷脱壳->糙米碾白->抛光->色选->包装,2024-10-19 12:42,2024-10-19 15:15,WH-CN-768,平房仓(准低温),2024-10-19 23:15,2024-11-23 23:15,准低温低氧控制,LOG-CN-70912462279,散粮车,"防潮, 湿度<14%",2024-11-24 12:15,2024-11-28 09:11,广州市,天河区,113.33,23.13,2024-12-01 09:11
CN-AG-202410-11789,水稻,辽宁省,盘山县,122.035417,41.242199,2024-05-09,2024-05-09 [播种育秧] -> 2024-06-01 [田间底肥] -> 2024-06-24 [插秧作业] -> 2024-07-17 [分蘖期灌溉] -> 2024-08-09 [除草控虫] -> 2024-09-01 [晒田补肥],2024-10-01 10:59,20260.19,盘山县第1深加工基地,"122.041619,41.236289",清理去石->砻谷脱壳->糙米碾白->抛光->色选->包装,2024-10-05 12:59,2024-10-05 16:31,WH-CN-701,平房仓(准低温),2024-10-06 04:31,2024-11-12 04:31,准低温低氧控制,LOG-CN-21378884770,散粮车,"防潮, 湿度<14%",2024-11-12 11:31,2024-11-13 15:09,北京市,丰台区,116.28,39.85,2024-11-14 15:09
CN-AG-202409-11790,水稻,湖南省,南县,112.389312,29.387587,2024-05-05,2024-05-05 [播种育秧] -> 2024-05-28 [田间底肥] -> 2024-06-20 [插秧作业] -> 2024-07-13 [分蘖期灌溉] -> 2024-08-05 [除草控虫] -> 2024-08-28 [晒田补肥],2024-09-27 16:04,5844.31,南县第5深加工基地,"112.403986,29.362584",清理去石->砻谷脱壳->糙米碾白->抛光->色选->包装,2024-10-01 18:04,2024-10-01 20:59,WH-CN-572,平房仓(准低温),2024-10-02 03:59,2024-10-20 03:59,准低温低氧控制,LOG-CN-18803619949,散粮车,"防潮, 湿度<14%",2024-10-20 15:59,2024-10-25 05:09,西安市,长安区,108.87,34.15,2024-10-28 05:09
CN-AG-202410-11791,棉花,甘肃省,瓜州县,95.716236,40.535335,2024-04-29,2024-04-29 [覆膜播种] -> 2024-06-04 [人工打顶] -> 2024-07-10 [叶面喷施补硼] -> 2024-08-15 [枯萎病监测] -> 2024-09-20 [喷施脱叶剂],2024-10-23 14:32,12079.81,瓜州县第3深加工基地,"95.769165,40.517195",皮棉清理->锯齿轧花->纤维分级->压力打包,2024-10-24 16:32,2024-10-24 23:50,WH-CN-708,专业纤维库,2024-10-25 08:50,2024-12-01 08:50,避光控温控制,LOG-CN-63094458647,高栏平板车,"严禁烟火, 防静电, 干燥",2024-12-01 20:50,2024-12-03 00:21,南京市,江宁区,118.83,31.95,2024-12-05 00:21
CN-AG-202409-11792,水稻,广西壮族自治区,武宣县,109.629012,23.56149,2024-04-22,2024-04-22 [播种育秧] -> 2024-05-15 [田间底肥] -> 2024-06-07 [插秧作业] -> 2024-06-30 [分蘖期灌溉] -> 2024-07-23 [除草控虫] -> 2024-08-15 [晒田补肥],2024-09-05 08:22,11114.78,武宣县第1深加工基地,"109.667737,23.58966",清理去石->砻谷脱壳->糙米碾白->抛光->色选->包装,2024-09-07 12:22,2024-09-07 18:17,WH-CN-149,平房仓(准低温),2024-09-08 01:17,2024-10-24 01:17,准低温低氧控制,LOG-CN-59374897217,散粮车,"防潮, 湿度<14%",2024-10-24 15:17,2024-10-29 19:59,西安市,未央区,108.94,34.29,2024-11-01 19:59
CN-AG-202409-11793,大豆,辽宁省,昌图县,124.139967,42.765402,2024-05-19,2024-05-19 [拌种包衣] -> 2024-06-13 [等距点播] -> 2024-07-08 [结荚期根外追肥] -> 2024-08-02 [食心虫绿色防控] -> 2024-08-27 [除草中耕],2024-09-24 12:56,30442.84,昌图县第3深加工基地,"124.109521,42.771936",磁选->破碎压胚->高温压榨->物理过滤->精炼,2024-09-28 17:56,2024-09-28 22:02,WH-CN-621,不锈钢储油罐区,2024-09-29 07:02,2024-11-12 07:02,准低温低氧控制,LOG-CN-52865395022,罐式车,"避光, 控温25℃下",2024-11-12 15:02,2024-11-17 12:09,上海市,宝山区,121.48,31.4,2024-11-19 12:09
CN-AG-202409-11794,玉米,安徽省,蒙城县,116.592453,33.319002,2024-05-21,2024-05-21 [免耕直播] -> 2024-06-12 [苗期中耕] -> 2024-07-04 [喇叭口期追肥] -> 2024-07-26 [大斑病防治] -> 2024-08-17 [人工授粉辅助],2024-09-12 17:59,21438.65,蒙城县第1深加工基地,"116.560029,33.254211",物理清理->脱粒烘干->破碎加工->筛理分级,2024-09-15 23:59,2024-09-16 05:06,WH-CN-281,现代化圆筒仓,2024-09-16 12:06,2024-10-30 12:06,避光控温控制,LOG-CN-28685976524,重型散粮卡车,"通风良好, 严控高温",2024-10-31 00:06,2024-11-04 05:43,深圳市,南山区,113.93,22.54,2024-11-07 05:43
CN-AG-202409-11795,大豆,黑龙江省,嫩江市,125.209147,49.138035,2024-05-01,2024-05-01 [拌种包衣] -> 2024-05-26 [等距点播] -> 2024-06-20 [结荚期根外追肥] -> 2024-07-15 [食心虫绿色防控] -> 2024-08-09 [除草中耕],2024-09-02 14:57,38675.75,嫩江市第5深加工基地,"125.225424,49.175602",磁选->破碎压胚->高温压榨->物理过滤->精炼,2024-09-06 20:57,2024-09-07 00:30,WH-CN-293,不锈钢储油罐区,2024-09-07 06:30,2024-10-11 06:30,准低温低氧控制,LOG-CN-58150100390,罐式车,"避光, 控温25℃下",2024-10-11 21:30,2024-10-13 09:06,西安市,雁塔区,108.94,34.21,2024-10-15 09:06
CN-AG-202406-11796,大麦,甘肃省,永昌县,102.020667,38.207372,2024-03-10,2024-03-10 [翻耕播种] -> 2024-04-04 [分蘖期施氮] -> 2024-04-29 [化学除草] -> 2024-05-24 [灌浆期监控],2024-06-21 09:15,30329.43,永昌县第4深加工基地,"101.967598,38.241851",杂质清理->脱壳处理->分级磨皮->包装,2024-06-25 15:15,2024-06-25 19:35,WH-CN-482,平房仓,2024-06-25 23:35,2024-07-25 23:35,避光控温控制,LOG-CN-41061816815,散装车,防霉通风,2024-07-26 07:35,2024-07-30 01:26,南京市,南京浦口区,118.62,32.05,2024-08-02 01:26
CN-AG-202408-11797,花生,山东省,平度市,119.962609,36.780232,2024-04-19,2024-04-19 [清棵蹲苗] -> 2024-05-13 [培土迎葑] -> 2024-06-06 [钙镁肥补充] -> 2024-06-30 [下针期控旺] -> 2024-07-24 [地下虫害防治],2024-08-14 10:03,25681.16,平度市第5深加工基地,"119.949728,36.781198",剥壳分选->烘炒->压榨提取->物理精炼,2024-08-17 16:03,2024-08-17 22:44,WH-CN-301,避光库房,2024-08-18 06:44,2024-09-27 06:44,避光控温控制,LOG-CN-24467124173,厢式货车,避光防潮,2024-09-27 14:44,2024-10-01 13:54,上海市,浦东新区,121.54,31.22,2024-10-03 13:54
CN-AG-202409-11798,水稻,江苏省,东海县,118.731169,34.540592,2024-05-05,2024-05-05 [播种育秧] -> 2024-05-28 [田间底肥] -> 2024-06-20 [插秧作业] -> 2024-07-13 [分蘖期灌溉] -> 2024-08-05 [除草控虫] -> 2024-08-28 [晒田补肥],2024-09-26 10:08,27785.79,东海县第4深加工基地,"118.770835,34.546255",清理去石->砻谷脱壳->糙米碾白->抛光->色选->包装,2024-09-28 12:08,2024-09-28 18:23,WH-CN-482,平房仓(准低温),2024-09-29 05:23,2024-11-10 05:23,准低温低氧控制,LOG-CN-98666035993,散粮车,"防潮, 湿度<14%",2024-11-10 11:23,2024-11-15 16:38,南京市,江宁区,118.83,31.95,2024-11-18 16:38
CN-AG-202410-11799,水稻,吉林省,榆树市,126.581939,44.77573,2024-05-27,2024-05-27 [播种育秧] -> 2024-06-19 [田间底肥] -> 2024-07-12 [插秧作业] -> 2024-08-04 [分蘖期灌溉] -> 2024-08-27 [除草控虫] -> 2024-09-19 [晒田补肥],2024-10-16 15:46,16174.27,榆树市第3深加工基地,"126.558946,44.828649",清理去石->砻谷脱壳->糙米碾白->抛光->色选->包装,2024-10-17 20:46,2024-10-18 01:49,WH-CN-353,平房仓(准低温),2024-10-18 08:49,2024-11-01 08:49,准低温低氧控制,LOG-CN-21577803547,散粮车,"防潮, 湿度<14%",2024-11-01 18:49,2024-11-03 22:08,广州市,番禺区,113.38,22.93,2024-11-06 22:08
CN-AG-202409-11800,大豆,吉林省,公主岭市,124.776262,43.504282,2024-05-06,2024-05-06 [拌种包衣] -> 2024-05-31 [等距点播] -> 2024-06-25 [结荚期根外追肥] -> 2024-07-20 [食心虫绿色防控] -> 2024-08-14 [除草中耕],2024-09-12 08:54,18318.73,公主岭市第3深加工基地,"124.812252,43.520368",磁选->破碎压胚->高温压榨->物理过滤->精炼,2024-09-14 13:54,2024-09-14 17:44,WH-CN-561,不锈钢储油罐区,2024-09-14 21:44,2024-11-02 21:44,准低温低氧控制,LOG-CN-60009104834,罐式车,"避光, 控温25℃下",2024-11-03 03:44,2024-11-08 01:34,成都市,新都区,104.15,30.82,2024-11-09 01:34
CN-AG-202409-11801,花生,河北省,大名县,115.11203,36.332078,2024-05-14,2024-05-14 [清棵蹲苗] -> 2024-06-07 [培土迎葑] -> 2024-07-01 [钙镁肥补充] -> 2024-07-25 [下针期控旺] -> 2024-08-18 [地下虫害防治],2024-09-07 11:36,12974.02,大名县第5深加工基地,"115.148133,36.275055",剥壳分选->烘炒->压榨提取->物理精炼,2024-09-11 17:36,2024-09-11 23:19,WH-CN-758,避光库房,2024-09-12 10:19,2024-09-22 10:19,避光控温控制,LOG-CN-48293368389,厢式货车,避光防潮,2024-09-22 16:19,2024-09-25 19:55,武汉市,江岸区,114.3,30.59,2024-09-27 19:55
CN-AG-202410-11802,棉花,甘肃省,瓜州县,95.80536,40.49598,2024-04-30,2024-04-30 [覆膜播种] -> 2024-06-05 [人工打顶] -> 2024-07-11 [叶面喷施补硼] -> 2024-08-16 [枯萎病监测] -> 2024-09-21 [喷施脱叶剂],2024-10-26 09:01,37228.79,瓜州县第1深加工基地,"95.763415,40.509126",皮棉清理->锯齿轧花->纤维分级->压力打包,2024-10-28 14:01,2024-10-28 23:10,WH-CN-209,专业纤维库,2024-10-29 10:10,2024-11-24 10:10,避光控温控制,LOG-CN-82373637788,高栏平板车,"严禁烟火, 防静电, 干燥",2024-11-24 20:10,2024-11-28 22:19,深圳市,南山区,113.93,22.54,2024-11-29 22:19
CN-AG-202409-11803,大豆,吉林省,公主岭市,124.821094,43.492065,2024-04-30,2024-04-30 [拌种包衣] -> 2024-05-25 [等距点播] -> 2024-06-19 [结荚期根外追肥] -> 2024-07-14 [食心虫绿色防控] -> 2024-08-08 [除草中耕],2024-09-07 10:48,30082.38,公主岭市第1深加工基地,"124.822233,43.512949",磁选->破碎压胚->高温压榨->物理过滤->精炼,2024-09-09 14:48,2024-09-09 21:07,WH-CN-975,不锈钢储油罐区,2024-09-10 06:07,2024-10-03 06:07,准低温低氧控制,LOG-CN-49464960533,罐式车,"避光, 控温25℃下",2024-10-03 13:07,2024-10-05 01:12,成都市,新都区,104.15,30.82,2024-10-07 01:12
CN-AG-202410-11804,水稻,江苏省,射阳县,120.275764,33.75789,2024-05-14,2024-05-14 [播种育秧] -> 2024-06-06 [田间底肥] -> 2024-06-29 [插秧作业] -> 2024-07-22 [分蘖期灌溉] -> 2024-08-14 [除草控虫] -> 2024-09-06 [晒田补肥],2024-10-02 09:55,36921.14,射阳县第1深加工基地,"120.258245,33.758754",清理去石->砻谷脱壳->糙米碾白->抛光->色选->包装,2024-10-05 12:55,2024-10-05 18:41,WH-CN-950,平房仓(准低温),2024-10-06 00:41,2024-11-04 00:41,准低温低氧控制,LOG-CN-53939726797,散粮车,"防潮, 湿度<14%",2024-11-04 10:41,2024-11-07 15:51,武汉市,江岸区,114.3,30.59,2024-11-08 15:51
CN-AG-202406-11805,大麦,甘肃省,民乐县,100.779366,38.483529,2024-02-27,2024-02-27 [翻耕播种] -> 2024-03-23 [分蘖期施氮] -> 2024-04-17 [化学除草] -> 2024-05-12 [灌浆期监控],2024-06-05 11:36,18405.87,民乐县第1深加工基地,"100.806046,38.422631",杂质清理->脱壳处理->分级磨皮->包装,2024-06-06 16:36,2024-06-07 02:14,WH-CN-920,平房仓,2024-06-07 07:14,2024-07-15 07:14,避光控温控制,LOG-CN-48337662292,散装车,防霉通风,2024-07-15 17:14,2024-07-17 22:31,深圳市,宝安区,113.88,22.55,2024-07-19 22:31
CN-AG-202409-11806,水稻,安徽省,寿县,116.836646,32.61741,2024-04-29,2024-04-29 [播种育秧] -> 2024-05-22 [田间底肥] -> 2024-06-14 [插秧作业] -> 2024-07-07 [分蘖期灌溉] -> 2024-07-30 [除草控虫] -> 2024-08-22 [晒田补肥],2024-09-14 08:50,27134.24,寿县第1深加工基地,"116.7722,32.577186",清理去石->砻谷脱壳->糙米碾白->抛光->色选->包装,2024-09-15 10:50,2024-09-15 17:06,WH-CN-857,平房仓(准低温),2024-09-16 02:06,2024-10-02 02:06,准低温低氧控制,LOG-CN-10761588643,散粮车,"防潮, 湿度<14%",2024-10-02 13:06,2024-10-04 06:10,南京市,玄武区,118.79,32.06,2024-10-06 06:10
CN-AG-202411-11807,棉花,新疆维吾尔自治区,玛纳斯县,86.200803,44.353691,2024-05-25,2024-05-25 [覆膜播种] -> 2024-06-30 [人工打顶] -> 2024-08-05 [叶面喷施补硼] -> 2024-09-10 [枯萎病监测] -> 2024-10-16 [喷施脱叶剂],2024-11-21 09:31,23507.36,玛纳斯县第3深加工基地,"86.208848,44.290186",皮棉清理->锯齿轧花->纤维分级->压力打包,2024-11-25 11:31,2024-11-25 17:17,WH-CN-376,专业纤维库,2024-11-26 05:17,2024-12-08 05:17,避光控温控制,LOG-CN-36293130159,高栏平板车,"严禁烟火, 防静电, 干燥",2024-12-08 15:17,2024-12-13 05:10,武汉市,江岸区,114.3,30.59,2024-12-14 05:10
CN-AG-202406-11808,小麦,内蒙古自治区,五原县,108.265265,41.045528,2023-11-01,2023-11-01 [深耕整地] -> 2023-12-09 [秋播种子处理] -> 2024-01-16 [越冬水灌溉] -> 2024-02-23 [拔节期追肥] -> 2024-04-01 [条锈病防治] -> 2024-05-09 [干热风防护],2024-06-13 13:46,27637.9,五原县第1深加工基地,"108.259469,41.096771",磁选除杂->着水润麦->多级研磨->高方筛理->包装,2024-06-15 19:46,2024-06-16 01:10,WH-CN-782,钢板筒仓,2024-06-16 06:10,2024-07-17 06:10,准低温低氧控制,LOG-CN-85047870376,全封闭货车,"干燥, 禁止异味混载",2024-07-17 17:10,2024-07-21 15:17,南京市,南京浦口区,118.62,32.05,2024-07-23 15:17
CN-AG-202411-11809,棉花,新疆维吾尔自治区,玛纳斯县,86.254256,44.31358,2024-05-13,2024-05-13 [覆膜播种] -> 2024-06-18 [人工打顶] -> 2024-07-24 [叶面喷施补硼] -> 2024-08-29 [枯萎病监测] -> 2024-10-04 [喷施脱叶剂],2024-11-06 12:37,14461.71,玛纳斯县第1深加工基地,"86.208681,44.303238",皮棉清理->锯齿轧花->纤维分级->压力打包,2024-11-08 14:37,2024-11-09 00:03,WH-CN-397,专业纤维库,2024-11-09 05:03,2024-11-25 05:03,避光控温控制,LOG-CN-49127832929,高栏平板车,"严禁烟火, 防静电, 干燥",2024-11-25 20:03,2024-11-29 23:01,成都市,武侯区,104.04,30.64,2024-12-02 23:01
CN-AG-202409-11810,水稻,黑龙江省,五常市,127.19867,44.968331,2024-05-09,2024-05-09 [播种育秧] -> 2024-06-01 [田间底肥] -> 2024-06-24 [插秧作业] -> 2024-07-17 [分蘖期灌溉] -> 2024-08-09 [除草控虫] -> 2024-09-01 [晒田补肥],2024-09-27 16:23,34009.7,五常市第1深加工基地,"127.150639,44.922395",清理去石->砻谷脱壳->糙米碾白->抛光->色选->包装,2024-09-29 22:23,2024-09-30 01:54,WH-CN-210,平房仓(准低温),2024-09-30 09:54,2024-10-20 09:54,准低温低氧控制,LOG-CN-50588405589,散粮车,"防潮, 湿度<14%",2024-10-20 17:54,2024-10-21 18:51,南京市,江宁区,118.83,31.95,2024-10-22 18:51
CN-AG-202409-11811,大豆,黑龙江省,嫩江市,125.165647,49.144141,2024-05-19,2024-05-19 [拌种包衣] -> 2024-06-13 [等距点播] -> 2024-07-08 [结荚期根外追肥] -> 2024-08-02 [食心虫绿色防控] -> 2024-08-27 [除草中耕],2024-09-20 16:41,7593.6,嫩江市第5深加工基地,"125.227255,49.173371",磁选->破碎压胚->高温压榨->物理过滤->精炼,2024-09-23 21:41,2024-09-24 05:27,WH-CN-250,不锈钢储油罐区,2024-09-24 17:27,2024-11-05 17:27,准低温低氧控制,LOG-CN-33464914372,罐式车,"避光, 控温25℃下",2024-11-06 04:27,2024-11-10 11:46,南京市,江宁区,118.83,31.95,2024-11-13 11:46
CN-AG-202409-11812,水稻,湖南省,桃源县,111.51749,28.859548,2024-04-30,2024-04-30 [播种育秧] -> 2024-05-23 [田间底肥] -> 2024-06-15 [插秧作业] -> 2024-07-08 [分蘖期灌溉] -> 2024-07-31 [除草控虫] -> 2024-08-23 [晒田补肥],2024-09-22 14:29,11698.61,桃源县第2深加工基地,"111.488287,28.907068",清理去石->砻谷脱壳->糙米碾白->抛光->色选->包装,2024-09-25 20:29,2024-09-25 23:51,WH-CN-836,平房仓(准低温),2024-09-26 09:51,2024-10-25 09:51,准低温低氧控制,LOG-CN-83502691901,散粮车,"防潮, 湿度<14%",2024-10-26 00:51,2024-10-27 16:49,成都市,新都区,104.15,30.82,2024-10-29 16:49
CN-AG-202409-11813,水稻,四川省,三台县,105.138474,31.061834,2024-04-14,2024-04-14 [播种育秧] -> 2024-05-07 [田间底肥] -> 2024-05-30 [插秧作业] -> 2024-06-22 [分蘖期灌溉] -> 2024-07-15 [除草控虫] -> 2024-08-07 [晒田补肥],2024-09-04 11:03,24010.05,三台县第1深加工基地,"105.091047,31.086413",清理去石->砻谷脱壳->糙米碾白->抛光->色选->包装,2024-09-07 14:03,2024-09-07 18:24,WH-CN-844,平房仓(准低温),2024-09-07 23:24,2024-10-09 23:24,准低温低氧控制,LOG-CN-27718390495,散粮车,"防潮, 湿度<14%",2024-10-10 07:24,2024-10-12 13:42,南京市,南京浦口区,118.62,32.05,2024-10-13 13:42
CN-AG-202406-11814,大麦,甘肃省,民乐县,100.755266,38.376061,2024-03-09,2024-03-09 [翻耕播种] -> 2024-04-03 [分蘖期施氮] -> 2024-04-28 [化学除草] -> 2024-05-23 [灌浆期监控],2024-06-13 15:53,20435.4,民乐县第1深加工基地,"100.80889,38.434407",杂质清理->脱壳处理->分级磨皮->包装,2024-06-15 18:53,2024-06-15 21:28,WH-CN-933,平房仓,2024-06-16 03:28,2024-07-16 03:28,避光控温控制,LOG-CN-76349464606,散装车,防霉通风,2024-07-16 11:28,2024-07-18 18:02,深圳市,南山区,113.93,22.54,2024-07-20 18:02
CN-AG-202406-11815,小麦,河北省,藁城区,114.80285,38.000755,2023-11-10,2023-11-10 [深耕整地] -> 2023-12-18 [秋播种子处理] -> 2024-01-25 [越冬水灌溉] -> 2024-03-03 [拔节期追肥] -> 2024-04-10 [条锈病防治] -> 2024-05-18 [干热风防护],2024-06-25 10:39,22037.82,藁城区第2深加工基地,"114.830008,38.033399",磁选除杂->着水润麦->多级研磨->高方筛理->包装,2024-06-29 15:39,2024-06-30 00:11,WH-CN-176,钢板筒仓,2024-06-30 10:11,2024-08-09 10:11,准低温低氧控制,LOG-CN-70300126278,全封闭货车,"干燥, 禁止异味混载",2024-08-10 00:11,2024-08-14 18:07,成都市,武侯区,104.04,30.64,2024-08-16 18:07
CN-AG-202409-11816,玉米,四川省,三台县,105.03951,31.126707,2024-06-13,2024-06-13 [免耕直播] -> 2024-07-05 [苗期中耕] -> 2024-07-27 [喇叭口期追肥] -> 2024-08-18 [大斑病防治] -> 2024-09-09 [人工授粉辅助],2024-09-26 12:53,30013.97,三台县第4深加工基地,"105.087725,31.08383",物理清理->脱粒烘干->破碎加工->筛理分级,2024-09-27 15:53,2024-09-28 01:29,WH-CN-248,现代化圆筒仓,2024-09-28 08:29,2024-10-10 08:29,避光控温控制,LOG-CN-31365855567,重型散粮卡车,"通风良好, 严控高温",2024-10-10 14:29,2024-10-15 07:12,武汉市,洪山区,114.34,30.5,2024-10-18 07:12
CN-AG-202409-11817,大豆,山东省,莒南县,118.812599,35.168183,2024-05-16,2024-05-16 [拌种包衣] -> 2024-06-10 [等距点播] -> 2024-07-05 [结荚期根外追肥] -> 2024-07-30 [食心虫绿色防控] -> 2024-08-24 [除草中耕],2024-09-14 13:18,29965.83,莒南县第5深加工基地,"118.839278,35.166414",磁选->破碎压胚->高温压榨->物理过滤->精炼,2024-09-18 19:18,2024-09-19 02:51,WH-CN-664,不锈钢储油罐区,2024-09-19 09:51,2024-11-05 09:51,准低温低氧控制,LOG-CN-40860543609,罐式车,"避光, 控温25℃下",2024-11-05 21:51,2024-11-10 22:37,广州市,白云区,113.27,23.15,2024-11-13 22:37
CN-AG-202405-11818,油菜籽,湖北省,钟祥市,112.522812,31.18699,2023-10-31,2023-10-31 [育苗移栽] -> 2023-12-22 [越冬防冻肥] -> 2024-02-12 [薹期水肥调节] -> 2024-04-04 [菌核病无人机防治],2024-05-26 16:36,37151.49,钟祥市第3深加工基地,"112.5875,31.168604",多级筛选->炒籽->螺旋压榨->精制过滤,2024-05-30 19:36,2024-05-31 03:49,WH-CN-284,恒温罐区,2024-05-31 09:49,2024-07-09 09:49,避光控温控制,LOG-CN-58242142659,罐式车,"避光, 防氧化",2024-07-09 15:49,2024-07-13 05:45,南京市,南京浦口区,118.62,32.05,2024-07-16 05:45
CN-AG-202410-11819,棉花,江苏省,射阳县,120.201347,33.726175,2024-04-20,2024-04-20 [覆膜播种] -> 2024-05-26 [人工打顶] -> 2024-07-01 [叶面喷施补硼] -> 2024-08-06 [枯萎病监测] -> 2024-09-11 [喷施脱叶剂],2024-10-17 17:38,13730.62,射阳县第4深加工基地,"120.25212,33.755168",皮棉清理->锯齿轧花->纤维分级->压力打包,2024-10-19 19:38,2024-10-20 05:08,WH-CN-837,专业纤维库,2024-10-20 10:08,2024-11-26 10:08,避光控温控制,LOG-CN-57489575289,高栏平板车,"严禁烟火, 防静电, 干燥",2024-11-26 17:08,2024-12-01 04:20,广州市,番禺区,113.38,22.93,2024-12-03 04:20
CN-AG-202409-11820,大豆,黑龙江省,五常市,127.096429,44.938438,2024-05-19,2024-05-19 [拌种包衣] -> 2024-06-13 [等距点播] -> 2024-07-08 [结荚期根外追肥] -> 2024-08-02 [食心虫绿色防控] -> 2024-08-27 [除草中耕],2024-09-16 15:23,38536.71,五常市第2深加工基地,"127.152451,44.92281",磁选->破碎压胚->高温压榨->物理过滤->精炼,2024-09-19 21:23,2024-09-20 02:17,WH-CN-887,不锈钢储油罐区,2024-09-20 12:17,2024-10-12 12:17,准低温低氧控制,LOG-CN-40368393993,罐式车,"避光, 控温25℃下",2024-10-13 00:17,2024-10-16 16:43,武汉市,江岸区,114.3,30.59,2024-10-19 16:43
CN-AG-202406-11821,小麦,湖北省,枣阳市,112.750488,32.094939,2023-10-29,2023-10-29 [深耕整地] -> 2023-12-06 [秋播种子处理] -> 2024-01-13 [越冬水灌溉] -> 2024-02-20 [拔节期追肥] -> 2024-03-29 [条锈病防治] -> 2024-05-06 [干热风防护],2024-06-19 13:04,8528.76,枣阳市第2深加工基地,"112.74567,32.130898",磁选除杂->着水润麦->多级研磨->高方筛理->包装,2024-06-22 19:04,2024-06-22 23:57,WH-CN-824,钢板筒仓,2024-06-23 08:57,2024-07-20 08:57,准低温低氧控制,LOG-CN-93010577390,全封闭货车,"干燥, 禁止异味混载",2024-07-20 19:57,2024-07-24 22:18,广州市,天河区,113.33,23.13,2024-07-26 22:18
CN-AG-202409-11822,大豆,吉林省,公主岭市,124.861096,43.573811,2024-05-04,2024-05-04 [拌种包衣] -> 2024-05-29 [等距点播] -> 2024-06-23 [结荚期根外追肥] -> 2024-07-18 [食心虫绿色防控] -> 2024-08-12 [除草中耕],2024-09-04 17:26,13063.74,公主岭市第4深加工基地,"124.81156,43.524447",磁选->破碎压胚->高温压榨->物理过滤->精炼,2024-09-07 19:26,2024-09-08 04:18,WH-CN-334,不锈钢储油罐区,2024-09-08 09:18,2024-09-19 09:18,准低温低氧控制,LOG-CN-12600199941,罐式车,"避光, 控温25℃下",2024-09-19 19:18,2024-09-22 14:24,南京市,江宁区,118.83,31.95,2024-09-25 14:24
CN-AG-202406-11823,小麦,山东省,平度市,119.949134,36.732736,2023-10-15,2023-10-15 [深耕整地] -> 2023-11-22 [秋播种子处理] -> 2023-12-30 [越冬水灌溉] -> 2024-02-06 [拔节期追肥] -> 2024-03-15 [条锈病防治] -> 2024-04-22 [干热风防护],2024-06-03 15:15,35393.13,平度市第1深加工基地,"119.959565,36.773214",磁选除杂->着水润麦->多级研磨->高方筛理->包装,2024-06-05 18:15,2024-06-05 22:46,WH-CN-826,钢板筒仓,2024-06-06 06:46,2024-06-24 06:46,准低温低氧控制,LOG-CN-34388669910,全封闭货车,"干燥, 禁止异味混载",2024-06-24 19:46,2024-06-28 12:36,南京市,南京浦口区,118.62,32.05,2024-06-30 12:36
CN-AG-202406-11824,小麦,内蒙古自治区,五原县,108.258496,41.059022,2023-11-04,2023-11-04 [深耕整地] -> 2023-12-12 [秋播种子处理] -> 2024-01-19 [越冬水灌溉] -> 2024-02-26 [拔节期追肥] -> 2024-04-04 [条锈病防治] -> 2024-05-12 [干热风防护],2024-06-17 09:28,20443.25,五原县第3深加工基地,"108.262788,41.097282",磁选除杂->着水润麦->多级研磨->高方筛理->包装,2024-06-19 13:28,2024-06-19 23:18,WH-CN-695,钢板筒仓,2024-06-20 07:18,2024-07-28 07:18,准低温低氧控制,LOG-CN-41882021525,全封闭货车,"干燥, 禁止异味混载",2024-07-28 14:18,2024-07-30 00:15,武汉市,洪山区,114.34,30.5,2024-07-31 00:15
CN-AG-202406-11825,小麦,安徽省,蒙城县,116.551638,33.215484,2023-10-19,2023-10-19 [深耕整地] -> 2023-11-26 [秋播种子处理] -> 2024-01-03 [越冬水灌溉] -> 2024-02-10 [拔节期追肥] -> 2024-03-19 [条锈病防治] -> 2024-04-26 [干热风防护],2024-06-03 12:38,30620.12,蒙城县第3深加工基地,"116.567755,33.255494",磁选除杂->着水润麦->多级研磨->高方筛理->包装,2024-06-05 14:38,2024-06-05 17:16,WH-CN-900,钢板筒仓,2024-06-06 05:16,2024-07-18 05:16,准低温低氧控制,LOG-CN-91480177009,全封闭货车,"干燥, 禁止异味混载",2024-07-18 14:16,2024-07-19 21:08,南京市,玄武区,118.79,32.06,2024-07-21 21:08
CN-AG-202405-11826,油菜籽,甘肃省,民乐县,100.859647,38.37487,2023-10-08,2023-10-08 [育苗移栽] -> 2023-11-29 [越冬防冻肥] -> 2024-01-20 [薹期水肥调节] -> 2024-03-12 [菌核病无人机防治],2024-05-08 16:06,9514.62,民乐县第5深加工基地,"100.805951,38.43666",多级筛选->炒籽->螺旋压榨->精制过滤,2024-05-09 19:06,2024-05-10 03:36,WH-CN-256,恒温罐区,2024-05-10 13:36,2024-06-08 13:36,避光控温控制,LOG-CN-19897973519,罐式车,"避光, 防氧化",2024-06-08 20:36,2024-06-13 10:38,武汉市,东西湖区,114.13,30.62,2024-06-14 10:38
CN-AG-202405-11827,油菜籽,甘肃省,民乐县,100.753746,38.464715,2023-10-15,2023-10-15 [育苗移栽] -> 2023-12-06 [越冬防冻肥] -> 2024-01-27 [薹期水肥调节] -> 2024-03-19 [菌核病无人机防治],2024-05-15 08:08,11704.6,民乐县第1深加工基地,"100.810532,38.439337",多级筛选->炒籽->螺旋压榨->精制过滤,2024-05-18 13:08,2024-05-18 16:10,WH-CN-388,恒温罐区,2024-05-19 02:10,2024-07-08 02:10,避光控温控制,LOG-CN-94043370327,罐式车,"避光, 防氧化",2024-07-08 15:10,2024-07-13 02:00,西安市,长安区,108.87,34.15,2024-07-16 02:00
CN-AG-202405-11828,油菜籽,湖南省,安乡县,112.15351,29.386394,2023-10-11,2023-10-11 [育苗移栽] -> 2023-12-02 [越冬防冻肥] -> 2024-01-23 [薹期水肥调节] -> 2024-03-15 [菌核病无人机防治],2024-05-07 10:01,8656.57,安乡县第4深加工基地,"112.179787,29.401328",多级筛选->炒籽->螺旋压榨->精制过滤,2024-05-09 14:01,2024-05-09 22:11,WH-CN-469,恒温罐区,2024-05-10 09:11,2024-06-05 09:11,避光控温控制,LOG-CN-48744086884,罐式车,"避光, 防氧化",2024-06-05 18:11,2024-06-08 09:30,深圳市,宝安区,113.88,22.55,2024-06-09 09:30
CN-AG-202406-11829,小麦,河北省,宁晋县,114.938589,37.564715,2023-10-17,2023-10-17 [深耕整地] -> 2023-11-24 [秋播种子处理] -> 2024-01-01 [越冬水灌溉] -> 2024-02-08 [拔节期追肥] -> 2024-03-17 [条锈病防治] -> 2024-04-24 [干热风防护],2024-06-01 12:07,21532.54,宁晋县第2深加工基地,"114.928978,37.618855",磁选除杂->着水润麦->多级研磨->高方筛理->包装,2024-06-02 15:07,2024-06-02 20:29,WH-CN-801,钢板筒仓,2024-06-03 05:29,2024-07-04 05:29,准低温低氧控制,LOG-CN-30104569260,全封闭货车,"干燥, 禁止异味混载",2024-07-04 15:29,2024-07-06 08:32,西安市,长安区,108.87,34.15,2024-07-09 08:32
CN-AG-202410-11830,水稻,广西壮族自治区,桂平市,110.08385,23.35952,2024-05-22,2024-05-22 [播种育秧] -> 2024-06-14 [田间底肥] -> 2024-07-07 [插秧作业] -> 2024-07-30 [分蘖期灌溉] -> 2024-08-22 [除草控虫] -> 2024-09-14 [晒田补肥],2024-10-14 15:08,19823.18,桂平市第4深加工基地,"110.084057,23.389647",清理去石->砻谷脱壳->糙米碾白->抛光->色选->包装,2024-10-15 20:08,2024-10-16 01:51,WH-CN-479,平房仓(准低温),2024-10-16 06:51,2024-11-28 06:51,准低温低氧控制,LOG-CN-22304085771,散粮车,"防潮, 湿度<14%",2024-11-28 20:51,2024-12-04 06:20,西安市,长安区,108.87,34.15,2024-12-06 06:20
CN-AG-202410-11831,玉米,内蒙古自治区,五原县,108.223255,41.048161,2024-07-06,2024-07-06 [免耕直播] -> 2024-07-28 [苗期中耕] -> 2024-08-19 [喇叭口期追肥] -> 2024-09-10 [大斑病防治] -> 2024-10-02 [人工授粉辅助],2024-10-22 09:08,21679.3,五原县第1深加工基地,"108.264763,41.094291",物理清理->脱粒烘干->破碎加工->筛理分级,2024-10-23 15:08,2024-10-23 22:31,WH-CN-381,现代化圆筒仓,2024-10-24 05:31,2024-12-12 05:31,避光控温控制,LOG-CN-24436441856,重型散粮卡车,"通风良好, 严控高温",2024-12-12 13:31,2024-12-13 18:48,西安市,长安区,108.87,34.15,2024-12-16 18:48
CN-AG-202410-11832,水稻,湖南省,南县,112.408819,29.322697,2024-05-21,2024-05-21 [播种育秧] -> 2024-06-13 [田间底肥] -> 2024-07-06 [插秧作业] -> 2024-07-29 [分蘖期灌溉] -> 2024-08-21 [除草控虫] -> 2024-09-13 [晒田补肥],2024-10-11 16:26,38664.41,南县第5深加工基地,"112.407232,29.354305",清理去石->砻谷脱壳->糙米碾白->抛光->色选->包装,2024-10-12 21:26,2024-10-13 07:00,WH-CN-773,平房仓(准低温),2024-10-13 14:00,2024-11-09 14:00,准低温低氧控制,LOG-CN-17204102398,散粮车,"防潮, 湿度<14%",2024-11-10 04:00,2024-11-14 19:01,上海市,宝山区,121.48,31.4,2024-11-16 19:01
CN-AG-202407-11833,大麦,甘肃省,永昌县,101.972219,38.293062,2024-04-07,2024-04-07 [翻耕播种] -> 2024-05-02 [分蘖期施氮] -> 2024-05-27 [化学除草] -> 2024-06-21 [灌浆期监控],2024-07-16 13:32,17659.4,永昌县第3深加工基地,"101.964681,38.237046",杂质清理->脱壳处理->分级磨皮->包装,2024-07-18 19:32,2024-07-18 22:56,WH-CN-947,平房仓,2024-07-19 10:56,2024-09-07 10:56,避光控温控制,LOG-CN-92917206020,散装车,防霉通风,2024-09-07 22:56,2024-09-12 19:04,武汉市,洪山区,114.34,30.5,2024-09-13 19:04
CN-AG-202409-11834,大豆,内蒙古自治区,阿荣旗,123.48222,48.065974,2024-05-09,2024-05-09 [拌种包衣] -> 2024-06-03 [等距点播] -> 2024-06-28 [结荚期根外追肥] -> 2024-07-23 [食心虫绿色防控] -> 2024-08-17 [除草中耕],2024-09-15 09:43,30860.85,阿荣旗第1深加工基地,"123.510672,48.123085",磁选->破碎压胚->高温压榨->物理过滤->精炼,2024-09-18 13:43,2024-09-18 16:28,WH-CN-886,不锈钢储油罐区,2024-09-19 02:28,2024-10-13 02:28,准低温低氧控制,LOG-CN-37295013164,罐式车,"避光, 控温25℃下",2024-10-13 15:28,2024-10-14 16:36,武汉市,江岸区,114.3,30.59,2024-10-15 16:36
CN-AG-202409-11835,水稻,江苏省,射阳县,120.237553,33.803285,2024-04-10,2024-04-10 [播种育秧] -> 2024-05-03 [田间底肥] -> 2024-05-26 [插秧作业] -> 2024-06-18 [分蘖期灌溉] -> 2024-07-11 [除草控虫] -> 2024-08-03 [晒田补肥],2024-09-02 13:22,29787.22,射阳县第4深加工基地,"120.249786,33.753877",清理去石->砻谷脱壳->糙米碾白->抛光->色选->包装,2024-09-05 17:22,2024-09-06 02:18,WH-CN-566,平房仓(准低温),2024-09-06 09:18,2024-10-06 09:18,准低温低氧控制,LOG-CN-82875656271,散粮车,"防潮, 湿度<14%",2024-10-06 15:18,2024-10-10 01:06,成都市,龙泉驿区,104.27,30.55,2024-10-13 01:06
CN-AG-202409-11836,水稻,湖北省,监利市,112.872133,29.831509,2024-05-14,2024-05-14 [播种育秧] -> 2024-06-06 [田间底肥] -> 2024-06-29 [插秧作业] -> 2024-07-22 [分蘖期灌溉] -> 2024-08-14 [除草控虫] -> 2024-09-06 [晒田补肥],2024-09-26 09:48,39550.84,监利市第2深加工基地,"112.899416,29.829099",清理去石->砻谷脱壳->糙米碾白->抛光->色选->包装,2024-09-27 14:48,2024-09-27 23:57,WH-CN-402,平房仓(准低温),2024-09-28 05:57,2024-10-08 05:57,准低温低氧控制,LOG-CN-24613765627,散粮车,"防潮, 湿度<14%",2024-10-08 20:57,2024-10-11 12:28,成都市,武侯区,104.04,30.64,2024-10-12 12:28
CN-AG-202410-11837,玉米,广西壮族自治区,武宣县,109.712877,23.614797,2024-07-09,2024-07-09 [免耕直播] -> 2024-07-31 [苗期中耕] -> 2024-08-22 [喇叭口期追肥] -> 2024-09-13 [大斑病防治] -> 2024-10-05 [人工授粉辅助],2024-10-22 15:34,13998.93,武宣县第3深加工基地,"109.650844,23.586586",物理清理->脱粒烘干->破碎加工->筛理分级,2024-10-25 17:34,2024-10-25 20:15,WH-CN-252,现代化圆筒仓,2024-10-26 04:15,2024-12-10 04:15,避光控温控制,LOG-CN-69957438539,重型散粮卡车,"通风良好, 严控高温",2024-12-10 17:15,2024-12-12 03:48,南京市,江宁区,118.83,31.95,2024-12-14 03:48
CN-AG-202410-11838,玉米,辽宁省,黑山县,122.125335,41.689555,2024-07-10,2024-07-10 [免耕直播] -> 2024-08-01 [苗期中耕] -> 2024-08-23 [喇叭口期追肥] -> 2024-09-14 [大斑病防治] -> 2024-10-06 [人工授粉辅助],2024-10-27 15:03,13082.57,黑山县第2深加工基地,"122.125209,41.683369",物理清理->脱粒烘干->破碎加工->筛理分级,2024-10-31 20:03,2024-10-31 23:15,WH-CN-434,现代化圆筒仓,2024-11-01 04:15,2024-11-12 04:15,避光控温控制,LOG-CN-41326450675,重型散粮卡车,"通风良好, 严控高温",2024-11-12 17:15,2024-11-16 05:04,上海市,宝山区,121.48,31.4,2024-11-17 05:04
CN-AG-202409-11839,大豆,黑龙江省,富锦市,132.083493,47.308191,2024-05-02,2024-05-02 [拌种包衣] -> 2024-05-27 [等距点播] -> 2024-06-21 [结荚期根外追肥] -> 2024-07-16 [食心虫绿色防控] -> 2024-08-10 [除草中耕],2024-09-05 12:53,22969.92,富锦市第1深加工基地,"132.037507,47.243942",磁选->破碎压胚->高温压榨->物理过滤->精炼,2024-09-09 18:53,2024-09-10 02:12,WH-CN-922,不锈钢储油罐区,2024-09-10 13:12,2024-10-06 13:12,准低温低氧控制,LOG-CN-72122567905,罐式车,"避光, 控温25℃下",2024-10-06 19:12,2024-10-09 05:03,北京市,朝阳区,116.48,39.92,2024-10-10 05:03
CN-AG-202405-11840,油菜籽,四川省,中江县,104.664462,31.054539,2023-10-17,2023-10-17 [育苗移栽] -> 2023-12-08 [越冬防冻肥] -> 2024-01-29 [薹期水肥调节] -> 2024-03-21 [菌核病无人机防治],2024-05-13 17:10,19910.18,中江县第3深加工基地,"104.676992,31.030812",多级筛选->炒籽->螺旋压榨->精制过滤,2024-05-17 19:10,2024-05-18 00:04,WH-CN-350,恒温罐区,2024-05-18 12:04,2024-06-04 12:04,避光控温控制,LOG-CN-40648454509,罐式车,"避光, 防氧化",2024-06-04 21:04,2024-06-06 04:09,上海市,宝山区,121.48,31.4,2024-06-09 04:09
CN-AG-202407-11841,大麦,吉林省,前郭县,124.794785,45.107616,2024-04-14,2024-04-14 [翻耕播种] -> 2024-05-09 [分蘖期施氮] -> 2024-06-03 [化学除草] -> 2024-06-28 [灌浆期监控],2024-07-23 14:52,6990.43,前郭县第2深加工基地,"124.811583,45.109865",杂质清理->脱壳处理->分级磨皮->包装,2024-07-24 20:52,2024-07-25 06:05,WH-CN-377,平房仓,2024-07-25 11:05,2024-08-14 11:05,避光控温控制,LOG-CN-73389118109,散装车,防霉通风,2024-08-15 02:05,2024-08-16 13:02,西安市,未央区,108.94,34.29,2024-08-18 13:02
CN-AG-202410-11842,棉花,甘肃省,瓜州县,95.818109,40.472689,2024-04-10,2024-04-10 [覆膜播种] -> 2024-05-16 [人工打顶] -> 2024-06-21 [叶面喷施补硼] -> 2024-07-27 [枯萎病监测] -> 2024-09-01 [喷施脱叶剂],2024-10-12 14:51,28511.39,瓜州县第2深加工基地,"95.772665,40.513484",皮棉清理->锯齿轧花->纤维分级->压力打包,2024-10-16 18:51,2024-10-16 21:35,WH-CN-226,专业纤维库,2024-10-17 06:35,2024-11-09 06:35,避光控温控制,LOG-CN-45805240222,高栏平板车,"严禁烟火, 防静电, 干燥",2024-11-09 17:35,2024-11-11 05:31,南京市,玄武区,118.79,32.06,2024-11-14 05:31
CN-AG-202409-11843,玉米,辽宁省,昌图县,124.122501,42.73194,2024-06-04,2024-06-04 [免耕直播] -> 2024-06-26 [苗期中耕] -> 2024-07-18 [喇叭口期追肥] -> 2024-08-09 [大斑病防治] -> 2024-08-31 [人工授粉辅助],2024-09-19 08:40,6846.53,昌图县第1深加工基地,"124.101574,42.772419",物理清理->脱粒烘干->破碎加工->筛理分级,2024-09-20 13:40,2024-09-20 16:15,WH-CN-469,现代化圆筒仓,2024-09-21 03:15,2024-10-07 03:15,避光控温控制,LOG-CN-30921400982,重型散粮卡车,"通风良好, 严控高温",2024-10-07 15:15,2024-10-12 02:52,深圳市,宝安区,113.88,22.55,2024-10-13 02:52
CN-AG-202406-11844,小麦,新疆维吾尔自治区,奇台县,89.578334,44.023277,2023-10-22,2023-10-22 [深耕整地] -> 2023-11-29 [秋播种子处理] -> 2024-01-06 [越冬水灌溉] -> 2024-02-13 [拔节期追肥] -> 2024-03-22 [条锈病防治] -> 2024-04-29 [干热风防护],2024-06-09 10:41,9197.17,奇台县第4深加工基地,"89.581784,44.021776",磁选除杂->着水润麦->多级研磨->高方筛理->包装,2024-06-13 13:41,2024-06-13 22:34,WH-CN-211,钢板筒仓,2024-06-14 07:34,2024-07-06 07:34,准低温低氧控制,LOG-CN-94887655631,全封闭货车,"干燥, 禁止异味混载",2024-07-06 15:34,2024-07-09 08:23,成都市,新都区,104.15,30.82,2024-07-11 08:23
CN-AG-202405-11845,油菜籽,湖南省,安乡县,112.130974,29.401718,2023-10-31,2023-10-31 [育苗移栽] -> 2023-12-22 [越冬防冻肥] -> 2024-02-12 [薹期水肥调节] -> 2024-04-04 [菌核病无人机防治],2024-05-24 10:26,30194.28,安乡县第5深加工基地,"112.171223,29.419742",多级筛选->炒籽->螺旋压榨->精制过滤,2024-05-27 14:26,2024-05-27 19:37,WH-CN-477,恒温罐区,2024-05-28 02:37,2024-07-05 02:37,避光控温控制,LOG-CN-83272255148,罐式车,"避光, 防氧化",2024-07-05 10:37,2024-07-08 14:10,武汉市,东西湖区,114.13,30.62,2024-07-09 14:10
CN-AG-202409-11846,大豆,辽宁省,昌图县,124.08905,42.802492,2024-05-02,2024-05-02 [拌种包衣] -> 2024-05-27 [等距点播] -> 2024-06-21 [结荚期根外追肥] -> 2024-07-16 [食心虫绿色防控] -> 2024-08-10 [除草中耕],2024-09-02 10:51,38215.22,昌图县第3深加工基地,"124.119517,42.771895",磁选->破碎压胚->高温压榨->物理过滤->精炼,2024-09-04 13:51,2024-09-04 19:18,WH-CN-996,不锈钢储油罐区,2024-09-05 07:18,2024-10-08 07:18,准低温低氧控制,LOG-CN-34244400888,罐式车,"避光, 控温25℃下",2024-10-08 21:18,2024-10-10 05:02,深圳市,南山区,113.93,22.54,2024-10-11 05:02
CN-AG-202410-11847,水稻,安徽省,怀远县,117.190857,32.944351,2024-05-19,2024-05-19 [播种育秧] -> 2024-06-11 [田间底肥] -> 2024-07-04 [插秧作业] -> 2024-07-27 [分蘖期灌溉] -> 2024-08-19 [除草控虫] -> 2024-09-11 [晒田补肥],2024-10-01 15:20,14817.46,怀远县第4深加工基地,"117.190494,32.972997",清理去石->砻谷脱壳->糙米碾白->抛光->色选->包装,2024-10-05 21:20,2024-10-06 00:35,WH-CN-604,平房仓(准低温),2024-10-06 11:35,2024-10-29 11:35,准低温低氧控制,LOG-CN-76523275136,散粮车,"防潮, 湿度<14%",2024-10-29 21:35,2024-10-31 13:57,武汉市,江岸区,114.3,30.59,2024-11-01 13:57
CN-AG-202407-11848,大麦,甘肃省,民乐县,100.814389,38.467231,2024-04-06,2024-04-06 [翻耕播种] -> 2024-05-01 [分蘖期施氮] -> 2024-05-26 [化学除草] -> 2024-06-20 [灌浆期监控],2024-07-19 14:16,23622.55,民乐县第5深加工基地,"100.801232,38.425564",杂质清理->脱壳处理->分级磨皮->包装,2024-07-21 16:16,2024-07-21 21:22,WH-CN-238,平房仓,2024-07-22 07:22,2024-08-19 07:22,避光控温控制,LOG-CN-50330492880,散装车,防霉通风,2024-08-19 19:22,2024-08-20 20:46,北京市,朝阳区,116.48,39.92,2024-08-23 20:46
CN-AG-202409-11849,水稻,湖北省,枣阳市,112.797404,32.0895,2024-05-07,2024-05-07 [播种育秧] -> 2024-05-30 [田间底肥] -> 2024-06-22 [插秧作业] -> 2024-07-15 [分蘖期灌溉] -> 2024-08-07 [除草控虫] -> 2024-08-30 [晒田补肥],2024-09-24 15:23,5724.42,枣阳市第1深加工基地,"112.744998,32.13372",清理去石->砻谷脱壳->糙米碾白->抛光->色选->包装,2024-09-26 20:23,2024-09-27 02:49,WH-CN-243,平房仓(准低温),2024-09-27 09:49,2024-11-11 09:49,准低温低氧控制,LOG-CN-10520908307,散粮车,"防潮, 湿度<14%",2024-11-11 19:49,2024-11-16 07:40,武汉市,东西湖区,114.13,30.62,2024-11-18 07:40
CN-AG-202405-11850,油菜籽,甘肃省,民乐县,100.832874,38.377872,2023-10-09,2023-10-09 [育苗移栽] -> 2023-11-30 [越冬防冻肥] -> 2024-01-21 [薹期水肥调节] -> 2024-03-13 [菌核病无人机防治],2024-05-06 13:16,9946.74,民乐县第3深加工基地,"100.80809,38.431448",多级筛选->炒籽->螺旋压榨->精制过滤,2024-05-08 19:16,2024-05-09 01:28,WH-CN-579,恒温罐区,2024-05-09 05:28,2024-05-24 05:28,避光控温控制,LOG-CN-70263038539,罐式车,"避光, 防氧化",2024-05-24 20:28,2024-05-30 07:07,南京市,玄武区,118.79,32.06,2024-05-31 07:07
CN-AG-202410-11851,水稻,湖南省,安乡县,112.136018,29.393633,2024-05-22,2024-05-22 [播种育秧] -> 2024-06-14 [田间底肥] -> 2024-07-07 [插秧作业] -> 2024-07-30 [分蘖期灌溉] -> 2024-08-22 [除草控虫] -> 2024-09-14 [晒田补肥],2024-10-05 13:42,33883.12,安乡县第5深加工基地,"112.179413,29.413392",清理去石->砻谷脱壳->糙米碾白->抛光->色选->包装,2024-10-09 17:42,2024-10-09 21:55,WH-CN-404,平房仓(准低温),2024-10-10 02:55,2024-11-14 02:55,准低温低氧控制,LOG-CN-94330056854,散粮车,"防潮, 湿度<14%",2024-11-14 10:55,2024-11-17 09:58,北京市,朝阳区,116.48,39.92,2024-11-20 09:58
CN-AG-202409-11852,大豆,安徽省,怀远县,117.211654,32.931086,2024-04-29,2024-04-29 [拌种包衣] -> 2024-05-24 [等距点播] -> 2024-06-18 [结荚期根外追肥] -> 2024-07-13 [食心虫绿色防控] -> 2024-08-07 [除草中耕],2024-09-05 15:35,30406.8,怀远县第3深加工基地,"117.198934,32.968484",磁选->破碎压胚->高温压榨->物理过滤->精炼,2024-09-08 18:35,2024-09-09 02:56,WH-CN-917,不锈钢储油罐区,2024-09-09 09:56,2024-10-16 09:56,准低温低氧控制,LOG-CN-92919902238,罐式车,"避光, 控温25℃下",2024-10-17 00:56,2024-10-19 10:32,上海市,闵行区,121.38,31.11,2024-10-21 10:32
CN-AG-202410-11853,玉米,广西壮族自治区,武宣县,109.699016,23.560498,2024-07-06,2024-07-06 [免耕直播] -> 2024-07-28 [苗期中耕] -> 2024-08-19 [喇叭口期追肥] -> 2024-09-10 [大斑病防治] -> 2024-10-02 [人工授粉辅助],2024-10-27 15:46,33035.71,武宣县第4深加工基地,"109.660868,23.589705",物理清理->脱粒烘干->破碎加工->筛理分级,2024-10-28 18:46,2024-10-29 01:05,WH-CN-846,现代化圆筒仓,2024-10-29 08:05,2024-11-14 08:05,避光控温控制,LOG-CN-79176763584,重型散粮卡车,"通风良好, 严控高温",2024-11-14 18:05,2024-11-19 09:51,西安市,长安区,108.87,34.15,2024-11-22 09:51
CN-AG-202409-11854,玉米,内蒙古自治区,突泉县,121.531817,46.306571,2024-06-09,2024-06-09 [免耕直播] -> 2024-07-01 [苗期中耕] -> 2024-07-23 [喇叭口期追肥] -> 2024-08-14 [大斑病防治] -> 2024-09-05 [人工授粉辅助],2024-09-22 12:57,37134.27,突泉县第3深加工基地,"121.574282,46.321718",物理清理->脱粒烘干->破碎加工->筛理分级,2024-09-24 15:57,2024-09-24 23:34,WH-CN-827,现代化圆筒仓,2024-09-25 06:34,2024-10-30 06:34,避光控温控制,LOG-CN-47221536063,重型散粮卡车,"通风良好, 严控高温",2024-10-30 18:34,2024-11-01 08:03,广州市,白云区,113.27,23.15,2024-11-03 08:03
CN-AG-202406-11855,小麦,黑龙江省,嫩江市,125.242809,49.133548,2023-10-29,2023-10-29 [深耕整地] -> 2023-12-06 [秋播种子处理] -> 2024-01-13 [越冬水灌溉] -> 2024-02-20 [拔节期追肥] -> 2024-03-29 [条锈病防治] -> 2024-05-06 [干热风防护],2024-06-11 13:06,29757.23,嫩江市第2深加工基地,"125.218315,49.167808",磁选除杂->着水润麦->多级研磨->高方筛理->包装,2024-06-13 19:06,2024-06-14 00:49,WH-CN-644,钢板筒仓,2024-06-14 07:49,2024-07-26 07:49,准低温低氧控制,LOG-CN-94690134486,全封闭货车,"干燥, 禁止异味混载",2024-07-26 13:49,2024-07-29 09:49,上海市,浦东新区,121.54,31.22,2024-07-30 09:49
CN-AG-202411-11856,棉花,新疆维吾尔自治区,玛纳斯县,86.194125,44.296301,2024-05-24,2024-05-24 [覆膜播种] -> 2024-06-29 [人工打顶] -> 2024-08-04 [叶面喷施补硼] -> 2024-09-09 [枯萎病监测] -> 2024-10-15 [喷施脱叶剂],2024-11-25 12:43,11389.61,玛纳斯县第5深加工基地,"86.206193,44.292012",皮棉清理->锯齿轧花->纤维分级->压力打包,2024-11-28 18:43,2024-11-29 00:15,WH-CN-315,专业纤维库,2024-11-29 06:15,2025-01-11 06:15,避光控温控制,LOG-CN-36907947677,高栏平板车,"严禁烟火, 防静电, 干燥",2025-01-11 18:15,2025-01-15 08:45,广州市,白云区,113.27,23.15,2025-01-17 08:45
CN-AG-202409-11857,大豆,内蒙古自治区,突泉县,121.589894,46.349648,2024-05-20,2024-05-20 [拌种包衣] -> 2024-06-14 [等距点播] -> 2024-07-09 [结荚期根外追肥] -> 2024-08-03 [食心虫绿色防控] -> 2024-08-28 [除草中耕],2024-09-24 10:45,5049.53,突泉县第4深加工基地,"121.569202,46.325724",磁选->破碎压胚->高温压榨->物理过滤->精炼,2024-09-26 16:45,2024-09-26 22:49,WH-CN-874,不锈钢储油罐区,2024-09-27 04:49,2024-10-12 04:49,准低温低氧控制,LOG-CN-19299179899,罐式车,"避光, 控温25℃下",2024-10-12 10:49,2024-10-13 11:57,武汉市,洪山区,114.34,30.5,2024-10-15 11:57
CN-AG-202405-11858,油菜籽,甘肃省,民乐县,100.775245,38.393214,2023-10-22,2023-10-22 [育苗移栽] -> 2023-12-13 [越冬防冻肥] -> 2024-02-03 [薹期水肥调节] -> 2024-03-26 [菌核病无人机防治],2024-05-23 16:24,17463.37,民乐县第1深加工基地,"100.817935,38.420461",多级筛选->炒籽->螺旋压榨->精制过滤,2024-05-27 20:24,2024-05-28 00:44,WH-CN-673,恒温罐区,2024-05-28 11:44,2024-06-11 11:44,避光控温控制,LOG-CN-85453104005,罐式车,"避光, 防氧化",2024-06-12 00:44,2024-06-14 07:51,武汉市,江岸区,114.3,30.59,2024-06-15 07:51
CN-AG-202409-11859,大豆,内蒙古自治区,阿荣旗,123.477304,48.085285,2024-05-02,2024-05-02 [拌种包衣] -> 2024-05-27 [等距点播] -> 2024-06-21 [结荚期根外追肥] -> 2024-07-16 [食心虫绿色防控] -> 2024-08-10 [除草中耕],2024-09-08 08:42,21671.7,阿荣旗第2深加工基地,"123.502548,48.115592",磁选->破碎压胚->高温压榨->物理过滤->精炼,2024-09-11 10:42,2024-09-11 17:15,WH-CN-381,不锈钢储油罐区,2024-09-12 00:15,2024-10-06 00:15,准低温低氧控制,LOG-CN-22632965512,罐式车,"避光, 控温25℃下",2024-10-06 09:15,2024-10-07 22:23,西安市,未央区,108.94,34.29,2024-10-10 22:23
CN-AG-202406-11860,小麦,河南省,正阳县,114.329017,32.616712,2023-11-06,2023-11-06 [深耕整地] -> 2023-12-14 [秋播种子处理] -> 2024-01-21 [越冬水灌溉] -> 2024-02-28 [拔节期追肥] -> 2024-04-06 [条锈病防治] -> 2024-05-14 [干热风防护],2024-06-25 10:43,26262.34,正阳县第4深加工基地,"114.382895,32.592684",磁选除杂->着水润麦->多级研磨->高方筛理->包装,2024-06-28 16:43,2024-06-29 00:40,WH-CN-254,钢板筒仓,2024-06-29 04:40,2024-08-11 04:40,准低温低氧控制,LOG-CN-10742262799,全封闭货车,"干燥, 禁止异味混载",2024-08-11 18:40,2024-08-16 13:41,广州市,白云区,113.27,23.15,2024-08-17 13:41
CN-AG-202409-11861,水稻,湖北省,钟祥市,112.604954,31.150759,2024-05-15,2024-05-15 [播种育秧] -> 2024-06-07 [田间底肥] -> 2024-06-30 [插秧作业] -> 2024-07-23 [分蘖期灌溉] -> 2024-08-15 [除草控虫] -> 2024-09-07 [晒田补肥],2024-09-28 10:48,13210.2,钟祥市第1深加工基地,"112.57512,31.171148",清理去石->砻谷脱壳->糙米碾白->抛光->色选->包装,2024-10-01 14:48,2024-10-01 18:50,WH-CN-932,平房仓(准低温),2024-10-02 01:50,2024-11-19 01:50,准低温低氧控制,LOG-CN-81398837236,散粮车,"防潮, 湿度<14%",2024-11-19 13:50,2024-11-24 15:52,武汉市,东西湖区,114.13,30.62,2024-11-25 15:52
CN-AG-202409-11862,水稻,江苏省,射阳县,120.203953,33.768099,2024-04-24,2024-04-24 [播种育秧] -> 2024-05-17 [田间底肥] -> 2024-06-09 [插秧作业] -> 2024-07-02 [分蘖期灌溉] -> 2024-07-25 [除草控虫] -> 2024-08-17 [晒田补肥],2024-09-15 13:28,21269.99,射阳县第1深加工基地,"120.248743,33.750728",清理去石->砻谷脱壳->糙米碾白->抛光->色选->包装,2024-09-16 16:28,2024-09-16 20:23,WH-CN-273,平房仓(准低温),2024-09-17 03:23,2024-09-27 03:23,准低温低氧控制,LOG-CN-47513297262,散粮车,"防潮, 湿度<14%",2024-09-27 09:23,2024-10-01 14:41,北京市,海淀区,116.3,39.96,2024-10-02 14:41
CN-AG-202409-11863,水稻,辽宁省,盘山县,122.052481,41.212145,2024-04-10,2024-04-10 [播种育秧] -> 2024-05-03 [田间底肥] -> 2024-05-26 [插秧作业] -> 2024-06-18 [分蘖期灌溉] -> 2024-07-11 [除草控虫] -> 2024-08-03 [晒田补肥],2024-09-02 15:32,38232.26,盘山县第1深加工基地,"122.049978,41.247427",清理去石->砻谷脱壳->糙米碾白->抛光->色选->包装,2024-09-06 20:32,2024-09-07 04:34,WH-CN-701,平房仓(准低温),2024-09-07 13:34,2024-10-20 13:34,准低温低氧控制,LOG-CN-88764458324,散粮车,"防潮, 湿度<14%",2024-10-21 00:34,2024-10-25 16:08,西安市,未央区,108.94,34.29,2024-10-27 16:08
CN-AG-202409-11864,大豆,辽宁省,昌图县,124.098565,42.792932,2024-04-28,2024-04-28 [拌种包衣] -> 2024-05-23 [等距点播] -> 2024-06-17 [结荚期根外追肥] -> 2024-07-12 [食心虫绿色防控] -> 2024-08-06 [除草中耕],2024-09-02 12:39,22559.68,昌图县第3深加工基地,"124.105142,42.774504",磁选->破碎压胚->高温压榨->物理过滤->精炼,2024-09-04 15:39,2024-09-04 21:29,WH-CN-206,不锈钢储油罐区,2024-09-05 07:29,2024-10-24 07:29,准低温低氧控制,LOG-CN-49190889302,罐式车,"避光, 控温25℃下",2024-10-24 19:29,2024-10-26 11:57,成都市,新都区,104.15,30.82,2024-10-27 11:57
CN-AG-202409-11865,水稻,广西壮族自治区,武宣县,109.644073,23.587535,2024-04-20,2024-04-20 [播种育秧] -> 2024-05-13 [田间底肥] -> 2024-06-05 [插秧作业] -> 2024-06-28 [分蘖期灌溉] -> 2024-07-21 [除草控虫] -> 2024-08-13 [晒田补肥],2024-09-10 11:41,11768.26,武宣县第3深加工基地,"109.657366,23.598276",清理去石->砻谷脱壳->糙米碾白->抛光->色选->包装,2024-09-13 15:41,2024-09-13 18:34,WH-CN-719,平房仓(准低温),2024-09-14 02:34,2024-10-19 02:34,准低温低氧控制,LOG-CN-39505649228,散粮车,"防潮, 湿度<14%",2024-10-19 15:34,2024-10-22 16:50,广州市,天河区,113.33,23.13,2024-10-25 16:50
CN-AG-202405-11866,油菜籽,湖南省,安乡县,112.156024,29.394813,2023-10-18,2023-10-18 [育苗移栽] -> 2023-12-09 [越冬防冻肥] -> 2024-01-30 [薹期水肥调节] -> 2024-03-22 [菌核病无人机防治],2024-05-14 14:28,7638.17,安乡县第1深加工基地,"112.173016,29.416732",多级筛选->炒籽->螺旋压榨->精制过滤,2024-05-15 19:28,2024-05-16 02:42,WH-CN-155,恒温罐区,2024-05-16 14:42,2024-06-21 14:42,避光控温控制,LOG-CN-97597110684,罐式车,"避光, 防氧化",2024-06-22 01:42,2024-06-25 10:59,武汉市,东西湖区,114.13,30.62,2024-06-28 10:59
CN-AG-202406-11867,小麦,江苏省,兴化市,119.830097,32.9437,2023-10-25,2023-10-25 [深耕整地] -> 2023-12-02 [秋播种子处理] -> 2024-01-09 [越冬水灌溉] -> 2024-02-16 [拔节期追肥] -> 2024-03-25 [条锈病防治] -> 2024-05-02 [干热风防护],2024-06-14 12:05,38845.53,兴化市第3深加工基地,"119.840767,32.936358",磁选除杂->着水润麦->多级研磨->高方筛理->包装,2024-06-18 18:05,2024-06-18 22:35,WH-CN-688,钢板筒仓,2024-06-19 09:35,2024-08-02 09:35,准低温低氧控制,LOG-CN-26507751146,全封闭货车,"干燥, 禁止异味混载",2024-08-02 22:35,2024-08-06 10:38,武汉市,洪山区,114.34,30.5,2024-08-07 10:38
CN-AG-202406-11868,小麦,江苏省,兴化市,119.85153,32.974496,2023-11-08,2023-11-08 [深耕整地] -> 2023-12-16 [秋播种子处理] -> 2024-01-23 [越冬水灌溉] -> 2024-03-01 [拔节期追肥] -> 2024-04-08 [条锈病防治] -> 2024-05-16 [干热风防护],2024-06-22 17:33,26989.32,兴化市第2深加工基地,"119.849943,32.927965",磁选除杂->着水润麦->多级研磨->高方筛理->包装,2024-06-25 20:33,2024-06-26 02:47,WH-CN-498,钢板筒仓,2024-06-26 14:47,2024-07-06 14:47,准低温低氧控制,LOG-CN-20069811002,全封闭货车,"干燥, 禁止异味混载",2024-07-06 20:47,2024-07-09 09:49,成都市,龙泉驿区,104.27,30.55,2024-07-11 09:49
CN-AG-202409-11869,大豆,安徽省,怀远县,117.141532,32.99009,2024-05-10,2024-05-10 [拌种包衣] -> 2024-06-04 [等距点播] -> 2024-06-29 [结荚期根外追肥] -> 2024-07-24 [食心虫绿色防控] -> 2024-08-18 [除草中耕],2024-09-13 17:11,9934.42,怀远县第4深加工基地,"117.198935,32.977431",磁选->破碎压胚->高温压榨->物理过滤->精炼,2024-09-15 19:11,2024-09-16 04:47,WH-CN-595,不锈钢储油罐区,2024-09-16 11:47,2024-10-06 11:47,准低温低氧控制,LOG-CN-35727819942,罐式车,"避光, 控温25℃下",2024-10-06 22:47,2024-10-12 02:18,西安市,雁塔区,108.94,34.21,2024-10-13 02:18
CN-AG-202409-11870,玉米,吉林省,公主岭市,124.776589,43.501156,2024-05-14,2024-05-14 [免耕直播] -> 2024-06-05 [苗期中耕] -> 2024-06-27 [喇叭口期追肥] -> 2024-07-19 [大斑病防治] -> 2024-08-10 [人工授粉辅助],2024-09-01 08:35,11357.0,公主岭市第4深加工基地,"124.819926,43.518789",物理清理->脱粒烘干->破碎加工->筛理分级,2024-09-05 14:35,2024-09-06 00:26,WH-CN-489,现代化圆筒仓,2024-09-06 09:26,2024-10-23 09:26,避光控温控制,LOG-CN-10084700872,重型散粮卡车,"通风良好, 严控高温",2024-10-23 18:26,2024-10-25 13:11,上海市,闵行区,121.38,31.11,2024-10-27 13:11
CN-AG-202410-11871,水稻,湖南省,南县,112.421439,29.348438,2024-05-28,2024-05-28 [播种育秧] -> 2024-06-20 [田间底肥] -> 2024-07-13 [插秧作业] -> 2024-08-05 [分蘖期灌溉] -> 2024-08-28 [除草控虫] -> 2024-09-20 [晒田补肥],2024-10-16 16:13,9375.35,南县第5深加工基地,"112.409228,29.358418",清理去石->砻谷脱壳->糙米碾白->抛光->色选->包装,2024-10-17 19:13,2024-10-17 21:58,WH-CN-430,平房仓(准低温),2024-10-18 04:58,2024-11-14 04:58,准低温低氧控制,LOG-CN-87035440373,散粮车,"防潮, 湿度<14%",2024-11-14 16:58,2024-11-17 12:39,上海市,浦东新区,121.54,31.22,2024-11-18 12:39
CN-AG-202411-11872,棉花,甘肃省,瓜州县,95.806897,40.521913,2024-05-29,2024-05-29 [覆膜播种] -> 2024-07-04 [人工打顶] -> 2024-08-09 [叶面喷施补硼] -> 2024-09-14 [枯萎病监测] -> 2024-10-20 [喷施脱叶剂],2024-11-27 08:47,13663.22,瓜州县第4深加工基地,"95.767946,40.502187",皮棉清理->锯齿轧花->纤维分级->压力打包,2024-11-28 13:47,2024-11-28 16:39,WH-CN-132,专业纤维库,2024-11-28 20:39,2025-01-08 20:39,避光控温控制,LOG-CN-18559293490,高栏平板车,"严禁烟火, 防静电, 干燥",2025-01-09 03:39,2025-01-14 13:56,成都市,龙泉驿区,104.27,30.55,2025-01-15 13:56
CN-AG-202411-11873,棉花,甘肃省,瓜州县,95.778338,40.490422,2024-05-13,2024-05-13 [覆膜播种] -> 2024-06-18 [人工打顶] -> 2024-07-24 [叶面喷施补硼] -> 2024-08-29 [枯萎病监测] -> 2024-10-04 [喷施脱叶剂],2024-11-10 12:12,36221.23,瓜州县第4深加工基地,"95.761567,40.517222",皮棉清理->锯齿轧花->纤维分级->压力打包,2024-11-14 14:12,2024-11-14 22:20,WH-CN-919,专业纤维库,2024-11-15 08:20,2024-12-10 08:20,避光控温控制,LOG-CN-45755750693,高栏平板车,"严禁烟火, 防静电, 干燥",2024-12-10 16:20,2024-12-12 03:18,西安市,未央区,108.94,34.29,2024-12-14 03:18
CN-AG-202406-11874,小麦,山东省,汶上县,116.522038,35.678709,2023-10-19,2023-10-19 [深耕整地] -> 2023-11-26 [秋播种子处理] -> 2024-01-03 [越冬水灌溉] -> 2024-02-10 [拔节期追肥] -> 2024-03-19 [条锈病防治] -> 2024-04-26 [干热风防护],2024-06-04 16:09,13774.24,汶上县第5深加工基地,"116.483375,35.724257",磁选除杂->着水润麦->多级研磨->高方筛理->包装,2024-06-08 20:09,2024-06-08 23:13,WH-CN-615,钢板筒仓,2024-06-09 07:13,2024-06-29 07:13,准低温低氧控制,LOG-CN-76574440723,全封闭货车,"干燥, 禁止异味混载",2024-06-29 18:13,2024-07-01 23:53,西安市,长安区,108.87,34.15,2024-07-02 23:53
CN-AG-202406-11875,大麦,新疆维吾尔自治区,奇台县,89.629947,44.025145,2024-03-11,2024-03-11 [翻耕播种] -> 2024-04-05 [分蘖期施氮] -> 2024-04-30 [化学除草] -> 2024-05-25 [灌浆期监控],2024-06-23 12:43,34207.43,奇台县第5深加工基地,"89.582596,44.012502",杂质清理->脱壳处理->分级磨皮->包装,2024-06-25 14:43,2024-06-25 22:37,WH-CN-960,平房仓,2024-06-26 04:37,2024-07-14 04:37,避光控温控制,LOG-CN-23568725376,散装车,防霉通风,2024-07-14 13:37,2024-07-18 15:32,深圳市,宝安区,113.88,22.55,2024-07-21 15:32
CN-AG-202406-11876,小麦,河南省,唐河县,112.883565,32.686818,2023-11-01,2023-11-01 [深耕整地] -> 2023-12-09 [秋播种子处理] -> 2024-01-16 [越冬水灌溉] -> 2024-02-23 [拔节期追肥] -> 2024-04-01 [条锈病防治] -> 2024-05-09 [干热风防护],2024-06-15 09:13,7487.49,唐河县第3深加工基地,"112.826539,32.6783",磁选除杂->着水润麦->多级研磨->高方筛理->包装,2024-06-16 13:13,2024-06-16 21:50,WH-CN-213,钢板筒仓,2024-06-17 05:50,2024-07-29 05:50,准低温低氧控制,LOG-CN-97895042742,全封闭货车,"干燥, 禁止异味混载",2024-07-29 17:50,2024-08-02 04:49,成都市,龙泉驿区,104.27,30.55,2024-08-04 04:49
CN-AG-202410-11877,玉米,广西壮族自治区,武宣县,109.711654,23.602803,2024-06-12,2024-06-12 [免耕直播] -> 2024-07-04 [苗期中耕] -> 2024-07-26 [喇叭口期追肥] -> 2024-08-17 [大斑病防治] -> 2024-09-08 [人工授粉辅助],2024-10-01 12:20,37221.88,武宣县第4深加工基地,"109.66991,23.596739",物理清理->脱粒烘干->破碎加工->筛理分级,2024-10-03 18:20,2024-10-03 21:33,WH-CN-869,现代化圆筒仓,2024-10-04 02:33,2024-11-08 02:33,避光控温控制,LOG-CN-65038239800,重型散粮卡车,"通风良好, 严控高温",2024-11-08 15:33,2024-11-13 02:58,成都市,龙泉驿区,104.27,30.55,2024-11-15 02:58
CN-AG-202406-11878,小麦,山东省,汶上县,116.433543,35.672708,2023-10-28,2023-10-28 [深耕整地] -> 2023-12-05 [秋播种子处理] -> 2024-01-12 [越冬水灌溉] -> 2024-02-19 [拔节期追肥] -> 2024-03-28 [条锈病防治] -> 2024-05-05 [干热风防护],2024-06-13 14:55,34745.39,汶上县第2深加工基地,"116.486412,35.732189",磁选除杂->着水润麦->多级研磨->高方筛理->包装,2024-06-17 19:55,2024-06-17 22:48,WH-CN-700,钢板筒仓,2024-06-18 10:48,2024-07-20 10:48,准低温低氧控制,LOG-CN-50526410894,全封闭货车,"干燥, 禁止异味混载",2024-07-21 00:48,2024-07-25 14:35,广州市,天河区,113.33,23.13,2024-07-27 14:35
CN-AG-202408-11879,花生,山东省,平度市,119.918705,36.754229,2024-04-10,2024-04-10 [清棵蹲苗] -> 2024-05-04 [培土迎葑] -> 2024-05-28 [钙镁肥补充] -> 2024-06-21 [下针期控旺] -> 2024-07-15 [地下虫害防治],2024-08-03 15:23,22067.77,平度市第2深加工基地,"119.941128,36.78574",剥壳分选->烘炒->压榨提取->物理精炼,2024-08-06 21:23,2024-08-07 05:12,WH-CN-579,避光库房,2024-08-07 17:12,2024-09-19 17:12,避光控温控制,LOG-CN-50203440061,厢式货车,避光防潮,2024-09-20 01:12,2024-09-24 04:47,西安市,长安区,108.87,34.15,2024-09-27 04:47
CN-AG-202410-11880,棉花,甘肃省,瓜州县,95.770697,40.494326,2024-03-30,2024-03-30 [覆膜播种] -> 2024-05-05 [人工打顶] -> 2024-06-10 [叶面喷施补硼] -> 2024-07-16 [枯萎病监测] -> 2024-08-21 [喷施脱叶剂],2024-10-01 14:04,32479.27,瓜州县第3深加工基地,"95.774572,40.511207",皮棉清理->锯齿轧花->纤维分级->压力打包,2024-10-04 16:04,2024-10-04 22:06,WH-CN-135,专业纤维库,2024-10-05 04:06,2024-11-22 04:06,避光控温控制,LOG-CN-61804621929,高栏平板车,"严禁烟火, 防静电, 干燥",2024-11-22 13:06,2024-11-26 23:39,西安市,长安区,108.87,34.15,2024-11-28 23:39
CN-AG-202410-11881,水稻,安徽省,寿县,116.793522,32.552581,2024-05-23,2024-05-23 [播种育秧] -> 2024-06-15 [田间底肥] -> 2024-07-08 [插秧作业] -> 2024-07-31 [分蘖期灌溉] -> 2024-08-23 [除草控虫] -> 2024-09-15 [晒田补肥],2024-10-14 14:12,11647.15,寿县第5深加工基地,"116.780952,32.571708",清理去石->砻谷脱壳->糙米碾白->抛光->色选->包装,2024-10-15 17:12,2024-10-15 21:05,WH-CN-940,平房仓(准低温),2024-10-16 02:05,2024-11-11 02:05,准低温低氧控制,LOG-CN-43920600559,散粮车,"防潮, 湿度<14%",2024-11-11 11:05,2024-11-12 22:39,深圳市,福田区,114.05,22.54,2024-11-15 22:39
CN-AG-202406-11882,大麦,甘肃省,永昌县,101.941134,38.256858,2024-02-22,2024-02-22 [翻耕播种] -> 2024-03-18 [分蘖期施氮] -> 2024-04-12 [化学除草] -> 2024-05-07 [灌浆期监控],2024-06-04 09:51,9670.04,永昌县第3深加工基地,"101.962385,38.231693",杂质清理->脱壳处理->分级磨皮->包装,2024-06-07 11:51,2024-06-07 17:46,WH-CN-464,平房仓,2024-06-08 02:46,2024-07-04 02:46,避光控温控制,LOG-CN-87968601637,散装车,防霉通风,2024-07-04 16:46,2024-07-08 08:06,武汉市,江岸区,114.3,30.59,2024-07-10 08:06
CN-AG-202406-11883,小麦,河北省,宁晋县,114.920024,37.58695,2023-10-16,2023-10-16 [深耕整地] -> 2023-11-23 [秋播种子处理] -> 2023-12-31 [越冬水灌溉] -> 2024-02-07 [拔节期追肥] -> 2024-03-16 [条锈病防治] -> 2024-04-23 [干热风防护],2024-06-03 12:12,11990.16,宁晋县第5深加工基地,"114.924026,37.626809",磁选除杂->着水润麦->多级研磨->高方筛理->包装,2024-06-07 16:12,2024-06-07 21:39,WH-CN-567,钢板筒仓,2024-06-08 08:39,2024-07-21 08:39,准低温低氧控制,LOG-CN-53987061746,全封闭货车,"干燥, 禁止异味混载",2024-07-21 15:39,2024-07-25 01:15,深圳市,南山区,113.93,22.54,2024-07-28 01:15
CN-AG-202409-11884,大豆,山东省,莒南县,118.812117,35.204685,2024-05-20,2024-05-20 [拌种包衣] -> 2024-06-14 [等距点播] -> 2024-07-09 [结荚期根外追肥] -> 2024-08-03 [食心虫绿色防控] -> 2024-08-28 [除草中耕],2024-09-20 14:56,23685.96,莒南县第2深加工基地,"118.827874,35.168093",磁选->破碎压胚->高温压榨->物理过滤->精炼,2024-09-22 20:56,2024-09-23 05:30,WH-CN-434,不锈钢储油罐区,2024-09-23 14:30,2024-11-06 14:30,准低温低氧控制,LOG-CN-92131228897,罐式车,"避光, 控温25℃下",2024-11-07 00:30,2024-11-08 08:59,南京市,南京浦口区,118.62,32.05,2024-11-11 08:59
CN-AG-202405-11885,油菜籽,四川省,中江县,104.617346,30.993025,2023-10-07,2023-10-07 [育苗移栽] -> 2023-11-28 [越冬防冻肥] -> 2024-01-19 [薹期水肥调节] -> 2024-03-11 [菌核病无人机防治],2024-05-05 12:55,23382.37,中江县第3深加工基地,"104.679784,31.031818",多级筛选->炒籽->螺旋压榨->精制过滤,2024-05-08 17:55,2024-05-09 00:00,WH-CN-956,恒温罐区,2024-05-09 06:00,2024-06-25 06:00,避光控温控制,LOG-CN-74926688261,罐式车,"避光, 防氧化",2024-06-25 20:00,2024-06-28 08:08,深圳市,南山区,113.93,22.54,2024-06-30 08:08
CN-AG-202409-11886,水稻,湖南省,南县,112.345602,29.32002,2024-04-23,2024-04-23 [播种育秧] -> 2024-05-16 [田间底肥] -> 2024-06-08 [插秧作业] -> 2024-07-01 [分蘖期灌溉] -> 2024-07-24 [除草控虫] -> 2024-08-16 [晒田补肥],2024-09-14 15:36,32531.92,南县第5深加工基地,"112.395052,29.365591",清理去石->砻谷脱壳->糙米碾白->抛光->色选->包装,2024-09-15 17:36,2024-09-16 03:02,WH-CN-420,平房仓(准低温),2024-09-16 07:02,2024-10-04 07:02,准低温低氧控制,LOG-CN-30890182134,散粮车,"防潮, 湿度<14%",2024-10-04 22:02,2024-10-09 23:05,西安市,雁塔区,108.94,34.21,2024-10-12 23:05
CN-AG-202410-11887,水稻,黑龙江省,五常市,127.174472,44.969557,2024-05-22,2024-05-22 [播种育秧] -> 2024-06-14 [田间底肥] -> 2024-07-07 [插秧作业] -> 2024-07-30 [分蘖期灌溉] -> 2024-08-22 [除草控虫] -> 2024-09-14 [晒田补肥],2024-10-06 09:58,11003.27,五常市第3深加工基地,"127.148179,44.938913",清理去石->砻谷脱壳->糙米碾白->抛光->色选->包装,2024-10-07 13:58,2024-10-07 21:54,WH-CN-935,平房仓(准低温),2024-10-08 02:54,2024-11-23 02:54,准低温低氧控制,LOG-CN-66997059035,散粮车,"防潮, 湿度<14%",2024-11-23 12:54,2024-11-26 10:40,北京市,丰台区,116.28,39.85,2024-11-28 10:40
CN-AG-202409-11888,水稻,广西壮族自治区,武宣县,109.655783,23.609436,2024-04-15,2024-04-15 [播种育秧] -> 2024-05-08 [田间底肥] -> 2024-05-31 [插秧作业] -> 2024-06-23 [分蘖期灌溉] -> 2024-07-16 [除草控虫] -> 2024-08-08 [晒田补肥],2024-09-02 09:25,15078.21,武宣县第2深加工基地,"109.658992,23.592612",清理去石->砻谷脱壳->糙米碾白->抛光->色选->包装,2024-09-06 14:25,2024-09-06 18:46,WH-CN-492,平房仓(准低温),2024-09-07 01:46,2024-10-25 01:46,准低温低氧控制,LOG-CN-53500402604,散粮车,"防潮, 湿度<14%",2024-10-25 12:46,2024-10-26 17:19,深圳市,宝安区,113.88,22.55,2024-10-27 17:19
CN-AG-202407-11889,大麦,甘肃省,永昌县,101.970948,38.202636,2024-03-18,2024-03-18 [翻耕播种] -> 2024-04-12 [分蘖期施氮] -> 2024-05-07 [化学除草] -> 2024-06-01 [灌浆期监控],2024-07-01 11:03,35945.09,永昌县第5深加工基地,"101.976212,38.240572",杂质清理->脱壳处理->分级磨皮->包装,2024-07-05 15:03,2024-07-05 20:13,WH-CN-404,平房仓,2024-07-06 08:13,2024-08-03 08:13,避光控温控制,LOG-CN-61316553255,散装车,防霉通风,2024-08-03 18:13,2024-08-05 14:16,上海市,宝山区,121.48,31.4,2024-08-06 14:16
CN-AG-202410-11890,水稻,吉林省,榆树市,126.569655,44.848262,2024-05-21,2024-05-21 [播种育秧] -> 2024-06-13 [田间底肥] -> 2024-07-06 [插秧作业] -> 2024-07-29 [分蘖期灌溉] -> 2024-08-21 [除草控虫] -> 2024-09-13 [晒田补肥],2024-10-12 08:48,15579.8,榆树市第2深加工基地,"126.554412,44.812268",清理去石->砻谷脱壳->糙米碾白->抛光->色选->包装,2024-10-14 11:48,2024-10-14 15:52,WH-CN-188,平房仓(准低温),2024-10-15 03:52,2024-10-28 03:52,准低温低氧控制,LOG-CN-12661744602,散粮车,"防潮, 湿度<14%",2024-10-28 11:52,2024-10-30 21:09,西安市,雁塔区,108.94,34.21,2024-10-31 21:09
CN-AG-202409-11891,水稻,江苏省,射阳县,120.297292,33.750037,2024-05-07,2024-05-07 [播种育秧] -> 2024-05-30 [田间底肥] -> 2024-06-22 [插秧作业] -> 2024-07-15 [分蘖期灌溉] -> 2024-08-07 [除草控虫] -> 2024-08-30 [晒田补肥],2024-09-22 16:11,20429.26,射阳县第1深加工基地,"120.241103,33.758397",清理去石->砻谷脱壳->糙米碾白->抛光->色选->包装,2024-09-25 19:11,2024-09-25 22:47,WH-CN-548,平房仓(准低温),2024-09-26 09:47,2024-11-05 09:47,准低温低氧控制,LOG-CN-70676178919,散粮车,"防潮, 湿度<14%",2024-11-05 21:47,2024-11-08 19:08,深圳市,南山区,113.93,22.54,2024-11-10 19:08
CN-AG-202409-11892,大豆,山东省,莒南县,118.774524,35.208477,2024-05-06,2024-05-06 [拌种包衣] -> 2024-05-31 [等距点播] -> 2024-06-25 [结荚期根外追肥] -> 2024-07-20 [食心虫绿色防控] -> 2024-08-14 [除草中耕],2024-09-11 13:19,13647.21,莒南县第2深加工基地,"118.830846,35.167343",磁选->破碎压胚->高温压榨->物理过滤->精炼,2024-09-12 17:19,2024-09-12 23:48,WH-CN-917,不锈钢储油罐区,2024-09-13 04:48,2024-10-04 04:48,准低温低氧控制,LOG-CN-90624696020,罐式车,"避光, 控温25℃下",2024-10-04 16:48,2024-10-06 06:09,南京市,江宁区,118.83,31.95,2024-10-09 06:09
CN-AG-202409-11893,玉米,辽宁省,黑山县,122.149558,41.647772,2024-05-31,2024-05-31 [免耕直播] -> 2024-06-22 [苗期中耕] -> 2024-07-14 [喇叭口期追肥] -> 2024-08-05 [大斑病防治] -> 2024-08-27 [人工授粉辅助],2024-09-15 08:53,10515.91,黑山县第5深加工基地,"122.113372,41.680167",物理清理->脱粒烘干->破碎加工->筛理分级,2024-09-16 12:53,2024-09-16 15:53,WH-CN-975,现代化圆筒仓,2024-09-16 20:53,2024-10-09 20:53,避光控温控制,LOG-CN-86196391241,重型散粮卡车,"通风良好, 严控高温",2024-10-10 05:53,2024-10-14 05:56,成都市,武侯区,104.04,30.64,2024-10-16 05:56
CN-AG-202409-11894,玉米,四川省,中江县,104.695727,31.039696,2024-05-25,2024-05-25 [免耕直播] -> 2024-06-16 [苗期中耕] -> 2024-07-08 [喇叭口期追肥] -> 2024-07-30 [大斑病防治] -> 2024-08-21 [人工授粉辅助],2024-09-10 15:30,8837.48,中江县第4深加工基地,"104.67411,31.038333",物理清理->脱粒烘干->破碎加工->筛理分级,2024-09-12 21:30,2024-09-13 00:35,WH-CN-454,现代化圆筒仓,2024-09-13 06:35,2024-10-31 06:35,避光控温控制,LOG-CN-42639407944,重型散粮卡车,"通风良好, 严控高温",2024-10-31 19:35,2024-11-02 10:19,北京市,朝阳区,116.48,39.92,2024-11-05 10:19
CN-AG-202405-11895,油菜籽,湖南省,安乡县,112.157321,29.430614,2023-10-21,2023-10-21 [育苗移栽] -> 2023-12-12 [越冬防冻肥] -> 2024-02-02 [薹期水肥调节] -> 2024-03-25 [菌核病无人机防治],2024-05-15 09:18,16382.09,安乡县第1深加工基地,"112.162403,29.400026",多级筛选->炒籽->螺旋压榨->精制过滤,2024-05-16 11:18,2024-05-16 17:23,WH-CN-146,恒温罐区,2024-05-16 23:23,2024-06-06 23:23,避光控温控制,LOG-CN-36849682454,罐式车,"避光, 防氧化",2024-06-07 11:23,2024-06-11 23:09,北京市,丰台区,116.28,39.85,2024-06-14 23:09
CN-AG-202409-11896,玉米,河北省,宁晋县,114.941016,37.624147,2024-05-27,2024-05-27 [免耕直播] -> 2024-06-18 [苗期中耕] -> 2024-07-10 [喇叭口期追肥] -> 2024-08-01 [大斑病防治] -> 2024-08-23 [人工授粉辅助],2024-09-13 12:18,5260.94,宁晋县第1深加工基地,"114.924614,37.618349",物理清理->脱粒烘干->破碎加工->筛理分级,2024-09-15 15:18,2024-09-16 00:11,WH-CN-574,现代化圆筒仓,2024-09-16 10:11,2024-11-02 10:11,避光控温控制,LOG-CN-29882483110,重型散粮卡车,"通风良好, 严控高温",2024-11-02 18:11,2024-11-04 14:55,上海市,闵行区,121.38,31.11,2024-11-07 14:55
CN-AG-202406-11897,小麦,新疆维吾尔自治区,玛纳斯县,86.158901,44.302623,2023-11-06,2023-11-06 [深耕整地] -> 2023-12-14 [秋播种子处理] -> 2024-01-21 [越冬水灌溉] -> 2024-02-28 [拔节期追肥] -> 2024-04-06 [条锈病防治] -> 2024-05-14 [干热风防护],2024-06-23 16:15,6973.24,玛纳斯县第2深加工基地,"86.2168,44.29384",磁选除杂->着水润麦->多级研磨->高方筛理->包装,2024-06-25 21:15,2024-06-26 04:05,WH-CN-292,钢板筒仓,2024-06-26 08:05,2024-08-15 08:05,准低温低氧控制,LOG-CN-37368102824,全封闭货车,"干燥, 禁止异味混载",2024-08-15 19:05,2024-08-20 08:35,西安市,长安区,108.87,34.15,2024-08-21 08:35
CN-AG-202409-11898,大豆,黑龙江省,嫩江市,125.267371,49.19699,2024-05-22,2024-05-22 [拌种包衣] -> 2024-06-16 [等距点播] -> 2024-07-11 [结荚期根外追肥] -> 2024-08-05 [食心虫绿色防控] -> 2024-08-30 [除草中耕],2024-09-19 08:57,14929.02,嫩江市第3深加工基地,"125.229804,49.162351",磁选->破碎压胚->高温压榨->物理过滤->精炼,2024-09-23 11:57,2024-09-23 19:51,WH-CN-664,不锈钢储油罐区,2024-09-24 01:51,2024-10-25 01:51,准低温低氧控制,LOG-CN-24659530311,罐式车,"避光, 控温25℃下",2024-10-25 14:51,2024-10-29 00:47,南京市,南京浦口区,118.62,32.05,2024-10-31 00:47
CN-AG-202410-11899,水稻,安徽省,寿县,116.721414,32.535129,2024-05-29,2024-05-29 [播种育秧] -> 2024-06-21 [田间底肥] -> 2024-07-14 [插秧作业] -> 2024-08-06 [分蘖期灌溉] -> 2024-08-29 [除草控虫] -> 2024-09-21 [晒田补肥],2024-10-15 08:15,27697.75,寿县第4深加工基地,"116.775621,32.579948",清理去石->砻谷脱壳->糙米碾白->抛光->色选->包装,2024-10-18 13:15,2024-10-18 21:11,WH-CN-976,平房仓(准低温),2024-10-19 04:11,2024-11-12 04:11,准低温低氧控制,LOG-CN-82429741028,散粮车,"防潮, 湿度<14%",2024-11-12 14:11,2024-11-17 22:35,广州市,番禺区,113.38,22.93,2024-11-19 22:35
CN-AG-202406-11900,小麦,河南省,滑县,114.481202,35.590162,2023-10-26,2023-10-26 [深耕整地] -> 2023-12-03 [秋播种子处理] -> 2024-01-10 [越冬水灌溉] -> 2024-02-17 [拔节期追肥] -> 2024-03-26 [条锈病防治] -> 2024-05-03 [干热风防护],2024-06-10 14:47,8787.88,滑县第4深加工基地,"114.528081,35.571605",磁选除杂->着水润麦->多级研磨->高方筛理->包装,2024-06-13 16:47,2024-06-13 23:15,WH-CN-505,钢板筒仓,2024-06-14 08:15,2024-07-25 08:15,准低温低氧控制,LOG-CN-58905095189,全封闭货车,"干燥, 禁止异味混载",2024-07-25 15:15,2024-07-30 23:47,深圳市,南山区,113.93,22.54,2024-08-01 23:47
CN-AG-202405-11901,油菜籽,湖南省,安乡县,112.19043,29.388422,2023-10-19,2023-10-19 [育苗移栽] -> 2023-12-10 [越冬防冻肥] -> 2024-01-31 [薹期水肥调节] -> 2024-03-23 [菌核病无人机防治],2024-05-11 14:00,13970.05,安乡县第2深加工基地,"112.172496,29.403758",多级筛选->炒籽->螺旋压榨->精制过滤,2024-05-13 17:00,2024-05-13 23:19,WH-CN-190,恒温罐区,2024-05-14 08:19,2024-06-02 08:19,避光控温控制,LOG-CN-87346797887,罐式车,"避光, 防氧化",2024-06-02 20:19,2024-06-07 18:36,广州市,番禺区,113.38,22.93,2024-06-10 18:36
CN-AG-202410-11902,棉花,新疆维吾尔自治区,玛纳斯县,86.175345,44.280374,2024-04-15,2024-04-15 [覆膜播种] -> 2024-05-21 [人工打顶] -> 2024-06-26 [叶面喷施补硼] -> 2024-08-01 [枯萎病监测] -> 2024-09-06 [喷施脱叶剂],2024-10-11 09:46,19462.44,玛纳斯县第3深加工基地,"86.203577,44.296264",皮棉清理->锯齿轧花->纤维分级->压力打包,2024-10-14 13:46,2024-10-14 20:21,WH-CN-171,专业纤维库,2024-10-15 05:21,2024-11-06 05:21,避光控温控制,LOG-CN-28402818977,高栏平板车,"严禁烟火, 防静电, 干燥",2024-11-06 13:21,2024-11-08 18:52,西安市,长安区,108.87,34.15,2024-11-10 18:52
CN-AG-202406-11903,小麦,江苏省,兴化市,119.837662,32.97823,2023-10-14,2023-10-14 [深耕整地] -> 2023-11-21 [秋播种子处理] -> 2023-12-29 [越冬水灌溉] -> 2024-02-05 [拔节期追肥] -> 2024-03-14 [条锈病防治] -> 2024-04-21 [干热风防护],2024-06-02 10:39,5564.93,兴化市第2深加工基地,"119.848968,32.924906",磁选除杂->着水润麦->多级研磨->高方筛理->包装,2024-06-03 16:39,2024-06-03 19:48,WH-CN-470,钢板筒仓,2024-06-04 02:48,2024-07-15 02:48,准低温低氧控制,LOG-CN-49292958795,全封闭货车,"干燥, 禁止异味混载",2024-07-15 17:48,2024-07-19 16:57,广州市,天河区,113.33,23.13,2024-07-20 16:57
CN-AG-202409-11904,水稻,广西壮族自治区,宾阳县,108.83933,23.188464,2024-04-19,2024-04-19 [播种育秧] -> 2024-05-12 [田间底肥] -> 2024-06-04 [插秧作业] -> 2024-06-27 [分蘖期灌溉] -> 2024-07-20 [除草控虫] -> 2024-08-12 [晒田补肥],2024-09-06 17:40,33184.13,宾阳县第5深加工基地,"108.808761,23.219424",清理去石->砻谷脱壳->糙米碾白->抛光->色选->包装,2024-09-07 19:40,2024-09-08 04:16,WH-CN-929,平房仓(准低温),2024-09-08 12:16,2024-10-24 12:16,准低温低氧控制,LOG-CN-37180363257,散粮车,"防潮, 湿度<14%",2024-10-25 02:16,2024-10-27 11:17,南京市,玄武区,118.79,32.06,2024-10-29 11:17
CN-AG-202410-11905,水稻,湖南省,桃源县,111.487904,28.943324,2024-05-26,2024-05-26 [播种育秧] -> 2024-06-18 [田间底肥] -> 2024-07-11 [插秧作业] -> 2024-08-03 [分蘖期灌溉] -> 2024-08-26 [除草控虫] -> 2024-09-18 [晒田补肥],2024-10-18 11:42,15620.69,桃源县第4深加工基地,"111.483812,28.893145",清理去石->砻谷脱壳->糙米碾白->抛光->色选->包装,2024-10-21 16:42,2024-10-21 22:38,WH-CN-501,平房仓(准低温),2024-10-22 09:38,2024-12-10 09:38,准低温低氧控制,LOG-CN-93224808798,散粮车,"防潮, 湿度<14%",2024-12-10 22:38,2024-12-14 14:47,北京市,朝阳区,116.48,39.92,2024-12-16 14:47
CN-AG-202409-11906,花生,河南省,正阳县,114.398073,32.601612,2024-05-21,2024-05-21 [清棵蹲苗] -> 2024-06-14 [培土迎葑] -> 2024-07-08 [钙镁肥补充] -> 2024-08-01 [下针期控旺] -> 2024-08-25 [地下虫害防治],2024-09-22 08:43,16444.27,正阳县第5深加工基地,"114.378809,32.607794",剥壳分选->烘炒->压榨提取->物理精炼,2024-09-25 11:43,2024-09-25 18:38,WH-CN-285,避光库房,2024-09-26 04:38,2024-11-07 04:38,避光控温控制,LOG-CN-68554198203,厢式货车,避光防潮,2024-11-07 15:38,2024-11-12 12:39,广州市,番禺区,113.38,22.93,2024-11-15 12:39
CN-AG-202406-11907,小麦,新疆维吾尔自治区,玛纳斯县,86.24008,44.348141,2023-10-30,2023-10-30 [深耕整地] -> 2023-12-07 [秋播种子处理] -> 2024-01-14 [越冬水灌溉] -> 2024-02-21 [拔节期追肥] -> 2024-03-30 [条锈病防治] -> 2024-05-07 [干热风防护],2024-06-13 14:36,37263.42,玛纳斯县第5深加工基地,"86.212064,44.299772",磁选除杂->着水润麦->多级研磨->高方筛理->包装,2024-06-15 17:36,2024-06-15 22:53,WH-CN-828,钢板筒仓,2024-06-16 09:53,2024-07-06 09:53,准低温低氧控制,LOG-CN-75135957457,全封闭货车,"干燥, 禁止异味混载",2024-07-06 19:53,2024-07-11 15:45,西安市,雁塔区,108.94,34.21,2024-07-13 15:45
CN-AG-202410-11908,水稻,吉林省,榆树市,126.608032,44.79907,2024-05-14,2024-05-14 [播种育秧] -> 2024-06-06 [田间底肥] -> 2024-06-29 [插秧作业] -> 2024-07-22 [分蘖期灌溉] -> 2024-08-14 [除草控虫] -> 2024-09-06 [晒田补肥],2024-10-06 11:49,37806.94,榆树市第3深加工基地,"126.540877,44.823347",清理去石->砻谷脱壳->糙米碾白->抛光->色选->包装,2024-10-08 15:49,2024-10-08 23:45,WH-CN-713,平房仓(准低温),2024-10-09 07:45,2024-11-15 07:45,准低温低氧控制,LOG-CN-20249231473,散粮车,"防潮, 湿度<14%",2024-11-15 14:45,2024-11-16 20:07,南京市,江宁区,118.83,31.95,2024-11-17 20:07
CN-AG-202406-11909,小麦,湖北省,枣阳市,112.764798,32.109195,2023-11-14,2023-11-14 [深耕整地] -> 2023-12-22 [秋播种子处理] -> 2024-01-29 [越冬水灌溉] -> 2024-03-07 [拔节期追肥] -> 2024-04-14 [条锈病防治] -> 2024-05-22 [干热风防护],2024-06-28 16:25,36132.28,枣阳市第2深加工基地,"112.740478,32.121127",磁选除杂->着水润麦->多级研磨->高方筛理->包装,2024-07-02 22:25,2024-07-03 06:51,WH-CN-796,钢板筒仓,2024-07-03 18:51,2024-08-12 18:51,准低温低氧控制,LOG-CN-99160241858,全封闭货车,"干燥, 禁止异味混载",2024-08-13 04:51,2024-08-17 10:48,广州市,白云区,113.27,23.15,2024-08-19 10:48
CN-AG-202409-11910,水稻,广西壮族自治区,桂平市,110.059923,23.384003,2024-04-30,2024-04-30 [播种育秧] -> 2024-05-23 [田间底肥] -> 2024-06-15 [插秧作业] -> 2024-07-08 [分蘖期灌溉] -> 2024-07-31 [除草控虫] -> 2024-08-23 [晒田补肥],2024-09-17 14:39,13236.74,桂平市第1深加工基地,"110.075254,23.388766",清理去石->砻谷脱壳->糙米碾白->抛光->色选->包装,2024-09-21 16:39,2024-09-21 21:06,WH-CN-657,平房仓(准低温),2024-09-22 05:06,2024-10-19 05:06,准低温低氧控制,LOG-CN-84077766108,散粮车,"防潮, 湿度<14%",2024-10-19 19:06,2024-10-22 00:50,北京市,丰台区,116.28,39.85,2024-10-25 00:50
CN-AG-202410-11911,玉米,黑龙江省,富锦市,132.052697,47.209766,2024-06-29,2024-06-29 [免耕直播] -> 2024-07-21 [苗期中耕] -> 2024-08-12 [喇叭口期追肥] -> 2024-09-03 [大斑病防治] -> 2024-09-25 [人工授粉辅助],2024-10-19 11:17,38940.6,富锦市第5深加工基地,"132.024003,47.250291",物理清理->脱粒烘干->破碎加工->筛理分级,2024-10-23 17:17,2024-10-23 20:21,WH-CN-926,现代化圆筒仓,2024-10-24 02:21,2024-11-16 02:21,避光控温控制,LOG-CN-18600064303,重型散粮卡车,"通风良好, 严控高温",2024-11-16 17:21,2024-11-21 21:36,西安市,未央区,108.94,34.29,2024-11-24 21:36
CN-AG-202409-11912,水稻,广西壮族自治区,桂平市,110.091017,23.368351,2024-05-08,2024-05-08 [播种育秧] -> 2024-05-31 [田间底肥] -> 2024-06-23 [插秧作业] -> 2024-07-16 [分蘖期灌溉] -> 2024-08-08 [除草控虫] -> 2024-08-31 [晒田补肥],2024-09-26 08:04,17733.43,桂平市第2深加工基地,"110.072949,23.381445",清理去石->砻谷脱壳->糙米碾白->抛光->色选->包装,2024-09-28 10:04,2024-09-28 16:50,WH-CN-174,平房仓(准低温),2024-09-29 01:50,2024-10-20 01:50,准低温低氧控制,LOG-CN-39756309333,散粮车,"防潮, 湿度<14%",2024-10-20 09:50,2024-10-22 16:27,北京市,朝阳区,116.48,39.92,2024-10-23 16:27
CN-AG-202406-11913,小麦,甘肃省,永昌县,102.007478,38.188789,2023-11-10,2023-11-10 [深耕整地] -> 2023-12-18 [秋播种子处理] -> 2024-01-25 [越冬水灌溉] -> 2024-03-03 [拔节期追肥] -> 2024-04-10 [条锈病防治] -> 2024-05-18 [干热风防护],2024-06-22 09:18,21936.73,永昌县第1深加工基地,"101.975066,38.245048",磁选除杂->着水润麦->多级研磨->高方筛理->包装,2024-06-24 11:18,2024-06-24 15:13,WH-CN-953,钢板筒仓,2024-06-25 02:13,2024-07-07 02:13,准低温低氧控制,LOG-CN-31957577518,全封闭货车,"干燥, 禁止异味混载",2024-07-07 09:13,2024-07-11 07:51,广州市,天河区,113.33,23.13,2024-07-13 07:51
CN-AG-202409-11914,玉米,四川省,中江县,104.690326,31.055959,2024-06-05,2024-06-05 [免耕直播] -> 2024-06-27 [苗期中耕] -> 2024-07-19 [喇叭口期追肥] -> 2024-08-10 [大斑病防治] -> 2024-09-01 [人工授粉辅助],2024-09-28 11:06,25364.19,中江县第1深加工基地,"104.672846,31.02954",物理清理->脱粒烘干->破碎加工->筛理分级,2024-10-02 16:06,2024-10-03 00:01,WH-CN-574,现代化圆筒仓,2024-10-03 09:01,2024-11-07 09:01,避光控温控制,LOG-CN-34729392940,重型散粮卡车,"通风良好, 严控高温",2024-11-07 15:01,2024-11-12 07:07,北京市,朝阳区,116.48,39.92,2024-11-15 07:07
CN-AG-202409-11915,玉米,河南省,滑县,114.534576,35.514603,2024-05-19,2024-05-19 [免耕直播] -> 2024-06-10 [苗期中耕] -> 2024-07-02 [喇叭口期追肥] -> 2024-07-24 [大斑病防治] -> 2024-08-15 [人工授粉辅助],2024-09-09 11:50,9034.41,滑县第4深加工基地,"114.520007,35.575558",物理清理->脱粒烘干->破碎加工->筛理分级,2024-09-13 13:50,2024-09-13 19:30,WH-CN-741,现代化圆筒仓,2024-09-14 00:30,2024-10-14 00:30,避光控温控制,LOG-CN-72502294975,重型散粮卡车,"通风良好, 严控高温",2024-10-14 13:30,2024-10-17 03:57,成都市,新都区,104.15,30.82,2024-10-20 03:57
CN-AG-202410-11916,水稻,黑龙江省,五常市,127.123291,44.912902,2024-05-23,2024-05-23 [播种育秧] -> 2024-06-15 [田间底肥] -> 2024-07-08 [插秧作业] -> 2024-07-31 [分蘖期灌溉] -> 2024-08-23 [除草控虫] -> 2024-09-15 [晒田补肥],2024-10-05 16:11,24876.56,五常市第1深加工基地,"127.153856,44.932856",清理去石->砻谷脱壳->糙米碾白->抛光->色选->包装,2024-10-08 18:11,2024-10-08 21:04,WH-CN-283,平房仓(准低温),2024-10-09 04:04,2024-11-21 04:04,准低温低氧控制,LOG-CN-39366304344,散粮车,"防潮, 湿度<14%",2024-11-21 13:04,2024-11-24 01:44,北京市,丰台区,116.28,39.85,2024-11-27 01:44
CN-AG-202411-11917,棉花,新疆维吾尔自治区,玛纳斯县,86.19108,44.344516,2024-05-26,2024-05-26 [覆膜播种] -> 2024-07-01 [人工打顶] -> 2024-08-06 [叶面喷施补硼] -> 2024-09-11 [枯萎病监测] -> 2024-10-17 [喷施脱叶剂],2024-11-22 08:01,18453.31,玛纳斯县第3深加工基地,"86.211227,44.305395",皮棉清理->锯齿轧花->纤维分级->压力打包,2024-11-24 11:01,2024-11-24 15:46,WH-CN-251,专业纤维库,2024-11-24 20:46,2025-01-07 20:46,避光控温控制,LOG-CN-19294420056,高栏平板车,"严禁烟火, 防静电, 干燥",2025-01-08 07:46,2025-01-10 07:31,深圳市,福田区,114.05,22.54,2025-01-12 07:31
CN-AG-202409-11918,玉米,内蒙古自治区,突泉县,121.573337,46.37594,2024-05-27,2024-05-27 [免耕直播] -> 2024-06-18 [苗期中耕] -> 2024-07-10 [喇叭口期追肥] -> 2024-08-01 [大斑病防治] -> 2024-08-23 [人工授粉辅助],2024-09-14 15:36,19031.2,突泉县第5深加工基地,"121.571558,46.330353",物理清理->脱粒烘干->破碎加工->筛理分级,2024-09-17 18:36,2024-09-18 01:36,WH-CN-213,现代化圆筒仓,2024-09-18 08:36,2024-10-08 08:36,避光控温控制,LOG-CN-74093828002,重型散粮卡车,"通风良好, 严控高温",2024-10-08 14:36,2024-10-10 03:23,南京市,江宁区,118.83,31.95,2024-10-11 03:23
CN-AG-202409-11919,水稻,湖北省,枣阳市,112.805763,32.159918,2024-05-03,2024-05-03 [播种育秧] -> 2024-05-26 [田间底肥] -> 2024-06-18 [插秧作业] -> 2024-07-11 [分蘖期灌溉] -> 2024-08-03 [除草控虫] -> 2024-08-26 [晒田补肥],2024-09-20 08:11,10972.12,枣阳市第1深加工基地,"112.741069,32.121471",清理去石->砻谷脱壳->糙米碾白->抛光->色选->包装,2024-09-21 12:11,2024-09-21 16:17,WH-CN-729,平房仓(准低温),2024-09-22 04:17,2024-10-27 04:17,准低温低氧控制,LOG-CN-51117320931,散粮车,"防潮, 湿度<14%",2024-10-27 16:17,2024-10-31 00:31,成都市,武侯区,104.04,30.64,2024-11-01 00:31
CN-AG-202407-11920,大麦,吉林省,前郭县,124.813585,45.162506,2024-03-24,2024-03-24 [翻耕播种] -> 2024-04-18 [分蘖期施氮] -> 2024-05-13 [化学除草] -> 2024-06-07 [灌浆期监控],2024-07-07 08:18,20657.56,前郭县第3深加工基地,"124.809648,45.112298",杂质清理->脱壳处理->分级磨皮->包装,2024-07-08 12:18,2024-07-08 21:33,WH-CN-102,平房仓,2024-07-09 04:33,2024-07-23 04:33,避光控温控制,LOG-CN-46625839341,散装车,防霉通风,2024-07-23 10:33,2024-07-27 23:54,成都市,武侯区,104.04,30.64,2024-07-28 23:54
CN-AG-202409-11921,大豆,安徽省,怀远县,117.232171,32.921239,2024-05-14,2024-05-14 [拌种包衣] -> 2024-06-08 [等距点播] -> 2024-07-03 [结荚期根外追肥] -> 2024-07-28 [食心虫绿色防控] -> 2024-08-22 [除草中耕],2024-09-18 12:26,30684.28,怀远县第5深加工基地,"117.196234,32.974944",磁选->破碎压胚->高温压榨->物理过滤->精炼,2024-09-22 14:26,2024-09-22 18:55,WH-CN-770,不锈钢储油罐区,2024-09-23 05:55,2024-11-04 05:55,准低温低氧控制,LOG-CN-43183248309,罐式车,"避光, 控温25℃下",2024-11-04 18:55,2024-11-09 01:26,成都市,龙泉驿区,104.27,30.55,2024-11-10 01:26
CN-AG-202409-11922,大豆,黑龙江省,富锦市,132.070541,47.226749,2024-05-12,2024-05-12 [拌种包衣] -> 2024-06-06 [等距点播] -> 2024-07-01 [结荚期根外追肥] -> 2024-07-26 [食心虫绿色防控] -> 2024-08-20 [除草中耕],2024-09-09 12:53,20909.68,富锦市第5深加工基地,"132.037622,47.241447",磁选->破碎压胚->高温压榨->物理过滤->精炼,2024-09-12 18:53,2024-09-12 23:21,WH-CN-553,不锈钢储油罐区,2024-09-13 08:21,2024-10-13 08:21,准低温低氧控制,LOG-CN-30294082532,罐式车,"避光, 控温25℃下",2024-10-13 21:21,2024-10-15 17:49,北京市,朝阳区,116.48,39.92,2024-10-16 17:49
CN-AG-202405-11923,油菜籽,湖北省,钟祥市,112.591158,31.140799,2023-10-09,2023-10-09 [育苗移栽] -> 2023-11-30 [越冬防冻肥] -> 2024-01-21 [薹期水肥调节] -> 2024-03-13 [菌核病无人机防治],2024-05-04 16:58,36338.69,钟祥市第4深加工基地,"112.583562,31.17872",多级筛选->炒籽->螺旋压榨->精制过滤,2024-05-06 18:58,2024-05-07 00:32,WH-CN-646,恒温罐区,2024-05-07 05:32,2024-05-22 05:32,避光控温控制,LOG-CN-18723225023,罐式车,"避光, 防氧化",2024-05-22 14:32,2024-05-24 22:33,广州市,天河区,113.33,23.13,2024-05-26 22:33
CN-AG-202405-11924,油菜籽,四川省,中江县,104.692744,31.019732,2023-10-09,2023-10-09 [育苗移栽] -> 2023-11-30 [越冬防冻肥] -> 2024-01-21 [薹期水肥调节] -> 2024-03-13 [菌核病无人机防治],2024-05-01 10:19,6715.83,中江县第4深加工基地,"104.665545,31.02688",多级筛选->炒籽->螺旋压榨->精制过滤,2024-05-05 14:19,2024-05-05 17:21,WH-CN-378,恒温罐区,2024-05-05 22:21,2024-06-14 22:21,避光控温控制,LOG-CN-59567226065,罐式车,"避光, 防氧化",2024-06-15 05:21,2024-06-20 01:26,成都市,龙泉驿区,104.27,30.55,2024-06-22 01:26
CN-AG-202409-11925,花生,江苏省,东海县,118.800095,34.599602,2024-05-11,2024-05-11 [清棵蹲苗] -> 2024-06-04 [培土迎葑] -> 2024-06-28 [钙镁肥补充] -> 2024-07-22 [下针期控旺] -> 2024-08-15 [地下虫害防治],2024-09-07 09:10,23242.55,东海县第5深加工基地,"118.767106,34.542894",剥壳分选->烘炒->压榨提取->物理精炼,2024-09-08 14:10,2024-09-08 22:57,WH-CN-163,避光库房,2024-09-09 02:57,2024-10-08 02:57,避光控温控制,LOG-CN-26810132576,厢式货车,避光防潮,2024-10-08 09:57,2024-10-10 17:31,成都市,新都区,104.15,30.82,2024-10-13 17:31
CN-AG-202409-11926,大豆,辽宁省,昌图县,124.053727,42.725899,2024-05-20,2024-05-20 [拌种包衣] -> 2024-06-14 [等距点播] -> 2024-07-09 [结荚期根外追肥] -> 2024-08-03 [食心虫绿色防控] -> 2024-08-28 [除草中耕],2024-09-23 14:31,6014.56,昌图县第4深加工基地,"124.115241,42.781084",磁选->破碎压胚->高温压榨->物理过滤->精炼,2024-09-27 19:31,2024-09-28 01:34,WH-CN-139,不锈钢储油罐区,2024-09-28 06:34,2024-11-14 06:34,准低温低氧控制,LOG-CN-29620459817,罐式车,"避光, 控温25℃下",2024-11-14 16:34,2024-11-18 16:59,武汉市,洪山区,114.34,30.5,2024-11-21 16:59
CN-AG-202409-11927,大豆,辽宁省,昌图县,124.150894,42.784486,2024-05-06,2024-05-06 [拌种包衣] -> 2024-05-31 [等距点播] -> 2024-06-25 [结荚期根外追肥] -> 2024-07-20 [食心虫绿色防控] -> 2024-08-14 [除草中耕],2024-09-10 13:04,22668.06,昌图县第2深加工基地,"124.107335,42.770669",磁选->破碎压胚->高温压榨->物理过滤->精炼,2024-09-14 15:04,2024-09-14 18:40,WH-CN-550,不锈钢储油罐区,2024-09-15 00:40,2024-10-08 00:40,准低温低氧控制,LOG-CN-53533723600,罐式车,"避光, 控温25℃下",2024-10-08 11:40,2024-10-10 16:59,北京市,海淀区,116.3,39.96,2024-10-12 16:59
CN-AG-202409-11928,大豆,内蒙古自治区,阿荣旗,123.503673,48.088448,2024-05-14,2024-05-14 [拌种包衣] -> 2024-06-08 [等距点播] -> 2024-07-03 [结荚期根外追肥] -> 2024-07-28 [食心虫绿色防控] -> 2024-08-22 [除草中耕],2024-09-20 13:40,11112.81,阿荣旗第4深加工基地,"123.519083,48.111448",磁选->破碎压胚->高温压榨->物理过滤->精炼,2024-09-22 19:40,2024-09-23 00:27,WH-CN-275,不锈钢储油罐区,2024-09-23 12:27,2024-11-08 12:27,准低温低氧控制,LOG-CN-94264677752,罐式车,"避光, 控温25℃下",2024-11-08 23:27,2024-11-13 17:59,西安市,雁塔区,108.94,34.21,2024-11-15 17:59
CN-AG-202409-11929,大豆,内蒙古自治区,阿荣旗,123.560677,48.086791,2024-05-16,2024-05-16 [拌种包衣] -> 2024-06-10 [等距点播] -> 2024-07-05 [结荚期根外追肥] -> 2024-07-30 [食心虫绿色防控] -> 2024-08-24 [除草中耕],2024-09-23 15:57,11840.69,阿荣旗第5深加工基地,"123.51971,48.118518",磁选->破碎压胚->高温压榨->物理过滤->精炼,2024-09-24 18:57,2024-09-25 03:25,WH-CN-919,不锈钢储油罐区,2024-09-25 11:25,2024-10-06 11:25,准低温低氧控制,LOG-CN-50924632659,罐式车,"避光, 控温25℃下",2024-10-07 01:25,2024-10-10 05:07,深圳市,宝安区,113.88,22.55,2024-10-12 05:07
CN-AG-202410-11930,玉米,河北省,藁城区,114.8917,38.036487,2024-06-19,2024-06-19 [免耕直播] -> 2024-07-11 [苗期中耕] -> 2024-08-02 [喇叭口期追肥] -> 2024-08-24 [大斑病防治] -> 2024-09-15 [人工授粉辅助],2024-10-09 10:43,26098.37,藁城区第5深加工基地,"114.844965,38.020107",物理清理->脱粒烘干->破碎加工->筛理分级,2024-10-11 16:43,2024-10-11 23:58,WH-CN-850,现代化圆筒仓,2024-10-12 06:58,2024-11-11 06:58,避光控温控制,LOG-CN-68209077664,重型散粮卡车,"通风良好, 严控高温",2024-11-11 17:58,2024-11-13 10:43,南京市,南京浦口区,118.62,32.05,2024-11-14 10:43
CN-AG-202410-11931,玉米,广西壮族自治区,宾阳县,108.766766,23.258366,2024-06-20,2024-06-20 [免耕直播] -> 2024-07-12 [苗期中耕] -> 2024-08-03 [喇叭口期追肥] -> 2024-08-25 [大斑病防治] -> 2024-09-16 [人工授粉辅助],2024-10-06 10:30,19385.4,宾阳县第2深加工基地,"108.808491,23.201923",物理清理->脱粒烘干->破碎加工->筛理分级,2024-10-09 13:30,2024-10-09 23:05,WH-CN-351,现代化圆筒仓,2024-10-10 06:05,2024-11-08 06:05,避光控温控制,LOG-CN-23138737245,重型散粮卡车,"通风良好, 严控高温",2024-11-08 14:05,2024-11-09 21:59,北京市,海淀区,116.3,39.96,2024-11-10 21:59
CN-AG-202405-11932,油菜籽,甘肃省,民乐县,100.815086,38.482041,2023-10-17,2023-10-17 [育苗移栽] -> 2023-12-08 [越冬防冻肥] -> 2024-01-29 [薹期水肥调节] -> 2024-03-21 [菌核病无人机防治],2024-05-12 14:44,36041.3,民乐县第2深加工基地,"100.802823,38.430549",多级筛选->炒籽->螺旋压榨->精制过滤,2024-05-15 18:44,2024-05-15 22:44,WH-CN-473,恒温罐区,2024-05-16 08:44,2024-06-08 08:44,避光控温控制,LOG-CN-16267946786,罐式车,"避光, 防氧化",2024-06-08 22:44,2024-06-12 22:10,南京市,玄武区,118.79,32.06,2024-06-13 22:10
CN-AG-202410-11933,玉米,河南省,滑县,114.557217,35.510095,2024-06-28,2024-06-28 [免耕直播] -> 2024-07-20 [苗期中耕] -> 2024-08-11 [喇叭口期追肥] -> 2024-09-02 [大斑病防治] -> 2024-09-24 [人工授粉辅助],2024-10-12 13:51,36129.3,滑县第3深加工基地,"114.522677,35.561751",物理清理->脱粒烘干->破碎加工->筛理分级,2024-10-15 16:51,2024-10-15 21:39,WH-CN-400,现代化圆筒仓,2024-10-16 05:39,2024-11-04 05:39,避光控温控制,LOG-CN-91568415531,重型散粮卡车,"通风良好, 严控高温",2024-11-04 12:39,2024-11-08 00:00,上海市,浦东新区,121.54,31.22,2024-11-10 00:00
CN-AG-202409-11934,花生,山东省,平度市,119.915038,36.829754,2024-05-06,2024-05-06 [清棵蹲苗] -> 2024-05-30 [培土迎葑] -> 2024-06-23 [钙镁肥补充] -> 2024-07-17 [下针期控旺] -> 2024-08-10 [地下虫害防治],2024-09-06 09:40,26841.42,平度市第1深加工基地,"119.941574,36.783305",剥壳分选->烘炒->压榨提取->物理精炼,2024-09-09 12:40,2024-09-09 22:28,WH-CN-517,避光库房,2024-09-10 06:28,2024-10-14 06:28,避光控温控制,LOG-CN-98008686847,厢式货车,避光防潮,2024-10-14 13:28,2024-10-17 11:32,深圳市,宝安区,113.88,22.55,2024-10-18 11:32
CN-AG-202405-11935,油菜籽,四川省,中江县,104.629672,31.042451,2023-10-28,2023-10-28 [育苗移栽] -> 2023-12-19 [越冬防冻肥] -> 2024-02-09 [薹期水肥调节] -> 2024-04-01 [菌核病无人机防治],2024-05-22 14:18,18113.0,中江县第5深加工基地,"104.666025,31.034719",多级筛选->炒籽->螺旋压榨->精制过滤,2024-05-26 17:18,2024-05-26 21:57,WH-CN-931,恒温罐区,2024-05-27 08:57,2024-06-19 08:57,避光控温控制,LOG-CN-57752542318,罐式车,"避光, 防氧化",2024-06-19 23:57,2024-06-24 07:30,武汉市,洪山区,114.34,30.5,2024-06-26 07:30
CN-AG-202406-11936,大麦,甘肃省,永昌县,101.981932,38.235607,2024-03-11,2024-03-11 [翻耕播种] -> 2024-04-05 [分蘖期施氮] -> 2024-04-30 [化学除草] -> 2024-05-25 [灌浆期监控],2024-06-15 13:51,36418.97,永昌县第1深加工基地,"101.974833,38.233425",杂质清理->脱壳处理->分级磨皮->包装,2024-06-18 17:51,2024-06-19 01:54,WH-CN-447,平房仓,2024-06-19 06:54,2024-08-01 06:54,避光控温控制,LOG-CN-74243522258,散装车,防霉通风,2024-08-01 19:54,2024-08-05 20:05,深圳市,南山区,113.93,22.54,2024-08-08 20:05
CN-AG-202405-11937,油菜籽,湖北省,钟祥市,112.599485,31.146317,2023-10-19,2023-10-19 [育苗移栽] -> 2023-12-10 [越冬防冻肥] -> 2024-01-31 [薹期水肥调节] -> 2024-03-23 [菌核病无人机防治],2024-05-11 11:04,33906.23,钟祥市第4深加工基地,"112.583762,31.163166",多级筛选->炒籽->螺旋压榨->精制过滤,2024-05-12 14:04,2024-05-12 18:42,WH-CN-272,恒温罐区,2024-05-13 04:42,2024-06-11 04:42,避光控温控制,LOG-CN-37094966616,罐式车,"避光, 防氧化",2024-06-11 17:42,2024-06-15 14:22,深圳市,宝安区,113.88,22.55,2024-06-18 14:22
CN-AG-202410-11938,玉米,吉林省,榆树市,126.541043,44.775383,2024-07-02,2024-07-02 [免耕直播] -> 2024-07-24 [苗期中耕] -> 2024-08-15 [喇叭口期追肥] -> 2024-09-06 [大斑病防治] -> 2024-09-28 [人工授粉辅助],2024-10-21 14:00,36959.71,榆树市第5深加工基地,"126.554968,44.814944",物理清理->脱粒烘干->破碎加工->筛理分级,2024-10-25 20:00,2024-10-26 01:49,WH-CN-204,现代化圆筒仓,2024-10-26 06:49,2024-11-06 06:49,避光控温控制,LOG-CN-78993759800,重型散粮卡车,"通风良好, 严控高温",2024-11-06 18:49,2024-11-09 02:36,南京市,南京浦口区,118.62,32.05,2024-11-11 02:36
CN-AG-202406-11939,小麦,安徽省,蒙城县,116.605806,33.231444,2023-10-29,2023-10-29 [深耕整地] -> 2023-12-06 [秋播种子处理] -> 2024-01-13 [越冬水灌溉] -> 2024-02-20 [拔节期追肥] -> 2024-03-29 [条锈病防治] -> 2024-05-06 [干热风防护],2024-06-11 08:27,9857.76,蒙城县第2深加工基地,"116.553929,33.267836",磁选除杂->着水润麦->多级研磨->高方筛理->包装,2024-06-14 13:27,2024-06-14 16:39,WH-CN-183,钢板筒仓,2024-06-15 01:39,2024-08-01 01:39,准低温低氧控制,LOG-CN-16078731152,全封闭货车,"干燥, 禁止异味混载",2024-08-01 08:39,2024-08-03 05:59,北京市,朝阳区,116.48,39.92,2024-08-04 05:59
CN-AG-202409-11940,大豆,黑龙江省,五常市,127.100526,44.943662,2024-05-01,2024-05-01 [拌种包衣] -> 2024-05-26 [等距点播] -> 2024-06-20 [结荚期根外追肥] -> 2024-07-15 [食心虫绿色防控] -> 2024-08-09 [除草中耕],2024-09-06 15:10,14249.57,五常市第5深加工基地,"127.154266,44.927831",磁选->破碎压胚->高温压榨->物理过滤->精炼,2024-09-10 21:10,2024-09-11 01:36,WH-CN-661,不锈钢储油罐区,2024-09-11 07:36,2024-09-28 07:36,准低温低氧控制,LOG-CN-28448416949,罐式车,"避光, 控温25℃下",2024-09-28 21:36,2024-10-02 00:32,广州市,天河区,113.33,23.13,2024-10-03 00:32
CN-AG-202410-11941,玉米,山东省,汶上县,116.494964,35.749131,2024-07-01,2024-07-01 [免耕直播] -> 2024-07-23 [苗期中耕] -> 2024-08-14 [喇叭口期追肥] -> 2024-09-05 [大斑病防治] -> 2024-09-27 [人工授粉辅助],2024-10-20 14:48,34335.17,汶上县第2深加工基地,"116.47756,35.725651",物理清理->脱粒烘干->破碎加工->筛理分级,2024-10-24 20:48,2024-10-25 06:46,WH-CN-363,现代化圆筒仓,2024-10-25 14:46,2024-11-14 14:46,避光控温控制,LOG-CN-11684729247,重型散粮卡车,"通风良好, 严控高温",2024-11-14 21:46,2024-11-17 09:51,北京市,朝阳区,116.48,39.92,2024-11-19 09:51
CN-AG-202409-11942,玉米,四川省,三台县,105.116283,31.042354,2024-06-11,2024-06-11 [免耕直播] -> 2024-07-03 [苗期中耕] -> 2024-07-25 [喇叭口期追肥] -> 2024-08-16 [大斑病防治] -> 2024-09-07 [人工授粉辅助],2024-09-27 15:10,30895.37,三台县第5深加工基地,"105.094175,31.090078",物理清理->脱粒烘干->破碎加工->筛理分级,2024-10-01 17:10,2024-10-02 01:47,WH-CN-379,现代化圆筒仓,2024-10-02 10:47,2024-11-18 10:47,避光控温控制,LOG-CN-37645917746,重型散粮卡车,"通风良好, 严控高温",2024-11-19 00:47,2024-11-23 19:46,武汉市,洪山区,114.34,30.5,2024-11-25 19:46
CN-AG-202406-11943,小麦,安徽省,蒙城县,116.538933,33.229873,2023-10-13,2023-10-13 [深耕整地] -> 2023-11-20 [秋播种子处理] -> 2023-12-28 [越冬水灌溉] -> 2024-02-04 [拔节期追肥] -> 2024-03-13 [条锈病防治] -> 2024-04-20 [干热风防护],2024-06-01 13:20,30196.18,蒙城县第1深加工基地,"116.550515,33.256684",磁选除杂->着水润麦->多级研磨->高方筛理->包装,2024-06-05 19:20,2024-06-06 01:50,WH-CN-141,钢板筒仓,2024-06-06 13:50,2024-06-29 13:50,准低温低氧控制,LOG-CN-88894133200,全封闭货车,"干燥, 禁止异味混载",2024-06-30 01:50,2024-07-01 04:20,南京市,江宁区,118.83,31.95,2024-07-03 04:20
CN-AG-202409-11944,玉米,内蒙古自治区,五原县,108.296397,41.080926,2024-05-25,2024-05-25 [免耕直播] -> 2024-06-16 [苗期中耕] -> 2024-07-08 [喇叭口期追肥] -> 2024-07-30 [大斑病防治] -> 2024-08-21 [人工授粉辅助],2024-09-11 08:49,31862.45,五原县第4深加工基地,"108.260364,41.107946",物理清理->脱粒烘干->破碎加工->筛理分级,2024-09-13 14:49,2024-09-13 17:47,WH-CN-733,现代化圆筒仓,2024-09-14 00:47,2024-10-15 00:47,避光控温控制,LOG-CN-67479834402,重型散粮卡车,"通风良好, 严控高温",2024-10-15 06:47,2024-10-17 00:20,南京市,南京浦口区,118.62,32.05,2024-10-19 00:20
CN-AG-202409-11945,大豆,黑龙江省,五常市,127.093699,44.92466,2024-05-08,2024-05-08 [拌种包衣] -> 2024-06-02 [等距点播] -> 2024-06-27 [结荚期根外追肥] -> 2024-07-22 [食心虫绿色防控] -> 2024-08-16 [除草中耕],2024-09-12 12:43,9533.57,五常市第2深加工基地,"127.14026,44.937584",磁选->破碎压胚->高温压榨->物理过滤->精炼,2024-09-16 14:43,2024-09-16 21:21,WH-CN-779,不锈钢储油罐区,2024-09-17 06:21,2024-10-02 06:21,准低温低氧控制,LOG-CN-62127064406,罐式车,"避光, 控温25℃下",2024-10-02 12:21,2024-10-03 23:53,广州市,天河区,113.33,23.13,2024-10-05 23:53
CN-AG-202406-11946,小麦,河南省,正阳县,114.378706,32.65337,2023-11-03,2023-11-03 [深耕整地] -> 2023-12-11 [秋播种子处理] -> 2024-01-18 [越冬水灌溉] -> 2024-02-25 [拔节期追肥] -> 2024-04-03 [条锈病防治] -> 2024-05-11 [干热风防护],2024-06-17 08:56,13414.1,正阳县第2深加工基地,"114.388484,32.596839",磁选除杂->着水润麦->多级研磨->高方筛理->包装,2024-06-20 12:56,2024-06-20 20:24,WH-CN-920,钢板筒仓,2024-06-21 04:24,2024-07-04 04:24,准低温低氧控制,LOG-CN-97086559998,全封闭货车,"干燥, 禁止异味混载",2024-07-04 13:24,2024-07-07 06:49,武汉市,东西湖区,114.13,30.62,2024-07-09 06:49
CN-AG-202406-11947,小麦,甘肃省,永昌县,101.979771,38.182927,2023-11-13,2023-11-13 [深耕整地] -> 2023-12-21 [秋播种子处理] -> 2024-01-28 [越冬水灌溉] -> 2024-03-06 [拔节期追肥] -> 2024-04-13 [条锈病防治] -> 2024-05-21 [干热风防护],2024-06-25 17:21,32961.6,永昌县第3深加工基地,"101.964386,38.240979",磁选除杂->着水润麦->多级研磨->高方筛理->包装,2024-06-29 22:21,2024-06-30 06:40,WH-CN-844,钢板筒仓,2024-06-30 15:40,2024-07-30 15:40,准低温低氧控制,LOG-CN-53614146127,全封闭货车,"干燥, 禁止异味混载",2024-07-31 04:40,2024-08-02 13:15,西安市,雁塔区,108.94,34.21,2024-08-05 13:15
CN-AG-202409-11948,玉米,吉林省,公主岭市,124.838272,43.511466,2024-05-25,2024-05-25 [免耕直播] -> 2024-06-16 [苗期中耕] -> 2024-07-08 [喇叭口期追肥] -> 2024-07-30 [大斑病防治] -> 2024-08-21 [人工授粉辅助],2024-09-11 16:53,25614.6,公主岭市第2深加工基地,"124.810014,43.524543",物理清理->脱粒烘干->破碎加工->筛理分级,2024-09-15 21:53,2024-09-16 07:09,WH-CN-736,现代化圆筒仓,2024-09-16 11:09,2024-10-01 11:09,避光控温控制,LOG-CN-88485163077,重型散粮卡车,"通风良好, 严控高温",2024-10-01 19:09,2024-10-03 16:03,西安市,未央区,108.94,34.29,2024-10-05 16:03
CN-AG-202410-11949,水稻,广西壮族自治区,桂平市,110.039743,23.442422,2024-05-15,2024-05-15 [播种育秧] -> 2024-06-07 [田间底肥] -> 2024-06-30 [插秧作业] -> 2024-07-23 [分蘖期灌溉] -> 2024-08-15 [除草控虫] -> 2024-09-07 [晒田补肥],2024-10-06 11:50,20317.98,桂平市第1深加工基地,"110.075269,23.384672",清理去石->砻谷脱壳->糙米碾白->抛光->色选->包装,2024-10-10 16:50,2024-10-10 21:30,WH-CN-673,平房仓(准低温),2024-10-11 01:30,2024-10-30 01:30,准低温低氧控制,LOG-CN-53334829484,散粮车,"防潮, 湿度<14%",2024-10-30 15:30,2024-11-02 10:47,北京市,朝阳区,116.48,39.92,2024-11-03 10:47
CN-AG-202409-11950,水稻,湖南省,安乡县,112.124766,29.354538,2024-04-19,2024-04-19 [播种育秧] -> 2024-05-12 [田间底肥] -> 2024-06-04 [插秧作业] -> 2024-06-27 [分蘖期灌溉] -> 2024-07-20 [除草控虫] -> 2024-08-12 [晒田补肥],2024-09-10 10:26,18129.06,安乡县第2深加工基地,"112.166304,29.419727",清理去石->砻谷脱壳->糙米碾白->抛光->色选->包装,2024-09-13 15:26,2024-09-13 20:39,WH-CN-441,平房仓(准低温),2024-09-14 03:39,2024-10-28 03:39,准低温低氧控制,LOG-CN-92295975514,散粮车,"防潮, 湿度<14%",2024-10-28 12:39,2024-11-02 03:17,武汉市,洪山区,114.34,30.5,2024-11-04 03:17
CN-AG-202409-11951,玉米,河南省,滑县,114.472839,35.523836,2024-05-22,2024-05-22 [免耕直播] -> 2024-06-13 [苗期中耕] -> 2024-07-05 [喇叭口期追肥] -> 2024-07-27 [大斑病防治] -> 2024-08-18 [人工授粉辅助],2024-09-10 10:46,12157.26,滑县第4深加工基地,"114.527091,35.574389",物理清理->脱粒烘干->破碎加工->筛理分级,2024-09-12 12:46,2024-09-12 17:34,WH-CN-178,现代化圆筒仓,2024-09-12 21:34,2024-10-24 21:34,避光控温控制,LOG-CN-79015605403,重型散粮卡车,"通风良好, 严控高温",2024-10-25 03:34,2024-10-28 06:24,武汉市,洪山区,114.34,30.5,2024-10-29 06:24
CN-AG-202405-11952,油菜籽,湖南省,桃源县,111.422509,28.870834,2023-10-07,2023-10-07 [育苗移栽] -> 2023-11-28 [越冬防冻肥] -> 2024-01-19 [薹期水肥调节] -> 2024-03-11 [菌核病无人机防治],2024-05-07 15:09,21833.71,桃源县第4深加工基地,"111.47113,28.894462",多级筛选->炒籽->螺旋压榨->精制过滤,2024-05-09 20:09,2024-05-10 01:37,WH-CN-149,恒温罐区,2024-05-10 08:37,2024-06-02 08:37,避光控温控制,LOG-CN-44327023597,罐式车,"避光, 防氧化",2024-06-02 15:37,2024-06-07 11:16,北京市,海淀区,116.3,39.96,2024-06-08 11:16
CN-AG-202409-11953,大豆,内蒙古自治区,阿荣旗,123.501781,48.072407,2024-05-16,2024-05-16 [拌种包衣] -> 2024-06-10 [等距点播] -> 2024-07-05 [结荚期根外追肥] -> 2024-07-30 [食心虫绿色防控] -> 2024-08-24 [除草中耕],2024-09-17 13:18,28694.42,阿荣旗第5深加工基地,"123.510319,48.114598",磁选->破碎压胚->高温压榨->物理过滤->精炼,2024-09-18 19:18,2024-09-19 03:20,WH-CN-303,不锈钢储油罐区,2024-09-19 11:20,2024-10-14 11:20,准低温低氧控制,LOG-CN-40439128235,罐式车,"避光, 控温25℃下",2024-10-14 23:20,2024-10-16 06:02,南京市,南京浦口区,118.62,32.05,2024-10-17 06:02
CN-AG-202409-11954,水稻,安徽省,寿县,116.832864,32.540419,2024-05-01,2024-05-01 [播种育秧] -> 2024-05-24 [田间底肥] -> 2024-06-16 [插秧作业] -> 2024-07-09 [分蘖期灌溉] -> 2024-08-01 [除草控虫] -> 2024-08-24 [晒田补肥],2024-09-22 09:02,16972.38,寿县第4深加工基地,"116.781336,32.578119",清理去石->砻谷脱壳->糙米碾白->抛光->色选->包装,2024-09-24 14:02,2024-09-24 20:40,WH-CN-486,平房仓(准低温),2024-09-25 06:40,2024-11-05 06:40,准低温低氧控制,LOG-CN-58581027566,散粮车,"防潮, 湿度<14%",2024-11-05 19:40,2024-11-08 02:34,西安市,未央区,108.94,34.29,2024-11-10 02:34
CN-AG-202409-11955,大豆,山东省,莒南县,118.815738,35.152531,2024-05-19,2024-05-19 [拌种包衣] -> 2024-06-13 [等距点播] -> 2024-07-08 [结荚期根外追肥] -> 2024-08-02 [食心虫绿色防控] -> 2024-08-27 [除草中耕],2024-09-20 08:13,9889.85,莒南县第5深加工基地,"118.834552,35.168237",磁选->破碎压胚->高温压榨->物理过滤->精炼,2024-09-21 14:13,2024-09-21 19:32,WH-CN-309,不锈钢储油罐区,2024-09-22 03:32,2024-10-14 03:32,准低温低氧控制,LOG-CN-55415835912,罐式车,"避光, 控温25℃下",2024-10-14 10:32,2024-10-16 00:29,武汉市,东西湖区,114.13,30.62,2024-10-17 00:29
CN-AG-202409-11956,玉米,山东省,汶上县,116.522808,35.724197,2024-06-05,2024-06-05 [免耕直播] -> 2024-06-27 [苗期中耕] -> 2024-07-19 [喇叭口期追肥] -> 2024-08-10 [大斑病防治] -> 2024-09-01 [人工授粉辅助],2024-09-27 08:34,15896.41,汶上县第5深加工基地,"116.476719,35.738882",物理清理->脱粒烘干->破碎加工->筛理分级,2024-09-29 11:34,2024-09-29 19:57,WH-CN-422,现代化圆筒仓,2024-09-30 02:57,2024-10-22 02:57,避光控温控制,LOG-CN-13373550354,重型散粮卡车,"通风良好, 严控高温",2024-10-22 13:57,2024-10-27 04:44,上海市,浦东新区,121.54,31.22,2024-10-28 04:44
CN-AG-202410-11957,棉花,江苏省,射阳县,120.201407,33.757283,2024-04-15,2024-04-15 [覆膜播种] -> 2024-05-21 [人工打顶] -> 2024-06-26 [叶面喷施补硼] -> 2024-08-01 [枯萎病监测] -> 2024-09-06 [喷施脱叶剂],2024-10-13 12:01,31122.25,射阳县第3深加工基地,"120.248269,33.744009",皮棉清理->锯齿轧花->纤维分级->压力打包,2024-10-15 17:01,2024-10-15 19:38,WH-CN-413,专业纤维库,2024-10-16 05:38,2024-11-23 05:38,避光控温控制,LOG-CN-82219731119,高栏平板车,"严禁烟火, 防静电, 干燥",2024-11-23 12:38,2024-11-26 05:18,成都市,新都区,104.15,30.82,2024-11-27 05:18
CN-AG-202406-11958,小麦,安徽省,寿县,116.825187,32.534744,2023-10-15,2023-10-15 [深耕整地] -> 2023-11-22 [秋播种子处理] -> 2023-12-30 [越冬水灌溉] -> 2024-02-06 [拔节期追肥] -> 2024-03-15 [条锈病防治] -> 2024-04-22 [干热风防护],2024-06-04 14:18,6878.8,寿县第5深加工基地,"116.779113,32.563166",磁选除杂->着水润麦->多级研磨->高方筛理->包装,2024-06-06 18:18,2024-06-07 02:26,WH-CN-435,钢板筒仓,2024-06-07 08:26,2024-07-16 08:26,准低温低氧控制,LOG-CN-77968084704,全封闭货车,"干燥, 禁止异味混载",2024-07-16 14:26,2024-07-18 13:03,西安市,雁塔区,108.94,34.21,2024-07-20 13:03
CN-AG-202406-11959,小麦,新疆维吾尔自治区,玛纳斯县,86.233024,44.312684,2023-11-07,2023-11-07 [深耕整地] -> 2023-12-15 [秋播种子处理] -> 2024-01-22 [越冬水灌溉] -> 2024-02-29 [拔节期追肥] -> 2024-04-07 [条锈病防治] -> 2024-05-15 [干热风防护],2024-06-22 08:10,23795.45,玛纳斯县第5深加工基地,"86.217382,44.297661",磁选除杂->着水润麦->多级研磨->高方筛理->包装,2024-06-25 14:10,2024-06-25 21:57,WH-CN-884,钢板筒仓,2024-06-26 04:57,2024-08-04 04:57,准低温低氧控制,LOG-CN-94006722747,全封闭货车,"干燥, 禁止异味混载",2024-08-04 12:57,2024-08-07 12:31,西安市,雁塔区,108.94,34.21,2024-08-08 12:31
CN-AG-202407-11960,大麦,吉林省,前郭县,124.802741,45.118198,2024-03-25,2024-03-25 [翻耕播种] -> 2024-04-19 [分蘖期施氮] -> 2024-05-14 [化学除草] -> 2024-06-08 [灌浆期监控],2024-07-03 14:43,10053.29,前郭县第5深加工基地,"124.809294,45.101345",杂质清理->脱壳处理->分级磨皮->包装,2024-07-04 20:43,2024-07-05 01:34,WH-CN-106,平房仓,2024-07-05 10:34,2024-08-09 10:34,避光控温控制,LOG-CN-44489327391,散装车,防霉通风,2024-08-09 22:34,2024-08-12 07:23,成都市,龙泉驿区,104.27,30.55,2024-08-14 07:23
CN-AG-202409-11961,大豆,吉林省,公主岭市,124.833745,43.558488,2024-05-05,2024-05-05 [拌种包衣] -> 2024-05-30 [等距点播] -> 2024-06-24 [结荚期根外追肥] -> 2024-07-19 [食心虫绿色防控] -> 2024-08-13 [除草中耕],2024-09-10 10:56,25577.29,公主岭市第4深加工基地,"124.81988,43.526643",磁选->破碎压胚->高温压榨->物理过滤->精炼,2024-09-14 15:56,2024-09-14 23:01,WH-CN-713,不锈钢储油罐区,2024-09-15 08:01,2024-10-16 08:01,准低温低氧控制,LOG-CN-60197402165,罐式车,"避光, 控温25℃下",2024-10-16 14:01,2024-10-21 18:05,成都市,龙泉驿区,104.27,30.55,2024-10-24 18:05
CN-AG-202409-11962,大豆,黑龙江省,嫩江市,125.161637,49.124215,2024-05-07,2024-05-07 [拌种包衣] -> 2024-06-01 [等距点播] -> 2024-06-26 [结荚期根外追肥] -> 2024-07-21 [食心虫绿色防控] -> 2024-08-15 [除草中耕],2024-09-13 15:02,7005.35,嫩江市第3深加工基地,"125.22396,49.166064",磁选->破碎压胚->高温压榨->物理过滤->精炼,2024-09-15 20:02,2024-09-16 02:42,WH-CN-782,不锈钢储油罐区,2024-09-16 08:42,2024-10-17 08:42,准低温低氧控制,LOG-CN-70459042622,罐式车,"避光, 控温25℃下",2024-10-17 16:42,2024-10-21 09:26,北京市,丰台区,116.28,39.85,2024-10-22 09:26
CN-AG-202410-11963,水稻,安徽省,寿县,116.75549,32.604831,2024-05-20,2024-05-20 [播种育秧] -> 2024-06-12 [田间底肥] -> 2024-07-05 [插秧作业] -> 2024-07-28 [分蘖期灌溉] -> 2024-08-20 [除草控虫] -> 2024-09-12 [晒田补肥],2024-10-08 12:44,25559.19,寿县第2深加工基地,"116.778422,32.569913",清理去石->砻谷脱壳->糙米碾白->抛光->色选->包装,2024-10-09 15:44,2024-10-09 19:08,WH-CN-921,平房仓(准低温),2024-10-10 05:08,2024-10-26 05:08,准低温低氧控制,LOG-CN-61916717792,散粮车,"防潮, 湿度<14%",2024-10-26 15:08,2024-10-27 16:55,深圳市,宝安区,113.88,22.55,2024-10-29 16:55
CN-AG-202411-11964,棉花,甘肃省,瓜州县,95.737762,40.499263,2024-05-15,2024-05-15 [覆膜播种] -> 2024-06-20 [人工打顶] -> 2024-07-26 [叶面喷施补硼] -> 2024-08-31 [枯萎病监测] -> 2024-10-06 [喷施脱叶剂],2024-11-11 10:31,16845.76,瓜州县第1深加工基地,"95.763934,40.502727",皮棉清理->锯齿轧花->纤维分级->压力打包,2024-11-14 13:31,2024-11-14 22:08,WH-CN-463,专业纤维库,2024-11-15 10:08,2024-12-07 10:08,避光控温控制,LOG-CN-17215781971,高栏平板车,"严禁烟火, 防静电, 干燥",2024-12-07 22:08,2024-12-11 12:51,广州市,番禺区,113.38,22.93,2024-12-14 12:51
CN-AG-202406-11965,小麦,江苏省,兴化市,119.813776,32.87664,2023-10-24,2023-10-24 [深耕整地] -> 2023-12-01 [秋播种子处理] -> 2024-01-08 [越冬水灌溉] -> 2024-02-15 [拔节期追肥] -> 2024-03-24 [条锈病防治] -> 2024-05-01 [干热风防护],2024-06-12 13:47,39312.38,兴化市第5深加工基地,"119.852545,32.920184",磁选除杂->着水润麦->多级研磨->高方筛理->包装,2024-06-13 17:47,2024-06-13 23:23,WH-CN-345,钢板筒仓,2024-06-14 09:23,2024-07-20 09:23,准低温低氧控制,LOG-CN-43269971630,全封闭货车,"干燥, 禁止异味混载",2024-07-20 21:23,2024-07-24 21:00,上海市,闵行区,121.38,31.11,2024-07-26 21:00
CN-AG-202410-11966,玉米,河北省,藁城区,114.896777,38.007965,2024-06-29,2024-06-29 [免耕直播] -> 2024-07-21 [苗期中耕] -> 2024-08-12 [喇叭口期追肥] -> 2024-09-03 [大斑病防治] -> 2024-09-25 [人工授粉辅助],2024-10-21 08:21,39445.45,藁城区第2深加工基地,"114.836917,38.023874",物理清理->脱粒烘干->破碎加工->筛理分级,2024-10-24 12:21,2024-10-24 15:52,WH-CN-234,现代化圆筒仓,2024-10-25 01:52,2024-11-11 01:52,避光控温控制,LOG-CN-79040051763,重型散粮卡车,"通风良好, 严控高温",2024-11-11 10:52,2024-11-15 14:13,上海市,浦东新区,121.54,31.22,2024-11-17 14:13
CN-AG-202411-11967,棉花,新疆维吾尔自治区,沙雅县,82.721014,41.202941,2024-05-20,2024-05-20 [覆膜播种] -> 2024-06-25 [人工打顶] -> 2024-07-31 [叶面喷施补硼] -> 2024-09-05 [枯萎病监测] -> 2024-10-11 [喷施脱叶剂],2024-11-20 14:04,35707.44,沙雅县第5深加工基地,"82.77064,41.226784",皮棉清理->锯齿轧花->纤维分级->压力打包,2024-11-22 16:04,2024-11-22 19:48,WH-CN-597,专业纤维库,2024-11-23 05:48,2025-01-08 05:48,避光控温控制,LOG-CN-51031738162,高栏平板车,"严禁烟火, 防静电, 干燥",2025-01-08 15:48,2025-01-12 15:41,西安市,长安区,108.87,34.15,2025-01-15 15:41
CN-AG-202405-11968,油菜籽,湖北省,监利市,112.947049,29.882822,2023-10-23,2023-10-23 [育苗移栽] -> 2023-12-14 [越冬防冻肥] -> 2024-02-04 [薹期水肥调节] -> 2024-03-27 [菌核病无人机防治],2024-05-24 11:05,18603.84,监利市第2深加工基地,"112.900872,29.83071",多级筛选->炒籽->螺旋压榨->精制过滤,2024-05-28 14:05,2024-05-28 17:04,WH-CN-284,恒温罐区,2024-05-29 02:04,2024-06-18 02:04,避光控温控制,LOG-CN-60517052173,罐式车,"避光, 防氧化",2024-06-18 08:04,2024-06-20 17:49,西安市,长安区,108.87,34.15,2024-06-21 17:49
CN-AG-202410-11969,水稻,湖南省,安乡县,112.156446,29.428453,2024-05-27,2024-05-27 [播种育秧] -> 2024-06-19 [田间底肥] -> 2024-07-12 [插秧作业] -> 2024-08-04 [分蘖期灌溉] -> 2024-08-27 [除草控虫] -> 2024-09-19 [晒田补肥],2024-10-09 10:15,31360.1,安乡县第1深加工基地,"112.160895,29.412944",清理去石->砻谷脱壳->糙米碾白->抛光->色选->包装,2024-10-10 13:15,2024-10-10 19:52,WH-CN-684,平房仓(准低温),2024-10-11 03:52,2024-11-15 03:52,准低温低氧控制,LOG-CN-82264952210,散粮车,"防潮, 湿度<14%",2024-11-15 16:52,2024-11-18 18:05,北京市,朝阳区,116.48,39.92,2024-11-19 18:05
CN-AG-202410-11970,水稻,江苏省,兴化市,119.844868,32.876486,2024-06-01,2024-06-01 [播种育秧] -> 2024-06-24 [田间底肥] -> 2024-07-17 [插秧作业] -> 2024-08-09 [分蘖期灌溉] -> 2024-09-01 [除草控虫] -> 2024-09-24 [晒田补肥],2024-10-22 08:53,11599.71,兴化市第4深加工基地,"119.857756,32.930992",清理去石->砻谷脱壳->糙米碾白->抛光->色选->包装,2024-10-25 12:53,2024-10-25 17:18,WH-CN-581,平房仓(准低温),2024-10-26 03:18,2024-11-05 03:18,准低温低氧控制,LOG-CN-96784474658,散粮车,"防潮, 湿度<14%",2024-11-05 11:18,2024-11-07 11:18,南京市,玄武区,118.79,32.06,2024-11-09 11:18
CN-AG-202409-11971,大豆,山东省,莒南县,118.868718,35.122559,2024-05-11,2024-05-11 [拌种包衣] -> 2024-06-05 [等距点播] -> 2024-06-30 [结荚期根外追肥] -> 2024-07-25 [食心虫绿色防控] -> 2024-08-19 [除草中耕],2024-09-12 14:39,34930.07,莒南县第2深加工基地,"118.827882,35.164201",磁选->破碎压胚->高温压榨->物理过滤->精炼,2024-09-14 20:39,2024-09-15 03:35,WH-CN-580,不锈钢储油罐区,2024-09-15 11:35,2024-09-29 11:35,准低温低氧控制,LOG-CN-10872906666,罐式车,"避光, 控温25℃下",2024-09-29 17:35,2024-10-04 11:37,北京市,海淀区,116.3,39.96,2024-10-05 11:37
CN-AG-202406-11972,小麦,内蒙古自治区,五原县,108.248019,41.077992,2023-11-06,2023-11-06 [深耕整地] -> 2023-12-14 [秋播种子处理] -> 2024-01-21 [越冬水灌溉] -> 2024-02-28 [拔节期追肥] -> 2024-04-06 [条锈病防治] -> 2024-05-14 [干热风防护],2024-06-25 16:11,23019.82,五原县第2深加工基地,"108.260071,41.09301",磁选除杂->着水润麦->多级研磨->高方筛理->包装,2024-06-28 21:11,2024-06-29 01:26,WH-CN-113,钢板筒仓,2024-06-29 10:26,2024-07-17 10:26,准低温低氧控制,LOG-CN-44210882397,全封闭货车,"干燥, 禁止异味混载",2024-07-17 22:26,2024-07-19 08:33,深圳市,南山区,113.93,22.54,2024-07-22 08:33
CN-AG-202406-11973,小麦,湖北省,枣阳市,112.742984,32.166197,2023-11-08,2023-11-08 [深耕整地] -> 2023-12-16 [秋播种子处理] -> 2024-01-23 [越冬水灌溉] -> 2024-03-01 [拔节期追肥] -> 2024-04-08 [条锈病防治] -> 2024-05-16 [干热风防护],2024-06-28 17:21,27955.14,枣阳市第2深加工基地,"112.756975,32.129812",磁选除杂->着水润麦->多级研磨->高方筛理->包装,2024-07-02 20:21,2024-07-03 04:29,WH-CN-614,钢板筒仓,2024-07-03 09:29,2024-08-17 09:29,准低温低氧控制,LOG-CN-21863165971,全封闭货车,"干燥, 禁止异味混载",2024-08-17 16:29,2024-08-22 10:35,武汉市,洪山区,114.34,30.5,2024-08-23 10:35
CN-AG-202409-11974,水稻,江苏省,射阳县,120.248855,33.774727,2024-05-08,2024-05-08 [播种育秧] -> 2024-05-31 [田间底肥] -> 2024-06-23 [插秧作业] -> 2024-07-16 [分蘖期灌溉] -> 2024-08-08 [除草控虫] -> 2024-08-31 [晒田补肥],2024-09-26 11:40,13619.22,射阳县第4深加工基地,"120.257699,33.745154",清理去石->砻谷脱壳->糙米碾白->抛光->色选->包装,2024-09-30 16:40,2024-09-30 22:31,WH-CN-969,平房仓(准低温),2024-10-01 05:31,2024-11-05 05:31,准低温低氧控制,LOG-CN-88711156531,散粮车,"防潮, 湿度<14%",2024-11-05 13:31,2024-11-09 05:35,成都市,龙泉驿区,104.27,30.55,2024-11-12 05:35
CN-AG-202409-11975,大豆,安徽省,怀远县,117.166538,32.979242,2024-04-24,2024-04-24 [拌种包衣] -> 2024-05-19 [等距点播] -> 2024-06-13 [结荚期根外追肥] -> 2024-07-08 [食心虫绿色防控] -> 2024-08-02 [除草中耕],2024-09-01 11:12,17076.27,怀远县第2深加工基地,"117.206063,32.965382",磁选->破碎压胚->高温压榨->物理过滤->精炼,2024-09-05 17:12,2024-09-05 20:07,WH-CN-782,不锈钢储油罐区,2024-09-06 02:07,2024-10-24 02:07,准低温低氧控制,LOG-CN-26072910404,罐式车,"避光, 控温25℃下",2024-10-24 11:07,2024-10-28 01:30,成都市,武侯区,104.04,30.64,2024-10-29 01:30
CN-AG-202409-11976,水稻,广西壮族自治区,宾阳县,108.869051,23.155297,2024-05-06,2024-05-06 [播种育秧] -> 2024-05-29 [田间底肥] -> 2024-06-21 [插秧作业] -> 2024-07-14 [分蘖期灌溉] -> 2024-08-06 [除草控虫] -> 2024-08-29 [晒田补肥],2024-09-23 12:47,33465.2,宾阳县第2深加工基地,"108.815921,23.202607",清理去石->砻谷脱壳->糙米碾白->抛光->色选->包装,2024-09-25 17:47,2024-09-26 02:09,WH-CN-155,平房仓(准低温),2024-09-26 11:09,2024-11-01 11:09,准低温低氧控制,LOG-CN-63125110207,散粮车,"防潮, 湿度<14%",2024-11-02 02:09,2024-11-06 10:30,西安市,雁塔区,108.94,34.21,2024-11-07 10:30
CN-AG-202409-11977,大豆,安徽省,怀远县,117.199066,32.957373,2024-05-12,2024-05-12 [拌种包衣] -> 2024-06-06 [等距点播] -> 2024-07-01 [结荚期根外追肥] -> 2024-07-26 [食心虫绿色防控] -> 2024-08-20 [除草中耕],2024-09-15 09:08,25978.76,怀远县第5深加工基地,"117.198258,32.977613",磁选->破碎压胚->高温压榨->物理过滤->精炼,2024-09-18 12:08,2024-09-18 17:03,WH-CN-343,不锈钢储油罐区,2024-09-19 01:03,2024-11-02 01:03,准低温低氧控制,LOG-CN-80899939096,罐式车,"避光, 控温25℃下",2024-11-02 12:03,2024-11-04 08:54,上海市,宝山区,121.48,31.4,2024-11-07 08:54
CN-AG-202410-11978,棉花,新疆维吾尔自治区,玛纳斯县,86.155916,44.304499,2024-04-10,2024-04-10 [覆膜播种] -> 2024-05-16 [人工打顶] -> 2024-06-21 [叶面喷施补硼] -> 2024-07-27 [枯萎病监测] -> 2024-09-01 [喷施脱叶剂],2024-10-11 09:17,34999.14,玛纳斯县第4深加工基地,"86.204896,44.290047",皮棉清理->锯齿轧花->纤维分级->压力打包,2024-10-15 14:17,2024-10-15 21:01,WH-CN-523,专业纤维库,2024-10-16 07:01,2024-11-12 07:01,避光控温控制,LOG-CN-60848740532,高栏平板车,"严禁烟火, 防静电, 干燥",2024-11-12 19:01,2024-11-17 15:06,上海市,浦东新区,121.54,31.22,2024-11-19 15:06
CN-AG-202408-11979,花生,辽宁省,黑山县,122.074552,41.71167,2024-04-21,2024-04-21 [清棵蹲苗] -> 2024-05-15 [培土迎葑] -> 2024-06-08 [钙镁肥补充] -> 2024-07-02 [下针期控旺] -> 2024-07-26 [地下虫害防治],2024-08-23 14:06,11639.92,黑山县第3深加工基地,"122.118219,41.682275",剥壳分选->烘炒->压榨提取->物理精炼,2024-08-26 18:06,2024-08-27 02:38,WH-CN-858,避光库房,2024-08-27 06:38,2024-09-14 06:38,避光控温控制,LOG-CN-56636363131,厢式货车,避光防潮,2024-09-14 16:38,2024-09-18 19:27,成都市,新都区,104.15,30.82,2024-09-20 19:27
CN-AG-202410-11980,水稻,江苏省,射阳县,120.275449,33.76774,2024-06-12,2024-06-12 [播种育秧] -> 2024-07-05 [田间底肥] -> 2024-07-28 [插秧作业] -> 2024-08-20 [分蘖期灌溉] -> 2024-09-12 [除草控虫] -> 2024-10-05 [晒田补肥],2024-10-28 14:04,25801.83,射阳县第4深加工基地,"120.241592,33.743569",清理去石->砻谷脱壳->糙米碾白->抛光->色选->包装,2024-11-01 18:04,2024-11-02 01:54,WH-CN-862,平房仓(准低温),2024-11-02 10:54,2024-11-13 10:54,准低温低氧控制,LOG-CN-80624724054,散粮车,"防潮, 湿度<14%",2024-11-14 01:54,2024-11-15 13:38,北京市,丰台区,116.28,39.85,2024-11-17 13:38
CN-AG-202409-11981,大豆,内蒙古自治区,阿荣旗,123.48128,48.172848,2024-05-13,2024-05-13 [拌种包衣] -> 2024-06-07 [等距点播] -> 2024-07-02 [结荚期根外追肥] -> 2024-07-27 [食心虫绿色防控] -> 2024-08-21 [除草中耕],2024-09-19 13:59,19527.39,阿荣旗第1深加工基地,"123.51727,48.127067",磁选->破碎压胚->高温压榨->物理过滤->精炼,2024-09-21 18:59,2024-09-22 04:22,WH-CN-675,不锈钢储油罐区,2024-09-22 08:22,2024-10-09 08:22,准低温低氧控制,LOG-CN-56278277824,罐式车,"避光, 控温25℃下",2024-10-09 16:22,2024-10-14 01:51,成都市,武侯区,104.04,30.64,2024-10-15 01:51
CN-AG-202410-11982,水稻,广西壮族自治区,宾阳县,108.77026,23.242703,2024-05-12,2024-05-12 [播种育秧] -> 2024-06-04 [田间底肥] -> 2024-06-27 [插秧作业] -> 2024-07-20 [分蘖期灌溉] -> 2024-08-12 [除草控虫] -> 2024-09-04 [晒田补肥],2024-10-02 16:31,38022.6,宾阳县第2深加工基地,"108.815385,23.216436",清理去石->砻谷脱壳->糙米碾白->抛光->色选->包装,2024-10-03 21:31,2024-10-04 01:10,WH-CN-111,平房仓(准低温),2024-10-04 05:10,2024-10-22 05:10,准低温低氧控制,LOG-CN-94086183538,散粮车,"防潮, 湿度<14%",2024-10-22 14:10,2024-10-26 12:45,北京市,朝阳区,116.48,39.92,2024-10-27 12:45
CN-AG-202406-11983,小麦,江苏省,兴化市,119.830464,32.941607,2023-10-31,2023-10-31 [深耕整地] -> 2023-12-08 [秋播种子处理] -> 2024-01-15 [越冬水灌溉] -> 2024-02-22 [拔节期追肥] -> 2024-03-31 [条锈病防治] -> 2024-05-08 [干热风防护],2024-06-14 11:28,17655.9,兴化市第4深加工基地,"119.842438,32.92525",磁选除杂->着水润麦->多级研磨->高方筛理->包装,2024-06-15 14:28,2024-06-15 22:29,WH-CN-100,钢板筒仓,2024-06-16 09:29,2024-07-10 09:29,准低温低氧控制,LOG-CN-97875033573,全封闭货车,"干燥, 禁止异味混载",2024-07-10 23:29,2024-07-13 04:26,成都市,龙泉驿区,104.27,30.55,2024-07-15 04:26
CN-AG-202410-11984,玉米,辽宁省,昌图县,124.120231,42.781171,2024-06-26,2024-06-26 [免耕直播] -> 2024-07-18 [苗期中耕] -> 2024-08-09 [喇叭口期追肥] -> 2024-08-31 [大斑病防治] -> 2024-09-22 [人工授粉辅助],2024-10-13 13:31,12042.94,昌图县第2深加工基地,"124.109507,42.777187",物理清理->脱粒烘干->破碎加工->筛理分级,2024-10-15 19:31,2024-10-16 01:29,WH-CN-177,现代化圆筒仓,2024-10-16 12:29,2024-11-25 12:29,避光控温控制,LOG-CN-46045384533,重型散粮卡车,"通风良好, 严控高温",2024-11-25 22:29,2024-11-29 01:21,北京市,海淀区,116.3,39.96,2024-12-01 01:21
CN-AG-202410-11985,水稻,湖南省,桃源县,111.496921,28.883622,2024-05-19,2024-05-19 [播种育秧] -> 2024-06-11 [田间底肥] -> 2024-07-04 [插秧作业] -> 2024-07-27 [分蘖期灌溉] -> 2024-08-19 [除草控虫] -> 2024-09-11 [晒田补肥],2024-10-09 14:57,16568.05,桃源县第1深加工基地,"111.473278,28.908025",清理去石->砻谷脱壳->糙米碾白->抛光->色选->包装,2024-10-13 17:57,2024-10-14 02:34,WH-CN-239,平房仓(准低温),2024-10-14 06:34,2024-11-15 06:34,准低温低氧控制,LOG-CN-91465274347,散粮车,"防潮, 湿度<14%",2024-11-15 13:34,2024-11-16 21:28,南京市,南京浦口区,118.62,32.05,2024-11-17 21:28
CN-AG-202407-11986,大麦,新疆维吾尔自治区,奇台县,89.546904,44.005769,2024-03-25,2024-03-25 [翻耕播种] -> 2024-04-19 [分蘖期施氮] -> 2024-05-14 [化学除草] -> 2024-06-08 [灌浆期监控],2024-07-05 13:17,18513.69,奇台县第3深加工基地,"89.594577,44.022499",杂质清理->脱壳处理->分级磨皮->包装,2024-07-06 15:17,2024-07-06 22:35,WH-CN-722,平房仓,2024-07-07 07:35,2024-08-19 07:35,避光控温控制,LOG-CN-73511664476,散装车,防霉通风,2024-08-19 13:35,2024-08-21 01:24,北京市,海淀区,116.3,39.96,2024-08-23 01:24
CN-AG-202409-11987,水稻,黑龙江省,五常市,127.123465,44.98183,2024-04-21,2024-04-21 [播种育秧] -> 2024-05-14 [田间底肥] -> 2024-06-06 [插秧作业] -> 2024-06-29 [分蘖期灌溉] -> 2024-07-22 [除草控虫] -> 2024-08-14 [晒田补肥],2024-09-03 17:42,13112.74,五常市第3深加工基地,"127.141265,44.939004",清理去石->砻谷脱壳->糙米碾白->抛光->色选->包装,2024-09-04 22:42,2024-09-05 02:59,WH-CN-845,平房仓(准低温),2024-09-05 14:59,2024-10-17 14:59,准低温低氧控制,LOG-CN-50785640132,散粮车,"防潮, 湿度<14%",2024-10-18 02:59,2024-10-21 11:57,武汉市,江岸区,114.3,30.59,2024-10-24 11:57
CN-AG-202406-11988,小麦,甘肃省,永昌县,101.916856,38.252362,2023-11-15,2023-11-15 [深耕整地] -> 2023-12-23 [秋播种子处理] -> 2024-01-30 [越冬水灌溉] -> 2024-03-08 [拔节期追肥] -> 2024-04-15 [条锈病防治] -> 2024-05-23 [干热风防护],2024-06-27 17:40,12666.23,永昌县第1深加工基地,"101.970596,38.247875",磁选除杂->着水润麦->多级研磨->高方筛理->包装,2024-06-30 19:40,2024-06-30 23:57,WH-CN-305,钢板筒仓,2024-07-01 04:57,2024-08-16 04:57,准低温低氧控制,LOG-CN-14119117424,全封闭货车,"干燥, 禁止异味混载",2024-08-16 16:57,2024-08-20 08:01,武汉市,东西湖区,114.13,30.62,2024-08-23 08:01
CN-AG-202409-11989,大豆,山东省,莒南县,118.869789,35.190322,2024-05-21,2024-05-21 [拌种包衣] -> 2024-06-15 [等距点播] -> 2024-07-10 [结荚期根外追肥] -> 2024-08-04 [食心虫绿色防控] -> 2024-08-29 [除草中耕],2024-09-22 16:40,26040.73,莒南县第1深加工基地,"118.820772,35.163006",磁选->破碎压胚->高温压榨->物理过滤->精炼,2024-09-24 20:40,2024-09-25 04:32,WH-CN-691,不锈钢储油罐区,2024-09-25 09:32,2024-10-11 09:32,准低温低氧控制,LOG-CN-32736727345,罐式车,"避光, 控温25℃下",2024-10-11 15:32,2024-10-13 17:20,上海市,宝山区,121.48,31.4,2024-10-15 17:20
CN-AG-202409-11990,玉米,广西壮族自治区,宾阳县,108.787792,23.255466,2024-06-05,2024-06-05 [免耕直播] -> 2024-06-27 [苗期中耕] -> 2024-07-19 [喇叭口期追肥] -> 2024-08-10 [大斑病防治] -> 2024-09-01 [人工授粉辅助],2024-09-27 10:20,28778.35,宾阳县第4深加工基地,"108.809369,23.20258",物理清理->脱粒烘干->破碎加工->筛理分级,2024-10-01 16:20,2024-10-02 00:09,WH-CN-498,现代化圆筒仓,2024-10-02 04:09,2024-10-26 04:09,避光控温控制,LOG-CN-69496395490,重型散粮卡车,"通风良好, 严控高温",2024-10-26 18:09,2024-10-30 15:54,广州市,天河区,113.33,23.13,2024-11-01 15:54
CN-AG-202406-11991,小麦,黑龙江省,嫩江市,125.163716,49.181797,2023-11-10,2023-11-10 [深耕整地] -> 2023-12-18 [秋播种子处理] -> 2024-01-25 [越冬水灌溉] -> 2024-03-03 [拔节期追肥] -> 2024-04-10 [条锈病防治] -> 2024-05-18 [干热风防护],2024-06-27 16:36,12625.36,嫩江市第4深加工基地,"125.210656,49.165498",磁选除杂->着水润麦->多级研磨->高方筛理->包装,2024-06-28 19:36,2024-06-29 04:45,WH-CN-393,钢板筒仓,2024-06-29 12:45,2024-07-10 12:45,准低温低氧控制,LOG-CN-98904626744,全封闭货车,"干燥, 禁止异味混载",2024-07-11 03:45,2024-07-16 12:15,深圳市,宝安区,113.88,22.55,2024-07-19 12:15
CN-AG-202409-11992,大豆,内蒙古自治区,阿荣旗,123.557412,48.11044,2024-05-17,2024-05-17 [拌种包衣] -> 2024-06-11 [等距点播] -> 2024-07-06 [结荚期根外追肥] -> 2024-07-31 [食心虫绿色防控] -> 2024-08-25 [除草中耕],2024-09-17 11:26,13482.45,阿荣旗第2深加工基地,"123.512741,48.129653",磁选->破碎压胚->高温压榨->物理过滤->精炼,2024-09-19 17:26,2024-09-20 01:36,WH-CN-998,不锈钢储油罐区,2024-09-20 08:36,2024-11-09 08:36,准低温低氧控制,LOG-CN-74443471072,罐式车,"避光, 控温25℃下",2024-11-09 14:36,2024-11-11 14:00,西安市,长安区,108.87,34.15,2024-11-13 14:00
CN-AG-202410-11993,水稻,辽宁省,盘山县,122.088702,41.199397,2024-05-31,2024-05-31 [播种育秧] -> 2024-06-23 [田间底肥] -> 2024-07-16 [插秧作业] -> 2024-08-08 [分蘖期灌溉] -> 2024-08-31 [除草控虫] -> 2024-09-23 [晒田补肥],2024-10-18 09:35,34022.29,盘山县第4深加工基地,"122.033075,41.240325",清理去石->砻谷脱壳->糙米碾白->抛光->色选->包装,2024-10-19 12:35,2024-10-19 16:59,WH-CN-962,平房仓(准低温),2024-10-19 21:59,2024-11-02 21:59,准低温低氧控制,LOG-CN-76367207265,散粮车,"防潮, 湿度<14%",2024-11-03 09:59,2024-11-04 17:20,西安市,长安区,108.87,34.15,2024-11-06 17:20
CN-AG-202409-11994,玉米,吉林省,公主岭市,124.850896,43.570607,2024-06-09,2024-06-09 [免耕直播] -> 2024-07-01 [苗期中耕] -> 2024-07-23 [喇叭口期追肥] -> 2024-08-14 [大斑病防治] -> 2024-09-05 [人工授粉辅助],2024-09-25 08:55,31334.05,公主岭市第2深加工基地,"124.824184,43.524634",物理清理->脱粒烘干->破碎加工->筛理分级,2024-09-26 11:55,2024-09-26 18:56,WH-CN-343,现代化圆筒仓,2024-09-27 05:56,2024-10-27 05:56,避光控温控制,LOG-CN-35825377517,重型散粮卡车,"通风良好, 严控高温",2024-10-27 11:56,2024-10-30 09:28,西安市,未央区,108.94,34.29,2024-11-02 09:28
CN-AG-202409-11995,花生,河北省,大名县,115.115321,36.244041,2024-05-16,2024-05-16 [清棵蹲苗] -> 2024-06-09 [培土迎葑] -> 2024-07-03 [钙镁肥补充] -> 2024-07-27 [下针期控旺] -> 2024-08-20 [地下虫害防治],2024-09-15 15:33,31272.72,大名县第4深加工基地,"115.144394,36.283766",剥壳分选->烘炒->压榨提取->物理精炼,2024-09-16 21:33,2024-09-17 07:29,WH-CN-165,避光库房,2024-09-17 13:29,2024-10-14 13:29,避光控温控制,LOG-CN-50393631860,厢式货车,避光防潮,2024-10-14 21:29,2024-10-17 21:49,西安市,长安区,108.87,34.15,2024-10-19 21:49
CN-AG-202405-11996,油菜籽,湖南省,安乡县,112.20384,29.402641,2023-10-13,2023-10-13 [育苗移栽] -> 2023-12-04 [越冬防冻肥] -> 2024-01-25 [薹期水肥调节] -> 2024-03-17 [菌核病无人机防治],2024-05-09 13:06,33380.63,安乡县第5深加工基地,"112.169065,29.415679",多级筛选->炒籽->螺旋压榨->精制过滤,2024-05-12 16:06,2024-05-12 22:27,WH-CN-644,恒温罐区,2024-05-13 07:27,2024-06-03 07:27,避光控温控制,LOG-CN-56626461889,罐式车,"避光, 防氧化",2024-06-03 17:27,2024-06-09 00:46,武汉市,江岸区,114.3,30.59,2024-06-12 00:46
CN-AG-202409-11997,玉米,辽宁省,黑山县,122.160635,41.725063,2024-06-02,2024-06-02 [免耕直播] -> 2024-06-24 [苗期中耕] -> 2024-07-16 [喇叭口期追肥] -> 2024-08-07 [大斑病防治] -> 2024-08-29 [人工授粉辅助],2024-09-23 09:52,32557.13,黑山县第5深加工基地,"122.114569,41.693096",物理清理->脱粒烘干->破碎加工->筛理分级,2024-09-26 11:52,2024-09-26 20:52,WH-CN-985,现代化圆筒仓,2024-09-27 01:52,2024-10-14 01:52,避光控温控制,LOG-CN-20068772904,重型散粮卡车,"通风良好, 严控高温",2024-10-14 13:52,2024-10-18 02:49,武汉市,东西湖区,114.13,30.62,2024-10-19 02:49
CN-AG-202409-11998,花生,河南省,唐河县,112.807781,32.652881,2024-05-18,2024-05-18 [清棵蹲苗] -> 2024-06-11 [培土迎葑] -> 2024-07-05 [钙镁肥补充] -> 2024-07-29 [下针期控旺] -> 2024-08-22 [地下虫害防治],2024-09-10 14:31,12333.15,唐河县第1深加工基地,"112.825463,32.672336",剥壳分选->烘炒->压榨提取->物理精炼,2024-09-13 16:31,2024-09-14 00:39,WH-CN-980,避光库房,2024-09-14 10:39,2024-10-28 10:39,避光控温控制,LOG-CN-42568275912,厢式货车,避光防潮,2024-10-29 00:39,2024-10-31 02:11,北京市,丰台区,116.28,39.85,2024-11-03 02:11
CN-AG-202407-11999,大麦,甘肃省,民乐县,100.804639,38.395142,2024-04-12,2024-04-12 [翻耕播种] -> 2024-05-07 [分蘖期施氮] -> 2024-06-01 [化学除草] -> 2024-06-26 [灌浆期监控],2024-07-23 08:11,13436.57,民乐县第2深加工基地,"100.80209,38.438169",杂质清理->脱壳处理->分级磨皮->包装,2024-07-26 14:11,2024-07-26 20:20,WH-CN-896,平房仓,2024-07-27 00:20,2024-08-21 00:20,避光控温控制,LOG-CN-89630755778,散装车,防霉通风,2024-08-21 11:20,2024-08-24 11:32,成都市,新都区,104.15,30.82,2024-08-27 11:32
